ISO-10303-21;
HEADER;
/* Generated by software containing ST-Developer
 * from STEP Tools, Inc. (www.steptools.com) 
 */
/* OPTION: using custom renumber hook */

FILE_DESCRIPTION(
/* description */ ('STEP AP242 Edition 2',
'CAx-IF Rec.Pracs.---Representation and Presentation of Product Manufa
cturing Information (PMI)---4.0---2014-10-13',
'CAx-IF Rec.Pracs.---3D Tessellated Geometry---0.4---2014-09-14','2;1',
'CAx-IF Rec.Pracs.---User Defined Attributes---1.5---2016-08-15'),
/* implementation_level */ '2;1');

FILE_NAME(
/* name */ '6aa4a9eb71516e2374e21284',
/* time_stamp */ '2026-09-12T01:25:00Z',
/* author */ (''),
/* organization */ (''),
/* preprocessor_version */ 'ST-DEVELOPER v20',
/* originating_system */ 'ONSHAPE BY PTC INC, 1.220',
/* authorisation */ '  ');

FILE_SCHEMA (('AP242_MANAGED_MODEL_BASED_3D_ENGINEERING_MIM_LF { 1 0 10303 442 3 1 4 }'));
ENDSEC;

DATA;
#10=CONTEXT_DEPENDENT_SHAPE_REPRESENTATION(#12,#10806);
#11=NEXT_ASSEMBLY_USAGE_OCCURRENCE('NAUO1','Part 9','Part 9',#10807,#10808,
'');
#12=(
REPRESENTATION_RELATIONSHIP(' ',' ',#6075,#6074)
REPRESENTATION_RELATIONSHIP_WITH_TRANSFORMATION(#13)
SHAPE_REPRESENTATION_RELATIONSHIP()
);
#13=ITEM_DEFINED_TRANSFORMATION(' ',' ',#6076,#6298);
#14=SHAPE_REPRESENTATION_RELATIONSHIP('','',#6075,#15);
#15=ADVANCED_BREP_SHAPE_REPRESENTATION('',(#6071),#10798);
#16=B_SPLINE_SURFACE_WITH_KNOTS('',3,1,((#8050,#8051),(#8052,#8053),(#8054,
#8055),(#8056,#8057)),.SURF_OF_LINEAR_EXTRUSION.,.F.,.F.,.F.,(4,4),(2,2),
(0.,1.),(0.,1.),.PIECEWISE_BEZIER_KNOTS.);
#17=B_SPLINE_SURFACE_WITH_KNOTS('',3,1,((#8063,#8064),(#8065,#8066),(#8067,
#8068),(#8069,#8070)),.SURF_OF_LINEAR_EXTRUSION.,.F.,.F.,.F.,(4,4),(2,2),
(0.,1.),(0.,1.),.PIECEWISE_BEZIER_KNOTS.);
#18=B_SPLINE_SURFACE_WITH_KNOTS('',3,1,((#8108,#8109),(#8110,#8111),(#8112,
#8113),(#8114,#8115)),.SURF_OF_LINEAR_EXTRUSION.,.F.,.F.,.F.,(4,4),(2,2),
(0.,1.),(0.,1.),.PIECEWISE_BEZIER_KNOTS.);
#19=B_SPLINE_SURFACE_WITH_KNOTS('',3,1,((#8121,#8122),(#8123,#8124),(#8125,
#8126),(#8127,#8128)),.SURF_OF_LINEAR_EXTRUSION.,.F.,.F.,.F.,(4,4),(2,2),
(0.,1.),(0.,1.),.PIECEWISE_BEZIER_KNOTS.);
#20=B_SPLINE_SURFACE_WITH_KNOTS('',3,1,((#8134,#8135),(#8136,#8137),(#8138,
#8139),(#8140,#8141)),.SURF_OF_LINEAR_EXTRUSION.,.F.,.F.,.F.,(4,4),(2,2),
(0.,1.),(0.,1.),.PIECEWISE_BEZIER_KNOTS.);
#21=B_SPLINE_SURFACE_WITH_KNOTS('',3,1,((#8147,#8148),(#8149,#8150),(#8151,
#8152),(#8153,#8154)),.SURF_OF_LINEAR_EXTRUSION.,.F.,.F.,.F.,(4,4),(2,2),
(0.,1.),(0.,1.),.PIECEWISE_BEZIER_KNOTS.);
#22=B_SPLINE_SURFACE_WITH_KNOTS('',3,1,((#8232,#8233),(#8234,#8235),(#8236,
#8237),(#8238,#8239)),.SURF_OF_LINEAR_EXTRUSION.,.F.,.F.,.F.,(4,4),(2,2),
(0.,1.),(0.,1.),.PIECEWISE_BEZIER_KNOTS.);
#23=B_SPLINE_SURFACE_WITH_KNOTS('',3,1,((#8252,#8253),(#8254,#8255),(#8256,
#8257),(#8258,#8259)),.SURF_OF_LINEAR_EXTRUSION.,.F.,.F.,.F.,(4,4),(2,2),
(0.,1.),(0.,1.),.PIECEWISE_BEZIER_KNOTS.);
#24=B_SPLINE_SURFACE_WITH_KNOTS('',3,1,((#8269,#8270),(#8271,#8272),(#8273,
#8274),(#8275,#8276)),.SURF_OF_LINEAR_EXTRUSION.,.F.,.F.,.F.,(4,4),(2,2),
(0.,1.),(0.,1.),.PIECEWISE_BEZIER_KNOTS.);
#25=B_SPLINE_SURFACE_WITH_KNOTS('',3,1,((#8292,#8293),(#8294,#8295),(#8296,
#8297),(#8298,#8299)),.SURF_OF_LINEAR_EXTRUSION.,.F.,.F.,.F.,(4,4),(2,2),
(0.,1.),(0.,1.),.PIECEWISE_BEZIER_KNOTS.);
#26=B_SPLINE_SURFACE_WITH_KNOTS('',3,1,((#8307,#8308),(#8309,#8310),(#8311,
#8312),(#8313,#8314)),.SURF_OF_LINEAR_EXTRUSION.,.F.,.F.,.F.,(4,4),(2,2),
(0.,1.),(0.,1.),.PIECEWISE_BEZIER_KNOTS.);
#27=B_SPLINE_SURFACE_WITH_KNOTS('',3,1,((#8332,#8333),(#8334,#8335),(#8336,
#8337),(#8338,#8339)),.SURF_OF_LINEAR_EXTRUSION.,.F.,.F.,.F.,(4,4),(2,2),
(0.,1.),(0.,1.),.PIECEWISE_BEZIER_KNOTS.);
#28=B_SPLINE_SURFACE_WITH_KNOTS('',3,1,((#8345,#8346),(#8347,#8348),(#8349,
#8350),(#8351,#8352)),.SURF_OF_LINEAR_EXTRUSION.,.F.,.F.,.F.,(4,4),(2,2),
(0.,1.),(0.,1.),.PIECEWISE_BEZIER_KNOTS.);
#29=B_SPLINE_SURFACE_WITH_KNOTS('',3,1,((#8366,#8367),(#8368,#8369),(#8370,
#8371),(#8372,#8373)),.SURF_OF_LINEAR_EXTRUSION.,.F.,.F.,.F.,(4,4),(2,2),
(0.,1.),(0.,1.),.PIECEWISE_BEZIER_KNOTS.);
#30=B_SPLINE_SURFACE_WITH_KNOTS('',3,1,((#8379,#8380),(#8381,#8382),(#8383,
#8384),(#8385,#8386)),.SURF_OF_LINEAR_EXTRUSION.,.F.,.F.,.F.,(4,4),(2,2),
(0.,1.),(0.,1.),.PIECEWISE_BEZIER_KNOTS.);
#31=B_SPLINE_SURFACE_WITH_KNOTS('',3,1,((#8392,#8393),(#8394,#8395),(#8396,
#8397),(#8398,#8399)),.SURF_OF_LINEAR_EXTRUSION.,.F.,.F.,.F.,(4,4),(2,2),
(0.,1.),(0.,1.),.PIECEWISE_BEZIER_KNOTS.);
#32=B_SPLINE_SURFACE_WITH_KNOTS('',3,1,((#8405,#8406),(#8407,#8408),(#8409,
#8410),(#8411,#8412)),.SURF_OF_LINEAR_EXTRUSION.,.F.,.F.,.F.,(4,4),(2,2),
(0.,1.),(0.,1.),.PIECEWISE_BEZIER_KNOTS.);
#33=B_SPLINE_SURFACE_WITH_KNOTS('',3,1,((#8418,#8419),(#8420,#8421),(#8422,
#8423),(#8424,#8425)),.SURF_OF_LINEAR_EXTRUSION.,.F.,.F.,.F.,(4,4),(2,2),
(0.,1.),(0.,1.),.PIECEWISE_BEZIER_KNOTS.);
#34=B_SPLINE_SURFACE_WITH_KNOTS('',3,1,((#8429,#8430),(#8431,#8432),(#8433,
#8434),(#8435,#8436)),.SURF_OF_LINEAR_EXTRUSION.,.F.,.F.,.F.,(4,4),(2,2),
(0.,1.),(0.,1.),.PIECEWISE_BEZIER_KNOTS.);
#35=B_SPLINE_SURFACE_WITH_KNOTS('',3,1,((#8485,#8486),(#8487,#8488),(#8489,
#8490),(#8491,#8492)),.SURF_OF_LINEAR_EXTRUSION.,.F.,.F.,.F.,(4,4),(2,2),
(0.,1.),(0.,1.),.PIECEWISE_BEZIER_KNOTS.);
#36=B_SPLINE_SURFACE_WITH_KNOTS('',3,1,((#8505,#8506),(#8507,#8508),(#8509,
#8510),(#8511,#8512)),.SURF_OF_LINEAR_EXTRUSION.,.F.,.F.,.F.,(4,4),(2,2),
(0.,1.),(0.,1.),.PIECEWISE_BEZIER_KNOTS.);
#37=B_SPLINE_SURFACE_WITH_KNOTS('',3,1,((#8522,#8523),(#8524,#8525),(#8526,
#8527),(#8528,#8529)),.SURF_OF_LINEAR_EXTRUSION.,.F.,.F.,.F.,(4,4),(2,2),
(0.,1.),(0.,1.),.PIECEWISE_BEZIER_KNOTS.);
#38=B_SPLINE_SURFACE_WITH_KNOTS('',3,1,((#8539,#8540),(#8541,#8542),(#8543,
#8544),(#8545,#8546)),.SURF_OF_LINEAR_EXTRUSION.,.F.,.F.,.F.,(4,4),(2,2),
(0.,1.),(0.,1.),.PIECEWISE_BEZIER_KNOTS.);
#39=B_SPLINE_SURFACE_WITH_KNOTS('',3,1,((#8556,#8557),(#8558,#8559),(#8560,
#8561),(#8562,#8563)),.SURF_OF_LINEAR_EXTRUSION.,.F.,.F.,.F.,(4,4),(2,2),
(0.,1.),(0.,1.),.PIECEWISE_BEZIER_KNOTS.);
#40=B_SPLINE_SURFACE_WITH_KNOTS('',3,1,((#8573,#8574),(#8575,#8576),(#8577,
#8578),(#8579,#8580)),.SURF_OF_LINEAR_EXTRUSION.,.F.,.F.,.F.,(4,4),(2,2),
(0.,1.),(0.,1.),.PIECEWISE_BEZIER_KNOTS.);
#41=B_SPLINE_SURFACE_WITH_KNOTS('',3,1,((#8590,#8591),(#8592,#8593),(#8594,
#8595),(#8596,#8597)),.SURF_OF_LINEAR_EXTRUSION.,.F.,.F.,.F.,(4,4),(2,2),
(0.,1.),(0.,1.),.PIECEWISE_BEZIER_KNOTS.);
#42=B_SPLINE_SURFACE_WITH_KNOTS('',3,1,((#8607,#8608),(#8609,#8610),(#8611,
#8612),(#8613,#8614)),.SURF_OF_LINEAR_EXTRUSION.,.F.,.F.,.F.,(4,4),(2,2),
(0.,1.),(0.,1.),.PIECEWISE_BEZIER_KNOTS.);
#43=B_SPLINE_SURFACE_WITH_KNOTS('',3,1,((#8622,#8623),(#8624,#8625),(#8626,
#8627),(#8628,#8629)),.SURF_OF_LINEAR_EXTRUSION.,.F.,.F.,.F.,(4,4),(2,2),
(0.,1.),(0.,1.),.PIECEWISE_BEZIER_KNOTS.);
#44=B_SPLINE_SURFACE_WITH_KNOTS('',3,1,((#8635,#8636),(#8637,#8638),(#8639,
#8640),(#8641,#8642)),.SURF_OF_LINEAR_EXTRUSION.,.F.,.F.,.F.,(4,4),(2,2),
(0.,1.),(0.,1.),.PIECEWISE_BEZIER_KNOTS.);
#45=B_SPLINE_SURFACE_WITH_KNOTS('',3,1,((#8648,#8649),(#8650,#8651),(#8652,
#8653),(#8654,#8655)),.SURF_OF_LINEAR_EXTRUSION.,.F.,.F.,.F.,(4,4),(2,2),
(0.,1.),(0.,1.),.PIECEWISE_BEZIER_KNOTS.);
#46=B_SPLINE_SURFACE_WITH_KNOTS('',3,1,((#8661,#8662),(#8663,#8664),(#8665,
#8666),(#8667,#8668)),.SURF_OF_LINEAR_EXTRUSION.,.F.,.F.,.F.,(4,4),(2,2),
(0.,1.),(0.,1.),.PIECEWISE_BEZIER_KNOTS.);
#47=B_SPLINE_SURFACE_WITH_KNOTS('',3,1,((#8674,#8675),(#8676,#8677),(#8678,
#8679),(#8680,#8681)),.SURF_OF_LINEAR_EXTRUSION.,.F.,.F.,.F.,(4,4),(2,2),
(0.,1.),(0.,1.),.PIECEWISE_BEZIER_KNOTS.);
#48=B_SPLINE_SURFACE_WITH_KNOTS('',3,1,((#8687,#8688),(#8689,#8690),(#8691,
#8692),(#8693,#8694)),.SURF_OF_LINEAR_EXTRUSION.,.F.,.F.,.F.,(4,4),(2,2),
(0.,1.),(0.,1.),.PIECEWISE_BEZIER_KNOTS.);
#49=B_SPLINE_SURFACE_WITH_KNOTS('',3,1,((#8700,#8701),(#8702,#8703),(#8704,
#8705),(#8706,#8707)),.SURF_OF_LINEAR_EXTRUSION.,.F.,.F.,.F.,(4,4),(2,2),
(0.,1.),(0.,1.),.PIECEWISE_BEZIER_KNOTS.);
#50=B_SPLINE_SURFACE_WITH_KNOTS('',3,1,((#8713,#8714),(#8715,#8716),(#8717,
#8718),(#8719,#8720)),.SURF_OF_LINEAR_EXTRUSION.,.F.,.F.,.F.,(4,4),(2,2),
(0.,1.),(0.,1.),.PIECEWISE_BEZIER_KNOTS.);
#51=B_SPLINE_SURFACE_WITH_KNOTS('',3,1,((#8724,#8725),(#8726,#8727),(#8728,
#8729),(#8730,#8731)),.SURF_OF_LINEAR_EXTRUSION.,.F.,.F.,.F.,(4,4),(2,2),
(0.,1.),(0.,1.),.PIECEWISE_BEZIER_KNOTS.);
#52=B_SPLINE_SURFACE_WITH_KNOTS('',3,1,((#8739,#8740),(#8741,#8742),(#8743,
#8744),(#8745,#8746)),.SURF_OF_LINEAR_EXTRUSION.,.F.,.F.,.F.,(4,4),(2,2),
(0.,1.),(0.,1.),.PIECEWISE_BEZIER_KNOTS.);
#53=B_SPLINE_SURFACE_WITH_KNOTS('',3,1,((#8759,#8760),(#8761,#8762),(#8763,
#8764),(#8765,#8766)),.SURF_OF_LINEAR_EXTRUSION.,.F.,.F.,.F.,(4,4),(2,2),
(0.,1.),(0.,1.),.PIECEWISE_BEZIER_KNOTS.);
#54=B_SPLINE_SURFACE_WITH_KNOTS('',3,1,((#8776,#8777),(#8778,#8779),(#8780,
#8781),(#8782,#8783)),.SURF_OF_LINEAR_EXTRUSION.,.F.,.F.,.F.,(4,4),(2,2),
(0.,1.),(0.,1.),.PIECEWISE_BEZIER_KNOTS.);
#55=B_SPLINE_SURFACE_WITH_KNOTS('',3,1,((#8793,#8794),(#8795,#8796),(#8797,
#8798),(#8799,#8800)),.SURF_OF_LINEAR_EXTRUSION.,.F.,.F.,.F.,(4,4),(2,2),
(0.,1.),(0.,1.),.PIECEWISE_BEZIER_KNOTS.);
#56=B_SPLINE_SURFACE_WITH_KNOTS('',3,1,((#8810,#8811),(#8812,#8813),(#8814,
#8815),(#8816,#8817)),.SURF_OF_LINEAR_EXTRUSION.,.F.,.F.,.F.,(4,4),(2,2),
(0.,1.),(0.,1.),.PIECEWISE_BEZIER_KNOTS.);
#57=B_SPLINE_SURFACE_WITH_KNOTS('',3,1,((#8827,#8828),(#8829,#8830),(#8831,
#8832),(#8833,#8834)),.SURF_OF_LINEAR_EXTRUSION.,.F.,.F.,.F.,(4,4),(2,2),
(0.,1.),(0.,1.),.PIECEWISE_BEZIER_KNOTS.);
#58=B_SPLINE_SURFACE_WITH_KNOTS('',3,1,((#8844,#8845),(#8846,#8847),(#8848,
#8849),(#8850,#8851)),.SURF_OF_LINEAR_EXTRUSION.,.F.,.F.,.F.,(4,4),(2,2),
(0.,1.),(0.,1.),.PIECEWISE_BEZIER_KNOTS.);
#59=B_SPLINE_SURFACE_WITH_KNOTS('',3,1,((#8861,#8862),(#8863,#8864),(#8865,
#8866),(#8867,#8868)),.SURF_OF_LINEAR_EXTRUSION.,.F.,.F.,.F.,(4,4),(2,2),
(0.,1.),(0.,1.),.PIECEWISE_BEZIER_KNOTS.);
#60=B_SPLINE_SURFACE_WITH_KNOTS('',3,1,((#8876,#8877),(#8878,#8879),(#8880,
#8881),(#8882,#8883)),.SURF_OF_LINEAR_EXTRUSION.,.F.,.F.,.F.,(4,4),(2,2),
(0.,1.),(0.,1.),.PIECEWISE_BEZIER_KNOTS.);
#61=B_SPLINE_SURFACE_WITH_KNOTS('',3,1,((#8889,#8890),(#8891,#8892),(#8893,
#8894),(#8895,#8896)),.SURF_OF_LINEAR_EXTRUSION.,.F.,.F.,.F.,(4,4),(2,2),
(0.,1.),(0.,1.),.PIECEWISE_BEZIER_KNOTS.);
#62=B_SPLINE_SURFACE_WITH_KNOTS('',3,1,((#8902,#8903),(#8904,#8905),(#8906,
#8907),(#8908,#8909)),.SURF_OF_LINEAR_EXTRUSION.,.F.,.F.,.F.,(4,4),(2,2),
(0.,1.),(0.,1.),.PIECEWISE_BEZIER_KNOTS.);
#63=B_SPLINE_SURFACE_WITH_KNOTS('',3,1,((#8915,#8916),(#8917,#8918),(#8919,
#8920),(#8921,#8922)),.SURF_OF_LINEAR_EXTRUSION.,.F.,.F.,.F.,(4,4),(2,2),
(0.,1.),(0.,1.),.PIECEWISE_BEZIER_KNOTS.);
#64=B_SPLINE_SURFACE_WITH_KNOTS('',3,1,((#8928,#8929),(#8930,#8931),(#8932,
#8933),(#8934,#8935)),.SURF_OF_LINEAR_EXTRUSION.,.F.,.F.,.F.,(4,4),(2,2),
(0.,1.),(0.,1.),.PIECEWISE_BEZIER_KNOTS.);
#65=B_SPLINE_SURFACE_WITH_KNOTS('',3,1,((#8941,#8942),(#8943,#8944),(#8945,
#8946),(#8947,#8948)),.SURF_OF_LINEAR_EXTRUSION.,.F.,.F.,.F.,(4,4),(2,2),
(0.,1.),(0.,1.),.PIECEWISE_BEZIER_KNOTS.);
#66=B_SPLINE_SURFACE_WITH_KNOTS('',3,1,((#8954,#8955),(#8956,#8957),(#8958,
#8959),(#8960,#8961)),.SURF_OF_LINEAR_EXTRUSION.,.F.,.F.,.F.,(4,4),(2,2),
(0.,1.),(0.,1.),.PIECEWISE_BEZIER_KNOTS.);
#67=B_SPLINE_SURFACE_WITH_KNOTS('',3,1,((#8967,#8968),(#8969,#8970),(#8971,
#8972),(#8973,#8974)),.SURF_OF_LINEAR_EXTRUSION.,.F.,.F.,.F.,(4,4),(2,2),
(0.,1.),(0.,1.),.PIECEWISE_BEZIER_KNOTS.);
#68=B_SPLINE_SURFACE_WITH_KNOTS('',3,1,((#8978,#8979),(#8980,#8981),(#8982,
#8983),(#8984,#8985)),.SURF_OF_LINEAR_EXTRUSION.,.F.,.F.,.F.,(4,4),(2,2),
(0.,1.),(0.,1.),.PIECEWISE_BEZIER_KNOTS.);
#69=B_SPLINE_SURFACE_WITH_KNOTS('',3,1,((#9007,#9008),(#9009,#9010),(#9011,
#9012),(#9013,#9014)),.SURF_OF_LINEAR_EXTRUSION.,.F.,.F.,.F.,(4,4),(2,2),
(0.,1.),(0.,1.),.PIECEWISE_BEZIER_KNOTS.);
#70=B_SPLINE_SURFACE_WITH_KNOTS('',3,1,((#9020,#9021),(#9022,#9023),(#9024,
#9025),(#9026,#9027)),.SURF_OF_LINEAR_EXTRUSION.,.F.,.F.,.F.,(4,4),(2,2),
(0.,1.),(0.,1.),.PIECEWISE_BEZIER_KNOTS.);
#71=B_SPLINE_SURFACE_WITH_KNOTS('',3,1,((#9065,#9066),(#9067,#9068),(#9069,
#9070),(#9071,#9072)),.SURF_OF_LINEAR_EXTRUSION.,.F.,.F.,.F.,(4,4),(2,2),
(0.,1.),(0.,1.),.PIECEWISE_BEZIER_KNOTS.);
#72=B_SPLINE_SURFACE_WITH_KNOTS('',3,1,((#9078,#9079),(#9080,#9081),(#9082,
#9083),(#9084,#9085)),.SURF_OF_LINEAR_EXTRUSION.,.F.,.F.,.F.,(4,4),(2,2),
(0.,1.),(0.,1.),.PIECEWISE_BEZIER_KNOTS.);
#73=B_SPLINE_SURFACE_WITH_KNOTS('',3,1,((#9091,#9092),(#9093,#9094),(#9095,
#9096),(#9097,#9098)),.SURF_OF_LINEAR_EXTRUSION.,.F.,.F.,.F.,(4,4),(2,2),
(0.,1.),(0.,1.),.PIECEWISE_BEZIER_KNOTS.);
#74=B_SPLINE_SURFACE_WITH_KNOTS('',3,1,((#9104,#9105),(#9106,#9107),(#9108,
#9109),(#9110,#9111)),.SURF_OF_LINEAR_EXTRUSION.,.F.,.F.,.F.,(4,4),(2,2),
(0.,1.),(0.,1.),.PIECEWISE_BEZIER_KNOTS.);
#75=B_SPLINE_SURFACE_WITH_KNOTS('',3,1,((#9116,#9117),(#9118,#9119),(#9120,
#9121),(#9122,#9123)),.SURF_OF_LINEAR_EXTRUSION.,.F.,.F.,.F.,(4,4),(2,2),
(0.,1.),(0.,1.),.PIECEWISE_BEZIER_KNOTS.);
#76=B_SPLINE_SURFACE_WITH_KNOTS('',3,1,((#9131,#9132),(#9133,#9134),(#9135,
#9136),(#9137,#9138)),.SURF_OF_LINEAR_EXTRUSION.,.F.,.F.,.F.,(4,4),(2,2),
(0.,1.),(0.,1.),.PIECEWISE_BEZIER_KNOTS.);
#77=B_SPLINE_SURFACE_WITH_KNOTS('',3,1,((#9144,#9145),(#9146,#9147),(#9148,
#9149),(#9150,#9151)),.SURF_OF_LINEAR_EXTRUSION.,.F.,.F.,.F.,(4,4),(2,2),
(0.,1.),(0.,1.),.PIECEWISE_BEZIER_KNOTS.);
#78=B_SPLINE_SURFACE_WITH_KNOTS('',3,1,((#9157,#9158),(#9159,#9160),(#9161,
#9162),(#9163,#9164)),.SURF_OF_LINEAR_EXTRUSION.,.F.,.F.,.F.,(4,4),(2,2),
(0.,1.),(0.,1.),.PIECEWISE_BEZIER_KNOTS.);
#79=B_SPLINE_SURFACE_WITH_KNOTS('',3,1,((#9170,#9171),(#9172,#9173),(#9174,
#9175),(#9176,#9177)),.SURF_OF_LINEAR_EXTRUSION.,.F.,.F.,.F.,(4,4),(2,2),
(0.,1.),(0.,1.),.PIECEWISE_BEZIER_KNOTS.);
#80=B_SPLINE_SURFACE_WITH_KNOTS('',3,1,((#9183,#9184),(#9185,#9186),(#9187,
#9188),(#9189,#9190)),.SURF_OF_LINEAR_EXTRUSION.,.F.,.F.,.F.,(4,4),(2,2),
(0.,1.),(0.,1.),.PIECEWISE_BEZIER_KNOTS.);
#81=B_SPLINE_SURFACE_WITH_KNOTS('',3,1,((#9196,#9197),(#9198,#9199),(#9200,
#9201),(#9202,#9203)),.SURF_OF_LINEAR_EXTRUSION.,.F.,.F.,.F.,(4,4),(2,2),
(0.,1.),(0.,1.),.PIECEWISE_BEZIER_KNOTS.);
#82=B_SPLINE_SURFACE_WITH_KNOTS('',3,1,((#9209,#9210),(#9211,#9212),(#9213,
#9214),(#9215,#9216)),.SURF_OF_LINEAR_EXTRUSION.,.F.,.F.,.F.,(4,4),(2,2),
(0.,1.),(0.,1.),.PIECEWISE_BEZIER_KNOTS.);
#83=B_SPLINE_SURFACE_WITH_KNOTS('',3,1,((#9222,#9223),(#9224,#9225),(#9226,
#9227),(#9228,#9229)),.SURF_OF_LINEAR_EXTRUSION.,.F.,.F.,.F.,(4,4),(2,2),
(0.,1.),(0.,1.),.PIECEWISE_BEZIER_KNOTS.);
#84=B_SPLINE_SURFACE_WITH_KNOTS('',3,1,((#9239,#9240),(#9241,#9242),(#9243,
#9244),(#9245,#9246)),.SURF_OF_LINEAR_EXTRUSION.,.F.,.F.,.F.,(4,4),(2,2),
(0.,1.),(0.,1.),.PIECEWISE_BEZIER_KNOTS.);
#85=B_SPLINE_SURFACE_WITH_KNOTS('',3,1,((#9252,#9253),(#9254,#9255),(#9256,
#9257),(#9258,#9259)),.SURF_OF_LINEAR_EXTRUSION.,.F.,.F.,.F.,(4,4),(2,2),
(0.,1.),(0.,1.),.PIECEWISE_BEZIER_KNOTS.);
#86=B_SPLINE_SURFACE_WITH_KNOTS('',3,1,((#9265,#9266),(#9267,#9268),(#9269,
#9270),(#9271,#9272)),.SURF_OF_LINEAR_EXTRUSION.,.F.,.F.,.F.,(4,4),(2,2),
(0.,1.),(0.,1.),.PIECEWISE_BEZIER_KNOTS.);
#87=B_SPLINE_SURFACE_WITH_KNOTS('',3,1,((#9278,#9279),(#9280,#9281),(#9282,
#9283),(#9284,#9285)),.SURF_OF_LINEAR_EXTRUSION.,.F.,.F.,.F.,(4,4),(2,2),
(0.,1.),(0.,1.),.PIECEWISE_BEZIER_KNOTS.);
#88=B_SPLINE_SURFACE_WITH_KNOTS('',3,1,((#9291,#9292),(#9293,#9294),(#9295,
#9296),(#9297,#9298)),.SURF_OF_LINEAR_EXTRUSION.,.F.,.F.,.F.,(4,4),(2,2),
(0.,1.),(0.,1.),.PIECEWISE_BEZIER_KNOTS.);
#89=B_SPLINE_SURFACE_WITH_KNOTS('',3,1,((#9304,#9305),(#9306,#9307),(#9308,
#9309),(#9310,#9311)),.SURF_OF_LINEAR_EXTRUSION.,.F.,.F.,.F.,(4,4),(2,2),
(0.,1.),(0.,1.),.PIECEWISE_BEZIER_KNOTS.);
#90=B_SPLINE_SURFACE_WITH_KNOTS('',3,1,((#9317,#9318),(#9319,#9320),(#9321,
#9322),(#9323,#9324)),.SURF_OF_LINEAR_EXTRUSION.,.F.,.F.,.F.,(4,4),(2,2),
(0.,1.),(0.,1.),.PIECEWISE_BEZIER_KNOTS.);
#91=B_SPLINE_SURFACE_WITH_KNOTS('',3,1,((#9330,#9331),(#9332,#9333),(#9334,
#9335),(#9336,#9337)),.SURF_OF_LINEAR_EXTRUSION.,.F.,.F.,.F.,(4,4),(2,2),
(0.,1.),(0.,1.),.PIECEWISE_BEZIER_KNOTS.);
#92=B_SPLINE_SURFACE_WITH_KNOTS('',3,1,((#9343,#9344),(#9345,#9346),(#9347,
#9348),(#9349,#9350)),.SURF_OF_LINEAR_EXTRUSION.,.F.,.F.,.F.,(4,4),(2,2),
(0.,1.),(0.,1.),.PIECEWISE_BEZIER_KNOTS.);
#93=B_SPLINE_SURFACE_WITH_KNOTS('',3,1,((#9356,#9357),(#9358,#9359),(#9360,
#9361),(#9362,#9363)),.SURF_OF_LINEAR_EXTRUSION.,.F.,.F.,.F.,(4,4),(2,2),
(0.,1.),(0.,1.),.PIECEWISE_BEZIER_KNOTS.);
#94=B_SPLINE_SURFACE_WITH_KNOTS('',3,1,((#9381,#9382),(#9383,#9384),(#9385,
#9386),(#9387,#9388)),.SURF_OF_LINEAR_EXTRUSION.,.F.,.F.,.F.,(4,4),(2,2),
(0.,1.),(0.,1.),.PIECEWISE_BEZIER_KNOTS.);
#95=B_SPLINE_SURFACE_WITH_KNOTS('',3,1,((#9394,#9395),(#9396,#9397),(#9398,
#9399),(#9400,#9401)),.SURF_OF_LINEAR_EXTRUSION.,.F.,.F.,.F.,(4,4),(2,2),
(0.,1.),(0.,1.),.PIECEWISE_BEZIER_KNOTS.);
#96=B_SPLINE_SURFACE_WITH_KNOTS('',3,1,((#9420,#9421),(#9422,#9423),(#9424,
#9425),(#9426,#9427)),.SURF_OF_LINEAR_EXTRUSION.,.F.,.F.,.F.,(4,4),(2,2),
(0.,1.),(0.,1.),.PIECEWISE_BEZIER_KNOTS.);
#97=B_SPLINE_SURFACE_WITH_KNOTS('',3,1,((#9433,#9434),(#9435,#9436),(#9437,
#9438),(#9439,#9440)),.SURF_OF_LINEAR_EXTRUSION.,.F.,.F.,.F.,(4,4),(2,2),
(0.,1.),(0.,1.),.PIECEWISE_BEZIER_KNOTS.);
#98=B_SPLINE_SURFACE_WITH_KNOTS('',3,1,((#9478,#9479),(#9480,#9481),(#9482,
#9483),(#9484,#9485)),.SURF_OF_LINEAR_EXTRUSION.,.F.,.F.,.F.,(4,4),(2,2),
(0.,1.),(0.,1.),.PIECEWISE_BEZIER_KNOTS.);
#99=B_SPLINE_SURFACE_WITH_KNOTS('',3,1,((#9491,#9492),(#9493,#9494),(#9495,
#9496),(#9497,#9498)),.SURF_OF_LINEAR_EXTRUSION.,.F.,.F.,.F.,(4,4),(2,2),
(0.,1.),(0.,1.),.PIECEWISE_BEZIER_KNOTS.);
#100=B_SPLINE_SURFACE_WITH_KNOTS('',3,1,((#9504,#9505),(#9506,#9507),(#9508,
#9509),(#9510,#9511)),.SURF_OF_LINEAR_EXTRUSION.,.F.,.F.,.F.,(4,4),(2,2),
(0.,1.),(0.,1.),.PIECEWISE_BEZIER_KNOTS.);
#101=B_SPLINE_SURFACE_WITH_KNOTS('',3,1,((#9517,#9518),(#9519,#9520),(#9521,
#9522),(#9523,#9524)),.SURF_OF_LINEAR_EXTRUSION.,.F.,.F.,.F.,(4,4),(2,2),
(0.,1.),(0.,1.),.PIECEWISE_BEZIER_KNOTS.);
#102=B_SPLINE_SURFACE_WITH_KNOTS('',3,1,((#9547,#9548),(#9549,#9550),(#9551,
#9552),(#9553,#9554)),.SURF_OF_LINEAR_EXTRUSION.,.F.,.F.,.F.,(4,4),(2,2),
(0.,1.),(0.,1.),.PIECEWISE_BEZIER_KNOTS.);
#103=B_SPLINE_SURFACE_WITH_KNOTS('',3,1,((#9568,#9569),(#9570,#9571),(#9572,
#9573),(#9574,#9575)),.SURF_OF_LINEAR_EXTRUSION.,.F.,.F.,.F.,(4,4),(2,2),
(0.,1.),(0.,1.),.PIECEWISE_BEZIER_KNOTS.);
#104=B_SPLINE_SURFACE_WITH_KNOTS('',3,1,((#9605,#9606),(#9607,#9608),(#9609,
#9610),(#9611,#9612)),.SURF_OF_LINEAR_EXTRUSION.,.F.,.F.,.F.,(4,4),(2,2),
(0.,1.),(0.,1.),.PIECEWISE_BEZIER_KNOTS.);
#105=B_SPLINE_SURFACE_WITH_KNOTS('',3,1,((#9638,#9639),(#9640,#9641),(#9642,
#9643),(#9644,#9645)),.SURF_OF_LINEAR_EXTRUSION.,.F.,.F.,.F.,(4,4),(2,2),
(0.,1.),(0.,1.),.PIECEWISE_BEZIER_KNOTS.);
#106=B_SPLINE_SURFACE_WITH_KNOTS('',3,1,((#9655,#9656),(#9657,#9658),(#9659,
#9660),(#9661,#9662)),.SURF_OF_LINEAR_EXTRUSION.,.F.,.F.,.F.,(4,4),(2,2),
(0.,1.),(0.,1.),.PIECEWISE_BEZIER_KNOTS.);
#107=B_SPLINE_SURFACE_WITH_KNOTS('',3,1,((#9667,#9668),(#9669,#9670),(#9671,
#9672),(#9673,#9674)),.SURF_OF_LINEAR_EXTRUSION.,.F.,.F.,.F.,(4,4),(2,2),
(0.,1.),(0.,1.),.PIECEWISE_BEZIER_KNOTS.);
#108=B_SPLINE_SURFACE_WITH_KNOTS('',3,1,((#9687,#9688),(#9689,#9690),(#9691,
#9692),(#9693,#9694)),.SURF_OF_LINEAR_EXTRUSION.,.F.,.F.,.F.,(4,4),(2,2),
(0.,1.),(0.,1.),.PIECEWISE_BEZIER_KNOTS.);
#109=B_SPLINE_SURFACE_WITH_KNOTS('',3,1,((#9704,#9705),(#9706,#9707),(#9708,
#9709),(#9710,#9711)),.SURF_OF_LINEAR_EXTRUSION.,.F.,.F.,.F.,(4,4),(2,2),
(0.,1.),(0.,1.),.PIECEWISE_BEZIER_KNOTS.);
#110=B_SPLINE_SURFACE_WITH_KNOTS('',3,1,((#9721,#9722),(#9723,#9724),(#9725,
#9726),(#9727,#9728)),.SURF_OF_LINEAR_EXTRUSION.,.F.,.F.,.F.,(4,4),(2,2),
(0.,1.),(0.,1.),.PIECEWISE_BEZIER_KNOTS.);
#111=B_SPLINE_SURFACE_WITH_KNOTS('',3,1,((#9738,#9739),(#9740,#9741),(#9742,
#9743),(#9744,#9745)),.SURF_OF_LINEAR_EXTRUSION.,.F.,.F.,.F.,(4,4),(2,2),
(0.,1.),(0.,1.),.PIECEWISE_BEZIER_KNOTS.);
#112=B_SPLINE_SURFACE_WITH_KNOTS('',3,1,((#9755,#9756),(#9757,#9758),(#9759,
#9760),(#9761,#9762)),.SURF_OF_LINEAR_EXTRUSION.,.F.,.F.,.F.,(4,4),(2,2),
(0.,1.),(0.,1.),.PIECEWISE_BEZIER_KNOTS.);
#113=B_SPLINE_SURFACE_WITH_KNOTS('',3,1,((#9772,#9773),(#9774,#9775),(#9776,
#9777),(#9778,#9779)),.SURF_OF_LINEAR_EXTRUSION.,.F.,.F.,.F.,(4,4),(2,2),
(0.,1.),(0.,1.),.PIECEWISE_BEZIER_KNOTS.);
#114=B_SPLINE_SURFACE_WITH_KNOTS('',3,1,((#9789,#9790),(#9791,#9792),(#9793,
#9794),(#9795,#9796)),.SURF_OF_LINEAR_EXTRUSION.,.F.,.F.,.F.,(4,4),(2,2),
(0.,1.),(0.,1.),.PIECEWISE_BEZIER_KNOTS.);
#115=B_SPLINE_SURFACE_WITH_KNOTS('',3,1,((#9804,#9805),(#9806,#9807),(#9808,
#9809),(#9810,#9811)),.SURF_OF_LINEAR_EXTRUSION.,.F.,.F.,.F.,(4,4),(2,2),
(0.,1.),(0.,1.),.PIECEWISE_BEZIER_KNOTS.);
#116=B_SPLINE_SURFACE_WITH_KNOTS('',3,1,((#9817,#9818),(#9819,#9820),(#9821,
#9822),(#9823,#9824)),.SURF_OF_LINEAR_EXTRUSION.,.F.,.F.,.F.,(4,4),(2,2),
(0.,1.),(0.,1.),.PIECEWISE_BEZIER_KNOTS.);
#117=B_SPLINE_SURFACE_WITH_KNOTS('',3,1,((#9830,#9831),(#9832,#9833),(#9834,
#9835),(#9836,#9837)),.SURF_OF_LINEAR_EXTRUSION.,.F.,.F.,.F.,(4,4),(2,2),
(0.,1.),(0.,1.),.PIECEWISE_BEZIER_KNOTS.);
#118=B_SPLINE_SURFACE_WITH_KNOTS('',3,1,((#9843,#9844),(#9845,#9846),(#9847,
#9848),(#9849,#9850)),.SURF_OF_LINEAR_EXTRUSION.,.F.,.F.,.F.,(4,4),(2,2),
(0.,1.),(0.,1.),.PIECEWISE_BEZIER_KNOTS.);
#119=B_SPLINE_SURFACE_WITH_KNOTS('',3,1,((#9856,#9857),(#9858,#9859),(#9860,
#9861),(#9862,#9863)),.SURF_OF_LINEAR_EXTRUSION.,.F.,.F.,.F.,(4,4),(2,2),
(0.,1.),(0.,1.),.PIECEWISE_BEZIER_KNOTS.);
#120=B_SPLINE_SURFACE_WITH_KNOTS('',3,1,((#9869,#9870),(#9871,#9872),(#9873,
#9874),(#9875,#9876)),.SURF_OF_LINEAR_EXTRUSION.,.F.,.F.,.F.,(4,4),(2,2),
(0.,1.),(0.,1.),.PIECEWISE_BEZIER_KNOTS.);
#121=B_SPLINE_SURFACE_WITH_KNOTS('',3,1,((#9882,#9883),(#9884,#9885),(#9886,
#9887),(#9888,#9889)),.SURF_OF_LINEAR_EXTRUSION.,.F.,.F.,.F.,(4,4),(2,2),
(0.,1.),(0.,1.),.PIECEWISE_BEZIER_KNOTS.);
#122=B_SPLINE_SURFACE_WITH_KNOTS('',3,1,((#9895,#9896),(#9897,#9898),(#9899,
#9900),(#9901,#9902)),.SURF_OF_LINEAR_EXTRUSION.,.F.,.F.,.F.,(4,4),(2,2),
(0.,1.),(0.,1.),.PIECEWISE_BEZIER_KNOTS.);
#123=B_SPLINE_SURFACE_WITH_KNOTS('',3,1,((#9906,#9907),(#9908,#9909),(#9910,
#9911),(#9912,#9913)),.SURF_OF_LINEAR_EXTRUSION.,.F.,.F.,.F.,(4,4),(2,2),
(0.,1.),(0.,1.),.PIECEWISE_BEZIER_KNOTS.);
#124=B_SPLINE_SURFACE_WITH_KNOTS('',3,1,((#9921,#9922),(#9923,#9924),(#9925,
#9926),(#9927,#9928)),.SURF_OF_LINEAR_EXTRUSION.,.F.,.F.,.F.,(4,4),(2,2),
(0.,1.),(0.,1.),.PIECEWISE_BEZIER_KNOTS.);
#125=B_SPLINE_SURFACE_WITH_KNOTS('',3,1,((#9941,#9942),(#9943,#9944),(#9945,
#9946),(#9947,#9948)),.SURF_OF_LINEAR_EXTRUSION.,.F.,.F.,.F.,(4,4),(2,2),
(0.,1.),(0.,1.),.PIECEWISE_BEZIER_KNOTS.);
#126=B_SPLINE_SURFACE_WITH_KNOTS('',3,1,((#9958,#9959),(#9960,#9961),(#9962,
#9963),(#9964,#9965)),.SURF_OF_LINEAR_EXTRUSION.,.F.,.F.,.F.,(4,4),(2,2),
(0.,1.),(0.,1.),.PIECEWISE_BEZIER_KNOTS.);
#127=B_SPLINE_SURFACE_WITH_KNOTS('',3,1,((#9993,#9994),(#9995,#9996),(#9997,
#9998),(#9999,#10000)),.SURF_OF_LINEAR_EXTRUSION.,.F.,.F.,.F.,(4,4),(2,
2),(0.,1.),(0.,1.),.PIECEWISE_BEZIER_KNOTS.);
#128=B_SPLINE_SURFACE_WITH_KNOTS('',3,1,((#10008,#10009),(#10010,#10011),
(#10012,#10013),(#10014,#10015)),.SURF_OF_LINEAR_EXTRUSION.,.F.,.F.,.F.,
(4,4),(2,2),(0.,1.),(0.,1.),.PIECEWISE_BEZIER_KNOTS.);
#129=B_SPLINE_SURFACE_WITH_KNOTS('',3,1,((#10021,#10022),(#10023,#10024),
(#10025,#10026),(#10027,#10028)),.SURF_OF_LINEAR_EXTRUSION.,.F.,.F.,.F.,
(4,4),(2,2),(0.,1.),(0.,1.),.PIECEWISE_BEZIER_KNOTS.);
#130=B_SPLINE_SURFACE_WITH_KNOTS('',3,1,((#10046,#10047),(#10048,#10049),
(#10050,#10051),(#10052,#10053)),.SURF_OF_LINEAR_EXTRUSION.,.F.,.F.,.F.,
(4,4),(2,2),(0.,1.),(0.,1.),.PIECEWISE_BEZIER_KNOTS.);
#131=B_SPLINE_SURFACE_WITH_KNOTS('',3,1,((#10057,#10058),(#10059,#10060),
(#10061,#10062),(#10063,#10064)),.SURF_OF_LINEAR_EXTRUSION.,.F.,.F.,.F.,
(4,4),(2,2),(0.,1.),(0.,1.),.PIECEWISE_BEZIER_KNOTS.);
#132=B_SPLINE_SURFACE_WITH_KNOTS('',3,1,((#10072,#10073),(#10074,#10075),
(#10076,#10077),(#10078,#10079)),.SURF_OF_LINEAR_EXTRUSION.,.F.,.F.,.F.,
(4,4),(2,2),(0.,1.),(0.,1.),.PIECEWISE_BEZIER_KNOTS.);
#133=B_SPLINE_SURFACE_WITH_KNOTS('',3,1,((#10092,#10093),(#10094,#10095),
(#10096,#10097),(#10098,#10099)),.SURF_OF_LINEAR_EXTRUSION.,.F.,.F.,.F.,
(4,4),(2,2),(0.,1.),(0.,1.),.PIECEWISE_BEZIER_KNOTS.);
#134=B_SPLINE_SURFACE_WITH_KNOTS('',3,1,((#10109,#10110),(#10111,#10112),
(#10113,#10114),(#10115,#10116)),.SURF_OF_LINEAR_EXTRUSION.,.F.,.F.,.F.,
(4,4),(2,2),(0.,1.),(0.,1.),.PIECEWISE_BEZIER_KNOTS.);
#135=B_SPLINE_SURFACE_WITH_KNOTS('',3,1,((#10126,#10127),(#10128,#10129),
(#10130,#10131),(#10132,#10133)),.SURF_OF_LINEAR_EXTRUSION.,.F.,.F.,.F.,
(4,4),(2,2),(0.,1.),(0.,1.),.PIECEWISE_BEZIER_KNOTS.);
#136=B_SPLINE_SURFACE_WITH_KNOTS('',3,1,((#10143,#10144),(#10145,#10146),
(#10147,#10148),(#10149,#10150)),.SURF_OF_LINEAR_EXTRUSION.,.F.,.F.,.F.,
(4,4),(2,2),(0.,1.),(0.,1.),.PIECEWISE_BEZIER_KNOTS.);
#137=B_SPLINE_SURFACE_WITH_KNOTS('',3,1,((#10160,#10161),(#10162,#10163),
(#10164,#10165),(#10166,#10167)),.SURF_OF_LINEAR_EXTRUSION.,.F.,.F.,.F.,
(4,4),(2,2),(0.,1.),(0.,1.),.PIECEWISE_BEZIER_KNOTS.);
#138=B_SPLINE_SURFACE_WITH_KNOTS('',3,1,((#10177,#10178),(#10179,#10180),
(#10181,#10182),(#10183,#10184)),.SURF_OF_LINEAR_EXTRUSION.,.F.,.F.,.F.,
(4,4),(2,2),(0.,1.),(0.,1.),.PIECEWISE_BEZIER_KNOTS.);
#139=B_SPLINE_SURFACE_WITH_KNOTS('',3,1,((#10206,#10207),(#10208,#10209),
(#10210,#10211),(#10212,#10213)),.SURF_OF_LINEAR_EXTRUSION.,.F.,.F.,.F.,
(4,4),(2,2),(0.,1.),(0.,1.),.PIECEWISE_BEZIER_KNOTS.);
#140=B_SPLINE_SURFACE_WITH_KNOTS('',3,1,((#10219,#10220),(#10221,#10222),
(#10223,#10224),(#10225,#10226)),.SURF_OF_LINEAR_EXTRUSION.,.F.,.F.,.F.,
(4,4),(2,2),(0.,1.),(0.,1.),.PIECEWISE_BEZIER_KNOTS.);
#141=B_SPLINE_SURFACE_WITH_KNOTS('',3,1,((#10232,#10233),(#10234,#10235),
(#10236,#10237),(#10238,#10239)),.SURF_OF_LINEAR_EXTRUSION.,.F.,.F.,.F.,
(4,4),(2,2),(0.,1.),(0.,1.),.PIECEWISE_BEZIER_KNOTS.);
#142=B_SPLINE_SURFACE_WITH_KNOTS('',3,1,((#10245,#10246),(#10247,#10248),
(#10249,#10250),(#10251,#10252)),.SURF_OF_LINEAR_EXTRUSION.,.F.,.F.,.F.,
(4,4),(2,2),(0.,1.),(0.,1.),.PIECEWISE_BEZIER_KNOTS.);
#143=B_SPLINE_SURFACE_WITH_KNOTS('',3,1,((#10258,#10259),(#10260,#10261),
(#10262,#10263),(#10264,#10265)),.SURF_OF_LINEAR_EXTRUSION.,.F.,.F.,.F.,
(4,4),(2,2),(0.,1.),(0.,1.),.PIECEWISE_BEZIER_KNOTS.);
#144=B_SPLINE_SURFACE_WITH_KNOTS('',3,1,((#10271,#10272),(#10273,#10274),
(#10275,#10276),(#10277,#10278)),.SURF_OF_LINEAR_EXTRUSION.,.F.,.F.,.F.,
(4,4),(2,2),(0.,1.),(0.,1.),.PIECEWISE_BEZIER_KNOTS.);
#145=B_SPLINE_SURFACE_WITH_KNOTS('',3,1,((#10318,#10319),(#10320,#10321),
(#10322,#10323),(#10324,#10325)),.SURF_OF_LINEAR_EXTRUSION.,.F.,.F.,.F.,
(4,4),(2,2),(0.,1.),(0.,1.),.PIECEWISE_BEZIER_KNOTS.);
#146=B_SPLINE_SURFACE_WITH_KNOTS('',3,1,((#10347,#10348),(#10349,#10350),
(#10351,#10352),(#10353,#10354)),.SURF_OF_LINEAR_EXTRUSION.,.F.,.F.,.F.,
(4,4),(2,2),(0.,1.),(0.,1.),.PIECEWISE_BEZIER_KNOTS.);
#147=B_SPLINE_SURFACE_WITH_KNOTS('',3,1,((#10360,#10361),(#10362,#10363),
(#10364,#10365),(#10366,#10367)),.SURF_OF_LINEAR_EXTRUSION.,.F.,.F.,.F.,
(4,4),(2,2),(0.,1.),(0.,1.),.PIECEWISE_BEZIER_KNOTS.);
#148=B_SPLINE_SURFACE_WITH_KNOTS('',3,1,((#10373,#10374),(#10375,#10376),
(#10377,#10378),(#10379,#10380)),.SURF_OF_LINEAR_EXTRUSION.,.F.,.F.,.F.,
(4,4),(2,2),(0.,1.),(0.,1.),.PIECEWISE_BEZIER_KNOTS.);
#149=B_SPLINE_SURFACE_WITH_KNOTS('',3,1,((#10386,#10387),(#10388,#10389),
(#10390,#10391),(#10392,#10393)),.SURF_OF_LINEAR_EXTRUSION.,.F.,.F.,.F.,
(4,4),(2,2),(0.,1.),(0.,1.),.PIECEWISE_BEZIER_KNOTS.);
#150=B_SPLINE_SURFACE_WITH_KNOTS('',3,1,((#10411,#10412),(#10413,#10414),
(#10415,#10416),(#10417,#10418)),.SURF_OF_LINEAR_EXTRUSION.,.F.,.F.,.F.,
(4,4),(2,2),(0.,1.),(0.,1.),.PIECEWISE_BEZIER_KNOTS.);
#151=B_SPLINE_SURFACE_WITH_KNOTS('',3,1,((#10424,#10425),(#10426,#10427),
(#10428,#10429),(#10430,#10431)),.SURF_OF_LINEAR_EXTRUSION.,.F.,.F.,.F.,
(4,4),(2,2),(0.,1.),(0.,1.),.PIECEWISE_BEZIER_KNOTS.);
#152=B_SPLINE_SURFACE_WITH_KNOTS('',3,1,((#10437,#10438),(#10439,#10440),
(#10441,#10442),(#10443,#10444)),.SURF_OF_LINEAR_EXTRUSION.,.F.,.F.,.F.,
(4,4),(2,2),(0.,1.),(0.,1.),.PIECEWISE_BEZIER_KNOTS.);
#153=B_SPLINE_SURFACE_WITH_KNOTS('',3,1,((#10450,#10451),(#10452,#10453),
(#10454,#10455),(#10456,#10457)),.SURF_OF_LINEAR_EXTRUSION.,.F.,.F.,.F.,
(4,4),(2,2),(0.,1.),(0.,1.),.PIECEWISE_BEZIER_KNOTS.);
#154=B_SPLINE_SURFACE_WITH_KNOTS('',3,1,((#10476,#10477),(#10478,#10479),
(#10480,#10481),(#10482,#10483)),.SURF_OF_LINEAR_EXTRUSION.,.F.,.F.,.F.,
(4,4),(2,2),(0.,1.),(0.,1.),.PIECEWISE_BEZIER_KNOTS.);
#155=B_SPLINE_SURFACE_WITH_KNOTS('',3,1,((#10489,#10490),(#10491,#10492),
(#10493,#10494),(#10495,#10496)),.SURF_OF_LINEAR_EXTRUSION.,.F.,.F.,.F.,
(4,4),(2,2),(0.,1.),(0.,1.),.PIECEWISE_BEZIER_KNOTS.);
#156=B_SPLINE_SURFACE_WITH_KNOTS('',3,1,((#10534,#10535),(#10536,#10537),
(#10538,#10539),(#10540,#10541)),.SURF_OF_LINEAR_EXTRUSION.,.F.,.F.,.F.,
(4,4),(2,2),(0.,1.),(0.,1.),.PIECEWISE_BEZIER_KNOTS.);
#157=B_SPLINE_SURFACE_WITH_KNOTS('',3,1,((#10547,#10548),(#10549,#10550),
(#10551,#10552),(#10553,#10554)),.SURF_OF_LINEAR_EXTRUSION.,.F.,.F.,.F.,
(4,4),(2,2),(0.,1.),(0.,1.),.PIECEWISE_BEZIER_KNOTS.);
#158=B_SPLINE_SURFACE_WITH_KNOTS('',3,1,((#10560,#10561),(#10562,#10563),
(#10564,#10565),(#10566,#10567)),.SURF_OF_LINEAR_EXTRUSION.,.F.,.F.,.F.,
(4,4),(2,2),(0.,1.),(0.,1.),.PIECEWISE_BEZIER_KNOTS.);
#159=B_SPLINE_SURFACE_WITH_KNOTS('',3,1,((#10573,#10574),(#10575,#10576),
(#10577,#10578),(#10579,#10580)),.SURF_OF_LINEAR_EXTRUSION.,.F.,.F.,.F.,
(4,4),(2,2),(0.,1.),(0.,1.),.PIECEWISE_BEZIER_KNOTS.);
#160=B_SPLINE_SURFACE_WITH_KNOTS('',3,1,((#10585,#10586),(#10587,#10588),
(#10589,#10590),(#10591,#10592)),.SURF_OF_LINEAR_EXTRUSION.,.F.,.F.,.F.,
(4,4),(2,2),(0.,1.),(0.,1.),.PIECEWISE_BEZIER_KNOTS.);
#161=B_SPLINE_SURFACE_WITH_KNOTS('',3,1,((#10605,#10606),(#10607,#10608),
(#10609,#10610),(#10611,#10612)),.SURF_OF_LINEAR_EXTRUSION.,.F.,.F.,.F.,
(4,4),(2,2),(0.,1.),(0.,1.),.PIECEWISE_BEZIER_KNOTS.);
#162=B_SPLINE_SURFACE_WITH_KNOTS('',3,1,((#10622,#10623),(#10624,#10625),
(#10626,#10627),(#10628,#10629)),.SURF_OF_LINEAR_EXTRUSION.,.F.,.F.,.F.,
(4,4),(2,2),(0.,1.),(0.,1.),.PIECEWISE_BEZIER_KNOTS.);
#163=B_SPLINE_SURFACE_WITH_KNOTS('',3,1,((#10645,#10646),(#10647,#10648),
(#10649,#10650),(#10651,#10652)),.SURF_OF_LINEAR_EXTRUSION.,.F.,.F.,.F.,
(4,4),(2,2),(0.,1.),(0.,1.),.PIECEWISE_BEZIER_KNOTS.);
#164=B_SPLINE_SURFACE_WITH_KNOTS('',3,1,((#10676,#10677),(#10678,#10679),
(#10680,#10681),(#10682,#10683)),.SURF_OF_LINEAR_EXTRUSION.,.F.,.F.,.F.,
(4,4),(2,2),(0.,1.),(0.,1.),.PIECEWISE_BEZIER_KNOTS.);
#165=B_SPLINE_SURFACE_WITH_KNOTS('',3,1,((#10689,#10690),(#10691,#10692),
(#10693,#10694),(#10695,#10696)),.SURF_OF_LINEAR_EXTRUSION.,.F.,.F.,.F.,
(4,4),(2,2),(0.,1.),(0.,1.),.PIECEWISE_BEZIER_KNOTS.);
#166=B_SPLINE_SURFACE_WITH_KNOTS('',3,1,((#10710,#10711),(#10712,#10713),
(#10714,#10715),(#10716,#10717)),.SURF_OF_LINEAR_EXTRUSION.,.F.,.F.,.F.,
(4,4),(2,2),(0.,1.),(0.,1.),.PIECEWISE_BEZIER_KNOTS.);
#167=B_SPLINE_SURFACE_WITH_KNOTS('',3,1,((#10723,#10724),(#10725,#10726),
(#10727,#10728),(#10729,#10730)),.SURF_OF_LINEAR_EXTRUSION.,.F.,.F.,.F.,
(4,4),(2,2),(0.,1.),(0.,1.),.PIECEWISE_BEZIER_KNOTS.);
#168=B_SPLINE_SURFACE_WITH_KNOTS('',3,1,((#10736,#10737),(#10738,#10739),
(#10740,#10741),(#10742,#10743)),.SURF_OF_LINEAR_EXTRUSION.,.F.,.F.,.F.,
(4,4),(2,2),(0.,1.),(0.,1.),.PIECEWISE_BEZIER_KNOTS.);
#169=B_SPLINE_SURFACE_WITH_KNOTS('',3,1,((#10749,#10750),(#10751,#10752),
(#10753,#10754),(#10755,#10756)),.SURF_OF_LINEAR_EXTRUSION.,.F.,.F.,.F.,
(4,4),(2,2),(0.,1.),(0.,1.),.PIECEWISE_BEZIER_KNOTS.);
#170=B_SPLINE_SURFACE_WITH_KNOTS('',3,1,((#10762,#10763),(#10764,#10765),
(#10766,#10767),(#10768,#10769)),.SURF_OF_LINEAR_EXTRUSION.,.F.,.F.,.F.,
(4,4),(2,2),(0.,1.),(0.,1.),.PIECEWISE_BEZIER_KNOTS.);
#171=B_SPLINE_SURFACE_WITH_KNOTS('',3,1,((#10773,#10774),(#10775,#10776),
(#10777,#10778),(#10779,#10780)),.SURF_OF_LINEAR_EXTRUSION.,.F.,.F.,.F.,
(4,4),(2,2),(0.,1.),(0.,1.),.PIECEWISE_BEZIER_KNOTS.);
#172=CYLINDRICAL_SURFACE('',#6112,0.0016);
#173=CYLINDRICAL_SURFACE('',#6114,0.0016);
#174=CYLINDRICAL_SURFACE('',#6116,0.0016);
#175=CYLINDRICAL_SURFACE('',#6118,0.0016);
#176=CYLINDRICAL_SURFACE('',#6125,0.0013972092453505);
#177=CYLINDRICAL_SURFACE('',#6127,0.00102822942503446);
#178=CYLINDRICAL_SURFACE('',#6140,0.0144750804407679);
#179=CYLINDRICAL_SURFACE('',#6153,0.0124677840983839);
#180=CYLINDRICAL_SURFACE('',#6158,0.00316591149405796);
#181=CYLINDRICAL_SURFACE('',#6161,0.00310240261749126);
#182=CYLINDRICAL_SURFACE('',#6182,0.00163044980725324);
#183=CYLINDRICAL_SURFACE('',#6184,0.00119987501760247);
#184=CYLINDRICAL_SURFACE('',#6194,0.00361115358090949);
#185=CYLINDRICAL_SURFACE('',#6196,0.00378972869918145);
#186=CYLINDRICAL_SURFACE('',#6203,0.00172851761641289);
#187=CYLINDRICAL_SURFACE('',#6205,0.00127204474261852);
#188=CYLINDRICAL_SURFACE('',#6218,0.00436226372551327);
#189=CYLINDRICAL_SURFACE('',#6224,0.00879358745696635);
#190=CYLINDRICAL_SURFACE('',#6226,0.00804147346863947);
#191=CYLINDRICAL_SURFACE('',#6245,0.00154976030259362);
#192=CYLINDRICAL_SURFACE('',#6253,0.0047460085785366);
#193=CYLINDRICAL_SURFACE('',#6256,0.001193994398322);
#194=CYLINDRICAL_SURFACE('',#6269,0.00143744968884805);
#195=CYLINDRICAL_SURFACE('',#6271,0.000994913879145864);
#196=CYLINDRICAL_SURFACE('',#6281,0.00282584457326648);
#197=CYLINDRICAL_SURFACE('',#6283,0.00271301869568804);
#198=CYLINDRICAL_SURFACE('',#6286,0.0026585949476515);
#199=CIRCLE('',#6078,0.000994913879145864);
#200=CIRCLE('',#6079,0.00143744968884805);
#201=CIRCLE('',#6080,0.00154976030259362);
#202=CIRCLE('',#6081,0.001193994398322);
#203=CIRCLE('',#6082,0.0047460085785366);
#204=CIRCLE('',#6083,0.0016);
#205=CIRCLE('',#6084,0.0016);
#206=CIRCLE('',#6085,0.0016);
#207=CIRCLE('',#6086,0.0016);
#208=CIRCLE('',#6087,0.00102822942503446);
#209=CIRCLE('',#6088,0.0013972092453505);
#210=CIRCLE('',#6089,0.0124677840983839);
#211=CIRCLE('',#6090,0.0144750804407679);
#212=CIRCLE('',#6091,0.00310240261749126);
#213=CIRCLE('',#6092,0.00316591149405796);
#214=CIRCLE('',#6093,0.00119987501760247);
#215=CIRCLE('',#6094,0.00163044980725324);
#216=CIRCLE('',#6095,0.00378972869918145);
#217=CIRCLE('',#6096,0.00361115358090949);
#218=CIRCLE('',#6097,0.00127204474261852);
#219=CIRCLE('',#6098,0.00172851761641289);
#220=CIRCLE('',#6099,0.00804147346863947);
#221=CIRCLE('',#6100,0.00879358745696635);
#222=CIRCLE('',#6101,0.00436226372551327);
#223=CIRCLE('',#6102,0.00282584457326648);
#224=CIRCLE('',#6103,0.0026585949476515);
#225=CIRCLE('',#6104,0.00271301869568804);
#226=CIRCLE('',#6113,0.0016);
#227=CIRCLE('',#6115,0.0016);
#228=CIRCLE('',#6117,0.0016);
#229=CIRCLE('',#6119,0.0016);
#230=CIRCLE('',#6126,0.0013972092453505);
#231=CIRCLE('',#6128,0.00102822942503446);
#232=CIRCLE('',#6141,0.0144750804407679);
#233=CIRCLE('',#6154,0.0124677840983839);
#234=CIRCLE('',#6159,0.00316591149405796);
#235=CIRCLE('',#6162,0.00310240261749126);
#236=CIRCLE('',#6183,0.00163044980725324);
#237=CIRCLE('',#6185,0.00119987501760247);
#238=CIRCLE('',#6195,0.00361115358090949);
#239=CIRCLE('',#6197,0.00378972869918145);
#240=CIRCLE('',#6204,0.00172851761641289);
#241=CIRCLE('',#6206,0.00127204474261852);
#242=CIRCLE('',#6219,0.00436226372551327);
#243=CIRCLE('',#6225,0.00879358745696635);
#244=CIRCLE('',#6227,0.00804147346863947);
#245=CIRCLE('',#6246,0.00154976030259362);
#246=CIRCLE('',#6254,0.0047460085785366);
#247=CIRCLE('',#6257,0.001193994398322);
#248=CIRCLE('',#6270,0.00143744968884805);
#249=CIRCLE('',#6272,0.000994913879145864);
#250=CIRCLE('',#6282,0.00282584457326648);
#251=CIRCLE('',#6284,0.00271301869568804);
#252=CIRCLE('',#6287,0.0026585949476515);
#253=B_SPLINE_CURVE_WITH_KNOTS('',2,(#7276,#7277,#7278),.UNSPECIFIED.,.F.,
 .F.,(3,3),(0.,1.),.PIECEWISE_BEZIER_KNOTS.);
#254=B_SPLINE_CURVE_WITH_KNOTS('',2,(#7280,#7281,#7282),.UNSPECIFIED.,.F.,
 .F.,(3,3),(0.,1.),.PIECEWISE_BEZIER_KNOTS.);
#255=B_SPLINE_CURVE_WITH_KNOTS('',2,(#7284,#7285,#7286),.UNSPECIFIED.,.F.,
 .F.,(3,3),(0.,1.),.PIECEWISE_BEZIER_KNOTS.);
#256=B_SPLINE_CURVE_WITH_KNOTS('',2,(#7288,#7289,#7290),.UNSPECIFIED.,.F.,
 .F.,(3,3),(0.,1.),.PIECEWISE_BEZIER_KNOTS.);
#257=B_SPLINE_CURVE_WITH_KNOTS('',2,(#7308,#7309,#7310),.UNSPECIFIED.,.F.,
 .F.,(3,3),(0.,1.),.PIECEWISE_BEZIER_KNOTS.);
#258=B_SPLINE_CURVE_WITH_KNOTS('',2,(#7312,#7313,#7314),.UNSPECIFIED.,.F.,
 .F.,(3,3),(0.,1.),.PIECEWISE_BEZIER_KNOTS.);
#259=B_SPLINE_CURVE_WITH_KNOTS('',2,(#7322,#7323,#7324),.UNSPECIFIED.,.F.,
 .F.,(3,3),(0.,1.),.PIECEWISE_BEZIER_KNOTS.);
#260=B_SPLINE_CURVE_WITH_KNOTS('',2,(#7326,#7327,#7328),.UNSPECIFIED.,.F.,
 .F.,(3,3),(0.,1.),.PIECEWISE_BEZIER_KNOTS.);
#261=B_SPLINE_CURVE_WITH_KNOTS('',2,(#7330,#7331,#7332),.UNSPECIFIED.,.F.,
 .F.,(3,3),(0.,1.),.PIECEWISE_BEZIER_KNOTS.);
#262=B_SPLINE_CURVE_WITH_KNOTS('',2,(#7334,#7335,#7336),.UNSPECIFIED.,.F.,
 .F.,(3,3),(0.,1.),.PIECEWISE_BEZIER_KNOTS.);
#263=B_SPLINE_CURVE_WITH_KNOTS('',2,(#7344,#7345,#7346),.UNSPECIFIED.,.F.,
 .F.,(3,3),(0.,1.),.PIECEWISE_BEZIER_KNOTS.);
#264=B_SPLINE_CURVE_WITH_KNOTS('',2,(#7348,#7349,#7350),.UNSPECIFIED.,.F.,
 .F.,(3,3),(0.,1.),.PIECEWISE_BEZIER_KNOTS.);
#265=B_SPLINE_CURVE_WITH_KNOTS('',2,(#7352,#7353,#7354),.UNSPECIFIED.,.F.,
 .F.,(3,3),(0.,1.),.PIECEWISE_BEZIER_KNOTS.);
#266=B_SPLINE_CURVE_WITH_KNOTS('',2,(#7356,#7357,#7358),.UNSPECIFIED.,.F.,
 .F.,(3,3),(0.,1.),.PIECEWISE_BEZIER_KNOTS.);
#267=B_SPLINE_CURVE_WITH_KNOTS('',2,(#7361,#7362,#7363),.UNSPECIFIED.,.F.,
 .F.,(3,3),(0.,1.),.PIECEWISE_BEZIER_KNOTS.);
#268=B_SPLINE_CURVE_WITH_KNOTS('',2,(#7386,#7387,#7388),.UNSPECIFIED.,.F.,
 .F.,(3,3),(0.,1.),.PIECEWISE_BEZIER_KNOTS.);
#269=B_SPLINE_CURVE_WITH_KNOTS('',2,(#7390,#7391,#7392),.UNSPECIFIED.,.F.,
 .F.,(3,3),(0.,1.),.PIECEWISE_BEZIER_KNOTS.);
#270=B_SPLINE_CURVE_WITH_KNOTS('',2,(#7394,#7395,#7396),.UNSPECIFIED.,.F.,
 .F.,(3,3),(0.,1.),.PIECEWISE_BEZIER_KNOTS.);
#271=B_SPLINE_CURVE_WITH_KNOTS('',2,(#7398,#7399,#7400),.UNSPECIFIED.,.F.,
 .F.,(3,3),(0.,1.),.PIECEWISE_BEZIER_KNOTS.);
#272=B_SPLINE_CURVE_WITH_KNOTS('',2,(#7402,#7403,#7404),.UNSPECIFIED.,.F.,
 .F.,(3,3),(0.,1.),.PIECEWISE_BEZIER_KNOTS.);
#273=B_SPLINE_CURVE_WITH_KNOTS('',2,(#7405,#7406,#7407),.UNSPECIFIED.,.F.,
 .F.,(3,3),(0.,1.),.PIECEWISE_BEZIER_KNOTS.);
#274=B_SPLINE_CURVE_WITH_KNOTS('',2,(#7410,#7411,#7412),.UNSPECIFIED.,.F.,
 .F.,(3,3),(0.,1.),.PIECEWISE_BEZIER_KNOTS.);
#275=B_SPLINE_CURVE_WITH_KNOTS('',2,(#7414,#7415,#7416),.UNSPECIFIED.,.F.,
 .F.,(3,3),(0.,1.),.PIECEWISE_BEZIER_KNOTS.);
#276=B_SPLINE_CURVE_WITH_KNOTS('',2,(#7418,#7419,#7420),.UNSPECIFIED.,.F.,
 .F.,(3,3),(0.,1.),.PIECEWISE_BEZIER_KNOTS.);
#277=B_SPLINE_CURVE_WITH_KNOTS('',2,(#7422,#7423,#7424),.UNSPECIFIED.,.F.,
 .F.,(3,3),(0.,1.),.PIECEWISE_BEZIER_KNOTS.);
#278=B_SPLINE_CURVE_WITH_KNOTS('',2,(#7426,#7427,#7428),.UNSPECIFIED.,.F.,
 .F.,(3,3),(0.,1.),.PIECEWISE_BEZIER_KNOTS.);
#279=B_SPLINE_CURVE_WITH_KNOTS('',2,(#7430,#7431,#7432),.UNSPECIFIED.,.F.,
 .F.,(3,3),(0.,1.),.PIECEWISE_BEZIER_KNOTS.);
#280=B_SPLINE_CURVE_WITH_KNOTS('',2,(#7434,#7435,#7436),.UNSPECIFIED.,.F.,
 .F.,(3,3),(0.,1.),.PIECEWISE_BEZIER_KNOTS.);
#281=B_SPLINE_CURVE_WITH_KNOTS('',2,(#7438,#7439,#7440),.UNSPECIFIED.,.F.,
 .F.,(3,3),(0.,1.),.PIECEWISE_BEZIER_KNOTS.);
#282=B_SPLINE_CURVE_WITH_KNOTS('',2,(#7441,#7442,#7443),.UNSPECIFIED.,.F.,
 .F.,(3,3),(0.,1.),.PIECEWISE_BEZIER_KNOTS.);
#283=B_SPLINE_CURVE_WITH_KNOTS('',2,(#7446,#7447,#7448),.UNSPECIFIED.,.F.,
 .F.,(3,3),(0.,1.),.PIECEWISE_BEZIER_KNOTS.);
#284=B_SPLINE_CURVE_WITH_KNOTS('',2,(#7450,#7451,#7452),.UNSPECIFIED.,.F.,
 .F.,(3,3),(0.,1.),.PIECEWISE_BEZIER_KNOTS.);
#285=B_SPLINE_CURVE_WITH_KNOTS('',2,(#7454,#7455,#7456),.UNSPECIFIED.,.F.,
 .F.,(3,3),(0.,1.),.PIECEWISE_BEZIER_KNOTS.);
#286=B_SPLINE_CURVE_WITH_KNOTS('',2,(#7458,#7459,#7460),.UNSPECIFIED.,.F.,
 .F.,(3,3),(0.,1.),.PIECEWISE_BEZIER_KNOTS.);
#287=B_SPLINE_CURVE_WITH_KNOTS('',2,(#7462,#7463,#7464),.UNSPECIFIED.,.F.,
 .F.,(3,3),(0.,1.),.PIECEWISE_BEZIER_KNOTS.);
#288=B_SPLINE_CURVE_WITH_KNOTS('',2,(#7466,#7467,#7468),.UNSPECIFIED.,.F.,
 .F.,(3,3),(0.,1.),.PIECEWISE_BEZIER_KNOTS.);
#289=B_SPLINE_CURVE_WITH_KNOTS('',2,(#7470,#7471,#7472),.UNSPECIFIED.,.F.,
 .F.,(3,3),(0.,1.),.PIECEWISE_BEZIER_KNOTS.);
#290=B_SPLINE_CURVE_WITH_KNOTS('',2,(#7474,#7475,#7476),.UNSPECIFIED.,.F.,
 .F.,(3,3),(0.,1.),.PIECEWISE_BEZIER_KNOTS.);
#291=B_SPLINE_CURVE_WITH_KNOTS('',2,(#7504,#7505,#7506),.UNSPECIFIED.,.F.,
 .F.,(3,3),(0.,1.),.PIECEWISE_BEZIER_KNOTS.);
#292=B_SPLINE_CURVE_WITH_KNOTS('',2,(#7508,#7509,#7510),.UNSPECIFIED.,.F.,
 .F.,(3,3),(0.,1.),.PIECEWISE_BEZIER_KNOTS.);
#293=B_SPLINE_CURVE_WITH_KNOTS('',2,(#7512,#7513,#7514),.UNSPECIFIED.,.F.,
 .F.,(3,3),(0.,1.),.PIECEWISE_BEZIER_KNOTS.);
#294=B_SPLINE_CURVE_WITH_KNOTS('',2,(#7516,#7517,#7518),.UNSPECIFIED.,.F.,
 .F.,(3,3),(0.,1.),.PIECEWISE_BEZIER_KNOTS.);
#295=B_SPLINE_CURVE_WITH_KNOTS('',2,(#7536,#7537,#7538),.UNSPECIFIED.,.F.,
 .F.,(3,3),(0.,1.),.PIECEWISE_BEZIER_KNOTS.);
#296=B_SPLINE_CURVE_WITH_KNOTS('',2,(#7540,#7541,#7542),.UNSPECIFIED.,.F.,
 .F.,(3,3),(0.,1.),.PIECEWISE_BEZIER_KNOTS.);
#297=B_SPLINE_CURVE_WITH_KNOTS('',2,(#7583,#7584,#7585),.UNSPECIFIED.,.F.,
 .F.,(3,3),(0.,1.),.PIECEWISE_BEZIER_KNOTS.);
#298=B_SPLINE_CURVE_WITH_KNOTS('',2,(#7588,#7589,#7590),.UNSPECIFIED.,.F.,
 .F.,(3,3),(0.,1.),.PIECEWISE_BEZIER_KNOTS.);
#299=B_SPLINE_CURVE_WITH_KNOTS('',2,(#7592,#7593,#7594),.UNSPECIFIED.,.F.,
 .F.,(3,3),(0.,1.),.PIECEWISE_BEZIER_KNOTS.);
#300=B_SPLINE_CURVE_WITH_KNOTS('',2,(#7596,#7597,#7598),.UNSPECIFIED.,.F.,
 .F.,(3,3),(0.,1.),.PIECEWISE_BEZIER_KNOTS.);
#301=B_SPLINE_CURVE_WITH_KNOTS('',2,(#7600,#7601,#7602),.UNSPECIFIED.,.F.,
 .F.,(3,3),(0.,1.),.PIECEWISE_BEZIER_KNOTS.);
#302=B_SPLINE_CURVE_WITH_KNOTS('',2,(#7604,#7605,#7606),.UNSPECIFIED.,.F.,
 .F.,(3,3),(0.,1.),.PIECEWISE_BEZIER_KNOTS.);
#303=B_SPLINE_CURVE_WITH_KNOTS('',2,(#7608,#7609,#7610),.UNSPECIFIED.,.F.,
 .F.,(3,3),(0.,1.),.PIECEWISE_BEZIER_KNOTS.);
#304=B_SPLINE_CURVE_WITH_KNOTS('',2,(#7616,#7617,#7618),.UNSPECIFIED.,.F.,
 .F.,(3,3),(0.,1.),.PIECEWISE_BEZIER_KNOTS.);
#305=B_SPLINE_CURVE_WITH_KNOTS('',2,(#7620,#7621,#7622),.UNSPECIFIED.,.F.,
 .F.,(3,3),(0.,1.),.PIECEWISE_BEZIER_KNOTS.);
#306=B_SPLINE_CURVE_WITH_KNOTS('',2,(#7649,#7650,#7651),.UNSPECIFIED.,.F.,
 .F.,(3,3),(0.,1.),.PIECEWISE_BEZIER_KNOTS.);
#307=B_SPLINE_CURVE_WITH_KNOTS('',2,(#7654,#7655,#7656),.UNSPECIFIED.,.F.,
 .F.,(3,3),(0.,1.),.PIECEWISE_BEZIER_KNOTS.);
#308=B_SPLINE_CURVE_WITH_KNOTS('',2,(#7658,#7659,#7660),.UNSPECIFIED.,.F.,
 .F.,(3,3),(0.,1.),.PIECEWISE_BEZIER_KNOTS.);
#309=B_SPLINE_CURVE_WITH_KNOTS('',2,(#7662,#7663,#7664),.UNSPECIFIED.,.F.,
 .F.,(3,3),(0.,1.),.PIECEWISE_BEZIER_KNOTS.);
#310=B_SPLINE_CURVE_WITH_KNOTS('',2,(#7666,#7667,#7668),.UNSPECIFIED.,.F.,
 .F.,(3,3),(0.,1.),.PIECEWISE_BEZIER_KNOTS.);
#311=B_SPLINE_CURVE_WITH_KNOTS('',2,(#7670,#7671,#7672),.UNSPECIFIED.,.F.,
 .F.,(3,3),(0.,1.),.PIECEWISE_BEZIER_KNOTS.);
#312=B_SPLINE_CURVE_WITH_KNOTS('',2,(#7674,#7675,#7676),.UNSPECIFIED.,.F.,
 .F.,(3,3),(0.,1.),.PIECEWISE_BEZIER_KNOTS.);
#313=B_SPLINE_CURVE_WITH_KNOTS('',2,(#7678,#7679,#7680),.UNSPECIFIED.,.F.,
 .F.,(3,3),(0.,1.),.PIECEWISE_BEZIER_KNOTS.);
#314=B_SPLINE_CURVE_WITH_KNOTS('',2,(#7682,#7683,#7684),.UNSPECIFIED.,.F.,
 .F.,(3,3),(0.,1.),.PIECEWISE_BEZIER_KNOTS.);
#315=B_SPLINE_CURVE_WITH_KNOTS('',2,(#7690,#7691,#7692),.UNSPECIFIED.,.F.,
 .F.,(3,3),(0.,1.),.PIECEWISE_BEZIER_KNOTS.);
#316=B_SPLINE_CURVE_WITH_KNOTS('',2,(#7694,#7695,#7696),.UNSPECIFIED.,.F.,
 .F.,(3,3),(0.,1.),.PIECEWISE_BEZIER_KNOTS.);
#317=B_SPLINE_CURVE_WITH_KNOTS('',2,(#7698,#7699,#7700),.UNSPECIFIED.,.F.,
 .F.,(3,3),(0.,1.),.PIECEWISE_BEZIER_KNOTS.);
#318=B_SPLINE_CURVE_WITH_KNOTS('',2,(#7702,#7703,#7704),.UNSPECIFIED.,.F.,
 .F.,(3,3),(0.,1.),.PIECEWISE_BEZIER_KNOTS.);
#319=B_SPLINE_CURVE_WITH_KNOTS('',2,(#7722,#7723,#7724),.UNSPECIFIED.,.F.,
 .F.,(3,3),(0.,1.),.PIECEWISE_BEZIER_KNOTS.);
#320=B_SPLINE_CURVE_WITH_KNOTS('',2,(#7726,#7727,#7728),.UNSPECIFIED.,.F.,
 .F.,(3,3),(0.,1.),.PIECEWISE_BEZIER_KNOTS.);
#321=B_SPLINE_CURVE_WITH_KNOTS('',2,(#7731,#7732,#7733),.UNSPECIFIED.,.F.,
 .F.,(3,3),(0.,1.),.PIECEWISE_BEZIER_KNOTS.);
#322=B_SPLINE_CURVE_WITH_KNOTS('',2,(#7736,#7737,#7738),.UNSPECIFIED.,.F.,
 .F.,(3,3),(0.,1.),.PIECEWISE_BEZIER_KNOTS.);
#323=B_SPLINE_CURVE_WITH_KNOTS('',2,(#7740,#7741,#7742),.UNSPECIFIED.,.F.,
 .F.,(3,3),(0.,1.),.PIECEWISE_BEZIER_KNOTS.);
#324=B_SPLINE_CURVE_WITH_KNOTS('',2,(#7744,#7745,#7746),.UNSPECIFIED.,.F.,
 .F.,(3,3),(0.,1.),.PIECEWISE_BEZIER_KNOTS.);
#325=B_SPLINE_CURVE_WITH_KNOTS('',2,(#7754,#7755,#7756),.UNSPECIFIED.,.F.,
 .F.,(3,3),(0.,1.),.PIECEWISE_BEZIER_KNOTS.);
#326=B_SPLINE_CURVE_WITH_KNOTS('',2,(#7758,#7759,#7760),.UNSPECIFIED.,.F.,
 .F.,(3,3),(0.,1.),.PIECEWISE_BEZIER_KNOTS.);
#327=B_SPLINE_CURVE_WITH_KNOTS('',2,(#7762,#7763,#7764),.UNSPECIFIED.,.F.,
 .F.,(3,3),(0.,1.),.PIECEWISE_BEZIER_KNOTS.);
#328=B_SPLINE_CURVE_WITH_KNOTS('',2,(#7766,#7767,#7768),.UNSPECIFIED.,.F.,
 .F.,(3,3),(0.,1.),.PIECEWISE_BEZIER_KNOTS.);
#329=B_SPLINE_CURVE_WITH_KNOTS('',2,(#7770,#7771,#7772),.UNSPECIFIED.,.F.,
 .F.,(3,3),(0.,1.),.PIECEWISE_BEZIER_KNOTS.);
#330=B_SPLINE_CURVE_WITH_KNOTS('',2,(#7774,#7775,#7776),.UNSPECIFIED.,.F.,
 .F.,(3,3),(0.,1.),.PIECEWISE_BEZIER_KNOTS.);
#331=B_SPLINE_CURVE_WITH_KNOTS('',2,(#7778,#7779,#7780),.UNSPECIFIED.,.F.,
 .F.,(3,3),(0.,1.),.PIECEWISE_BEZIER_KNOTS.);
#332=B_SPLINE_CURVE_WITH_KNOTS('',2,(#7782,#7783,#7784),.UNSPECIFIED.,.F.,
 .F.,(3,3),(0.,1.),.PIECEWISE_BEZIER_KNOTS.);
#333=B_SPLINE_CURVE_WITH_KNOTS('',2,(#7786,#7787,#7788),.UNSPECIFIED.,.F.,
 .F.,(3,3),(0.,1.),.PIECEWISE_BEZIER_KNOTS.);
#334=B_SPLINE_CURVE_WITH_KNOTS('',2,(#7790,#7791,#7792),.UNSPECIFIED.,.F.,
 .F.,(3,3),(0.,1.),.PIECEWISE_BEZIER_KNOTS.);
#335=B_SPLINE_CURVE_WITH_KNOTS('',2,(#7796,#7797,#7798),.UNSPECIFIED.,.F.,
 .F.,(3,3),(0.,1.),.PIECEWISE_BEZIER_KNOTS.);
#336=B_SPLINE_CURVE_WITH_KNOTS('',2,(#7800,#7801,#7802),.UNSPECIFIED.,.F.,
 .F.,(3,3),(0.,1.),.PIECEWISE_BEZIER_KNOTS.);
#337=B_SPLINE_CURVE_WITH_KNOTS('',2,(#7804,#7805,#7806),.UNSPECIFIED.,.F.,
 .F.,(3,3),(0.,1.),.PIECEWISE_BEZIER_KNOTS.);
#338=B_SPLINE_CURVE_WITH_KNOTS('',2,(#7808,#7809,#7810),.UNSPECIFIED.,.F.,
 .F.,(3,3),(0.,1.),.PIECEWISE_BEZIER_KNOTS.);
#339=B_SPLINE_CURVE_WITH_KNOTS('',2,(#7812,#7813,#7814),.UNSPECIFIED.,.F.,
 .F.,(3,3),(0.,1.),.PIECEWISE_BEZIER_KNOTS.);
#340=B_SPLINE_CURVE_WITH_KNOTS('',2,(#7816,#7817,#7818),.UNSPECIFIED.,.F.,
 .F.,(3,3),(0.,1.),.PIECEWISE_BEZIER_KNOTS.);
#341=B_SPLINE_CURVE_WITH_KNOTS('',2,(#7820,#7821,#7822),.UNSPECIFIED.,.F.,
 .F.,(3,3),(0.,1.),.PIECEWISE_BEZIER_KNOTS.);
#342=B_SPLINE_CURVE_WITH_KNOTS('',2,(#7828,#7829,#7830),.UNSPECIFIED.,.F.,
 .F.,(3,3),(0.,1.),.PIECEWISE_BEZIER_KNOTS.);
#343=B_SPLINE_CURVE_WITH_KNOTS('',2,(#7832,#7833,#7834),.UNSPECIFIED.,.F.,
 .F.,(3,3),(0.,1.),.PIECEWISE_BEZIER_KNOTS.);
#344=B_SPLINE_CURVE_WITH_KNOTS('',2,(#7836,#7837,#7838),.UNSPECIFIED.,.F.,
 .F.,(3,3),(0.,1.),.PIECEWISE_BEZIER_KNOTS.);
#345=B_SPLINE_CURVE_WITH_KNOTS('',2,(#7840,#7841,#7842),.UNSPECIFIED.,.F.,
 .F.,(3,3),(0.,1.),.PIECEWISE_BEZIER_KNOTS.);
#346=B_SPLINE_CURVE_WITH_KNOTS('',2,(#7860,#7861,#7862),.UNSPECIFIED.,.F.,
 .F.,(3,3),(0.,1.),.PIECEWISE_BEZIER_KNOTS.);
#347=B_SPLINE_CURVE_WITH_KNOTS('',2,(#7864,#7865,#7866),.UNSPECIFIED.,.F.,
 .F.,(3,3),(0.,1.),.PIECEWISE_BEZIER_KNOTS.);
#348=B_SPLINE_CURVE_WITH_KNOTS('',2,(#7874,#7875,#7876),.UNSPECIFIED.,.F.,
 .F.,(3,3),(0.,1.),.PIECEWISE_BEZIER_KNOTS.);
#349=B_SPLINE_CURVE_WITH_KNOTS('',2,(#7880,#7881,#7882),.UNSPECIFIED.,.F.,
 .F.,(3,3),(0.,1.),.PIECEWISE_BEZIER_KNOTS.);
#350=B_SPLINE_CURVE_WITH_KNOTS('',2,(#7894,#7895,#7896),.UNSPECIFIED.,.F.,
 .F.,(3,3),(0.,1.),.PIECEWISE_BEZIER_KNOTS.);
#351=B_SPLINE_CURVE_WITH_KNOTS('',2,(#7910,#7911,#7912),.UNSPECIFIED.,.F.,
 .F.,(3,3),(0.,1.),.PIECEWISE_BEZIER_KNOTS.);
#352=B_SPLINE_CURVE_WITH_KNOTS('',2,(#7918,#7919,#7920),.UNSPECIFIED.,.F.,
 .F.,(3,3),(0.,1.),.PIECEWISE_BEZIER_KNOTS.);
#353=B_SPLINE_CURVE_WITH_KNOTS('',2,(#7925,#7926,#7927),.UNSPECIFIED.,.F.,
 .F.,(3,3),(0.,1.),.PIECEWISE_BEZIER_KNOTS.);
#354=B_SPLINE_CURVE_WITH_KNOTS('',2,(#7930,#7931,#7932),.UNSPECIFIED.,.F.,
 .F.,(3,3),(0.,1.),.PIECEWISE_BEZIER_KNOTS.);
#355=B_SPLINE_CURVE_WITH_KNOTS('',2,(#7934,#7935,#7936),.UNSPECIFIED.,.F.,
 .F.,(3,3),(0.,1.),.PIECEWISE_BEZIER_KNOTS.);
#356=B_SPLINE_CURVE_WITH_KNOTS('',2,(#7944,#7945,#7946),.UNSPECIFIED.,.F.,
 .F.,(3,3),(0.,1.),.PIECEWISE_BEZIER_KNOTS.);
#357=B_SPLINE_CURVE_WITH_KNOTS('',2,(#7950,#7951,#7952),.UNSPECIFIED.,.F.,
 .F.,(3,3),(0.,1.),.PIECEWISE_BEZIER_KNOTS.);
#358=B_SPLINE_CURVE_WITH_KNOTS('',2,(#7954,#7955,#7956),.UNSPECIFIED.,.F.,
 .F.,(3,3),(0.,1.),.PIECEWISE_BEZIER_KNOTS.);
#359=B_SPLINE_CURVE_WITH_KNOTS('',2,(#7958,#7959,#7960),.UNSPECIFIED.,.F.,
 .F.,(3,3),(0.,1.),.PIECEWISE_BEZIER_KNOTS.);
#360=B_SPLINE_CURVE_WITH_KNOTS('',2,(#7962,#7963,#7964),.UNSPECIFIED.,.F.,
 .F.,(3,3),(0.,1.),.PIECEWISE_BEZIER_KNOTS.);
#361=B_SPLINE_CURVE_WITH_KNOTS('',2,(#7966,#7967,#7968),.UNSPECIFIED.,.F.,
 .F.,(3,3),(0.,1.),.PIECEWISE_BEZIER_KNOTS.);
#362=B_SPLINE_CURVE_WITH_KNOTS('',2,(#7970,#7971,#7972),.UNSPECIFIED.,.F.,
 .F.,(3,3),(0.,1.),.PIECEWISE_BEZIER_KNOTS.);
#363=B_SPLINE_CURVE_WITH_KNOTS('',2,(#7978,#7979,#7980),.UNSPECIFIED.,.F.,
 .F.,(3,3),(0.,1.),.PIECEWISE_BEZIER_KNOTS.);
#364=B_SPLINE_CURVE_WITH_KNOTS('',2,(#7982,#7983,#7984),.UNSPECIFIED.,.F.,
 .F.,(3,3),(0.,1.),.PIECEWISE_BEZIER_KNOTS.);
#365=B_SPLINE_CURVE_WITH_KNOTS('',2,(#8060,#8061,#8062),.UNSPECIFIED.,.F.,
 .F.,(3,3),(0.,1.),.PIECEWISE_BEZIER_KNOTS.);
#366=B_SPLINE_CURVE_WITH_KNOTS('',2,(#8073,#8074,#8075),.UNSPECIFIED.,.F.,
 .F.,(3,3),(0.,1.),.PIECEWISE_BEZIER_KNOTS.);
#367=B_SPLINE_CURVE_WITH_KNOTS('',2,(#8118,#8119,#8120),.UNSPECIFIED.,.F.,
 .F.,(3,3),(0.,1.),.PIECEWISE_BEZIER_KNOTS.);
#368=B_SPLINE_CURVE_WITH_KNOTS('',2,(#8131,#8132,#8133),.UNSPECIFIED.,.F.,
 .F.,(3,3),(0.,1.),.PIECEWISE_BEZIER_KNOTS.);
#369=B_SPLINE_CURVE_WITH_KNOTS('',2,(#8144,#8145,#8146),.UNSPECIFIED.,.F.,
 .F.,(3,3),(0.,1.),.PIECEWISE_BEZIER_KNOTS.);
#370=B_SPLINE_CURVE_WITH_KNOTS('',2,(#8155,#8156,#8157),.UNSPECIFIED.,.F.,
 .F.,(3,3),(0.,1.),.PIECEWISE_BEZIER_KNOTS.);
#371=B_SPLINE_CURVE_WITH_KNOTS('',2,(#8240,#8241,#8242),.UNSPECIFIED.,.F.,
 .F.,(3,3),(0.,1.),.PIECEWISE_BEZIER_KNOTS.);
#372=B_SPLINE_CURVE_WITH_KNOTS('',2,(#8247,#8248,#8249),.UNSPECIFIED.,.F.,
 .F.,(3,3),(0.,1.),.PIECEWISE_BEZIER_KNOTS.);
#373=B_SPLINE_CURVE_WITH_KNOTS('',2,(#8260,#8261,#8262),.UNSPECIFIED.,.F.,
 .F.,(3,3),(0.,1.),.PIECEWISE_BEZIER_KNOTS.);
#374=B_SPLINE_CURVE_WITH_KNOTS('',2,(#8266,#8267,#8268),.UNSPECIFIED.,.F.,
 .F.,(3,3),(0.,1.),.PIECEWISE_BEZIER_KNOTS.);
#375=B_SPLINE_CURVE_WITH_KNOTS('',2,(#8277,#8278,#8279),.UNSPECIFIED.,.F.,
 .F.,(3,3),(0.,1.),.PIECEWISE_BEZIER_KNOTS.);
#376=B_SPLINE_CURVE_WITH_KNOTS('',2,(#8283,#8284,#8285),.UNSPECIFIED.,.F.,
 .F.,(3,3),(0.,1.),.PIECEWISE_BEZIER_KNOTS.);
#377=B_SPLINE_CURVE_WITH_KNOTS('',2,(#8302,#8303,#8304),.UNSPECIFIED.,.F.,
 .F.,(3,3),(0.,1.),.PIECEWISE_BEZIER_KNOTS.);
#378=B_SPLINE_CURVE_WITH_KNOTS('',2,(#8317,#8318,#8319),.UNSPECIFIED.,.F.,
 .F.,(3,3),(0.,1.),.PIECEWISE_BEZIER_KNOTS.);
#379=B_SPLINE_CURVE_WITH_KNOTS('',2,(#8342,#8343,#8344),.UNSPECIFIED.,.F.,
 .F.,(3,3),(0.,1.),.PIECEWISE_BEZIER_KNOTS.);
#380=B_SPLINE_CURVE_WITH_KNOTS('',2,(#8355,#8356,#8357),.UNSPECIFIED.,.F.,
 .F.,(3,3),(0.,1.),.PIECEWISE_BEZIER_KNOTS.);
#381=B_SPLINE_CURVE_WITH_KNOTS('',2,(#8376,#8377,#8378),.UNSPECIFIED.,.F.,
 .F.,(3,3),(0.,1.),.PIECEWISE_BEZIER_KNOTS.);
#382=B_SPLINE_CURVE_WITH_KNOTS('',2,(#8389,#8390,#8391),.UNSPECIFIED.,.F.,
 .F.,(3,3),(0.,1.),.PIECEWISE_BEZIER_KNOTS.);
#383=B_SPLINE_CURVE_WITH_KNOTS('',2,(#8402,#8403,#8404),.UNSPECIFIED.,.F.,
 .F.,(3,3),(0.,1.),.PIECEWISE_BEZIER_KNOTS.);
#384=B_SPLINE_CURVE_WITH_KNOTS('',2,(#8415,#8416,#8417),.UNSPECIFIED.,.F.,
 .F.,(3,3),(0.,1.),.PIECEWISE_BEZIER_KNOTS.);
#385=B_SPLINE_CURVE_WITH_KNOTS('',2,(#8426,#8427,#8428),.UNSPECIFIED.,.F.,
 .F.,(3,3),(0.,1.),.PIECEWISE_BEZIER_KNOTS.);
#386=B_SPLINE_CURVE_WITH_KNOTS('',2,(#8437,#8438,#8439),.UNSPECIFIED.,.F.,
 .F.,(3,3),(0.,1.),.PIECEWISE_BEZIER_KNOTS.);
#387=B_SPLINE_CURVE_WITH_KNOTS('',2,(#8440,#8441,#8442),.UNSPECIFIED.,.F.,
 .F.,(3,3),(0.,1.),.PIECEWISE_BEZIER_KNOTS.);
#388=B_SPLINE_CURVE_WITH_KNOTS('',2,(#8493,#8494,#8495),.UNSPECIFIED.,.F.,
 .F.,(3,3),(0.,1.),.PIECEWISE_BEZIER_KNOTS.);
#389=B_SPLINE_CURVE_WITH_KNOTS('',2,(#8500,#8501,#8502),.UNSPECIFIED.,.F.,
 .F.,(3,3),(0.,1.),.PIECEWISE_BEZIER_KNOTS.);
#390=B_SPLINE_CURVE_WITH_KNOTS('',2,(#8513,#8514,#8515),.UNSPECIFIED.,.F.,
 .F.,(3,3),(0.,1.),.PIECEWISE_BEZIER_KNOTS.);
#391=B_SPLINE_CURVE_WITH_KNOTS('',2,(#8519,#8520,#8521),.UNSPECIFIED.,.F.,
 .F.,(3,3),(0.,1.),.PIECEWISE_BEZIER_KNOTS.);
#392=B_SPLINE_CURVE_WITH_KNOTS('',2,(#8530,#8531,#8532),.UNSPECIFIED.,.F.,
 .F.,(3,3),(0.,1.),.PIECEWISE_BEZIER_KNOTS.);
#393=B_SPLINE_CURVE_WITH_KNOTS('',2,(#8536,#8537,#8538),.UNSPECIFIED.,.F.,
 .F.,(3,3),(0.,1.),.PIECEWISE_BEZIER_KNOTS.);
#394=B_SPLINE_CURVE_WITH_KNOTS('',2,(#8547,#8548,#8549),.UNSPECIFIED.,.F.,
 .F.,(3,3),(0.,1.),.PIECEWISE_BEZIER_KNOTS.);
#395=B_SPLINE_CURVE_WITH_KNOTS('',2,(#8553,#8554,#8555),.UNSPECIFIED.,.F.,
 .F.,(3,3),(0.,1.),.PIECEWISE_BEZIER_KNOTS.);
#396=B_SPLINE_CURVE_WITH_KNOTS('',2,(#8564,#8565,#8566),.UNSPECIFIED.,.F.,
 .F.,(3,3),(0.,1.),.PIECEWISE_BEZIER_KNOTS.);
#397=B_SPLINE_CURVE_WITH_KNOTS('',2,(#8570,#8571,#8572),.UNSPECIFIED.,.F.,
 .F.,(3,3),(0.,1.),.PIECEWISE_BEZIER_KNOTS.);
#398=B_SPLINE_CURVE_WITH_KNOTS('',2,(#8581,#8582,#8583),.UNSPECIFIED.,.F.,
 .F.,(3,3),(0.,1.),.PIECEWISE_BEZIER_KNOTS.);
#399=B_SPLINE_CURVE_WITH_KNOTS('',2,(#8587,#8588,#8589),.UNSPECIFIED.,.F.,
 .F.,(3,3),(0.,1.),.PIECEWISE_BEZIER_KNOTS.);
#400=B_SPLINE_CURVE_WITH_KNOTS('',2,(#8598,#8599,#8600),.UNSPECIFIED.,.F.,
 .F.,(3,3),(0.,1.),.PIECEWISE_BEZIER_KNOTS.);
#401=B_SPLINE_CURVE_WITH_KNOTS('',2,(#8604,#8605,#8606),.UNSPECIFIED.,.F.,
 .F.,(3,3),(0.,1.),.PIECEWISE_BEZIER_KNOTS.);
#402=B_SPLINE_CURVE_WITH_KNOTS('',2,(#8617,#8618,#8619),.UNSPECIFIED.,.F.,
 .F.,(3,3),(0.,1.),.PIECEWISE_BEZIER_KNOTS.);
#403=B_SPLINE_CURVE_WITH_KNOTS('',2,(#8632,#8633,#8634),.UNSPECIFIED.,.F.,
 .F.,(3,3),(0.,1.),.PIECEWISE_BEZIER_KNOTS.);
#404=B_SPLINE_CURVE_WITH_KNOTS('',2,(#8645,#8646,#8647),.UNSPECIFIED.,.F.,
 .F.,(3,3),(0.,1.),.PIECEWISE_BEZIER_KNOTS.);
#405=B_SPLINE_CURVE_WITH_KNOTS('',2,(#8658,#8659,#8660),.UNSPECIFIED.,.F.,
 .F.,(3,3),(0.,1.),.PIECEWISE_BEZIER_KNOTS.);
#406=B_SPLINE_CURVE_WITH_KNOTS('',2,(#8671,#8672,#8673),.UNSPECIFIED.,.F.,
 .F.,(3,3),(0.,1.),.PIECEWISE_BEZIER_KNOTS.);
#407=B_SPLINE_CURVE_WITH_KNOTS('',2,(#8684,#8685,#8686),.UNSPECIFIED.,.F.,
 .F.,(3,3),(0.,1.),.PIECEWISE_BEZIER_KNOTS.);
#408=B_SPLINE_CURVE_WITH_KNOTS('',2,(#8697,#8698,#8699),.UNSPECIFIED.,.F.,
 .F.,(3,3),(0.,1.),.PIECEWISE_BEZIER_KNOTS.);
#409=B_SPLINE_CURVE_WITH_KNOTS('',2,(#8710,#8711,#8712),.UNSPECIFIED.,.F.,
 .F.,(3,3),(0.,1.),.PIECEWISE_BEZIER_KNOTS.);
#410=B_SPLINE_CURVE_WITH_KNOTS('',2,(#8721,#8722,#8723),.UNSPECIFIED.,.F.,
 .F.,(3,3),(0.,1.),.PIECEWISE_BEZIER_KNOTS.);
#411=B_SPLINE_CURVE_WITH_KNOTS('',2,(#8732,#8733,#8734),.UNSPECIFIED.,.F.,
 .F.,(3,3),(0.,1.),.PIECEWISE_BEZIER_KNOTS.);
#412=B_SPLINE_CURVE_WITH_KNOTS('',2,(#8735,#8736,#8737),.UNSPECIFIED.,.F.,
 .F.,(3,3),(0.,1.),.PIECEWISE_BEZIER_KNOTS.);
#413=B_SPLINE_CURVE_WITH_KNOTS('',2,(#8747,#8748,#8749),.UNSPECIFIED.,.F.,
 .F.,(3,3),(0.,1.),.PIECEWISE_BEZIER_KNOTS.);
#414=B_SPLINE_CURVE_WITH_KNOTS('',2,(#8754,#8755,#8756),.UNSPECIFIED.,.F.,
 .F.,(3,3),(0.,1.),.PIECEWISE_BEZIER_KNOTS.);
#415=B_SPLINE_CURVE_WITH_KNOTS('',2,(#8767,#8768,#8769),.UNSPECIFIED.,.F.,
 .F.,(3,3),(0.,1.),.PIECEWISE_BEZIER_KNOTS.);
#416=B_SPLINE_CURVE_WITH_KNOTS('',2,(#8773,#8774,#8775),.UNSPECIFIED.,.F.,
 .F.,(3,3),(0.,1.),.PIECEWISE_BEZIER_KNOTS.);
#417=B_SPLINE_CURVE_WITH_KNOTS('',2,(#8784,#8785,#8786),.UNSPECIFIED.,.F.,
 .F.,(3,3),(0.,1.),.PIECEWISE_BEZIER_KNOTS.);
#418=B_SPLINE_CURVE_WITH_KNOTS('',2,(#8790,#8791,#8792),.UNSPECIFIED.,.F.,
 .F.,(3,3),(0.,1.),.PIECEWISE_BEZIER_KNOTS.);
#419=B_SPLINE_CURVE_WITH_KNOTS('',2,(#8801,#8802,#8803),.UNSPECIFIED.,.F.,
 .F.,(3,3),(0.,1.),.PIECEWISE_BEZIER_KNOTS.);
#420=B_SPLINE_CURVE_WITH_KNOTS('',2,(#8807,#8808,#8809),.UNSPECIFIED.,.F.,
 .F.,(3,3),(0.,1.),.PIECEWISE_BEZIER_KNOTS.);
#421=B_SPLINE_CURVE_WITH_KNOTS('',2,(#8818,#8819,#8820),.UNSPECIFIED.,.F.,
 .F.,(3,3),(0.,1.),.PIECEWISE_BEZIER_KNOTS.);
#422=B_SPLINE_CURVE_WITH_KNOTS('',2,(#8824,#8825,#8826),.UNSPECIFIED.,.F.,
 .F.,(3,3),(0.,1.),.PIECEWISE_BEZIER_KNOTS.);
#423=B_SPLINE_CURVE_WITH_KNOTS('',2,(#8835,#8836,#8837),.UNSPECIFIED.,.F.,
 .F.,(3,3),(0.,1.),.PIECEWISE_BEZIER_KNOTS.);
#424=B_SPLINE_CURVE_WITH_KNOTS('',2,(#8841,#8842,#8843),.UNSPECIFIED.,.F.,
 .F.,(3,3),(0.,1.),.PIECEWISE_BEZIER_KNOTS.);
#425=B_SPLINE_CURVE_WITH_KNOTS('',2,(#8852,#8853,#8854),.UNSPECIFIED.,.F.,
 .F.,(3,3),(0.,1.),.PIECEWISE_BEZIER_KNOTS.);
#426=B_SPLINE_CURVE_WITH_KNOTS('',2,(#8858,#8859,#8860),.UNSPECIFIED.,.F.,
 .F.,(3,3),(0.,1.),.PIECEWISE_BEZIER_KNOTS.);
#427=B_SPLINE_CURVE_WITH_KNOTS('',2,(#8871,#8872,#8873),.UNSPECIFIED.,.F.,
 .F.,(3,3),(0.,1.),.PIECEWISE_BEZIER_KNOTS.);
#428=B_SPLINE_CURVE_WITH_KNOTS('',2,(#8886,#8887,#8888),.UNSPECIFIED.,.F.,
 .F.,(3,3),(0.,1.),.PIECEWISE_BEZIER_KNOTS.);
#429=B_SPLINE_CURVE_WITH_KNOTS('',2,(#8899,#8900,#8901),.UNSPECIFIED.,.F.,
 .F.,(3,3),(0.,1.),.PIECEWISE_BEZIER_KNOTS.);
#430=B_SPLINE_CURVE_WITH_KNOTS('',2,(#8912,#8913,#8914),.UNSPECIFIED.,.F.,
 .F.,(3,3),(0.,1.),.PIECEWISE_BEZIER_KNOTS.);
#431=B_SPLINE_CURVE_WITH_KNOTS('',2,(#8925,#8926,#8927),.UNSPECIFIED.,.F.,
 .F.,(3,3),(0.,1.),.PIECEWISE_BEZIER_KNOTS.);
#432=B_SPLINE_CURVE_WITH_KNOTS('',2,(#8938,#8939,#8940),.UNSPECIFIED.,.F.,
 .F.,(3,3),(0.,1.),.PIECEWISE_BEZIER_KNOTS.);
#433=B_SPLINE_CURVE_WITH_KNOTS('',2,(#8951,#8952,#8953),.UNSPECIFIED.,.F.,
 .F.,(3,3),(0.,1.),.PIECEWISE_BEZIER_KNOTS.);
#434=B_SPLINE_CURVE_WITH_KNOTS('',2,(#8964,#8965,#8966),.UNSPECIFIED.,.F.,
 .F.,(3,3),(0.,1.),.PIECEWISE_BEZIER_KNOTS.);
#435=B_SPLINE_CURVE_WITH_KNOTS('',2,(#8975,#8976,#8977),.UNSPECIFIED.,.F.,
 .F.,(3,3),(0.,1.),.PIECEWISE_BEZIER_KNOTS.);
#436=B_SPLINE_CURVE_WITH_KNOTS('',2,(#8986,#8987,#8988),.UNSPECIFIED.,.F.,
 .F.,(3,3),(0.,1.),.PIECEWISE_BEZIER_KNOTS.);
#437=B_SPLINE_CURVE_WITH_KNOTS('',2,(#8989,#8990,#8991),.UNSPECIFIED.,.F.,
 .F.,(3,3),(0.,1.),.PIECEWISE_BEZIER_KNOTS.);
#438=B_SPLINE_CURVE_WITH_KNOTS('',2,(#9017,#9018,#9019),.UNSPECIFIED.,.F.,
 .F.,(3,3),(0.,1.),.PIECEWISE_BEZIER_KNOTS.);
#439=B_SPLINE_CURVE_WITH_KNOTS('',2,(#9030,#9031,#9032),.UNSPECIFIED.,.F.,
 .F.,(3,3),(0.,1.),.PIECEWISE_BEZIER_KNOTS.);
#440=B_SPLINE_CURVE_WITH_KNOTS('',2,(#9075,#9076,#9077),.UNSPECIFIED.,.F.,
 .F.,(3,3),(0.,1.),.PIECEWISE_BEZIER_KNOTS.);
#441=B_SPLINE_CURVE_WITH_KNOTS('',2,(#9088,#9089,#9090),.UNSPECIFIED.,.F.,
 .F.,(3,3),(0.,1.),.PIECEWISE_BEZIER_KNOTS.);
#442=B_SPLINE_CURVE_WITH_KNOTS('',2,(#9101,#9102,#9103),.UNSPECIFIED.,.F.,
 .F.,(3,3),(0.,1.),.PIECEWISE_BEZIER_KNOTS.);
#443=B_SPLINE_CURVE_WITH_KNOTS('',2,(#9112,#9113,#9114),.UNSPECIFIED.,.F.,
 .F.,(3,3),(0.,1.),.PIECEWISE_BEZIER_KNOTS.);
#444=B_SPLINE_CURVE_WITH_KNOTS('',2,(#9126,#9127,#9128),.UNSPECIFIED.,.F.,
 .F.,(3,3),(0.,1.),.PIECEWISE_BEZIER_KNOTS.);
#445=B_SPLINE_CURVE_WITH_KNOTS('',2,(#9141,#9142,#9143),.UNSPECIFIED.,.F.,
 .F.,(3,3),(0.,1.),.PIECEWISE_BEZIER_KNOTS.);
#446=B_SPLINE_CURVE_WITH_KNOTS('',2,(#9154,#9155,#9156),.UNSPECIFIED.,.F.,
 .F.,(3,3),(0.,1.),.PIECEWISE_BEZIER_KNOTS.);
#447=B_SPLINE_CURVE_WITH_KNOTS('',2,(#9167,#9168,#9169),.UNSPECIFIED.,.F.,
 .F.,(3,3),(0.,1.),.PIECEWISE_BEZIER_KNOTS.);
#448=B_SPLINE_CURVE_WITH_KNOTS('',2,(#9180,#9181,#9182),.UNSPECIFIED.,.F.,
 .F.,(3,3),(0.,1.),.PIECEWISE_BEZIER_KNOTS.);
#449=B_SPLINE_CURVE_WITH_KNOTS('',2,(#9193,#9194,#9195),.UNSPECIFIED.,.F.,
 .F.,(3,3),(0.,1.),.PIECEWISE_BEZIER_KNOTS.);
#450=B_SPLINE_CURVE_WITH_KNOTS('',2,(#9206,#9207,#9208),.UNSPECIFIED.,.F.,
 .F.,(3,3),(0.,1.),.PIECEWISE_BEZIER_KNOTS.);
#451=B_SPLINE_CURVE_WITH_KNOTS('',2,(#9219,#9220,#9221),.UNSPECIFIED.,.F.,
 .F.,(3,3),(0.,1.),.PIECEWISE_BEZIER_KNOTS.);
#452=B_SPLINE_CURVE_WITH_KNOTS('',2,(#9232,#9233,#9234),.UNSPECIFIED.,.F.,
 .F.,(3,3),(0.,1.),.PIECEWISE_BEZIER_KNOTS.);
#453=B_SPLINE_CURVE_WITH_KNOTS('',2,(#9249,#9250,#9251),.UNSPECIFIED.,.F.,
 .F.,(3,3),(0.,1.),.PIECEWISE_BEZIER_KNOTS.);
#454=B_SPLINE_CURVE_WITH_KNOTS('',2,(#9262,#9263,#9264),.UNSPECIFIED.,.F.,
 .F.,(3,3),(0.,1.),.PIECEWISE_BEZIER_KNOTS.);
#455=B_SPLINE_CURVE_WITH_KNOTS('',2,(#9275,#9276,#9277),.UNSPECIFIED.,.F.,
 .F.,(3,3),(0.,1.),.PIECEWISE_BEZIER_KNOTS.);
#456=B_SPLINE_CURVE_WITH_KNOTS('',2,(#9288,#9289,#9290),.UNSPECIFIED.,.F.,
 .F.,(3,3),(0.,1.),.PIECEWISE_BEZIER_KNOTS.);
#457=B_SPLINE_CURVE_WITH_KNOTS('',2,(#9301,#9302,#9303),.UNSPECIFIED.,.F.,
 .F.,(3,3),(0.,1.),.PIECEWISE_BEZIER_KNOTS.);
#458=B_SPLINE_CURVE_WITH_KNOTS('',2,(#9314,#9315,#9316),.UNSPECIFIED.,.F.,
 .F.,(3,3),(0.,1.),.PIECEWISE_BEZIER_KNOTS.);
#459=B_SPLINE_CURVE_WITH_KNOTS('',2,(#9327,#9328,#9329),.UNSPECIFIED.,.F.,
 .F.,(3,3),(0.,1.),.PIECEWISE_BEZIER_KNOTS.);
#460=B_SPLINE_CURVE_WITH_KNOTS('',2,(#9340,#9341,#9342),.UNSPECIFIED.,.F.,
 .F.,(3,3),(0.,1.),.PIECEWISE_BEZIER_KNOTS.);
#461=B_SPLINE_CURVE_WITH_KNOTS('',2,(#9353,#9354,#9355),.UNSPECIFIED.,.F.,
 .F.,(3,3),(0.,1.),.PIECEWISE_BEZIER_KNOTS.);
#462=B_SPLINE_CURVE_WITH_KNOTS('',2,(#9366,#9367,#9368),.UNSPECIFIED.,.F.,
 .F.,(3,3),(0.,1.),.PIECEWISE_BEZIER_KNOTS.);
#463=B_SPLINE_CURVE_WITH_KNOTS('',2,(#9391,#9392,#9393),.UNSPECIFIED.,.F.,
 .F.,(3,3),(0.,1.),.PIECEWISE_BEZIER_KNOTS.);
#464=B_SPLINE_CURVE_WITH_KNOTS('',2,(#9402,#9403,#9404),.UNSPECIFIED.,.F.,
 .F.,(3,3),(0.,1.),.PIECEWISE_BEZIER_KNOTS.);
#465=B_SPLINE_CURVE_WITH_KNOTS('',2,(#9430,#9431,#9432),.UNSPECIFIED.,.F.,
 .F.,(3,3),(0.,1.),.PIECEWISE_BEZIER_KNOTS.);
#466=B_SPLINE_CURVE_WITH_KNOTS('',2,(#9443,#9444,#9445),.UNSPECIFIED.,.F.,
 .F.,(3,3),(0.,1.),.PIECEWISE_BEZIER_KNOTS.);
#467=B_SPLINE_CURVE_WITH_KNOTS('',2,(#9488,#9489,#9490),.UNSPECIFIED.,.F.,
 .F.,(3,3),(0.,1.),.PIECEWISE_BEZIER_KNOTS.);
#468=B_SPLINE_CURVE_WITH_KNOTS('',2,(#9501,#9502,#9503),.UNSPECIFIED.,.F.,
 .F.,(3,3),(0.,1.),.PIECEWISE_BEZIER_KNOTS.);
#469=B_SPLINE_CURVE_WITH_KNOTS('',2,(#9514,#9515,#9516),.UNSPECIFIED.,.F.,
 .F.,(3,3),(0.,1.),.PIECEWISE_BEZIER_KNOTS.);
#470=B_SPLINE_CURVE_WITH_KNOTS('',2,(#9525,#9526,#9527),.UNSPECIFIED.,.F.,
 .F.,(3,3),(0.,1.),.PIECEWISE_BEZIER_KNOTS.);
#471=B_SPLINE_CURVE_WITH_KNOTS('',2,(#9557,#9558,#9559),.UNSPECIFIED.,.F.,
 .F.,(3,3),(0.,1.),.PIECEWISE_BEZIER_KNOTS.);
#472=B_SPLINE_CURVE_WITH_KNOTS('',2,(#9578,#9579,#9580),.UNSPECIFIED.,.F.,
 .F.,(3,3),(0.,1.),.PIECEWISE_BEZIER_KNOTS.);
#473=B_SPLINE_CURVE_WITH_KNOTS('',2,(#9615,#9616,#9617),.UNSPECIFIED.,.F.,
 .F.,(3,3),(0.,1.),.PIECEWISE_BEZIER_KNOTS.);
#474=B_SPLINE_CURVE_WITH_KNOTS('',2,(#9648,#9649,#9650),.UNSPECIFIED.,.F.,
 .F.,(3,3),(0.,1.),.PIECEWISE_BEZIER_KNOTS.);
#475=B_SPLINE_CURVE_WITH_KNOTS('',2,(#9663,#9664,#9665),.UNSPECIFIED.,.F.,
 .F.,(3,3),(0.,1.),.PIECEWISE_BEZIER_KNOTS.);
#476=B_SPLINE_CURVE_WITH_KNOTS('',2,(#9675,#9676,#9677),.UNSPECIFIED.,.F.,
 .F.,(3,3),(0.,1.),.PIECEWISE_BEZIER_KNOTS.);
#477=B_SPLINE_CURVE_WITH_KNOTS('',2,(#9682,#9683,#9684),.UNSPECIFIED.,.F.,
 .F.,(3,3),(0.,1.),.PIECEWISE_BEZIER_KNOTS.);
#478=B_SPLINE_CURVE_WITH_KNOTS('',2,(#9695,#9696,#9697),.UNSPECIFIED.,.F.,
 .F.,(3,3),(0.,1.),.PIECEWISE_BEZIER_KNOTS.);
#479=B_SPLINE_CURVE_WITH_KNOTS('',2,(#9701,#9702,#9703),.UNSPECIFIED.,.F.,
 .F.,(3,3),(0.,1.),.PIECEWISE_BEZIER_KNOTS.);
#480=B_SPLINE_CURVE_WITH_KNOTS('',2,(#9712,#9713,#9714),.UNSPECIFIED.,.F.,
 .F.,(3,3),(0.,1.),.PIECEWISE_BEZIER_KNOTS.);
#481=B_SPLINE_CURVE_WITH_KNOTS('',2,(#9718,#9719,#9720),.UNSPECIFIED.,.F.,
 .F.,(3,3),(0.,1.),.PIECEWISE_BEZIER_KNOTS.);
#482=B_SPLINE_CURVE_WITH_KNOTS('',2,(#9729,#9730,#9731),.UNSPECIFIED.,.F.,
 .F.,(3,3),(0.,1.),.PIECEWISE_BEZIER_KNOTS.);
#483=B_SPLINE_CURVE_WITH_KNOTS('',2,(#9735,#9736,#9737),.UNSPECIFIED.,.F.,
 .F.,(3,3),(0.,1.),.PIECEWISE_BEZIER_KNOTS.);
#484=B_SPLINE_CURVE_WITH_KNOTS('',2,(#9746,#9747,#9748),.UNSPECIFIED.,.F.,
 .F.,(3,3),(0.,1.),.PIECEWISE_BEZIER_KNOTS.);
#485=B_SPLINE_CURVE_WITH_KNOTS('',2,(#9752,#9753,#9754),.UNSPECIFIED.,.F.,
 .F.,(3,3),(0.,1.),.PIECEWISE_BEZIER_KNOTS.);
#486=B_SPLINE_CURVE_WITH_KNOTS('',2,(#9763,#9764,#9765),.UNSPECIFIED.,.F.,
 .F.,(3,3),(0.,1.),.PIECEWISE_BEZIER_KNOTS.);
#487=B_SPLINE_CURVE_WITH_KNOTS('',2,(#9769,#9770,#9771),.UNSPECIFIED.,.F.,
 .F.,(3,3),(0.,1.),.PIECEWISE_BEZIER_KNOTS.);
#488=B_SPLINE_CURVE_WITH_KNOTS('',2,(#9780,#9781,#9782),.UNSPECIFIED.,.F.,
 .F.,(3,3),(0.,1.),.PIECEWISE_BEZIER_KNOTS.);
#489=B_SPLINE_CURVE_WITH_KNOTS('',2,(#9786,#9787,#9788),.UNSPECIFIED.,.F.,
 .F.,(3,3),(0.,1.),.PIECEWISE_BEZIER_KNOTS.);
#490=B_SPLINE_CURVE_WITH_KNOTS('',2,(#9799,#9800,#9801),.UNSPECIFIED.,.F.,
 .F.,(3,3),(0.,1.),.PIECEWISE_BEZIER_KNOTS.);
#491=B_SPLINE_CURVE_WITH_KNOTS('',2,(#9814,#9815,#9816),.UNSPECIFIED.,.F.,
 .F.,(3,3),(0.,1.),.PIECEWISE_BEZIER_KNOTS.);
#492=B_SPLINE_CURVE_WITH_KNOTS('',2,(#9827,#9828,#9829),.UNSPECIFIED.,.F.,
 .F.,(3,3),(0.,1.),.PIECEWISE_BEZIER_KNOTS.);
#493=B_SPLINE_CURVE_WITH_KNOTS('',2,(#9840,#9841,#9842),.UNSPECIFIED.,.F.,
 .F.,(3,3),(0.,1.),.PIECEWISE_BEZIER_KNOTS.);
#494=B_SPLINE_CURVE_WITH_KNOTS('',2,(#9853,#9854,#9855),.UNSPECIFIED.,.F.,
 .F.,(3,3),(0.,1.),.PIECEWISE_BEZIER_KNOTS.);
#495=B_SPLINE_CURVE_WITH_KNOTS('',2,(#9866,#9867,#9868),.UNSPECIFIED.,.F.,
 .F.,(3,3),(0.,1.),.PIECEWISE_BEZIER_KNOTS.);
#496=B_SPLINE_CURVE_WITH_KNOTS('',2,(#9879,#9880,#9881),.UNSPECIFIED.,.F.,
 .F.,(3,3),(0.,1.),.PIECEWISE_BEZIER_KNOTS.);
#497=B_SPLINE_CURVE_WITH_KNOTS('',2,(#9892,#9893,#9894),.UNSPECIFIED.,.F.,
 .F.,(3,3),(0.,1.),.PIECEWISE_BEZIER_KNOTS.);
#498=B_SPLINE_CURVE_WITH_KNOTS('',2,(#9903,#9904,#9905),.UNSPECIFIED.,.F.,
 .F.,(3,3),(0.,1.),.PIECEWISE_BEZIER_KNOTS.);
#499=B_SPLINE_CURVE_WITH_KNOTS('',2,(#9914,#9915,#9916),.UNSPECIFIED.,.F.,
 .F.,(3,3),(0.,1.),.PIECEWISE_BEZIER_KNOTS.);
#500=B_SPLINE_CURVE_WITH_KNOTS('',2,(#9917,#9918,#9919),.UNSPECIFIED.,.F.,
 .F.,(3,3),(0.,1.),.PIECEWISE_BEZIER_KNOTS.);
#501=B_SPLINE_CURVE_WITH_KNOTS('',2,(#9929,#9930,#9931),.UNSPECIFIED.,.F.,
 .F.,(3,3),(0.,1.),.PIECEWISE_BEZIER_KNOTS.);
#502=B_SPLINE_CURVE_WITH_KNOTS('',2,(#9936,#9937,#9938),.UNSPECIFIED.,.F.,
 .F.,(3,3),(0.,1.),.PIECEWISE_BEZIER_KNOTS.);
#503=B_SPLINE_CURVE_WITH_KNOTS('',2,(#9949,#9950,#9951),.UNSPECIFIED.,.F.,
 .F.,(3,3),(0.,1.),.PIECEWISE_BEZIER_KNOTS.);
#504=B_SPLINE_CURVE_WITH_KNOTS('',2,(#9955,#9956,#9957),.UNSPECIFIED.,.F.,
 .F.,(3,3),(0.,1.),.PIECEWISE_BEZIER_KNOTS.);
#505=B_SPLINE_CURVE_WITH_KNOTS('',2,(#9966,#9967,#9968),.UNSPECIFIED.,.F.,
 .F.,(3,3),(0.,1.),.PIECEWISE_BEZIER_KNOTS.);
#506=B_SPLINE_CURVE_WITH_KNOTS('',2,(#9972,#9973,#9974),.UNSPECIFIED.,.F.,
 .F.,(3,3),(0.,1.),.PIECEWISE_BEZIER_KNOTS.);
#507=B_SPLINE_CURVE_WITH_KNOTS('',2,(#10003,#10004,#10005),
 .UNSPECIFIED.,.F.,.F.,(3,3),(0.,1.),.PIECEWISE_BEZIER_KNOTS.);
#508=B_SPLINE_CURVE_WITH_KNOTS('',2,(#10018,#10019,#10020),
 .UNSPECIFIED.,.F.,.F.,(3,3),(0.,1.),.PIECEWISE_BEZIER_KNOTS.);
#509=B_SPLINE_CURVE_WITH_KNOTS('',2,(#10031,#10032,#10033),
 .UNSPECIFIED.,.F.,.F.,(3,3),(0.,1.),.PIECEWISE_BEZIER_KNOTS.);
#510=B_SPLINE_CURVE_WITH_KNOTS('',2,(#10054,#10055,#10056),
 .UNSPECIFIED.,.F.,.F.,(3,3),(0.,1.),.PIECEWISE_BEZIER_KNOTS.);
#511=B_SPLINE_CURVE_WITH_KNOTS('',2,(#10065,#10066,#10067),
 .UNSPECIFIED.,.F.,.F.,(3,3),(0.,1.),.PIECEWISE_BEZIER_KNOTS.);
#512=B_SPLINE_CURVE_WITH_KNOTS('',2,(#10068,#10069,#10070),
 .UNSPECIFIED.,.F.,.F.,(3,3),(0.,1.),.PIECEWISE_BEZIER_KNOTS.);
#513=B_SPLINE_CURVE_WITH_KNOTS('',2,(#10080,#10081,#10082),
 .UNSPECIFIED.,.F.,.F.,(3,3),(0.,1.),.PIECEWISE_BEZIER_KNOTS.);
#514=B_SPLINE_CURVE_WITH_KNOTS('',2,(#10087,#10088,#10089),
 .UNSPECIFIED.,.F.,.F.,(3,3),(0.,1.),.PIECEWISE_BEZIER_KNOTS.);
#515=B_SPLINE_CURVE_WITH_KNOTS('',2,(#10100,#10101,#10102),
 .UNSPECIFIED.,.F.,.F.,(3,3),(0.,1.),.PIECEWISE_BEZIER_KNOTS.);
#516=B_SPLINE_CURVE_WITH_KNOTS('',2,(#10106,#10107,#10108),
 .UNSPECIFIED.,.F.,.F.,(3,3),(0.,1.),.PIECEWISE_BEZIER_KNOTS.);
#517=B_SPLINE_CURVE_WITH_KNOTS('',2,(#10117,#10118,#10119),
 .UNSPECIFIED.,.F.,.F.,(3,3),(0.,1.),.PIECEWISE_BEZIER_KNOTS.);
#518=B_SPLINE_CURVE_WITH_KNOTS('',2,(#10123,#10124,#10125),
 .UNSPECIFIED.,.F.,.F.,(3,3),(0.,1.),.PIECEWISE_BEZIER_KNOTS.);
#519=B_SPLINE_CURVE_WITH_KNOTS('',2,(#10134,#10135,#10136),
 .UNSPECIFIED.,.F.,.F.,(3,3),(0.,1.),.PIECEWISE_BEZIER_KNOTS.);
#520=B_SPLINE_CURVE_WITH_KNOTS('',2,(#10140,#10141,#10142),
 .UNSPECIFIED.,.F.,.F.,(3,3),(0.,1.),.PIECEWISE_BEZIER_KNOTS.);
#521=B_SPLINE_CURVE_WITH_KNOTS('',2,(#10151,#10152,#10153),
 .UNSPECIFIED.,.F.,.F.,(3,3),(0.,1.),.PIECEWISE_BEZIER_KNOTS.);
#522=B_SPLINE_CURVE_WITH_KNOTS('',2,(#10157,#10158,#10159),
 .UNSPECIFIED.,.F.,.F.,(3,3),(0.,1.),.PIECEWISE_BEZIER_KNOTS.);
#523=B_SPLINE_CURVE_WITH_KNOTS('',2,(#10168,#10169,#10170),
 .UNSPECIFIED.,.F.,.F.,(3,3),(0.,1.),.PIECEWISE_BEZIER_KNOTS.);
#524=B_SPLINE_CURVE_WITH_KNOTS('',2,(#10174,#10175,#10176),
 .UNSPECIFIED.,.F.,.F.,(3,3),(0.,1.),.PIECEWISE_BEZIER_KNOTS.);
#525=B_SPLINE_CURVE_WITH_KNOTS('',2,(#10185,#10186,#10187),
 .UNSPECIFIED.,.F.,.F.,(3,3),(0.,1.),.PIECEWISE_BEZIER_KNOTS.);
#526=B_SPLINE_CURVE_WITH_KNOTS('',2,(#10191,#10192,#10193),
 .UNSPECIFIED.,.F.,.F.,(3,3),(0.,1.),.PIECEWISE_BEZIER_KNOTS.);
#527=B_SPLINE_CURVE_WITH_KNOTS('',2,(#10216,#10217,#10218),
 .UNSPECIFIED.,.F.,.F.,(3,3),(0.,1.),.PIECEWISE_BEZIER_KNOTS.);
#528=B_SPLINE_CURVE_WITH_KNOTS('',2,(#10229,#10230,#10231),
 .UNSPECIFIED.,.F.,.F.,(3,3),(0.,1.),.PIECEWISE_BEZIER_KNOTS.);
#529=B_SPLINE_CURVE_WITH_KNOTS('',2,(#10242,#10243,#10244),
 .UNSPECIFIED.,.F.,.F.,(3,3),(0.,1.),.PIECEWISE_BEZIER_KNOTS.);
#530=B_SPLINE_CURVE_WITH_KNOTS('',2,(#10255,#10256,#10257),
 .UNSPECIFIED.,.F.,.F.,(3,3),(0.,1.),.PIECEWISE_BEZIER_KNOTS.);
#531=B_SPLINE_CURVE_WITH_KNOTS('',2,(#10268,#10269,#10270),
 .UNSPECIFIED.,.F.,.F.,(3,3),(0.,1.),.PIECEWISE_BEZIER_KNOTS.);
#532=B_SPLINE_CURVE_WITH_KNOTS('',2,(#10281,#10282,#10283),
 .UNSPECIFIED.,.F.,.F.,(3,3),(0.,1.),.PIECEWISE_BEZIER_KNOTS.);
#533=B_SPLINE_CURVE_WITH_KNOTS('',2,(#10326,#10327,#10328),
 .UNSPECIFIED.,.F.,.F.,(3,3),(0.,1.),.PIECEWISE_BEZIER_KNOTS.);
#534=B_SPLINE_CURVE_WITH_KNOTS('',2,(#10329,#10330,#10331),
 .UNSPECIFIED.,.F.,.F.,(3,3),(0.,1.),.PIECEWISE_BEZIER_KNOTS.);
#535=B_SPLINE_CURVE_WITH_KNOTS('',2,(#10357,#10358,#10359),
 .UNSPECIFIED.,.F.,.F.,(3,3),(0.,1.),.PIECEWISE_BEZIER_KNOTS.);
#536=B_SPLINE_CURVE_WITH_KNOTS('',2,(#10370,#10371,#10372),
 .UNSPECIFIED.,.F.,.F.,(3,3),(0.,1.),.PIECEWISE_BEZIER_KNOTS.);
#537=B_SPLINE_CURVE_WITH_KNOTS('',2,(#10383,#10384,#10385),
 .UNSPECIFIED.,.F.,.F.,(3,3),(0.,1.),.PIECEWISE_BEZIER_KNOTS.);
#538=B_SPLINE_CURVE_WITH_KNOTS('',2,(#10396,#10397,#10398),
 .UNSPECIFIED.,.F.,.F.,(3,3),(0.,1.),.PIECEWISE_BEZIER_KNOTS.);
#539=B_SPLINE_CURVE_WITH_KNOTS('',2,(#10421,#10422,#10423),
 .UNSPECIFIED.,.F.,.F.,(3,3),(0.,1.),.PIECEWISE_BEZIER_KNOTS.);
#540=B_SPLINE_CURVE_WITH_KNOTS('',2,(#10434,#10435,#10436),
 .UNSPECIFIED.,.F.,.F.,(3,3),(0.,1.),.PIECEWISE_BEZIER_KNOTS.);
#541=B_SPLINE_CURVE_WITH_KNOTS('',2,(#10447,#10448,#10449),
 .UNSPECIFIED.,.F.,.F.,(3,3),(0.,1.),.PIECEWISE_BEZIER_KNOTS.);
#542=B_SPLINE_CURVE_WITH_KNOTS('',2,(#10458,#10459,#10460),
 .UNSPECIFIED.,.F.,.F.,(3,3),(0.,1.),.PIECEWISE_BEZIER_KNOTS.);
#543=B_SPLINE_CURVE_WITH_KNOTS('',2,(#10486,#10487,#10488),
 .UNSPECIFIED.,.F.,.F.,(3,3),(0.,1.),.PIECEWISE_BEZIER_KNOTS.);
#544=B_SPLINE_CURVE_WITH_KNOTS('',2,(#10499,#10500,#10501),
 .UNSPECIFIED.,.F.,.F.,(3,3),(0.,1.),.PIECEWISE_BEZIER_KNOTS.);
#545=B_SPLINE_CURVE_WITH_KNOTS('',2,(#10544,#10545,#10546),
 .UNSPECIFIED.,.F.,.F.,(3,3),(0.,1.),.PIECEWISE_BEZIER_KNOTS.);
#546=B_SPLINE_CURVE_WITH_KNOTS('',2,(#10557,#10558,#10559),
 .UNSPECIFIED.,.F.,.F.,(3,3),(0.,1.),.PIECEWISE_BEZIER_KNOTS.);
#547=B_SPLINE_CURVE_WITH_KNOTS('',2,(#10570,#10571,#10572),
 .UNSPECIFIED.,.F.,.F.,(3,3),(0.,1.),.PIECEWISE_BEZIER_KNOTS.);
#548=B_SPLINE_CURVE_WITH_KNOTS('',2,(#10581,#10582,#10583),
 .UNSPECIFIED.,.F.,.F.,(3,3),(0.,1.),.PIECEWISE_BEZIER_KNOTS.);
#549=B_SPLINE_CURVE_WITH_KNOTS('',2,(#10593,#10594,#10595),
 .UNSPECIFIED.,.F.,.F.,(3,3),(0.,1.),.PIECEWISE_BEZIER_KNOTS.);
#550=B_SPLINE_CURVE_WITH_KNOTS('',2,(#10600,#10601,#10602),
 .UNSPECIFIED.,.F.,.F.,(3,3),(0.,1.),.PIECEWISE_BEZIER_KNOTS.);
#551=B_SPLINE_CURVE_WITH_KNOTS('',2,(#10613,#10614,#10615),
 .UNSPECIFIED.,.F.,.F.,(3,3),(0.,1.),.PIECEWISE_BEZIER_KNOTS.);
#552=B_SPLINE_CURVE_WITH_KNOTS('',2,(#10619,#10620,#10621),
 .UNSPECIFIED.,.F.,.F.,(3,3),(0.,1.),.PIECEWISE_BEZIER_KNOTS.);
#553=B_SPLINE_CURVE_WITH_KNOTS('',2,(#10630,#10631,#10632),
 .UNSPECIFIED.,.F.,.F.,(3,3),(0.,1.),.PIECEWISE_BEZIER_KNOTS.);
#554=B_SPLINE_CURVE_WITH_KNOTS('',2,(#10636,#10637,#10638),
 .UNSPECIFIED.,.F.,.F.,(3,3),(0.,1.),.PIECEWISE_BEZIER_KNOTS.);
#555=B_SPLINE_CURVE_WITH_KNOTS('',2,(#10655,#10656,#10657),
 .UNSPECIFIED.,.F.,.F.,(3,3),(0.,1.),.PIECEWISE_BEZIER_KNOTS.);
#556=B_SPLINE_CURVE_WITH_KNOTS('',2,(#10686,#10687,#10688),
 .UNSPECIFIED.,.F.,.F.,(3,3),(0.,1.),.PIECEWISE_BEZIER_KNOTS.);
#557=B_SPLINE_CURVE_WITH_KNOTS('',2,(#10699,#10700,#10701),
 .UNSPECIFIED.,.F.,.F.,(3,3),(0.,1.),.PIECEWISE_BEZIER_KNOTS.);
#558=B_SPLINE_CURVE_WITH_KNOTS('',2,(#10720,#10721,#10722),
 .UNSPECIFIED.,.F.,.F.,(3,3),(0.,1.),.PIECEWISE_BEZIER_KNOTS.);
#559=B_SPLINE_CURVE_WITH_KNOTS('',2,(#10733,#10734,#10735),
 .UNSPECIFIED.,.F.,.F.,(3,3),(0.,1.),.PIECEWISE_BEZIER_KNOTS.);
#560=B_SPLINE_CURVE_WITH_KNOTS('',2,(#10746,#10747,#10748),
 .UNSPECIFIED.,.F.,.F.,(3,3),(0.,1.),.PIECEWISE_BEZIER_KNOTS.);
#561=B_SPLINE_CURVE_WITH_KNOTS('',2,(#10759,#10760,#10761),
 .UNSPECIFIED.,.F.,.F.,(3,3),(0.,1.),.PIECEWISE_BEZIER_KNOTS.);
#562=B_SPLINE_CURVE_WITH_KNOTS('',2,(#10770,#10771,#10772),
 .UNSPECIFIED.,.F.,.F.,(3,3),(0.,1.),.PIECEWISE_BEZIER_KNOTS.);
#563=B_SPLINE_CURVE_WITH_KNOTS('',2,(#10781,#10782,#10783),
 .UNSPECIFIED.,.F.,.F.,(3,3),(0.,1.),.PIECEWISE_BEZIER_KNOTS.);
#564=B_SPLINE_CURVE_WITH_KNOTS('',2,(#10784,#10785,#10786),
 .UNSPECIFIED.,.F.,.F.,(3,3),(0.,1.),.PIECEWISE_BEZIER_KNOTS.);
#565=ORIENTED_EDGE('',*,*,#2345,.T.);
#566=ORIENTED_EDGE('',*,*,#2346,.T.);
#567=ORIENTED_EDGE('',*,*,#2347,.T.);
#568=ORIENTED_EDGE('',*,*,#2348,.T.);
#569=ORIENTED_EDGE('',*,*,#2349,.T.);
#570=ORIENTED_EDGE('',*,*,#2350,.T.);
#571=ORIENTED_EDGE('',*,*,#2351,.T.);
#572=ORIENTED_EDGE('',*,*,#2352,.T.);
#573=ORIENTED_EDGE('',*,*,#2353,.T.);
#574=ORIENTED_EDGE('',*,*,#2354,.T.);
#575=ORIENTED_EDGE('',*,*,#2355,.T.);
#576=ORIENTED_EDGE('',*,*,#2356,.T.);
#577=ORIENTED_EDGE('',*,*,#2357,.T.);
#578=ORIENTED_EDGE('',*,*,#2358,.T.);
#579=ORIENTED_EDGE('',*,*,#2359,.T.);
#580=ORIENTED_EDGE('',*,*,#2360,.T.);
#581=ORIENTED_EDGE('',*,*,#2361,.T.);
#582=ORIENTED_EDGE('',*,*,#2362,.T.);
#583=ORIENTED_EDGE('',*,*,#2363,.T.);
#584=ORIENTED_EDGE('',*,*,#2364,.T.);
#585=ORIENTED_EDGE('',*,*,#2365,.T.);
#586=ORIENTED_EDGE('',*,*,#2366,.T.);
#587=ORIENTED_EDGE('',*,*,#2367,.T.);
#588=ORIENTED_EDGE('',*,*,#2368,.T.);
#589=ORIENTED_EDGE('',*,*,#2369,.T.);
#590=ORIENTED_EDGE('',*,*,#2370,.T.);
#591=ORIENTED_EDGE('',*,*,#2371,.T.);
#592=ORIENTED_EDGE('',*,*,#2372,.T.);
#593=ORIENTED_EDGE('',*,*,#2373,.T.);
#594=ORIENTED_EDGE('',*,*,#2374,.T.);
#595=ORIENTED_EDGE('',*,*,#2375,.T.);
#596=ORIENTED_EDGE('',*,*,#2376,.T.);
#597=ORIENTED_EDGE('',*,*,#2377,.T.);
#598=ORIENTED_EDGE('',*,*,#2378,.T.);
#599=ORIENTED_EDGE('',*,*,#2379,.T.);
#600=ORIENTED_EDGE('',*,*,#2380,.T.);
#601=ORIENTED_EDGE('',*,*,#2381,.T.);
#602=ORIENTED_EDGE('',*,*,#2382,.T.);
#603=ORIENTED_EDGE('',*,*,#2383,.T.);
#604=ORIENTED_EDGE('',*,*,#2384,.T.);
#605=ORIENTED_EDGE('',*,*,#2385,.T.);
#606=ORIENTED_EDGE('',*,*,#2386,.T.);
#607=ORIENTED_EDGE('',*,*,#2387,.T.);
#608=ORIENTED_EDGE('',*,*,#2388,.T.);
#609=ORIENTED_EDGE('',*,*,#2389,.T.);
#610=ORIENTED_EDGE('',*,*,#2390,.T.);
#611=ORIENTED_EDGE('',*,*,#2391,.T.);
#612=ORIENTED_EDGE('',*,*,#2392,.T.);
#613=ORIENTED_EDGE('',*,*,#2393,.T.);
#614=ORIENTED_EDGE('',*,*,#2394,.T.);
#615=ORIENTED_EDGE('',*,*,#2395,.T.);
#616=ORIENTED_EDGE('',*,*,#2396,.T.);
#617=ORIENTED_EDGE('',*,*,#2397,.T.);
#618=ORIENTED_EDGE('',*,*,#2398,.T.);
#619=ORIENTED_EDGE('',*,*,#2399,.T.);
#620=ORIENTED_EDGE('',*,*,#2400,.T.);
#621=ORIENTED_EDGE('',*,*,#2401,.T.);
#622=ORIENTED_EDGE('',*,*,#2402,.T.);
#623=ORIENTED_EDGE('',*,*,#2403,.T.);
#624=ORIENTED_EDGE('',*,*,#2404,.T.);
#625=ORIENTED_EDGE('',*,*,#2405,.T.);
#626=ORIENTED_EDGE('',*,*,#2406,.T.);
#627=ORIENTED_EDGE('',*,*,#2407,.T.);
#628=ORIENTED_EDGE('',*,*,#2408,.T.);
#629=ORIENTED_EDGE('',*,*,#2409,.T.);
#630=ORIENTED_EDGE('',*,*,#2410,.F.);
#631=ORIENTED_EDGE('',*,*,#2411,.T.);
#632=ORIENTED_EDGE('',*,*,#2412,.T.);
#633=ORIENTED_EDGE('',*,*,#2413,.F.);
#634=ORIENTED_EDGE('',*,*,#2414,.F.);
#635=ORIENTED_EDGE('',*,*,#2415,.T.);
#636=ORIENTED_EDGE('',*,*,#2416,.T.);
#637=ORIENTED_EDGE('',*,*,#2417,.F.);
#638=ORIENTED_EDGE('',*,*,#2418,.F.);
#639=ORIENTED_EDGE('',*,*,#2419,.F.);
#640=ORIENTED_EDGE('',*,*,#2420,.F.);
#641=ORIENTED_EDGE('',*,*,#2421,.F.);
#642=ORIENTED_EDGE('',*,*,#2422,.T.);
#643=ORIENTED_EDGE('',*,*,#2423,.T.);
#644=ORIENTED_EDGE('',*,*,#2424,.T.);
#645=ORIENTED_EDGE('',*,*,#2425,.T.);
#646=ORIENTED_EDGE('',*,*,#2426,.T.);
#647=ORIENTED_EDGE('',*,*,#2427,.T.);
#648=ORIENTED_EDGE('',*,*,#2428,.T.);
#649=ORIENTED_EDGE('',*,*,#2429,.T.);
#650=ORIENTED_EDGE('',*,*,#2430,.T.);
#651=ORIENTED_EDGE('',*,*,#2431,.T.);
#652=ORIENTED_EDGE('',*,*,#2432,.T.);
#653=ORIENTED_EDGE('',*,*,#2433,.T.);
#654=ORIENTED_EDGE('',*,*,#2434,.T.);
#655=ORIENTED_EDGE('',*,*,#2435,.T.);
#656=ORIENTED_EDGE('',*,*,#2436,.T.);
#657=ORIENTED_EDGE('',*,*,#2437,.T.);
#658=ORIENTED_EDGE('',*,*,#2438,.T.);
#659=ORIENTED_EDGE('',*,*,#2439,.T.);
#660=ORIENTED_EDGE('',*,*,#2440,.T.);
#661=ORIENTED_EDGE('',*,*,#2441,.T.);
#662=ORIENTED_EDGE('',*,*,#2442,.T.);
#663=ORIENTED_EDGE('',*,*,#2443,.T.);
#664=ORIENTED_EDGE('',*,*,#2444,.T.);
#665=ORIENTED_EDGE('',*,*,#2445,.T.);
#666=ORIENTED_EDGE('',*,*,#2446,.T.);
#667=ORIENTED_EDGE('',*,*,#2447,.T.);
#668=ORIENTED_EDGE('',*,*,#2448,.T.);
#669=ORIENTED_EDGE('',*,*,#2449,.T.);
#670=ORIENTED_EDGE('',*,*,#2450,.T.);
#671=ORIENTED_EDGE('',*,*,#2451,.T.);
#672=ORIENTED_EDGE('',*,*,#2452,.T.);
#673=ORIENTED_EDGE('',*,*,#2453,.T.);
#674=ORIENTED_EDGE('',*,*,#2454,.T.);
#675=ORIENTED_EDGE('',*,*,#2455,.T.);
#676=ORIENTED_EDGE('',*,*,#2456,.T.);
#677=ORIENTED_EDGE('',*,*,#2457,.T.);
#678=ORIENTED_EDGE('',*,*,#2458,.T.);
#679=ORIENTED_EDGE('',*,*,#2459,.T.);
#680=ORIENTED_EDGE('',*,*,#2460,.T.);
#681=ORIENTED_EDGE('',*,*,#2461,.T.);
#682=ORIENTED_EDGE('',*,*,#2462,.T.);
#683=ORIENTED_EDGE('',*,*,#2463,.T.);
#684=ORIENTED_EDGE('',*,*,#2464,.T.);
#685=ORIENTED_EDGE('',*,*,#2465,.T.);
#686=ORIENTED_EDGE('',*,*,#2466,.T.);
#687=ORIENTED_EDGE('',*,*,#2467,.T.);
#688=ORIENTED_EDGE('',*,*,#2468,.T.);
#689=ORIENTED_EDGE('',*,*,#2469,.T.);
#690=ORIENTED_EDGE('',*,*,#2470,.T.);
#691=ORIENTED_EDGE('',*,*,#2471,.T.);
#692=ORIENTED_EDGE('',*,*,#2472,.T.);
#693=ORIENTED_EDGE('',*,*,#2473,.T.);
#694=ORIENTED_EDGE('',*,*,#2474,.T.);
#695=ORIENTED_EDGE('',*,*,#2475,.T.);
#696=ORIENTED_EDGE('',*,*,#2476,.T.);
#697=ORIENTED_EDGE('',*,*,#2477,.T.);
#698=ORIENTED_EDGE('',*,*,#2478,.T.);
#699=ORIENTED_EDGE('',*,*,#2479,.T.);
#700=ORIENTED_EDGE('',*,*,#2480,.T.);
#701=ORIENTED_EDGE('',*,*,#2481,.T.);
#702=ORIENTED_EDGE('',*,*,#2482,.T.);
#703=ORIENTED_EDGE('',*,*,#2483,.T.);
#704=ORIENTED_EDGE('',*,*,#2484,.T.);
#705=ORIENTED_EDGE('',*,*,#2485,.T.);
#706=ORIENTED_EDGE('',*,*,#2486,.T.);
#707=ORIENTED_EDGE('',*,*,#2487,.T.);
#708=ORIENTED_EDGE('',*,*,#2488,.T.);
#709=ORIENTED_EDGE('',*,*,#2489,.T.);
#710=ORIENTED_EDGE('',*,*,#2490,.T.);
#711=ORIENTED_EDGE('',*,*,#2491,.T.);
#712=ORIENTED_EDGE('',*,*,#2492,.T.);
#713=ORIENTED_EDGE('',*,*,#2493,.T.);
#714=ORIENTED_EDGE('',*,*,#2494,.T.);
#715=ORIENTED_EDGE('',*,*,#2495,.T.);
#716=ORIENTED_EDGE('',*,*,#2496,.T.);
#717=ORIENTED_EDGE('',*,*,#2497,.T.);
#718=ORIENTED_EDGE('',*,*,#2498,.T.);
#719=ORIENTED_EDGE('',*,*,#2499,.T.);
#720=ORIENTED_EDGE('',*,*,#2500,.T.);
#721=ORIENTED_EDGE('',*,*,#2501,.T.);
#722=ORIENTED_EDGE('',*,*,#2502,.T.);
#723=ORIENTED_EDGE('',*,*,#2503,.T.);
#724=ORIENTED_EDGE('',*,*,#2504,.T.);
#725=ORIENTED_EDGE('',*,*,#2505,.T.);
#726=ORIENTED_EDGE('',*,*,#2506,.T.);
#727=ORIENTED_EDGE('',*,*,#2507,.T.);
#728=ORIENTED_EDGE('',*,*,#2508,.T.);
#729=ORIENTED_EDGE('',*,*,#2509,.T.);
#730=ORIENTED_EDGE('',*,*,#2510,.T.);
#731=ORIENTED_EDGE('',*,*,#2511,.T.);
#732=ORIENTED_EDGE('',*,*,#2512,.T.);
#733=ORIENTED_EDGE('',*,*,#2513,.T.);
#734=ORIENTED_EDGE('',*,*,#2514,.T.);
#735=ORIENTED_EDGE('',*,*,#2515,.T.);
#736=ORIENTED_EDGE('',*,*,#2516,.T.);
#737=ORIENTED_EDGE('',*,*,#2517,.T.);
#738=ORIENTED_EDGE('',*,*,#2518,.T.);
#739=ORIENTED_EDGE('',*,*,#2519,.T.);
#740=ORIENTED_EDGE('',*,*,#2520,.T.);
#741=ORIENTED_EDGE('',*,*,#2521,.T.);
#742=ORIENTED_EDGE('',*,*,#2522,.T.);
#743=ORIENTED_EDGE('',*,*,#2523,.T.);
#744=ORIENTED_EDGE('',*,*,#2524,.T.);
#745=ORIENTED_EDGE('',*,*,#2525,.T.);
#746=ORIENTED_EDGE('',*,*,#2526,.T.);
#747=ORIENTED_EDGE('',*,*,#2527,.T.);
#748=ORIENTED_EDGE('',*,*,#2528,.T.);
#749=ORIENTED_EDGE('',*,*,#2529,.T.);
#750=ORIENTED_EDGE('',*,*,#2530,.T.);
#751=ORIENTED_EDGE('',*,*,#2531,.T.);
#752=ORIENTED_EDGE('',*,*,#2532,.T.);
#753=ORIENTED_EDGE('',*,*,#2533,.T.);
#754=ORIENTED_EDGE('',*,*,#2534,.T.);
#755=ORIENTED_EDGE('',*,*,#2535,.T.);
#756=ORIENTED_EDGE('',*,*,#2536,.T.);
#757=ORIENTED_EDGE('',*,*,#2537,.T.);
#758=ORIENTED_EDGE('',*,*,#2538,.T.);
#759=ORIENTED_EDGE('',*,*,#2539,.T.);
#760=ORIENTED_EDGE('',*,*,#2540,.T.);
#761=ORIENTED_EDGE('',*,*,#2541,.T.);
#762=ORIENTED_EDGE('',*,*,#2542,.T.);
#763=ORIENTED_EDGE('',*,*,#2543,.T.);
#764=ORIENTED_EDGE('',*,*,#2544,.T.);
#765=ORIENTED_EDGE('',*,*,#2545,.T.);
#766=ORIENTED_EDGE('',*,*,#2546,.T.);
#767=ORIENTED_EDGE('',*,*,#2547,.T.);
#768=ORIENTED_EDGE('',*,*,#2548,.T.);
#769=ORIENTED_EDGE('',*,*,#2549,.T.);
#770=ORIENTED_EDGE('',*,*,#2550,.T.);
#771=ORIENTED_EDGE('',*,*,#2551,.T.);
#772=ORIENTED_EDGE('',*,*,#2552,.T.);
#773=ORIENTED_EDGE('',*,*,#2553,.T.);
#774=ORIENTED_EDGE('',*,*,#2554,.T.);
#775=ORIENTED_EDGE('',*,*,#2555,.T.);
#776=ORIENTED_EDGE('',*,*,#2556,.T.);
#777=ORIENTED_EDGE('',*,*,#2557,.T.);
#778=ORIENTED_EDGE('',*,*,#2558,.T.);
#779=ORIENTED_EDGE('',*,*,#2559,.T.);
#780=ORIENTED_EDGE('',*,*,#2560,.T.);
#781=ORIENTED_EDGE('',*,*,#2561,.T.);
#782=ORIENTED_EDGE('',*,*,#2562,.T.);
#783=ORIENTED_EDGE('',*,*,#2563,.T.);
#784=ORIENTED_EDGE('',*,*,#2564,.T.);
#785=ORIENTED_EDGE('',*,*,#2565,.T.);
#786=ORIENTED_EDGE('',*,*,#2566,.T.);
#787=ORIENTED_EDGE('',*,*,#2567,.T.);
#788=ORIENTED_EDGE('',*,*,#2568,.T.);
#789=ORIENTED_EDGE('',*,*,#2569,.T.);
#790=ORIENTED_EDGE('',*,*,#2570,.T.);
#791=ORIENTED_EDGE('',*,*,#2571,.T.);
#792=ORIENTED_EDGE('',*,*,#2572,.T.);
#793=ORIENTED_EDGE('',*,*,#2573,.T.);
#794=ORIENTED_EDGE('',*,*,#2574,.T.);
#795=ORIENTED_EDGE('',*,*,#2575,.T.);
#796=ORIENTED_EDGE('',*,*,#2576,.T.);
#797=ORIENTED_EDGE('',*,*,#2577,.T.);
#798=ORIENTED_EDGE('',*,*,#2578,.T.);
#799=ORIENTED_EDGE('',*,*,#2579,.T.);
#800=ORIENTED_EDGE('',*,*,#2580,.T.);
#801=ORIENTED_EDGE('',*,*,#2581,.T.);
#802=ORIENTED_EDGE('',*,*,#2582,.T.);
#803=ORIENTED_EDGE('',*,*,#2583,.T.);
#804=ORIENTED_EDGE('',*,*,#2584,.T.);
#805=ORIENTED_EDGE('',*,*,#2585,.T.);
#806=ORIENTED_EDGE('',*,*,#2586,.T.);
#807=ORIENTED_EDGE('',*,*,#2587,.T.);
#808=ORIENTED_EDGE('',*,*,#2588,.T.);
#809=ORIENTED_EDGE('',*,*,#2589,.T.);
#810=ORIENTED_EDGE('',*,*,#2590,.T.);
#811=ORIENTED_EDGE('',*,*,#2591,.T.);
#812=ORIENTED_EDGE('',*,*,#2592,.T.);
#813=ORIENTED_EDGE('',*,*,#2593,.F.);
#814=ORIENTED_EDGE('',*,*,#2594,.F.);
#815=ORIENTED_EDGE('',*,*,#2410,.T.);
#816=ORIENTED_EDGE('',*,*,#2595,.T.);
#817=ORIENTED_EDGE('',*,*,#2596,.T.);
#818=ORIENTED_EDGE('',*,*,#2597,.F.);
#819=ORIENTED_EDGE('',*,*,#2411,.F.);
#820=ORIENTED_EDGE('',*,*,#2594,.T.);
#821=ORIENTED_EDGE('',*,*,#2598,.T.);
#822=ORIENTED_EDGE('',*,*,#2599,.F.);
#823=ORIENTED_EDGE('',*,*,#2412,.F.);
#824=ORIENTED_EDGE('',*,*,#2597,.T.);
#825=ORIENTED_EDGE('',*,*,#2600,.F.);
#826=ORIENTED_EDGE('',*,*,#2601,.F.);
#827=ORIENTED_EDGE('',*,*,#2414,.T.);
#828=ORIENTED_EDGE('',*,*,#2602,.T.);
#829=ORIENTED_EDGE('',*,*,#2603,.T.);
#830=ORIENTED_EDGE('',*,*,#2604,.F.);
#831=ORIENTED_EDGE('',*,*,#2415,.F.);
#832=ORIENTED_EDGE('',*,*,#2601,.T.);
#833=ORIENTED_EDGE('',*,*,#2605,.T.);
#834=ORIENTED_EDGE('',*,*,#2606,.F.);
#835=ORIENTED_EDGE('',*,*,#2416,.F.);
#836=ORIENTED_EDGE('',*,*,#2604,.T.);
#837=ORIENTED_EDGE('',*,*,#2607,.F.);
#838=ORIENTED_EDGE('',*,*,#2602,.F.);
#839=ORIENTED_EDGE('',*,*,#2417,.T.);
#840=ORIENTED_EDGE('',*,*,#2606,.T.);
#841=ORIENTED_EDGE('',*,*,#2418,.T.);
#842=ORIENTED_EDGE('',*,*,#2608,.F.);
#843=ORIENTED_EDGE('',*,*,#2419,.T.);
#844=ORIENTED_EDGE('',*,*,#2609,.F.);
#845=ORIENTED_EDGE('',*,*,#2420,.T.);
#846=ORIENTED_EDGE('',*,*,#2610,.F.);
#847=ORIENTED_EDGE('',*,*,#2421,.T.);
#848=ORIENTED_EDGE('',*,*,#2611,.F.);
#849=ORIENTED_EDGE('',*,*,#2612,.F.);
#850=ORIENTED_EDGE('',*,*,#2595,.F.);
#851=ORIENTED_EDGE('',*,*,#2413,.T.);
#852=ORIENTED_EDGE('',*,*,#2599,.T.);
#853=ORIENTED_EDGE('',*,*,#2611,.T.);
#854=ORIENTED_EDGE('',*,*,#2610,.T.);
#855=ORIENTED_EDGE('',*,*,#2609,.T.);
#856=ORIENTED_EDGE('',*,*,#2608,.T.);
#857=ORIENTED_EDGE('',*,*,#2600,.T.);
#858=ORIENTED_EDGE('',*,*,#2607,.T.);
#859=ORIENTED_EDGE('',*,*,#2605,.F.);
#860=ORIENTED_EDGE('',*,*,#2603,.F.);
#861=ORIENTED_EDGE('',*,*,#2593,.T.);
#862=ORIENTED_EDGE('',*,*,#2612,.T.);
#863=ORIENTED_EDGE('',*,*,#2598,.F.);
#864=ORIENTED_EDGE('',*,*,#2596,.F.);
#865=ORIENTED_EDGE('',*,*,#2422,.F.);
#866=ORIENTED_EDGE('',*,*,#2613,.F.);
#867=ORIENTED_EDGE('',*,*,#2614,.T.);
#868=ORIENTED_EDGE('',*,*,#2615,.T.);
#869=ORIENTED_EDGE('',*,*,#2438,.F.);
#870=ORIENTED_EDGE('',*,*,#2616,.F.);
#871=ORIENTED_EDGE('',*,*,#2617,.T.);
#872=ORIENTED_EDGE('',*,*,#2613,.T.);
#873=ORIENTED_EDGE('',*,*,#2437,.F.);
#874=ORIENTED_EDGE('',*,*,#2618,.F.);
#875=ORIENTED_EDGE('',*,*,#2619,.T.);
#876=ORIENTED_EDGE('',*,*,#2616,.T.);
#877=ORIENTED_EDGE('',*,*,#2436,.F.);
#878=ORIENTED_EDGE('',*,*,#2620,.F.);
#879=ORIENTED_EDGE('',*,*,#2621,.T.);
#880=ORIENTED_EDGE('',*,*,#2618,.T.);
#881=ORIENTED_EDGE('',*,*,#2435,.F.);
#882=ORIENTED_EDGE('',*,*,#2622,.F.);
#883=ORIENTED_EDGE('',*,*,#2623,.T.);
#884=ORIENTED_EDGE('',*,*,#2620,.T.);
#885=ORIENTED_EDGE('',*,*,#2434,.F.);
#886=ORIENTED_EDGE('',*,*,#2624,.F.);
#887=ORIENTED_EDGE('',*,*,#2625,.T.);
#888=ORIENTED_EDGE('',*,*,#2622,.T.);
#889=ORIENTED_EDGE('',*,*,#2433,.F.);
#890=ORIENTED_EDGE('',*,*,#2626,.F.);
#891=ORIENTED_EDGE('',*,*,#2627,.T.);
#892=ORIENTED_EDGE('',*,*,#2624,.T.);
#893=ORIENTED_EDGE('',*,*,#2432,.F.);
#894=ORIENTED_EDGE('',*,*,#2628,.F.);
#895=ORIENTED_EDGE('',*,*,#2629,.T.);
#896=ORIENTED_EDGE('',*,*,#2626,.T.);
#897=ORIENTED_EDGE('',*,*,#2431,.F.);
#898=ORIENTED_EDGE('',*,*,#2630,.F.);
#899=ORIENTED_EDGE('',*,*,#2631,.T.);
#900=ORIENTED_EDGE('',*,*,#2628,.T.);
#901=ORIENTED_EDGE('',*,*,#2430,.F.);
#902=ORIENTED_EDGE('',*,*,#2632,.F.);
#903=ORIENTED_EDGE('',*,*,#2633,.T.);
#904=ORIENTED_EDGE('',*,*,#2630,.T.);
#905=ORIENTED_EDGE('',*,*,#2429,.F.);
#906=ORIENTED_EDGE('',*,*,#2634,.F.);
#907=ORIENTED_EDGE('',*,*,#2635,.T.);
#908=ORIENTED_EDGE('',*,*,#2632,.T.);
#909=ORIENTED_EDGE('',*,*,#2428,.F.);
#910=ORIENTED_EDGE('',*,*,#2636,.F.);
#911=ORIENTED_EDGE('',*,*,#2637,.T.);
#912=ORIENTED_EDGE('',*,*,#2634,.T.);
#913=ORIENTED_EDGE('',*,*,#2427,.F.);
#914=ORIENTED_EDGE('',*,*,#2638,.F.);
#915=ORIENTED_EDGE('',*,*,#2639,.T.);
#916=ORIENTED_EDGE('',*,*,#2636,.T.);
#917=ORIENTED_EDGE('',*,*,#2426,.F.);
#918=ORIENTED_EDGE('',*,*,#2640,.F.);
#919=ORIENTED_EDGE('',*,*,#2641,.T.);
#920=ORIENTED_EDGE('',*,*,#2638,.T.);
#921=ORIENTED_EDGE('',*,*,#2425,.F.);
#922=ORIENTED_EDGE('',*,*,#2642,.F.);
#923=ORIENTED_EDGE('',*,*,#2643,.T.);
#924=ORIENTED_EDGE('',*,*,#2640,.T.);
#925=ORIENTED_EDGE('',*,*,#2424,.F.);
#926=ORIENTED_EDGE('',*,*,#2644,.F.);
#927=ORIENTED_EDGE('',*,*,#2645,.T.);
#928=ORIENTED_EDGE('',*,*,#2642,.T.);
#929=ORIENTED_EDGE('',*,*,#2423,.F.);
#930=ORIENTED_EDGE('',*,*,#2615,.F.);
#931=ORIENTED_EDGE('',*,*,#2646,.T.);
#932=ORIENTED_EDGE('',*,*,#2644,.T.);
#933=ORIENTED_EDGE('',*,*,#2614,.F.);
#934=ORIENTED_EDGE('',*,*,#2617,.F.);
#935=ORIENTED_EDGE('',*,*,#2619,.F.);
#936=ORIENTED_EDGE('',*,*,#2621,.F.);
#937=ORIENTED_EDGE('',*,*,#2623,.F.);
#938=ORIENTED_EDGE('',*,*,#2625,.F.);
#939=ORIENTED_EDGE('',*,*,#2627,.F.);
#940=ORIENTED_EDGE('',*,*,#2629,.F.);
#941=ORIENTED_EDGE('',*,*,#2631,.F.);
#942=ORIENTED_EDGE('',*,*,#2633,.F.);
#943=ORIENTED_EDGE('',*,*,#2635,.F.);
#944=ORIENTED_EDGE('',*,*,#2637,.F.);
#945=ORIENTED_EDGE('',*,*,#2639,.F.);
#946=ORIENTED_EDGE('',*,*,#2641,.F.);
#947=ORIENTED_EDGE('',*,*,#2643,.F.);
#948=ORIENTED_EDGE('',*,*,#2645,.F.);
#949=ORIENTED_EDGE('',*,*,#2646,.F.);
#950=ORIENTED_EDGE('',*,*,#2439,.F.);
#951=ORIENTED_EDGE('',*,*,#2647,.F.);
#952=ORIENTED_EDGE('',*,*,#2648,.T.);
#953=ORIENTED_EDGE('',*,*,#2649,.T.);
#954=ORIENTED_EDGE('',*,*,#2456,.F.);
#955=ORIENTED_EDGE('',*,*,#2650,.F.);
#956=ORIENTED_EDGE('',*,*,#2651,.T.);
#957=ORIENTED_EDGE('',*,*,#2647,.T.);
#958=ORIENTED_EDGE('',*,*,#2455,.F.);
#959=ORIENTED_EDGE('',*,*,#2652,.F.);
#960=ORIENTED_EDGE('',*,*,#2653,.T.);
#961=ORIENTED_EDGE('',*,*,#2650,.T.);
#962=ORIENTED_EDGE('',*,*,#2454,.F.);
#963=ORIENTED_EDGE('',*,*,#2654,.F.);
#964=ORIENTED_EDGE('',*,*,#2655,.T.);
#965=ORIENTED_EDGE('',*,*,#2652,.T.);
#966=ORIENTED_EDGE('',*,*,#2453,.F.);
#967=ORIENTED_EDGE('',*,*,#2656,.F.);
#968=ORIENTED_EDGE('',*,*,#2657,.T.);
#969=ORIENTED_EDGE('',*,*,#2654,.T.);
#970=ORIENTED_EDGE('',*,*,#2452,.F.);
#971=ORIENTED_EDGE('',*,*,#2658,.F.);
#972=ORIENTED_EDGE('',*,*,#2659,.T.);
#973=ORIENTED_EDGE('',*,*,#2656,.T.);
#974=ORIENTED_EDGE('',*,*,#2451,.F.);
#975=ORIENTED_EDGE('',*,*,#2660,.F.);
#976=ORIENTED_EDGE('',*,*,#2661,.T.);
#977=ORIENTED_EDGE('',*,*,#2658,.T.);
#978=ORIENTED_EDGE('',*,*,#2450,.F.);
#979=ORIENTED_EDGE('',*,*,#2662,.F.);
#980=ORIENTED_EDGE('',*,*,#2663,.T.);
#981=ORIENTED_EDGE('',*,*,#2660,.T.);
#982=ORIENTED_EDGE('',*,*,#2449,.F.);
#983=ORIENTED_EDGE('',*,*,#2664,.F.);
#984=ORIENTED_EDGE('',*,*,#2665,.T.);
#985=ORIENTED_EDGE('',*,*,#2662,.T.);
#986=ORIENTED_EDGE('',*,*,#2448,.F.);
#987=ORIENTED_EDGE('',*,*,#2666,.F.);
#988=ORIENTED_EDGE('',*,*,#2667,.T.);
#989=ORIENTED_EDGE('',*,*,#2664,.T.);
#990=ORIENTED_EDGE('',*,*,#2447,.F.);
#991=ORIENTED_EDGE('',*,*,#2668,.F.);
#992=ORIENTED_EDGE('',*,*,#2669,.T.);
#993=ORIENTED_EDGE('',*,*,#2666,.T.);
#994=ORIENTED_EDGE('',*,*,#2446,.F.);
#995=ORIENTED_EDGE('',*,*,#2670,.F.);
#996=ORIENTED_EDGE('',*,*,#2671,.T.);
#997=ORIENTED_EDGE('',*,*,#2668,.T.);
#998=ORIENTED_EDGE('',*,*,#2445,.F.);
#999=ORIENTED_EDGE('',*,*,#2672,.F.);
#1000=ORIENTED_EDGE('',*,*,#2673,.T.);
#1001=ORIENTED_EDGE('',*,*,#2670,.T.);
#1002=ORIENTED_EDGE('',*,*,#2444,.F.);
#1003=ORIENTED_EDGE('',*,*,#2674,.F.);
#1004=ORIENTED_EDGE('',*,*,#2675,.T.);
#1005=ORIENTED_EDGE('',*,*,#2672,.T.);
#1006=ORIENTED_EDGE('',*,*,#2443,.F.);
#1007=ORIENTED_EDGE('',*,*,#2676,.F.);
#1008=ORIENTED_EDGE('',*,*,#2677,.T.);
#1009=ORIENTED_EDGE('',*,*,#2674,.T.);
#1010=ORIENTED_EDGE('',*,*,#2442,.F.);
#1011=ORIENTED_EDGE('',*,*,#2678,.F.);
#1012=ORIENTED_EDGE('',*,*,#2679,.T.);
#1013=ORIENTED_EDGE('',*,*,#2676,.T.);
#1014=ORIENTED_EDGE('',*,*,#2441,.F.);
#1015=ORIENTED_EDGE('',*,*,#2680,.F.);
#1016=ORIENTED_EDGE('',*,*,#2681,.T.);
#1017=ORIENTED_EDGE('',*,*,#2678,.T.);
#1018=ORIENTED_EDGE('',*,*,#2440,.F.);
#1019=ORIENTED_EDGE('',*,*,#2649,.F.);
#1020=ORIENTED_EDGE('',*,*,#2682,.T.);
#1021=ORIENTED_EDGE('',*,*,#2680,.T.);
#1022=ORIENTED_EDGE('',*,*,#2648,.F.);
#1023=ORIENTED_EDGE('',*,*,#2651,.F.);
#1024=ORIENTED_EDGE('',*,*,#2653,.F.);
#1025=ORIENTED_EDGE('',*,*,#2655,.F.);
#1026=ORIENTED_EDGE('',*,*,#2657,.F.);
#1027=ORIENTED_EDGE('',*,*,#2659,.F.);
#1028=ORIENTED_EDGE('',*,*,#2661,.F.);
#1029=ORIENTED_EDGE('',*,*,#2663,.F.);
#1030=ORIENTED_EDGE('',*,*,#2665,.F.);
#1031=ORIENTED_EDGE('',*,*,#2667,.F.);
#1032=ORIENTED_EDGE('',*,*,#2669,.F.);
#1033=ORIENTED_EDGE('',*,*,#2671,.F.);
#1034=ORIENTED_EDGE('',*,*,#2673,.F.);
#1035=ORIENTED_EDGE('',*,*,#2675,.F.);
#1036=ORIENTED_EDGE('',*,*,#2677,.F.);
#1037=ORIENTED_EDGE('',*,*,#2679,.F.);
#1038=ORIENTED_EDGE('',*,*,#2681,.F.);
#1039=ORIENTED_EDGE('',*,*,#2682,.F.);
#1040=ORIENTED_EDGE('',*,*,#2683,.F.);
#1041=ORIENTED_EDGE('',*,*,#2684,.F.);
#1042=ORIENTED_EDGE('',*,*,#2685,.T.);
#1043=ORIENTED_EDGE('',*,*,#2686,.T.);
#1044=ORIENTED_EDGE('',*,*,#2687,.F.);
#1045=ORIENTED_EDGE('',*,*,#2688,.F.);
#1046=ORIENTED_EDGE('',*,*,#2689,.T.);
#1047=ORIENTED_EDGE('',*,*,#2684,.T.);
#1048=ORIENTED_EDGE('',*,*,#2690,.F.);
#1049=ORIENTED_EDGE('',*,*,#2691,.F.);
#1050=ORIENTED_EDGE('',*,*,#2692,.T.);
#1051=ORIENTED_EDGE('',*,*,#2688,.T.);
#1052=ORIENTED_EDGE('',*,*,#2693,.F.);
#1053=ORIENTED_EDGE('',*,*,#2694,.F.);
#1054=ORIENTED_EDGE('',*,*,#2695,.T.);
#1055=ORIENTED_EDGE('',*,*,#2691,.T.);
#1056=ORIENTED_EDGE('',*,*,#2458,.F.);
#1057=ORIENTED_EDGE('',*,*,#2696,.F.);
#1058=ORIENTED_EDGE('',*,*,#2697,.T.);
#1059=ORIENTED_EDGE('',*,*,#2698,.T.);
#1060=ORIENTED_EDGE('',*,*,#2457,.F.);
#1061=ORIENTED_EDGE('',*,*,#2699,.F.);
#1062=ORIENTED_EDGE('',*,*,#2700,.T.);
#1063=ORIENTED_EDGE('',*,*,#2696,.T.);
#1064=ORIENTED_EDGE('',*,*,#2470,.F.);
#1065=ORIENTED_EDGE('',*,*,#2701,.F.);
#1066=ORIENTED_EDGE('',*,*,#2702,.T.);
#1067=ORIENTED_EDGE('',*,*,#2699,.T.);
#1068=ORIENTED_EDGE('',*,*,#2469,.F.);
#1069=ORIENTED_EDGE('',*,*,#2703,.F.);
#1070=ORIENTED_EDGE('',*,*,#2704,.T.);
#1071=ORIENTED_EDGE('',*,*,#2701,.T.);
#1072=ORIENTED_EDGE('',*,*,#2468,.F.);
#1073=ORIENTED_EDGE('',*,*,#2705,.F.);
#1074=ORIENTED_EDGE('',*,*,#2706,.T.);
#1075=ORIENTED_EDGE('',*,*,#2703,.T.);
#1076=ORIENTED_EDGE('',*,*,#2467,.F.);
#1077=ORIENTED_EDGE('',*,*,#2707,.F.);
#1078=ORIENTED_EDGE('',*,*,#2708,.T.);
#1079=ORIENTED_EDGE('',*,*,#2705,.T.);
#1080=ORIENTED_EDGE('',*,*,#2466,.F.);
#1081=ORIENTED_EDGE('',*,*,#2709,.F.);
#1082=ORIENTED_EDGE('',*,*,#2710,.T.);
#1083=ORIENTED_EDGE('',*,*,#2707,.T.);
#1084=ORIENTED_EDGE('',*,*,#2465,.F.);
#1085=ORIENTED_EDGE('',*,*,#2711,.F.);
#1086=ORIENTED_EDGE('',*,*,#2712,.T.);
#1087=ORIENTED_EDGE('',*,*,#2709,.T.);
#1088=ORIENTED_EDGE('',*,*,#2464,.F.);
#1089=ORIENTED_EDGE('',*,*,#2713,.F.);
#1090=ORIENTED_EDGE('',*,*,#2714,.T.);
#1091=ORIENTED_EDGE('',*,*,#2711,.T.);
#1092=ORIENTED_EDGE('',*,*,#2463,.F.);
#1093=ORIENTED_EDGE('',*,*,#2715,.F.);
#1094=ORIENTED_EDGE('',*,*,#2716,.T.);
#1095=ORIENTED_EDGE('',*,*,#2713,.T.);
#1096=ORIENTED_EDGE('',*,*,#2462,.F.);
#1097=ORIENTED_EDGE('',*,*,#2717,.F.);
#1098=ORIENTED_EDGE('',*,*,#2718,.T.);
#1099=ORIENTED_EDGE('',*,*,#2715,.T.);
#1100=ORIENTED_EDGE('',*,*,#2461,.F.);
#1101=ORIENTED_EDGE('',*,*,#2719,.F.);
#1102=ORIENTED_EDGE('',*,*,#2720,.T.);
#1103=ORIENTED_EDGE('',*,*,#2717,.T.);
#1104=ORIENTED_EDGE('',*,*,#2460,.F.);
#1105=ORIENTED_EDGE('',*,*,#2721,.F.);
#1106=ORIENTED_EDGE('',*,*,#2722,.T.);
#1107=ORIENTED_EDGE('',*,*,#2719,.T.);
#1108=ORIENTED_EDGE('',*,*,#2459,.F.);
#1109=ORIENTED_EDGE('',*,*,#2698,.F.);
#1110=ORIENTED_EDGE('',*,*,#2723,.T.);
#1111=ORIENTED_EDGE('',*,*,#2721,.T.);
#1112=ORIENTED_EDGE('',*,*,#2724,.F.);
#1113=ORIENTED_EDGE('',*,*,#2686,.F.);
#1114=ORIENTED_EDGE('',*,*,#2725,.T.);
#1115=ORIENTED_EDGE('',*,*,#2694,.T.);
#1116=ORIENTED_EDGE('',*,*,#2697,.F.);
#1117=ORIENTED_EDGE('',*,*,#2700,.F.);
#1118=ORIENTED_EDGE('',*,*,#2702,.F.);
#1119=ORIENTED_EDGE('',*,*,#2704,.F.);
#1120=ORIENTED_EDGE('',*,*,#2706,.F.);
#1121=ORIENTED_EDGE('',*,*,#2708,.F.);
#1122=ORIENTED_EDGE('',*,*,#2710,.F.);
#1123=ORIENTED_EDGE('',*,*,#2712,.F.);
#1124=ORIENTED_EDGE('',*,*,#2714,.F.);
#1125=ORIENTED_EDGE('',*,*,#2716,.F.);
#1126=ORIENTED_EDGE('',*,*,#2718,.F.);
#1127=ORIENTED_EDGE('',*,*,#2720,.F.);
#1128=ORIENTED_EDGE('',*,*,#2722,.F.);
#1129=ORIENTED_EDGE('',*,*,#2723,.F.);
#1130=ORIENTED_EDGE('',*,*,#2685,.F.);
#1131=ORIENTED_EDGE('',*,*,#2689,.F.);
#1132=ORIENTED_EDGE('',*,*,#2692,.F.);
#1133=ORIENTED_EDGE('',*,*,#2695,.F.);
#1134=ORIENTED_EDGE('',*,*,#2725,.F.);
#1135=ORIENTED_EDGE('',*,*,#2472,.F.);
#1136=ORIENTED_EDGE('',*,*,#2726,.F.);
#1137=ORIENTED_EDGE('',*,*,#2727,.T.);
#1138=ORIENTED_EDGE('',*,*,#2728,.T.);
#1139=ORIENTED_EDGE('',*,*,#2471,.F.);
#1140=ORIENTED_EDGE('',*,*,#2729,.F.);
#1141=ORIENTED_EDGE('',*,*,#2730,.T.);
#1142=ORIENTED_EDGE('',*,*,#2726,.T.);
#1143=ORIENTED_EDGE('',*,*,#2480,.F.);
#1144=ORIENTED_EDGE('',*,*,#2731,.F.);
#1145=ORIENTED_EDGE('',*,*,#2732,.T.);
#1146=ORIENTED_EDGE('',*,*,#2729,.T.);
#1147=ORIENTED_EDGE('',*,*,#2479,.F.);
#1148=ORIENTED_EDGE('',*,*,#2733,.F.);
#1149=ORIENTED_EDGE('',*,*,#2734,.T.);
#1150=ORIENTED_EDGE('',*,*,#2731,.T.);
#1151=ORIENTED_EDGE('',*,*,#2478,.F.);
#1152=ORIENTED_EDGE('',*,*,#2735,.F.);
#1153=ORIENTED_EDGE('',*,*,#2736,.T.);
#1154=ORIENTED_EDGE('',*,*,#2733,.T.);
#1155=ORIENTED_EDGE('',*,*,#2477,.F.);
#1156=ORIENTED_EDGE('',*,*,#2737,.F.);
#1157=ORIENTED_EDGE('',*,*,#2738,.T.);
#1158=ORIENTED_EDGE('',*,*,#2735,.T.);
#1159=ORIENTED_EDGE('',*,*,#2476,.F.);
#1160=ORIENTED_EDGE('',*,*,#2739,.F.);
#1161=ORIENTED_EDGE('',*,*,#2740,.T.);
#1162=ORIENTED_EDGE('',*,*,#2737,.T.);
#1163=ORIENTED_EDGE('',*,*,#2475,.F.);
#1164=ORIENTED_EDGE('',*,*,#2741,.F.);
#1165=ORIENTED_EDGE('',*,*,#2742,.T.);
#1166=ORIENTED_EDGE('',*,*,#2739,.T.);
#1167=ORIENTED_EDGE('',*,*,#2474,.F.);
#1168=ORIENTED_EDGE('',*,*,#2743,.F.);
#1169=ORIENTED_EDGE('',*,*,#2744,.T.);
#1170=ORIENTED_EDGE('',*,*,#2741,.T.);
#1171=ORIENTED_EDGE('',*,*,#2473,.F.);
#1172=ORIENTED_EDGE('',*,*,#2728,.F.);
#1173=ORIENTED_EDGE('',*,*,#2745,.T.);
#1174=ORIENTED_EDGE('',*,*,#2743,.T.);
#1175=ORIENTED_EDGE('',*,*,#2727,.F.);
#1176=ORIENTED_EDGE('',*,*,#2730,.F.);
#1177=ORIENTED_EDGE('',*,*,#2732,.F.);
#1178=ORIENTED_EDGE('',*,*,#2734,.F.);
#1179=ORIENTED_EDGE('',*,*,#2736,.F.);
#1180=ORIENTED_EDGE('',*,*,#2738,.F.);
#1181=ORIENTED_EDGE('',*,*,#2740,.F.);
#1182=ORIENTED_EDGE('',*,*,#2742,.F.);
#1183=ORIENTED_EDGE('',*,*,#2744,.F.);
#1184=ORIENTED_EDGE('',*,*,#2745,.F.);
#1185=ORIENTED_EDGE('',*,*,#2746,.F.);
#1186=ORIENTED_EDGE('',*,*,#2747,.F.);
#1187=ORIENTED_EDGE('',*,*,#2748,.T.);
#1188=ORIENTED_EDGE('',*,*,#2749,.T.);
#1189=ORIENTED_EDGE('',*,*,#2750,.F.);
#1190=ORIENTED_EDGE('',*,*,#2751,.F.);
#1191=ORIENTED_EDGE('',*,*,#2752,.T.);
#1192=ORIENTED_EDGE('',*,*,#2747,.T.);
#1193=ORIENTED_EDGE('',*,*,#2753,.F.);
#1194=ORIENTED_EDGE('',*,*,#2754,.F.);
#1195=ORIENTED_EDGE('',*,*,#2755,.T.);
#1196=ORIENTED_EDGE('',*,*,#2751,.T.);
#1197=ORIENTED_EDGE('',*,*,#2756,.F.);
#1198=ORIENTED_EDGE('',*,*,#2757,.F.);
#1199=ORIENTED_EDGE('',*,*,#2758,.T.);
#1200=ORIENTED_EDGE('',*,*,#2754,.T.);
#1201=ORIENTED_EDGE('',*,*,#2759,.F.);
#1202=ORIENTED_EDGE('',*,*,#2760,.F.);
#1203=ORIENTED_EDGE('',*,*,#2761,.T.);
#1204=ORIENTED_EDGE('',*,*,#2757,.T.);
#1205=ORIENTED_EDGE('',*,*,#2762,.F.);
#1206=ORIENTED_EDGE('',*,*,#2763,.F.);
#1207=ORIENTED_EDGE('',*,*,#2764,.T.);
#1208=ORIENTED_EDGE('',*,*,#2760,.T.);
#1209=ORIENTED_EDGE('',*,*,#2765,.F.);
#1210=ORIENTED_EDGE('',*,*,#2766,.F.);
#1211=ORIENTED_EDGE('',*,*,#2767,.T.);
#1212=ORIENTED_EDGE('',*,*,#2763,.T.);
#1213=ORIENTED_EDGE('',*,*,#2402,.F.);
#1214=ORIENTED_EDGE('',*,*,#2768,.F.);
#1215=ORIENTED_EDGE('',*,*,#2769,.T.);
#1216=ORIENTED_EDGE('',*,*,#2770,.T.);
#1217=ORIENTED_EDGE('',*,*,#2401,.F.);
#1218=ORIENTED_EDGE('',*,*,#2771,.F.);
#1219=ORIENTED_EDGE('',*,*,#2772,.T.);
#1220=ORIENTED_EDGE('',*,*,#2768,.T.);
#1221=ORIENTED_EDGE('',*,*,#2409,.F.);
#1222=ORIENTED_EDGE('',*,*,#2773,.F.);
#1223=ORIENTED_EDGE('',*,*,#2774,.T.);
#1224=ORIENTED_EDGE('',*,*,#2771,.T.);
#1225=ORIENTED_EDGE('',*,*,#2408,.F.);
#1226=ORIENTED_EDGE('',*,*,#2775,.F.);
#1227=ORIENTED_EDGE('',*,*,#2776,.T.);
#1228=ORIENTED_EDGE('',*,*,#2773,.T.);
#1229=ORIENTED_EDGE('',*,*,#2407,.F.);
#1230=ORIENTED_EDGE('',*,*,#2777,.F.);
#1231=ORIENTED_EDGE('',*,*,#2778,.T.);
#1232=ORIENTED_EDGE('',*,*,#2775,.T.);
#1233=ORIENTED_EDGE('',*,*,#2406,.F.);
#1234=ORIENTED_EDGE('',*,*,#2779,.F.);
#1235=ORIENTED_EDGE('',*,*,#2780,.T.);
#1236=ORIENTED_EDGE('',*,*,#2777,.T.);
#1237=ORIENTED_EDGE('',*,*,#2405,.F.);
#1238=ORIENTED_EDGE('',*,*,#2781,.F.);
#1239=ORIENTED_EDGE('',*,*,#2782,.T.);
#1240=ORIENTED_EDGE('',*,*,#2779,.T.);
#1241=ORIENTED_EDGE('',*,*,#2404,.F.);
#1242=ORIENTED_EDGE('',*,*,#2783,.F.);
#1243=ORIENTED_EDGE('',*,*,#2784,.T.);
#1244=ORIENTED_EDGE('',*,*,#2781,.T.);
#1245=ORIENTED_EDGE('',*,*,#2403,.F.);
#1246=ORIENTED_EDGE('',*,*,#2770,.F.);
#1247=ORIENTED_EDGE('',*,*,#2785,.T.);
#1248=ORIENTED_EDGE('',*,*,#2783,.T.);
#1249=ORIENTED_EDGE('',*,*,#2786,.F.);
#1250=ORIENTED_EDGE('',*,*,#2749,.F.);
#1251=ORIENTED_EDGE('',*,*,#2787,.T.);
#1252=ORIENTED_EDGE('',*,*,#2766,.T.);
#1253=ORIENTED_EDGE('',*,*,#2769,.F.);
#1254=ORIENTED_EDGE('',*,*,#2772,.F.);
#1255=ORIENTED_EDGE('',*,*,#2774,.F.);
#1256=ORIENTED_EDGE('',*,*,#2776,.F.);
#1257=ORIENTED_EDGE('',*,*,#2778,.F.);
#1258=ORIENTED_EDGE('',*,*,#2780,.F.);
#1259=ORIENTED_EDGE('',*,*,#2782,.F.);
#1260=ORIENTED_EDGE('',*,*,#2784,.F.);
#1261=ORIENTED_EDGE('',*,*,#2785,.F.);
#1262=ORIENTED_EDGE('',*,*,#2748,.F.);
#1263=ORIENTED_EDGE('',*,*,#2752,.F.);
#1264=ORIENTED_EDGE('',*,*,#2755,.F.);
#1265=ORIENTED_EDGE('',*,*,#2758,.F.);
#1266=ORIENTED_EDGE('',*,*,#2761,.F.);
#1267=ORIENTED_EDGE('',*,*,#2764,.F.);
#1268=ORIENTED_EDGE('',*,*,#2767,.F.);
#1269=ORIENTED_EDGE('',*,*,#2787,.F.);
#1270=ORIENTED_EDGE('',*,*,#2788,.F.);
#1271=ORIENTED_EDGE('',*,*,#2789,.F.);
#1272=ORIENTED_EDGE('',*,*,#2790,.T.);
#1273=ORIENTED_EDGE('',*,*,#2791,.T.);
#1274=ORIENTED_EDGE('',*,*,#2792,.F.);
#1275=ORIENTED_EDGE('',*,*,#2793,.F.);
#1276=ORIENTED_EDGE('',*,*,#2794,.T.);
#1277=ORIENTED_EDGE('',*,*,#2789,.T.);
#1278=ORIENTED_EDGE('',*,*,#2795,.F.);
#1279=ORIENTED_EDGE('',*,*,#2796,.F.);
#1280=ORIENTED_EDGE('',*,*,#2797,.T.);
#1281=ORIENTED_EDGE('',*,*,#2793,.T.);
#1282=ORIENTED_EDGE('',*,*,#2798,.F.);
#1283=ORIENTED_EDGE('',*,*,#2799,.F.);
#1284=ORIENTED_EDGE('',*,*,#2800,.T.);
#1285=ORIENTED_EDGE('',*,*,#2796,.T.);
#1286=ORIENTED_EDGE('',*,*,#2801,.F.);
#1287=ORIENTED_EDGE('',*,*,#2802,.F.);
#1288=ORIENTED_EDGE('',*,*,#2803,.T.);
#1289=ORIENTED_EDGE('',*,*,#2799,.T.);
#1290=ORIENTED_EDGE('',*,*,#2804,.F.);
#1291=ORIENTED_EDGE('',*,*,#2805,.F.);
#1292=ORIENTED_EDGE('',*,*,#2806,.T.);
#1293=ORIENTED_EDGE('',*,*,#2802,.T.);
#1294=ORIENTED_EDGE('',*,*,#2807,.F.);
#1295=ORIENTED_EDGE('',*,*,#2808,.F.);
#1296=ORIENTED_EDGE('',*,*,#2809,.T.);
#1297=ORIENTED_EDGE('',*,*,#2805,.T.);
#1298=ORIENTED_EDGE('',*,*,#2482,.F.);
#1299=ORIENTED_EDGE('',*,*,#2810,.F.);
#1300=ORIENTED_EDGE('',*,*,#2811,.T.);
#1301=ORIENTED_EDGE('',*,*,#2812,.T.);
#1302=ORIENTED_EDGE('',*,*,#2481,.F.);
#1303=ORIENTED_EDGE('',*,*,#2813,.F.);
#1304=ORIENTED_EDGE('',*,*,#2814,.T.);
#1305=ORIENTED_EDGE('',*,*,#2810,.T.);
#1306=ORIENTED_EDGE('',*,*,#2489,.F.);
#1307=ORIENTED_EDGE('',*,*,#2815,.F.);
#1308=ORIENTED_EDGE('',*,*,#2816,.T.);
#1309=ORIENTED_EDGE('',*,*,#2813,.T.);
#1310=ORIENTED_EDGE('',*,*,#2488,.F.);
#1311=ORIENTED_EDGE('',*,*,#2817,.F.);
#1312=ORIENTED_EDGE('',*,*,#2818,.T.);
#1313=ORIENTED_EDGE('',*,*,#2815,.T.);
#1314=ORIENTED_EDGE('',*,*,#2487,.F.);
#1315=ORIENTED_EDGE('',*,*,#2819,.F.);
#1316=ORIENTED_EDGE('',*,*,#2820,.T.);
#1317=ORIENTED_EDGE('',*,*,#2817,.T.);
#1318=ORIENTED_EDGE('',*,*,#2486,.F.);
#1319=ORIENTED_EDGE('',*,*,#2821,.F.);
#1320=ORIENTED_EDGE('',*,*,#2822,.T.);
#1321=ORIENTED_EDGE('',*,*,#2819,.T.);
#1322=ORIENTED_EDGE('',*,*,#2485,.F.);
#1323=ORIENTED_EDGE('',*,*,#2823,.F.);
#1324=ORIENTED_EDGE('',*,*,#2824,.T.);
#1325=ORIENTED_EDGE('',*,*,#2821,.T.);
#1326=ORIENTED_EDGE('',*,*,#2484,.F.);
#1327=ORIENTED_EDGE('',*,*,#2825,.F.);
#1328=ORIENTED_EDGE('',*,*,#2826,.T.);
#1329=ORIENTED_EDGE('',*,*,#2823,.T.);
#1330=ORIENTED_EDGE('',*,*,#2483,.F.);
#1331=ORIENTED_EDGE('',*,*,#2812,.F.);
#1332=ORIENTED_EDGE('',*,*,#2827,.T.);
#1333=ORIENTED_EDGE('',*,*,#2825,.T.);
#1334=ORIENTED_EDGE('',*,*,#2828,.F.);
#1335=ORIENTED_EDGE('',*,*,#2791,.F.);
#1336=ORIENTED_EDGE('',*,*,#2829,.T.);
#1337=ORIENTED_EDGE('',*,*,#2808,.T.);
#1338=ORIENTED_EDGE('',*,*,#2811,.F.);
#1339=ORIENTED_EDGE('',*,*,#2814,.F.);
#1340=ORIENTED_EDGE('',*,*,#2816,.F.);
#1341=ORIENTED_EDGE('',*,*,#2818,.F.);
#1342=ORIENTED_EDGE('',*,*,#2820,.F.);
#1343=ORIENTED_EDGE('',*,*,#2822,.F.);
#1344=ORIENTED_EDGE('',*,*,#2824,.F.);
#1345=ORIENTED_EDGE('',*,*,#2826,.F.);
#1346=ORIENTED_EDGE('',*,*,#2827,.F.);
#1347=ORIENTED_EDGE('',*,*,#2790,.F.);
#1348=ORIENTED_EDGE('',*,*,#2794,.F.);
#1349=ORIENTED_EDGE('',*,*,#2797,.F.);
#1350=ORIENTED_EDGE('',*,*,#2800,.F.);
#1351=ORIENTED_EDGE('',*,*,#2803,.F.);
#1352=ORIENTED_EDGE('',*,*,#2806,.F.);
#1353=ORIENTED_EDGE('',*,*,#2809,.F.);
#1354=ORIENTED_EDGE('',*,*,#2829,.F.);
#1355=ORIENTED_EDGE('',*,*,#2491,.F.);
#1356=ORIENTED_EDGE('',*,*,#2830,.F.);
#1357=ORIENTED_EDGE('',*,*,#2831,.T.);
#1358=ORIENTED_EDGE('',*,*,#2832,.T.);
#1359=ORIENTED_EDGE('',*,*,#2490,.F.);
#1360=ORIENTED_EDGE('',*,*,#2833,.F.);
#1361=ORIENTED_EDGE('',*,*,#2834,.T.);
#1362=ORIENTED_EDGE('',*,*,#2830,.T.);
#1363=ORIENTED_EDGE('',*,*,#2506,.F.);
#1364=ORIENTED_EDGE('',*,*,#2835,.F.);
#1365=ORIENTED_EDGE('',*,*,#2836,.T.);
#1366=ORIENTED_EDGE('',*,*,#2833,.T.);
#1367=ORIENTED_EDGE('',*,*,#2505,.F.);
#1368=ORIENTED_EDGE('',*,*,#2837,.F.);
#1369=ORIENTED_EDGE('',*,*,#2838,.T.);
#1370=ORIENTED_EDGE('',*,*,#2835,.T.);
#1371=ORIENTED_EDGE('',*,*,#2504,.F.);
#1372=ORIENTED_EDGE('',*,*,#2839,.F.);
#1373=ORIENTED_EDGE('',*,*,#2840,.T.);
#1374=ORIENTED_EDGE('',*,*,#2837,.T.);
#1375=ORIENTED_EDGE('',*,*,#2503,.F.);
#1376=ORIENTED_EDGE('',*,*,#2841,.F.);
#1377=ORIENTED_EDGE('',*,*,#2842,.T.);
#1378=ORIENTED_EDGE('',*,*,#2839,.T.);
#1379=ORIENTED_EDGE('',*,*,#2502,.F.);
#1380=ORIENTED_EDGE('',*,*,#2843,.F.);
#1381=ORIENTED_EDGE('',*,*,#2844,.T.);
#1382=ORIENTED_EDGE('',*,*,#2841,.T.);
#1383=ORIENTED_EDGE('',*,*,#2501,.F.);
#1384=ORIENTED_EDGE('',*,*,#2845,.F.);
#1385=ORIENTED_EDGE('',*,*,#2846,.T.);
#1386=ORIENTED_EDGE('',*,*,#2843,.T.);
#1387=ORIENTED_EDGE('',*,*,#2500,.F.);
#1388=ORIENTED_EDGE('',*,*,#2847,.F.);
#1389=ORIENTED_EDGE('',*,*,#2848,.T.);
#1390=ORIENTED_EDGE('',*,*,#2845,.T.);
#1391=ORIENTED_EDGE('',*,*,#2499,.F.);
#1392=ORIENTED_EDGE('',*,*,#2849,.F.);
#1393=ORIENTED_EDGE('',*,*,#2850,.T.);
#1394=ORIENTED_EDGE('',*,*,#2847,.T.);
#1395=ORIENTED_EDGE('',*,*,#2498,.F.);
#1396=ORIENTED_EDGE('',*,*,#2851,.F.);
#1397=ORIENTED_EDGE('',*,*,#2852,.T.);
#1398=ORIENTED_EDGE('',*,*,#2849,.T.);
#1399=ORIENTED_EDGE('',*,*,#2497,.F.);
#1400=ORIENTED_EDGE('',*,*,#2853,.F.);
#1401=ORIENTED_EDGE('',*,*,#2854,.T.);
#1402=ORIENTED_EDGE('',*,*,#2851,.T.);
#1403=ORIENTED_EDGE('',*,*,#2496,.F.);
#1404=ORIENTED_EDGE('',*,*,#2855,.F.);
#1405=ORIENTED_EDGE('',*,*,#2856,.T.);
#1406=ORIENTED_EDGE('',*,*,#2853,.T.);
#1407=ORIENTED_EDGE('',*,*,#2495,.F.);
#1408=ORIENTED_EDGE('',*,*,#2857,.F.);
#1409=ORIENTED_EDGE('',*,*,#2858,.T.);
#1410=ORIENTED_EDGE('',*,*,#2855,.T.);
#1411=ORIENTED_EDGE('',*,*,#2494,.F.);
#1412=ORIENTED_EDGE('',*,*,#2859,.F.);
#1413=ORIENTED_EDGE('',*,*,#2860,.T.);
#1414=ORIENTED_EDGE('',*,*,#2857,.T.);
#1415=ORIENTED_EDGE('',*,*,#2493,.F.);
#1416=ORIENTED_EDGE('',*,*,#2861,.F.);
#1417=ORIENTED_EDGE('',*,*,#2862,.T.);
#1418=ORIENTED_EDGE('',*,*,#2859,.T.);
#1419=ORIENTED_EDGE('',*,*,#2492,.F.);
#1420=ORIENTED_EDGE('',*,*,#2832,.F.);
#1421=ORIENTED_EDGE('',*,*,#2863,.T.);
#1422=ORIENTED_EDGE('',*,*,#2861,.T.);
#1423=ORIENTED_EDGE('',*,*,#2831,.F.);
#1424=ORIENTED_EDGE('',*,*,#2834,.F.);
#1425=ORIENTED_EDGE('',*,*,#2836,.F.);
#1426=ORIENTED_EDGE('',*,*,#2838,.F.);
#1427=ORIENTED_EDGE('',*,*,#2840,.F.);
#1428=ORIENTED_EDGE('',*,*,#2842,.F.);
#1429=ORIENTED_EDGE('',*,*,#2844,.F.);
#1430=ORIENTED_EDGE('',*,*,#2846,.F.);
#1431=ORIENTED_EDGE('',*,*,#2848,.F.);
#1432=ORIENTED_EDGE('',*,*,#2850,.F.);
#1433=ORIENTED_EDGE('',*,*,#2852,.F.);
#1434=ORIENTED_EDGE('',*,*,#2854,.F.);
#1435=ORIENTED_EDGE('',*,*,#2856,.F.);
#1436=ORIENTED_EDGE('',*,*,#2858,.F.);
#1437=ORIENTED_EDGE('',*,*,#2860,.F.);
#1438=ORIENTED_EDGE('',*,*,#2862,.F.);
#1439=ORIENTED_EDGE('',*,*,#2863,.F.);
#1440=ORIENTED_EDGE('',*,*,#2508,.F.);
#1441=ORIENTED_EDGE('',*,*,#2864,.F.);
#1442=ORIENTED_EDGE('',*,*,#2865,.T.);
#1443=ORIENTED_EDGE('',*,*,#2866,.T.);
#1444=ORIENTED_EDGE('',*,*,#2507,.F.);
#1445=ORIENTED_EDGE('',*,*,#2867,.F.);
#1446=ORIENTED_EDGE('',*,*,#2868,.T.);
#1447=ORIENTED_EDGE('',*,*,#2864,.T.);
#1448=ORIENTED_EDGE('',*,*,#2531,.F.);
#1449=ORIENTED_EDGE('',*,*,#2869,.F.);
#1450=ORIENTED_EDGE('',*,*,#2870,.T.);
#1451=ORIENTED_EDGE('',*,*,#2867,.T.);
#1452=ORIENTED_EDGE('',*,*,#2530,.F.);
#1453=ORIENTED_EDGE('',*,*,#2871,.F.);
#1454=ORIENTED_EDGE('',*,*,#2872,.T.);
#1455=ORIENTED_EDGE('',*,*,#2869,.T.);
#1456=ORIENTED_EDGE('',*,*,#2529,.F.);
#1457=ORIENTED_EDGE('',*,*,#2873,.F.);
#1458=ORIENTED_EDGE('',*,*,#2874,.T.);
#1459=ORIENTED_EDGE('',*,*,#2871,.T.);
#1460=ORIENTED_EDGE('',*,*,#2528,.F.);
#1461=ORIENTED_EDGE('',*,*,#2875,.F.);
#1462=ORIENTED_EDGE('',*,*,#2876,.T.);
#1463=ORIENTED_EDGE('',*,*,#2873,.T.);
#1464=ORIENTED_EDGE('',*,*,#2527,.F.);
#1465=ORIENTED_EDGE('',*,*,#2877,.F.);
#1466=ORIENTED_EDGE('',*,*,#2878,.T.);
#1467=ORIENTED_EDGE('',*,*,#2875,.T.);
#1468=ORIENTED_EDGE('',*,*,#2526,.F.);
#1469=ORIENTED_EDGE('',*,*,#2879,.F.);
#1470=ORIENTED_EDGE('',*,*,#2880,.T.);
#1471=ORIENTED_EDGE('',*,*,#2877,.T.);
#1472=ORIENTED_EDGE('',*,*,#2525,.F.);
#1473=ORIENTED_EDGE('',*,*,#2881,.F.);
#1474=ORIENTED_EDGE('',*,*,#2882,.T.);
#1475=ORIENTED_EDGE('',*,*,#2879,.T.);
#1476=ORIENTED_EDGE('',*,*,#2524,.F.);
#1477=ORIENTED_EDGE('',*,*,#2883,.F.);
#1478=ORIENTED_EDGE('',*,*,#2884,.T.);
#1479=ORIENTED_EDGE('',*,*,#2881,.T.);
#1480=ORIENTED_EDGE('',*,*,#2523,.F.);
#1481=ORIENTED_EDGE('',*,*,#2885,.F.);
#1482=ORIENTED_EDGE('',*,*,#2886,.T.);
#1483=ORIENTED_EDGE('',*,*,#2883,.T.);
#1484=ORIENTED_EDGE('',*,*,#2522,.F.);
#1485=ORIENTED_EDGE('',*,*,#2887,.F.);
#1486=ORIENTED_EDGE('',*,*,#2888,.T.);
#1487=ORIENTED_EDGE('',*,*,#2885,.T.);
#1488=ORIENTED_EDGE('',*,*,#2521,.F.);
#1489=ORIENTED_EDGE('',*,*,#2889,.F.);
#1490=ORIENTED_EDGE('',*,*,#2890,.T.);
#1491=ORIENTED_EDGE('',*,*,#2887,.T.);
#1492=ORIENTED_EDGE('',*,*,#2520,.F.);
#1493=ORIENTED_EDGE('',*,*,#2891,.F.);
#1494=ORIENTED_EDGE('',*,*,#2892,.T.);
#1495=ORIENTED_EDGE('',*,*,#2889,.T.);
#1496=ORIENTED_EDGE('',*,*,#2519,.F.);
#1497=ORIENTED_EDGE('',*,*,#2893,.F.);
#1498=ORIENTED_EDGE('',*,*,#2894,.T.);
#1499=ORIENTED_EDGE('',*,*,#2891,.T.);
#1500=ORIENTED_EDGE('',*,*,#2518,.F.);
#1501=ORIENTED_EDGE('',*,*,#2895,.F.);
#1502=ORIENTED_EDGE('',*,*,#2896,.T.);
#1503=ORIENTED_EDGE('',*,*,#2893,.T.);
#1504=ORIENTED_EDGE('',*,*,#2517,.F.);
#1505=ORIENTED_EDGE('',*,*,#2897,.F.);
#1506=ORIENTED_EDGE('',*,*,#2898,.T.);
#1507=ORIENTED_EDGE('',*,*,#2895,.T.);
#1508=ORIENTED_EDGE('',*,*,#2516,.F.);
#1509=ORIENTED_EDGE('',*,*,#2899,.F.);
#1510=ORIENTED_EDGE('',*,*,#2900,.T.);
#1511=ORIENTED_EDGE('',*,*,#2897,.T.);
#1512=ORIENTED_EDGE('',*,*,#2515,.F.);
#1513=ORIENTED_EDGE('',*,*,#2901,.F.);
#1514=ORIENTED_EDGE('',*,*,#2902,.T.);
#1515=ORIENTED_EDGE('',*,*,#2899,.T.);
#1516=ORIENTED_EDGE('',*,*,#2514,.F.);
#1517=ORIENTED_EDGE('',*,*,#2903,.F.);
#1518=ORIENTED_EDGE('',*,*,#2904,.T.);
#1519=ORIENTED_EDGE('',*,*,#2901,.T.);
#1520=ORIENTED_EDGE('',*,*,#2513,.F.);
#1521=ORIENTED_EDGE('',*,*,#2905,.F.);
#1522=ORIENTED_EDGE('',*,*,#2906,.T.);
#1523=ORIENTED_EDGE('',*,*,#2903,.T.);
#1524=ORIENTED_EDGE('',*,*,#2512,.F.);
#1525=ORIENTED_EDGE('',*,*,#2907,.F.);
#1526=ORIENTED_EDGE('',*,*,#2908,.T.);
#1527=ORIENTED_EDGE('',*,*,#2905,.T.);
#1528=ORIENTED_EDGE('',*,*,#2511,.F.);
#1529=ORIENTED_EDGE('',*,*,#2909,.F.);
#1530=ORIENTED_EDGE('',*,*,#2910,.T.);
#1531=ORIENTED_EDGE('',*,*,#2907,.T.);
#1532=ORIENTED_EDGE('',*,*,#2510,.F.);
#1533=ORIENTED_EDGE('',*,*,#2911,.F.);
#1534=ORIENTED_EDGE('',*,*,#2912,.T.);
#1535=ORIENTED_EDGE('',*,*,#2909,.T.);
#1536=ORIENTED_EDGE('',*,*,#2509,.F.);
#1537=ORIENTED_EDGE('',*,*,#2866,.F.);
#1538=ORIENTED_EDGE('',*,*,#2913,.T.);
#1539=ORIENTED_EDGE('',*,*,#2911,.T.);
#1540=ORIENTED_EDGE('',*,*,#2865,.F.);
#1541=ORIENTED_EDGE('',*,*,#2868,.F.);
#1542=ORIENTED_EDGE('',*,*,#2870,.F.);
#1543=ORIENTED_EDGE('',*,*,#2872,.F.);
#1544=ORIENTED_EDGE('',*,*,#2874,.F.);
#1545=ORIENTED_EDGE('',*,*,#2876,.F.);
#1546=ORIENTED_EDGE('',*,*,#2878,.F.);
#1547=ORIENTED_EDGE('',*,*,#2880,.F.);
#1548=ORIENTED_EDGE('',*,*,#2882,.F.);
#1549=ORIENTED_EDGE('',*,*,#2884,.F.);
#1550=ORIENTED_EDGE('',*,*,#2886,.F.);
#1551=ORIENTED_EDGE('',*,*,#2888,.F.);
#1552=ORIENTED_EDGE('',*,*,#2890,.F.);
#1553=ORIENTED_EDGE('',*,*,#2892,.F.);
#1554=ORIENTED_EDGE('',*,*,#2894,.F.);
#1555=ORIENTED_EDGE('',*,*,#2896,.F.);
#1556=ORIENTED_EDGE('',*,*,#2898,.F.);
#1557=ORIENTED_EDGE('',*,*,#2900,.F.);
#1558=ORIENTED_EDGE('',*,*,#2902,.F.);
#1559=ORIENTED_EDGE('',*,*,#2904,.F.);
#1560=ORIENTED_EDGE('',*,*,#2906,.F.);
#1561=ORIENTED_EDGE('',*,*,#2908,.F.);
#1562=ORIENTED_EDGE('',*,*,#2910,.F.);
#1563=ORIENTED_EDGE('',*,*,#2912,.F.);
#1564=ORIENTED_EDGE('',*,*,#2913,.F.);
#1565=ORIENTED_EDGE('',*,*,#2533,.F.);
#1566=ORIENTED_EDGE('',*,*,#2914,.F.);
#1567=ORIENTED_EDGE('',*,*,#2915,.T.);
#1568=ORIENTED_EDGE('',*,*,#2916,.T.);
#1569=ORIENTED_EDGE('',*,*,#2532,.F.);
#1570=ORIENTED_EDGE('',*,*,#2917,.F.);
#1571=ORIENTED_EDGE('',*,*,#2918,.T.);
#1572=ORIENTED_EDGE('',*,*,#2914,.T.);
#1573=ORIENTED_EDGE('',*,*,#2548,.F.);
#1574=ORIENTED_EDGE('',*,*,#2919,.F.);
#1575=ORIENTED_EDGE('',*,*,#2920,.T.);
#1576=ORIENTED_EDGE('',*,*,#2917,.T.);
#1577=ORIENTED_EDGE('',*,*,#2547,.F.);
#1578=ORIENTED_EDGE('',*,*,#2921,.F.);
#1579=ORIENTED_EDGE('',*,*,#2922,.T.);
#1580=ORIENTED_EDGE('',*,*,#2919,.T.);
#1581=ORIENTED_EDGE('',*,*,#2546,.F.);
#1582=ORIENTED_EDGE('',*,*,#2923,.F.);
#1583=ORIENTED_EDGE('',*,*,#2924,.T.);
#1584=ORIENTED_EDGE('',*,*,#2921,.T.);
#1585=ORIENTED_EDGE('',*,*,#2545,.F.);
#1586=ORIENTED_EDGE('',*,*,#2925,.F.);
#1587=ORIENTED_EDGE('',*,*,#2926,.T.);
#1588=ORIENTED_EDGE('',*,*,#2923,.T.);
#1589=ORIENTED_EDGE('',*,*,#2544,.F.);
#1590=ORIENTED_EDGE('',*,*,#2927,.F.);
#1591=ORIENTED_EDGE('',*,*,#2928,.T.);
#1592=ORIENTED_EDGE('',*,*,#2925,.T.);
#1593=ORIENTED_EDGE('',*,*,#2543,.F.);
#1594=ORIENTED_EDGE('',*,*,#2929,.F.);
#1595=ORIENTED_EDGE('',*,*,#2930,.T.);
#1596=ORIENTED_EDGE('',*,*,#2927,.T.);
#1597=ORIENTED_EDGE('',*,*,#2542,.F.);
#1598=ORIENTED_EDGE('',*,*,#2931,.F.);
#1599=ORIENTED_EDGE('',*,*,#2932,.T.);
#1600=ORIENTED_EDGE('',*,*,#2929,.T.);
#1601=ORIENTED_EDGE('',*,*,#2541,.F.);
#1602=ORIENTED_EDGE('',*,*,#2933,.F.);
#1603=ORIENTED_EDGE('',*,*,#2934,.T.);
#1604=ORIENTED_EDGE('',*,*,#2931,.T.);
#1605=ORIENTED_EDGE('',*,*,#2540,.F.);
#1606=ORIENTED_EDGE('',*,*,#2935,.F.);
#1607=ORIENTED_EDGE('',*,*,#2936,.T.);
#1608=ORIENTED_EDGE('',*,*,#2933,.T.);
#1609=ORIENTED_EDGE('',*,*,#2539,.F.);
#1610=ORIENTED_EDGE('',*,*,#2937,.F.);
#1611=ORIENTED_EDGE('',*,*,#2938,.T.);
#1612=ORIENTED_EDGE('',*,*,#2935,.T.);
#1613=ORIENTED_EDGE('',*,*,#2538,.F.);
#1614=ORIENTED_EDGE('',*,*,#2939,.F.);
#1615=ORIENTED_EDGE('',*,*,#2940,.T.);
#1616=ORIENTED_EDGE('',*,*,#2937,.T.);
#1617=ORIENTED_EDGE('',*,*,#2537,.F.);
#1618=ORIENTED_EDGE('',*,*,#2941,.F.);
#1619=ORIENTED_EDGE('',*,*,#2942,.T.);
#1620=ORIENTED_EDGE('',*,*,#2939,.T.);
#1621=ORIENTED_EDGE('',*,*,#2536,.F.);
#1622=ORIENTED_EDGE('',*,*,#2943,.F.);
#1623=ORIENTED_EDGE('',*,*,#2944,.T.);
#1624=ORIENTED_EDGE('',*,*,#2941,.T.);
#1625=ORIENTED_EDGE('',*,*,#2535,.F.);
#1626=ORIENTED_EDGE('',*,*,#2945,.F.);
#1627=ORIENTED_EDGE('',*,*,#2946,.T.);
#1628=ORIENTED_EDGE('',*,*,#2943,.T.);
#1629=ORIENTED_EDGE('',*,*,#2534,.F.);
#1630=ORIENTED_EDGE('',*,*,#2916,.F.);
#1631=ORIENTED_EDGE('',*,*,#2947,.T.);
#1632=ORIENTED_EDGE('',*,*,#2945,.T.);
#1633=ORIENTED_EDGE('',*,*,#2915,.F.);
#1634=ORIENTED_EDGE('',*,*,#2918,.F.);
#1635=ORIENTED_EDGE('',*,*,#2920,.F.);
#1636=ORIENTED_EDGE('',*,*,#2922,.F.);
#1637=ORIENTED_EDGE('',*,*,#2924,.F.);
#1638=ORIENTED_EDGE('',*,*,#2926,.F.);
#1639=ORIENTED_EDGE('',*,*,#2928,.F.);
#1640=ORIENTED_EDGE('',*,*,#2930,.F.);
#1641=ORIENTED_EDGE('',*,*,#2932,.F.);
#1642=ORIENTED_EDGE('',*,*,#2934,.F.);
#1643=ORIENTED_EDGE('',*,*,#2936,.F.);
#1644=ORIENTED_EDGE('',*,*,#2938,.F.);
#1645=ORIENTED_EDGE('',*,*,#2940,.F.);
#1646=ORIENTED_EDGE('',*,*,#2942,.F.);
#1647=ORIENTED_EDGE('',*,*,#2944,.F.);
#1648=ORIENTED_EDGE('',*,*,#2946,.F.);
#1649=ORIENTED_EDGE('',*,*,#2947,.F.);
#1650=ORIENTED_EDGE('',*,*,#2550,.F.);
#1651=ORIENTED_EDGE('',*,*,#2948,.F.);
#1652=ORIENTED_EDGE('',*,*,#2949,.T.);
#1653=ORIENTED_EDGE('',*,*,#2950,.T.);
#1654=ORIENTED_EDGE('',*,*,#2549,.F.);
#1655=ORIENTED_EDGE('',*,*,#2951,.F.);
#1656=ORIENTED_EDGE('',*,*,#2952,.T.);
#1657=ORIENTED_EDGE('',*,*,#2948,.T.);
#1658=ORIENTED_EDGE('',*,*,#2571,.F.);
#1659=ORIENTED_EDGE('',*,*,#2953,.F.);
#1660=ORIENTED_EDGE('',*,*,#2954,.T.);
#1661=ORIENTED_EDGE('',*,*,#2951,.T.);
#1662=ORIENTED_EDGE('',*,*,#2570,.F.);
#1663=ORIENTED_EDGE('',*,*,#2955,.F.);
#1664=ORIENTED_EDGE('',*,*,#2956,.T.);
#1665=ORIENTED_EDGE('',*,*,#2953,.T.);
#1666=ORIENTED_EDGE('',*,*,#2569,.F.);
#1667=ORIENTED_EDGE('',*,*,#2957,.F.);
#1668=ORIENTED_EDGE('',*,*,#2958,.T.);
#1669=ORIENTED_EDGE('',*,*,#2955,.T.);
#1670=ORIENTED_EDGE('',*,*,#2568,.F.);
#1671=ORIENTED_EDGE('',*,*,#2959,.F.);
#1672=ORIENTED_EDGE('',*,*,#2960,.T.);
#1673=ORIENTED_EDGE('',*,*,#2957,.T.);
#1674=ORIENTED_EDGE('',*,*,#2567,.F.);
#1675=ORIENTED_EDGE('',*,*,#2961,.F.);
#1676=ORIENTED_EDGE('',*,*,#2962,.T.);
#1677=ORIENTED_EDGE('',*,*,#2959,.T.);
#1678=ORIENTED_EDGE('',*,*,#2566,.F.);
#1679=ORIENTED_EDGE('',*,*,#2963,.F.);
#1680=ORIENTED_EDGE('',*,*,#2964,.T.);
#1681=ORIENTED_EDGE('',*,*,#2961,.T.);
#1682=ORIENTED_EDGE('',*,*,#2565,.F.);
#1683=ORIENTED_EDGE('',*,*,#2965,.F.);
#1684=ORIENTED_EDGE('',*,*,#2966,.T.);
#1685=ORIENTED_EDGE('',*,*,#2963,.T.);
#1686=ORIENTED_EDGE('',*,*,#2564,.F.);
#1687=ORIENTED_EDGE('',*,*,#2967,.F.);
#1688=ORIENTED_EDGE('',*,*,#2968,.T.);
#1689=ORIENTED_EDGE('',*,*,#2965,.T.);
#1690=ORIENTED_EDGE('',*,*,#2563,.F.);
#1691=ORIENTED_EDGE('',*,*,#2969,.F.);
#1692=ORIENTED_EDGE('',*,*,#2970,.T.);
#1693=ORIENTED_EDGE('',*,*,#2967,.T.);
#1694=ORIENTED_EDGE('',*,*,#2562,.F.);
#1695=ORIENTED_EDGE('',*,*,#2971,.F.);
#1696=ORIENTED_EDGE('',*,*,#2972,.T.);
#1697=ORIENTED_EDGE('',*,*,#2969,.T.);
#1698=ORIENTED_EDGE('',*,*,#2561,.F.);
#1699=ORIENTED_EDGE('',*,*,#2973,.F.);
#1700=ORIENTED_EDGE('',*,*,#2974,.T.);
#1701=ORIENTED_EDGE('',*,*,#2971,.T.);
#1702=ORIENTED_EDGE('',*,*,#2560,.F.);
#1703=ORIENTED_EDGE('',*,*,#2975,.F.);
#1704=ORIENTED_EDGE('',*,*,#2976,.T.);
#1705=ORIENTED_EDGE('',*,*,#2973,.T.);
#1706=ORIENTED_EDGE('',*,*,#2559,.F.);
#1707=ORIENTED_EDGE('',*,*,#2977,.F.);
#1708=ORIENTED_EDGE('',*,*,#2978,.T.);
#1709=ORIENTED_EDGE('',*,*,#2975,.T.);
#1710=ORIENTED_EDGE('',*,*,#2558,.F.);
#1711=ORIENTED_EDGE('',*,*,#2979,.F.);
#1712=ORIENTED_EDGE('',*,*,#2980,.T.);
#1713=ORIENTED_EDGE('',*,*,#2977,.T.);
#1714=ORIENTED_EDGE('',*,*,#2557,.F.);
#1715=ORIENTED_EDGE('',*,*,#2981,.F.);
#1716=ORIENTED_EDGE('',*,*,#2982,.T.);
#1717=ORIENTED_EDGE('',*,*,#2979,.T.);
#1718=ORIENTED_EDGE('',*,*,#2556,.F.);
#1719=ORIENTED_EDGE('',*,*,#2983,.F.);
#1720=ORIENTED_EDGE('',*,*,#2984,.T.);
#1721=ORIENTED_EDGE('',*,*,#2981,.T.);
#1722=ORIENTED_EDGE('',*,*,#2555,.F.);
#1723=ORIENTED_EDGE('',*,*,#2985,.F.);
#1724=ORIENTED_EDGE('',*,*,#2986,.T.);
#1725=ORIENTED_EDGE('',*,*,#2983,.T.);
#1726=ORIENTED_EDGE('',*,*,#2554,.F.);
#1727=ORIENTED_EDGE('',*,*,#2987,.F.);
#1728=ORIENTED_EDGE('',*,*,#2988,.T.);
#1729=ORIENTED_EDGE('',*,*,#2985,.T.);
#1730=ORIENTED_EDGE('',*,*,#2553,.F.);
#1731=ORIENTED_EDGE('',*,*,#2989,.F.);
#1732=ORIENTED_EDGE('',*,*,#2990,.T.);
#1733=ORIENTED_EDGE('',*,*,#2987,.T.);
#1734=ORIENTED_EDGE('',*,*,#2552,.F.);
#1735=ORIENTED_EDGE('',*,*,#2991,.F.);
#1736=ORIENTED_EDGE('',*,*,#2992,.T.);
#1737=ORIENTED_EDGE('',*,*,#2989,.T.);
#1738=ORIENTED_EDGE('',*,*,#2551,.F.);
#1739=ORIENTED_EDGE('',*,*,#2950,.F.);
#1740=ORIENTED_EDGE('',*,*,#2993,.T.);
#1741=ORIENTED_EDGE('',*,*,#2991,.T.);
#1742=ORIENTED_EDGE('',*,*,#2949,.F.);
#1743=ORIENTED_EDGE('',*,*,#2952,.F.);
#1744=ORIENTED_EDGE('',*,*,#2954,.F.);
#1745=ORIENTED_EDGE('',*,*,#2956,.F.);
#1746=ORIENTED_EDGE('',*,*,#2958,.F.);
#1747=ORIENTED_EDGE('',*,*,#2960,.F.);
#1748=ORIENTED_EDGE('',*,*,#2962,.F.);
#1749=ORIENTED_EDGE('',*,*,#2964,.F.);
#1750=ORIENTED_EDGE('',*,*,#2966,.F.);
#1751=ORIENTED_EDGE('',*,*,#2968,.F.);
#1752=ORIENTED_EDGE('',*,*,#2970,.F.);
#1753=ORIENTED_EDGE('',*,*,#2972,.F.);
#1754=ORIENTED_EDGE('',*,*,#2974,.F.);
#1755=ORIENTED_EDGE('',*,*,#2976,.F.);
#1756=ORIENTED_EDGE('',*,*,#2978,.F.);
#1757=ORIENTED_EDGE('',*,*,#2980,.F.);
#1758=ORIENTED_EDGE('',*,*,#2982,.F.);
#1759=ORIENTED_EDGE('',*,*,#2984,.F.);
#1760=ORIENTED_EDGE('',*,*,#2986,.F.);
#1761=ORIENTED_EDGE('',*,*,#2988,.F.);
#1762=ORIENTED_EDGE('',*,*,#2990,.F.);
#1763=ORIENTED_EDGE('',*,*,#2992,.F.);
#1764=ORIENTED_EDGE('',*,*,#2993,.F.);
#1765=ORIENTED_EDGE('',*,*,#2994,.F.);
#1766=ORIENTED_EDGE('',*,*,#2995,.F.);
#1767=ORIENTED_EDGE('',*,*,#2996,.T.);
#1768=ORIENTED_EDGE('',*,*,#2997,.T.);
#1769=ORIENTED_EDGE('',*,*,#2998,.F.);
#1770=ORIENTED_EDGE('',*,*,#2999,.F.);
#1771=ORIENTED_EDGE('',*,*,#3000,.T.);
#1772=ORIENTED_EDGE('',*,*,#2995,.T.);
#1773=ORIENTED_EDGE('',*,*,#3001,.F.);
#1774=ORIENTED_EDGE('',*,*,#3002,.F.);
#1775=ORIENTED_EDGE('',*,*,#3003,.T.);
#1776=ORIENTED_EDGE('',*,*,#2999,.T.);
#1777=ORIENTED_EDGE('',*,*,#3004,.F.);
#1778=ORIENTED_EDGE('',*,*,#3005,.F.);
#1779=ORIENTED_EDGE('',*,*,#3006,.T.);
#1780=ORIENTED_EDGE('',*,*,#3002,.T.);
#1781=ORIENTED_EDGE('',*,*,#3007,.F.);
#1782=ORIENTED_EDGE('',*,*,#3008,.F.);
#1783=ORIENTED_EDGE('',*,*,#3009,.T.);
#1784=ORIENTED_EDGE('',*,*,#3005,.T.);
#1785=ORIENTED_EDGE('',*,*,#3010,.F.);
#1786=ORIENTED_EDGE('',*,*,#3011,.F.);
#1787=ORIENTED_EDGE('',*,*,#3012,.T.);
#1788=ORIENTED_EDGE('',*,*,#3008,.T.);
#1789=ORIENTED_EDGE('',*,*,#3013,.F.);
#1790=ORIENTED_EDGE('',*,*,#3014,.F.);
#1791=ORIENTED_EDGE('',*,*,#3015,.T.);
#1792=ORIENTED_EDGE('',*,*,#3011,.T.);
#1793=ORIENTED_EDGE('',*,*,#2393,.F.);
#1794=ORIENTED_EDGE('',*,*,#3016,.F.);
#1795=ORIENTED_EDGE('',*,*,#3017,.T.);
#1796=ORIENTED_EDGE('',*,*,#3018,.T.);
#1797=ORIENTED_EDGE('',*,*,#2392,.F.);
#1798=ORIENTED_EDGE('',*,*,#3019,.F.);
#1799=ORIENTED_EDGE('',*,*,#3020,.T.);
#1800=ORIENTED_EDGE('',*,*,#3016,.T.);
#1801=ORIENTED_EDGE('',*,*,#2400,.F.);
#1802=ORIENTED_EDGE('',*,*,#3021,.F.);
#1803=ORIENTED_EDGE('',*,*,#3022,.T.);
#1804=ORIENTED_EDGE('',*,*,#3019,.T.);
#1805=ORIENTED_EDGE('',*,*,#2399,.F.);
#1806=ORIENTED_EDGE('',*,*,#3023,.F.);
#1807=ORIENTED_EDGE('',*,*,#3024,.T.);
#1808=ORIENTED_EDGE('',*,*,#3021,.T.);
#1809=ORIENTED_EDGE('',*,*,#2398,.F.);
#1810=ORIENTED_EDGE('',*,*,#3025,.F.);
#1811=ORIENTED_EDGE('',*,*,#3026,.T.);
#1812=ORIENTED_EDGE('',*,*,#3023,.T.);
#1813=ORIENTED_EDGE('',*,*,#2397,.F.);
#1814=ORIENTED_EDGE('',*,*,#3027,.F.);
#1815=ORIENTED_EDGE('',*,*,#3028,.T.);
#1816=ORIENTED_EDGE('',*,*,#3025,.T.);
#1817=ORIENTED_EDGE('',*,*,#2396,.F.);
#1818=ORIENTED_EDGE('',*,*,#3029,.F.);
#1819=ORIENTED_EDGE('',*,*,#3030,.T.);
#1820=ORIENTED_EDGE('',*,*,#3027,.T.);
#1821=ORIENTED_EDGE('',*,*,#2395,.F.);
#1822=ORIENTED_EDGE('',*,*,#3031,.F.);
#1823=ORIENTED_EDGE('',*,*,#3032,.T.);
#1824=ORIENTED_EDGE('',*,*,#3029,.T.);
#1825=ORIENTED_EDGE('',*,*,#2394,.F.);
#1826=ORIENTED_EDGE('',*,*,#3018,.F.);
#1827=ORIENTED_EDGE('',*,*,#3033,.T.);
#1828=ORIENTED_EDGE('',*,*,#3031,.T.);
#1829=ORIENTED_EDGE('',*,*,#3034,.F.);
#1830=ORIENTED_EDGE('',*,*,#2997,.F.);
#1831=ORIENTED_EDGE('',*,*,#3035,.T.);
#1832=ORIENTED_EDGE('',*,*,#3014,.T.);
#1833=ORIENTED_EDGE('',*,*,#3017,.F.);
#1834=ORIENTED_EDGE('',*,*,#3020,.F.);
#1835=ORIENTED_EDGE('',*,*,#3022,.F.);
#1836=ORIENTED_EDGE('',*,*,#3024,.F.);
#1837=ORIENTED_EDGE('',*,*,#3026,.F.);
#1838=ORIENTED_EDGE('',*,*,#3028,.F.);
#1839=ORIENTED_EDGE('',*,*,#3030,.F.);
#1840=ORIENTED_EDGE('',*,*,#3032,.F.);
#1841=ORIENTED_EDGE('',*,*,#3033,.F.);
#1842=ORIENTED_EDGE('',*,*,#2996,.F.);
#1843=ORIENTED_EDGE('',*,*,#3000,.F.);
#1844=ORIENTED_EDGE('',*,*,#3003,.F.);
#1845=ORIENTED_EDGE('',*,*,#3006,.F.);
#1846=ORIENTED_EDGE('',*,*,#3009,.F.);
#1847=ORIENTED_EDGE('',*,*,#3012,.F.);
#1848=ORIENTED_EDGE('',*,*,#3015,.F.);
#1849=ORIENTED_EDGE('',*,*,#3035,.F.);
#1850=ORIENTED_EDGE('',*,*,#3036,.F.);
#1851=ORIENTED_EDGE('',*,*,#3037,.F.);
#1852=ORIENTED_EDGE('',*,*,#3038,.T.);
#1853=ORIENTED_EDGE('',*,*,#3039,.T.);
#1854=ORIENTED_EDGE('',*,*,#3040,.F.);
#1855=ORIENTED_EDGE('',*,*,#3041,.F.);
#1856=ORIENTED_EDGE('',*,*,#3042,.T.);
#1857=ORIENTED_EDGE('',*,*,#3037,.T.);
#1858=ORIENTED_EDGE('',*,*,#3043,.F.);
#1859=ORIENTED_EDGE('',*,*,#3044,.F.);
#1860=ORIENTED_EDGE('',*,*,#3045,.T.);
#1861=ORIENTED_EDGE('',*,*,#3041,.T.);
#1862=ORIENTED_EDGE('',*,*,#3046,.F.);
#1863=ORIENTED_EDGE('',*,*,#3047,.F.);
#1864=ORIENTED_EDGE('',*,*,#3048,.T.);
#1865=ORIENTED_EDGE('',*,*,#3044,.T.);
#1866=ORIENTED_EDGE('',*,*,#3049,.F.);
#1867=ORIENTED_EDGE('',*,*,#3050,.F.);
#1868=ORIENTED_EDGE('',*,*,#3051,.T.);
#1869=ORIENTED_EDGE('',*,*,#3047,.T.);
#1870=ORIENTED_EDGE('',*,*,#3052,.F.);
#1871=ORIENTED_EDGE('',*,*,#3053,.F.);
#1872=ORIENTED_EDGE('',*,*,#3054,.T.);
#1873=ORIENTED_EDGE('',*,*,#3050,.T.);
#1874=ORIENTED_EDGE('',*,*,#2573,.F.);
#1875=ORIENTED_EDGE('',*,*,#3055,.F.);
#1876=ORIENTED_EDGE('',*,*,#3056,.T.);
#1877=ORIENTED_EDGE('',*,*,#3057,.T.);
#1878=ORIENTED_EDGE('',*,*,#2572,.F.);
#1879=ORIENTED_EDGE('',*,*,#3058,.F.);
#1880=ORIENTED_EDGE('',*,*,#3059,.T.);
#1881=ORIENTED_EDGE('',*,*,#3055,.T.);
#1882=ORIENTED_EDGE('',*,*,#2578,.F.);
#1883=ORIENTED_EDGE('',*,*,#3060,.F.);
#1884=ORIENTED_EDGE('',*,*,#3061,.T.);
#1885=ORIENTED_EDGE('',*,*,#3058,.T.);
#1886=ORIENTED_EDGE('',*,*,#2577,.F.);
#1887=ORIENTED_EDGE('',*,*,#3062,.F.);
#1888=ORIENTED_EDGE('',*,*,#3063,.T.);
#1889=ORIENTED_EDGE('',*,*,#3060,.T.);
#1890=ORIENTED_EDGE('',*,*,#2576,.F.);
#1891=ORIENTED_EDGE('',*,*,#3064,.F.);
#1892=ORIENTED_EDGE('',*,*,#3065,.T.);
#1893=ORIENTED_EDGE('',*,*,#3062,.T.);
#1894=ORIENTED_EDGE('',*,*,#2575,.F.);
#1895=ORIENTED_EDGE('',*,*,#3066,.F.);
#1896=ORIENTED_EDGE('',*,*,#3067,.T.);
#1897=ORIENTED_EDGE('',*,*,#3064,.T.);
#1898=ORIENTED_EDGE('',*,*,#2574,.F.);
#1899=ORIENTED_EDGE('',*,*,#3057,.F.);
#1900=ORIENTED_EDGE('',*,*,#3068,.T.);
#1901=ORIENTED_EDGE('',*,*,#3066,.T.);
#1902=ORIENTED_EDGE('',*,*,#3069,.F.);
#1903=ORIENTED_EDGE('',*,*,#3039,.F.);
#1904=ORIENTED_EDGE('',*,*,#3070,.T.);
#1905=ORIENTED_EDGE('',*,*,#3053,.T.);
#1906=ORIENTED_EDGE('',*,*,#3056,.F.);
#1907=ORIENTED_EDGE('',*,*,#3059,.F.);
#1908=ORIENTED_EDGE('',*,*,#3061,.F.);
#1909=ORIENTED_EDGE('',*,*,#3063,.F.);
#1910=ORIENTED_EDGE('',*,*,#3065,.F.);
#1911=ORIENTED_EDGE('',*,*,#3067,.F.);
#1912=ORIENTED_EDGE('',*,*,#3068,.F.);
#1913=ORIENTED_EDGE('',*,*,#3038,.F.);
#1914=ORIENTED_EDGE('',*,*,#3042,.F.);
#1915=ORIENTED_EDGE('',*,*,#3045,.F.);
#1916=ORIENTED_EDGE('',*,*,#3048,.F.);
#1917=ORIENTED_EDGE('',*,*,#3051,.F.);
#1918=ORIENTED_EDGE('',*,*,#3054,.F.);
#1919=ORIENTED_EDGE('',*,*,#3070,.F.);
#1920=ORIENTED_EDGE('',*,*,#3071,.F.);
#1921=ORIENTED_EDGE('',*,*,#3072,.F.);
#1922=ORIENTED_EDGE('',*,*,#3073,.T.);
#1923=ORIENTED_EDGE('',*,*,#3074,.T.);
#1924=ORIENTED_EDGE('',*,*,#3075,.F.);
#1925=ORIENTED_EDGE('',*,*,#3076,.F.);
#1926=ORIENTED_EDGE('',*,*,#3077,.T.);
#1927=ORIENTED_EDGE('',*,*,#3072,.T.);
#1928=ORIENTED_EDGE('',*,*,#3078,.F.);
#1929=ORIENTED_EDGE('',*,*,#3079,.F.);
#1930=ORIENTED_EDGE('',*,*,#3080,.T.);
#1931=ORIENTED_EDGE('',*,*,#3076,.T.);
#1932=ORIENTED_EDGE('',*,*,#3081,.F.);
#1933=ORIENTED_EDGE('',*,*,#3082,.F.);
#1934=ORIENTED_EDGE('',*,*,#3083,.T.);
#1935=ORIENTED_EDGE('',*,*,#3079,.T.);
#1936=ORIENTED_EDGE('',*,*,#3084,.F.);
#1937=ORIENTED_EDGE('',*,*,#3085,.F.);
#1938=ORIENTED_EDGE('',*,*,#3086,.T.);
#1939=ORIENTED_EDGE('',*,*,#3082,.T.);
#1940=ORIENTED_EDGE('',*,*,#3087,.F.);
#1941=ORIENTED_EDGE('',*,*,#3088,.F.);
#1942=ORIENTED_EDGE('',*,*,#3089,.T.);
#1943=ORIENTED_EDGE('',*,*,#3085,.T.);
#1944=ORIENTED_EDGE('',*,*,#3090,.F.);
#1945=ORIENTED_EDGE('',*,*,#3091,.F.);
#1946=ORIENTED_EDGE('',*,*,#3092,.T.);
#1947=ORIENTED_EDGE('',*,*,#3088,.T.);
#1948=ORIENTED_EDGE('',*,*,#3093,.F.);
#1949=ORIENTED_EDGE('',*,*,#3094,.F.);
#1950=ORIENTED_EDGE('',*,*,#3095,.T.);
#1951=ORIENTED_EDGE('',*,*,#3091,.T.);
#1952=ORIENTED_EDGE('',*,*,#2377,.F.);
#1953=ORIENTED_EDGE('',*,*,#3096,.F.);
#1954=ORIENTED_EDGE('',*,*,#3097,.T.);
#1955=ORIENTED_EDGE('',*,*,#3098,.T.);
#1956=ORIENTED_EDGE('',*,*,#2376,.F.);
#1957=ORIENTED_EDGE('',*,*,#3099,.F.);
#1958=ORIENTED_EDGE('',*,*,#3100,.T.);
#1959=ORIENTED_EDGE('',*,*,#3096,.T.);
#1960=ORIENTED_EDGE('',*,*,#2391,.F.);
#1961=ORIENTED_EDGE('',*,*,#3101,.F.);
#1962=ORIENTED_EDGE('',*,*,#3102,.T.);
#1963=ORIENTED_EDGE('',*,*,#3099,.T.);
#1964=ORIENTED_EDGE('',*,*,#2390,.F.);
#1965=ORIENTED_EDGE('',*,*,#3103,.F.);
#1966=ORIENTED_EDGE('',*,*,#3104,.T.);
#1967=ORIENTED_EDGE('',*,*,#3101,.T.);
#1968=ORIENTED_EDGE('',*,*,#2389,.F.);
#1969=ORIENTED_EDGE('',*,*,#3105,.F.);
#1970=ORIENTED_EDGE('',*,*,#3106,.T.);
#1971=ORIENTED_EDGE('',*,*,#3103,.T.);
#1972=ORIENTED_EDGE('',*,*,#2388,.F.);
#1973=ORIENTED_EDGE('',*,*,#3107,.F.);
#1974=ORIENTED_EDGE('',*,*,#3108,.T.);
#1975=ORIENTED_EDGE('',*,*,#3105,.T.);
#1976=ORIENTED_EDGE('',*,*,#2387,.F.);
#1977=ORIENTED_EDGE('',*,*,#3109,.F.);
#1978=ORIENTED_EDGE('',*,*,#3110,.T.);
#1979=ORIENTED_EDGE('',*,*,#3107,.T.);
#1980=ORIENTED_EDGE('',*,*,#2386,.F.);
#1981=ORIENTED_EDGE('',*,*,#3111,.F.);
#1982=ORIENTED_EDGE('',*,*,#3112,.T.);
#1983=ORIENTED_EDGE('',*,*,#3109,.T.);
#1984=ORIENTED_EDGE('',*,*,#2385,.F.);
#1985=ORIENTED_EDGE('',*,*,#3113,.F.);
#1986=ORIENTED_EDGE('',*,*,#3114,.T.);
#1987=ORIENTED_EDGE('',*,*,#3111,.T.);
#1988=ORIENTED_EDGE('',*,*,#2384,.F.);
#1989=ORIENTED_EDGE('',*,*,#3115,.F.);
#1990=ORIENTED_EDGE('',*,*,#3116,.T.);
#1991=ORIENTED_EDGE('',*,*,#3113,.T.);
#1992=ORIENTED_EDGE('',*,*,#2383,.F.);
#1993=ORIENTED_EDGE('',*,*,#3117,.F.);
#1994=ORIENTED_EDGE('',*,*,#3118,.T.);
#1995=ORIENTED_EDGE('',*,*,#3115,.T.);
#1996=ORIENTED_EDGE('',*,*,#2382,.F.);
#1997=ORIENTED_EDGE('',*,*,#3119,.F.);
#1998=ORIENTED_EDGE('',*,*,#3120,.T.);
#1999=ORIENTED_EDGE('',*,*,#3117,.T.);
#2000=ORIENTED_EDGE('',*,*,#2381,.F.);
#2001=ORIENTED_EDGE('',*,*,#3121,.F.);
#2002=ORIENTED_EDGE('',*,*,#3122,.T.);
#2003=ORIENTED_EDGE('',*,*,#3119,.T.);
#2004=ORIENTED_EDGE('',*,*,#2380,.F.);
#2005=ORIENTED_EDGE('',*,*,#3123,.F.);
#2006=ORIENTED_EDGE('',*,*,#3124,.T.);
#2007=ORIENTED_EDGE('',*,*,#3121,.T.);
#2008=ORIENTED_EDGE('',*,*,#2379,.F.);
#2009=ORIENTED_EDGE('',*,*,#3125,.F.);
#2010=ORIENTED_EDGE('',*,*,#3126,.T.);
#2011=ORIENTED_EDGE('',*,*,#3123,.T.);
#2012=ORIENTED_EDGE('',*,*,#2378,.F.);
#2013=ORIENTED_EDGE('',*,*,#3098,.F.);
#2014=ORIENTED_EDGE('',*,*,#3127,.T.);
#2015=ORIENTED_EDGE('',*,*,#3125,.T.);
#2016=ORIENTED_EDGE('',*,*,#3128,.F.);
#2017=ORIENTED_EDGE('',*,*,#3074,.F.);
#2018=ORIENTED_EDGE('',*,*,#3129,.T.);
#2019=ORIENTED_EDGE('',*,*,#3094,.T.);
#2020=ORIENTED_EDGE('',*,*,#3097,.F.);
#2021=ORIENTED_EDGE('',*,*,#3100,.F.);
#2022=ORIENTED_EDGE('',*,*,#3102,.F.);
#2023=ORIENTED_EDGE('',*,*,#3104,.F.);
#2024=ORIENTED_EDGE('',*,*,#3106,.F.);
#2025=ORIENTED_EDGE('',*,*,#3108,.F.);
#2026=ORIENTED_EDGE('',*,*,#3110,.F.);
#2027=ORIENTED_EDGE('',*,*,#3112,.F.);
#2028=ORIENTED_EDGE('',*,*,#3114,.F.);
#2029=ORIENTED_EDGE('',*,*,#3116,.F.);
#2030=ORIENTED_EDGE('',*,*,#3118,.F.);
#2031=ORIENTED_EDGE('',*,*,#3120,.F.);
#2032=ORIENTED_EDGE('',*,*,#3122,.F.);
#2033=ORIENTED_EDGE('',*,*,#3124,.F.);
#2034=ORIENTED_EDGE('',*,*,#3126,.F.);
#2035=ORIENTED_EDGE('',*,*,#3127,.F.);
#2036=ORIENTED_EDGE('',*,*,#3073,.F.);
#2037=ORIENTED_EDGE('',*,*,#3077,.F.);
#2038=ORIENTED_EDGE('',*,*,#3080,.F.);
#2039=ORIENTED_EDGE('',*,*,#3083,.F.);
#2040=ORIENTED_EDGE('',*,*,#3086,.F.);
#2041=ORIENTED_EDGE('',*,*,#3089,.F.);
#2042=ORIENTED_EDGE('',*,*,#3092,.F.);
#2043=ORIENTED_EDGE('',*,*,#3095,.F.);
#2044=ORIENTED_EDGE('',*,*,#3129,.F.);
#2045=ORIENTED_EDGE('',*,*,#2363,.F.);
#2046=ORIENTED_EDGE('',*,*,#3130,.F.);
#2047=ORIENTED_EDGE('',*,*,#3131,.T.);
#2048=ORIENTED_EDGE('',*,*,#3132,.T.);
#2049=ORIENTED_EDGE('',*,*,#2362,.F.);
#2050=ORIENTED_EDGE('',*,*,#3133,.F.);
#2051=ORIENTED_EDGE('',*,*,#3134,.T.);
#2052=ORIENTED_EDGE('',*,*,#3130,.T.);
#2053=ORIENTED_EDGE('',*,*,#2375,.F.);
#2054=ORIENTED_EDGE('',*,*,#3135,.F.);
#2055=ORIENTED_EDGE('',*,*,#3136,.T.);
#2056=ORIENTED_EDGE('',*,*,#3133,.T.);
#2057=ORIENTED_EDGE('',*,*,#2374,.F.);
#2058=ORIENTED_EDGE('',*,*,#3137,.F.);
#2059=ORIENTED_EDGE('',*,*,#3138,.T.);
#2060=ORIENTED_EDGE('',*,*,#3135,.T.);
#2061=ORIENTED_EDGE('',*,*,#2373,.F.);
#2062=ORIENTED_EDGE('',*,*,#3139,.F.);
#2063=ORIENTED_EDGE('',*,*,#3140,.T.);
#2064=ORIENTED_EDGE('',*,*,#3137,.T.);
#2065=ORIENTED_EDGE('',*,*,#2372,.F.);
#2066=ORIENTED_EDGE('',*,*,#3141,.F.);
#2067=ORIENTED_EDGE('',*,*,#3142,.T.);
#2068=ORIENTED_EDGE('',*,*,#3139,.T.);
#2069=ORIENTED_EDGE('',*,*,#2371,.F.);
#2070=ORIENTED_EDGE('',*,*,#3143,.F.);
#2071=ORIENTED_EDGE('',*,*,#3144,.T.);
#2072=ORIENTED_EDGE('',*,*,#3141,.T.);
#2073=ORIENTED_EDGE('',*,*,#2370,.F.);
#2074=ORIENTED_EDGE('',*,*,#3145,.F.);
#2075=ORIENTED_EDGE('',*,*,#3146,.T.);
#2076=ORIENTED_EDGE('',*,*,#3143,.T.);
#2077=ORIENTED_EDGE('',*,*,#2369,.F.);
#2078=ORIENTED_EDGE('',*,*,#3147,.F.);
#2079=ORIENTED_EDGE('',*,*,#3148,.T.);
#2080=ORIENTED_EDGE('',*,*,#3145,.T.);
#2081=ORIENTED_EDGE('',*,*,#2368,.F.);
#2082=ORIENTED_EDGE('',*,*,#3149,.F.);
#2083=ORIENTED_EDGE('',*,*,#3150,.T.);
#2084=ORIENTED_EDGE('',*,*,#3147,.T.);
#2085=ORIENTED_EDGE('',*,*,#2367,.F.);
#2086=ORIENTED_EDGE('',*,*,#3151,.F.);
#2087=ORIENTED_EDGE('',*,*,#3152,.T.);
#2088=ORIENTED_EDGE('',*,*,#3149,.T.);
#2089=ORIENTED_EDGE('',*,*,#2366,.F.);
#2090=ORIENTED_EDGE('',*,*,#3153,.F.);
#2091=ORIENTED_EDGE('',*,*,#3154,.T.);
#2092=ORIENTED_EDGE('',*,*,#3151,.T.);
#2093=ORIENTED_EDGE('',*,*,#2365,.F.);
#2094=ORIENTED_EDGE('',*,*,#3155,.F.);
#2095=ORIENTED_EDGE('',*,*,#3156,.T.);
#2096=ORIENTED_EDGE('',*,*,#3153,.T.);
#2097=ORIENTED_EDGE('',*,*,#2364,.F.);
#2098=ORIENTED_EDGE('',*,*,#3132,.F.);
#2099=ORIENTED_EDGE('',*,*,#3157,.T.);
#2100=ORIENTED_EDGE('',*,*,#3155,.T.);
#2101=ORIENTED_EDGE('',*,*,#3131,.F.);
#2102=ORIENTED_EDGE('',*,*,#3134,.F.);
#2103=ORIENTED_EDGE('',*,*,#3136,.F.);
#2104=ORIENTED_EDGE('',*,*,#3138,.F.);
#2105=ORIENTED_EDGE('',*,*,#3140,.F.);
#2106=ORIENTED_EDGE('',*,*,#3142,.F.);
#2107=ORIENTED_EDGE('',*,*,#3144,.F.);
#2108=ORIENTED_EDGE('',*,*,#3146,.F.);
#2109=ORIENTED_EDGE('',*,*,#3148,.F.);
#2110=ORIENTED_EDGE('',*,*,#3150,.F.);
#2111=ORIENTED_EDGE('',*,*,#3152,.F.);
#2112=ORIENTED_EDGE('',*,*,#3154,.F.);
#2113=ORIENTED_EDGE('',*,*,#3156,.F.);
#2114=ORIENTED_EDGE('',*,*,#3157,.F.);
#2115=ORIENTED_EDGE('',*,*,#2346,.F.);
#2116=ORIENTED_EDGE('',*,*,#3158,.F.);
#2117=ORIENTED_EDGE('',*,*,#3159,.T.);
#2118=ORIENTED_EDGE('',*,*,#3160,.T.);
#2119=ORIENTED_EDGE('',*,*,#2345,.F.);
#2120=ORIENTED_EDGE('',*,*,#3161,.F.);
#2121=ORIENTED_EDGE('',*,*,#3162,.T.);
#2122=ORIENTED_EDGE('',*,*,#3158,.T.);
#2123=ORIENTED_EDGE('',*,*,#2361,.F.);
#2124=ORIENTED_EDGE('',*,*,#3163,.F.);
#2125=ORIENTED_EDGE('',*,*,#3164,.T.);
#2126=ORIENTED_EDGE('',*,*,#3161,.T.);
#2127=ORIENTED_EDGE('',*,*,#2360,.F.);
#2128=ORIENTED_EDGE('',*,*,#3165,.F.);
#2129=ORIENTED_EDGE('',*,*,#3166,.T.);
#2130=ORIENTED_EDGE('',*,*,#3163,.T.);
#2131=ORIENTED_EDGE('',*,*,#2359,.F.);
#2132=ORIENTED_EDGE('',*,*,#3167,.F.);
#2133=ORIENTED_EDGE('',*,*,#3168,.T.);
#2134=ORIENTED_EDGE('',*,*,#3165,.T.);
#2135=ORIENTED_EDGE('',*,*,#2358,.F.);
#2136=ORIENTED_EDGE('',*,*,#3169,.F.);
#2137=ORIENTED_EDGE('',*,*,#3170,.T.);
#2138=ORIENTED_EDGE('',*,*,#3167,.T.);
#2139=ORIENTED_EDGE('',*,*,#2357,.F.);
#2140=ORIENTED_EDGE('',*,*,#3171,.F.);
#2141=ORIENTED_EDGE('',*,*,#3172,.T.);
#2142=ORIENTED_EDGE('',*,*,#3169,.T.);
#2143=ORIENTED_EDGE('',*,*,#2356,.F.);
#2144=ORIENTED_EDGE('',*,*,#3173,.F.);
#2145=ORIENTED_EDGE('',*,*,#3174,.T.);
#2146=ORIENTED_EDGE('',*,*,#3171,.T.);
#2147=ORIENTED_EDGE('',*,*,#2355,.F.);
#2148=ORIENTED_EDGE('',*,*,#3175,.F.);
#2149=ORIENTED_EDGE('',*,*,#3176,.T.);
#2150=ORIENTED_EDGE('',*,*,#3173,.T.);
#2151=ORIENTED_EDGE('',*,*,#2354,.F.);
#2152=ORIENTED_EDGE('',*,*,#3177,.F.);
#2153=ORIENTED_EDGE('',*,*,#3178,.T.);
#2154=ORIENTED_EDGE('',*,*,#3175,.T.);
#2155=ORIENTED_EDGE('',*,*,#2353,.F.);
#2156=ORIENTED_EDGE('',*,*,#3179,.F.);
#2157=ORIENTED_EDGE('',*,*,#3180,.T.);
#2158=ORIENTED_EDGE('',*,*,#3177,.T.);
#2159=ORIENTED_EDGE('',*,*,#2352,.F.);
#2160=ORIENTED_EDGE('',*,*,#3181,.F.);
#2161=ORIENTED_EDGE('',*,*,#3182,.T.);
#2162=ORIENTED_EDGE('',*,*,#3179,.T.);
#2163=ORIENTED_EDGE('',*,*,#2351,.F.);
#2164=ORIENTED_EDGE('',*,*,#3183,.F.);
#2165=ORIENTED_EDGE('',*,*,#3184,.T.);
#2166=ORIENTED_EDGE('',*,*,#3181,.T.);
#2167=ORIENTED_EDGE('',*,*,#2350,.F.);
#2168=ORIENTED_EDGE('',*,*,#3185,.F.);
#2169=ORIENTED_EDGE('',*,*,#3186,.T.);
#2170=ORIENTED_EDGE('',*,*,#3183,.T.);
#2171=ORIENTED_EDGE('',*,*,#2349,.F.);
#2172=ORIENTED_EDGE('',*,*,#3187,.F.);
#2173=ORIENTED_EDGE('',*,*,#3188,.T.);
#2174=ORIENTED_EDGE('',*,*,#3185,.T.);
#2175=ORIENTED_EDGE('',*,*,#2348,.F.);
#2176=ORIENTED_EDGE('',*,*,#3189,.F.);
#2177=ORIENTED_EDGE('',*,*,#3190,.T.);
#2178=ORIENTED_EDGE('',*,*,#3187,.T.);
#2179=ORIENTED_EDGE('',*,*,#2347,.F.);
#2180=ORIENTED_EDGE('',*,*,#3160,.F.);
#2181=ORIENTED_EDGE('',*,*,#3191,.T.);
#2182=ORIENTED_EDGE('',*,*,#3189,.T.);
#2183=ORIENTED_EDGE('',*,*,#3159,.F.);
#2184=ORIENTED_EDGE('',*,*,#3162,.F.);
#2185=ORIENTED_EDGE('',*,*,#3164,.F.);
#2186=ORIENTED_EDGE('',*,*,#3166,.F.);
#2187=ORIENTED_EDGE('',*,*,#3168,.F.);
#2188=ORIENTED_EDGE('',*,*,#3170,.F.);
#2189=ORIENTED_EDGE('',*,*,#3172,.F.);
#2190=ORIENTED_EDGE('',*,*,#3174,.F.);
#2191=ORIENTED_EDGE('',*,*,#3176,.F.);
#2192=ORIENTED_EDGE('',*,*,#3178,.F.);
#2193=ORIENTED_EDGE('',*,*,#3180,.F.);
#2194=ORIENTED_EDGE('',*,*,#3182,.F.);
#2195=ORIENTED_EDGE('',*,*,#3184,.F.);
#2196=ORIENTED_EDGE('',*,*,#3186,.F.);
#2197=ORIENTED_EDGE('',*,*,#3188,.F.);
#2198=ORIENTED_EDGE('',*,*,#3190,.F.);
#2199=ORIENTED_EDGE('',*,*,#3191,.F.);
#2200=ORIENTED_EDGE('',*,*,#3192,.F.);
#2201=ORIENTED_EDGE('',*,*,#3193,.F.);
#2202=ORIENTED_EDGE('',*,*,#3194,.T.);
#2203=ORIENTED_EDGE('',*,*,#3195,.T.);
#2204=ORIENTED_EDGE('',*,*,#3196,.F.);
#2205=ORIENTED_EDGE('',*,*,#3197,.F.);
#2206=ORIENTED_EDGE('',*,*,#3198,.T.);
#2207=ORIENTED_EDGE('',*,*,#3193,.T.);
#2208=ORIENTED_EDGE('',*,*,#3199,.F.);
#2209=ORIENTED_EDGE('',*,*,#3200,.F.);
#2210=ORIENTED_EDGE('',*,*,#3201,.T.);
#2211=ORIENTED_EDGE('',*,*,#3197,.T.);
#2212=ORIENTED_EDGE('',*,*,#3202,.F.);
#2213=ORIENTED_EDGE('',*,*,#3203,.F.);
#2214=ORIENTED_EDGE('',*,*,#3204,.T.);
#2215=ORIENTED_EDGE('',*,*,#3200,.T.);
#2216=ORIENTED_EDGE('',*,*,#2580,.F.);
#2217=ORIENTED_EDGE('',*,*,#3205,.F.);
#2218=ORIENTED_EDGE('',*,*,#3206,.T.);
#2219=ORIENTED_EDGE('',*,*,#3207,.T.);
#2220=ORIENTED_EDGE('',*,*,#2579,.F.);
#2221=ORIENTED_EDGE('',*,*,#3208,.F.);
#2222=ORIENTED_EDGE('',*,*,#3209,.T.);
#2223=ORIENTED_EDGE('',*,*,#3205,.T.);
#2224=ORIENTED_EDGE('',*,*,#2592,.F.);
#2225=ORIENTED_EDGE('',*,*,#3210,.F.);
#2226=ORIENTED_EDGE('',*,*,#3211,.T.);
#2227=ORIENTED_EDGE('',*,*,#3208,.T.);
#2228=ORIENTED_EDGE('',*,*,#2591,.F.);
#2229=ORIENTED_EDGE('',*,*,#3212,.F.);
#2230=ORIENTED_EDGE('',*,*,#3213,.T.);
#2231=ORIENTED_EDGE('',*,*,#3210,.T.);
#2232=ORIENTED_EDGE('',*,*,#2590,.F.);
#2233=ORIENTED_EDGE('',*,*,#3214,.F.);
#2234=ORIENTED_EDGE('',*,*,#3215,.T.);
#2235=ORIENTED_EDGE('',*,*,#3212,.T.);
#2236=ORIENTED_EDGE('',*,*,#2589,.F.);
#2237=ORIENTED_EDGE('',*,*,#3216,.F.);
#2238=ORIENTED_EDGE('',*,*,#3217,.T.);
#2239=ORIENTED_EDGE('',*,*,#3214,.T.);
#2240=ORIENTED_EDGE('',*,*,#2588,.F.);
#2241=ORIENTED_EDGE('',*,*,#3218,.F.);
#2242=ORIENTED_EDGE('',*,*,#3219,.T.);
#2243=ORIENTED_EDGE('',*,*,#3216,.T.);
#2244=ORIENTED_EDGE('',*,*,#2587,.F.);
#2245=ORIENTED_EDGE('',*,*,#3220,.F.);
#2246=ORIENTED_EDGE('',*,*,#3221,.T.);
#2247=ORIENTED_EDGE('',*,*,#3218,.T.);
#2248=ORIENTED_EDGE('',*,*,#2586,.F.);
#2249=ORIENTED_EDGE('',*,*,#3222,.F.);
#2250=ORIENTED_EDGE('',*,*,#3223,.T.);
#2251=ORIENTED_EDGE('',*,*,#3220,.T.);
#2252=ORIENTED_EDGE('',*,*,#2585,.F.);
#2253=ORIENTED_EDGE('',*,*,#3224,.F.);
#2254=ORIENTED_EDGE('',*,*,#3225,.T.);
#2255=ORIENTED_EDGE('',*,*,#3222,.T.);
#2256=ORIENTED_EDGE('',*,*,#2584,.F.);
#2257=ORIENTED_EDGE('',*,*,#3226,.F.);
#2258=ORIENTED_EDGE('',*,*,#3227,.T.);
#2259=ORIENTED_EDGE('',*,*,#3224,.T.);
#2260=ORIENTED_EDGE('',*,*,#2583,.F.);
#2261=ORIENTED_EDGE('',*,*,#3228,.F.);
#2262=ORIENTED_EDGE('',*,*,#3229,.T.);
#2263=ORIENTED_EDGE('',*,*,#3226,.T.);
#2264=ORIENTED_EDGE('',*,*,#2582,.F.);
#2265=ORIENTED_EDGE('',*,*,#3230,.F.);
#2266=ORIENTED_EDGE('',*,*,#3231,.T.);
#2267=ORIENTED_EDGE('',*,*,#3228,.T.);
#2268=ORIENTED_EDGE('',*,*,#2581,.F.);
#2269=ORIENTED_EDGE('',*,*,#3207,.F.);
#2270=ORIENTED_EDGE('',*,*,#3232,.T.);
#2271=ORIENTED_EDGE('',*,*,#3230,.T.);
#2272=ORIENTED_EDGE('',*,*,#3233,.F.);
#2273=ORIENTED_EDGE('',*,*,#3195,.F.);
#2274=ORIENTED_EDGE('',*,*,#3234,.T.);
#2275=ORIENTED_EDGE('',*,*,#3203,.T.);
#2276=ORIENTED_EDGE('',*,*,#3206,.F.);
#2277=ORIENTED_EDGE('',*,*,#3209,.F.);
#2278=ORIENTED_EDGE('',*,*,#3211,.F.);
#2279=ORIENTED_EDGE('',*,*,#3213,.F.);
#2280=ORIENTED_EDGE('',*,*,#3215,.F.);
#2281=ORIENTED_EDGE('',*,*,#3217,.F.);
#2282=ORIENTED_EDGE('',*,*,#3219,.F.);
#2283=ORIENTED_EDGE('',*,*,#3221,.F.);
#2284=ORIENTED_EDGE('',*,*,#3223,.F.);
#2285=ORIENTED_EDGE('',*,*,#3225,.F.);
#2286=ORIENTED_EDGE('',*,*,#3227,.F.);
#2287=ORIENTED_EDGE('',*,*,#3229,.F.);
#2288=ORIENTED_EDGE('',*,*,#3231,.F.);
#2289=ORIENTED_EDGE('',*,*,#3232,.F.);
#2290=ORIENTED_EDGE('',*,*,#3194,.F.);
#2291=ORIENTED_EDGE('',*,*,#3198,.F.);
#2292=ORIENTED_EDGE('',*,*,#3201,.F.);
#2293=ORIENTED_EDGE('',*,*,#3204,.F.);
#2294=ORIENTED_EDGE('',*,*,#3234,.F.);
#2295=ORIENTED_EDGE('',*,*,#2687,.T.);
#2296=ORIENTED_EDGE('',*,*,#2683,.T.);
#2297=ORIENTED_EDGE('',*,*,#2724,.T.);
#2298=ORIENTED_EDGE('',*,*,#2693,.T.);
#2299=ORIENTED_EDGE('',*,*,#2690,.T.);
#2300=ORIENTED_EDGE('',*,*,#2750,.T.);
#2301=ORIENTED_EDGE('',*,*,#2746,.T.);
#2302=ORIENTED_EDGE('',*,*,#2786,.T.);
#2303=ORIENTED_EDGE('',*,*,#2765,.T.);
#2304=ORIENTED_EDGE('',*,*,#2762,.T.);
#2305=ORIENTED_EDGE('',*,*,#2759,.T.);
#2306=ORIENTED_EDGE('',*,*,#2756,.T.);
#2307=ORIENTED_EDGE('',*,*,#2753,.T.);
#2308=ORIENTED_EDGE('',*,*,#2792,.T.);
#2309=ORIENTED_EDGE('',*,*,#2788,.T.);
#2310=ORIENTED_EDGE('',*,*,#2828,.T.);
#2311=ORIENTED_EDGE('',*,*,#2807,.T.);
#2312=ORIENTED_EDGE('',*,*,#2804,.T.);
#2313=ORIENTED_EDGE('',*,*,#2801,.T.);
#2314=ORIENTED_EDGE('',*,*,#2798,.T.);
#2315=ORIENTED_EDGE('',*,*,#2795,.T.);
#2316=ORIENTED_EDGE('',*,*,#2998,.T.);
#2317=ORIENTED_EDGE('',*,*,#2994,.T.);
#2318=ORIENTED_EDGE('',*,*,#3034,.T.);
#2319=ORIENTED_EDGE('',*,*,#3013,.T.);
#2320=ORIENTED_EDGE('',*,*,#3010,.T.);
#2321=ORIENTED_EDGE('',*,*,#3007,.T.);
#2322=ORIENTED_EDGE('',*,*,#3004,.T.);
#2323=ORIENTED_EDGE('',*,*,#3001,.T.);
#2324=ORIENTED_EDGE('',*,*,#3040,.T.);
#2325=ORIENTED_EDGE('',*,*,#3036,.T.);
#2326=ORIENTED_EDGE('',*,*,#3069,.T.);
#2327=ORIENTED_EDGE('',*,*,#3052,.T.);
#2328=ORIENTED_EDGE('',*,*,#3049,.T.);
#2329=ORIENTED_EDGE('',*,*,#3046,.T.);
#2330=ORIENTED_EDGE('',*,*,#3043,.T.);
#2331=ORIENTED_EDGE('',*,*,#3075,.T.);
#2332=ORIENTED_EDGE('',*,*,#3071,.T.);
#2333=ORIENTED_EDGE('',*,*,#3128,.T.);
#2334=ORIENTED_EDGE('',*,*,#3093,.T.);
#2335=ORIENTED_EDGE('',*,*,#3090,.T.);
#2336=ORIENTED_EDGE('',*,*,#3087,.T.);
#2337=ORIENTED_EDGE('',*,*,#3084,.T.);
#2338=ORIENTED_EDGE('',*,*,#3081,.T.);
#2339=ORIENTED_EDGE('',*,*,#3078,.T.);
#2340=ORIENTED_EDGE('',*,*,#3196,.T.);
#2341=ORIENTED_EDGE('',*,*,#3192,.T.);
#2342=ORIENTED_EDGE('',*,*,#3233,.T.);
#2343=ORIENTED_EDGE('',*,*,#3202,.T.);
#2344=ORIENTED_EDGE('',*,*,#3199,.T.);
#2345=EDGE_CURVE('',#3235,#3236,#3831,.T.);
#2346=EDGE_CURVE('',#3236,#3237,#3832,.T.);
#2347=EDGE_CURVE('',#3237,#3238,#253,.T.);
#2348=EDGE_CURVE('',#3238,#3239,#254,.T.);
#2349=EDGE_CURVE('',#3239,#3240,#255,.T.);
#2350=EDGE_CURVE('',#3240,#3241,#256,.T.);
#2351=EDGE_CURVE('',#3241,#3242,#3833,.T.);
#2352=EDGE_CURVE('',#3242,#3243,#3834,.T.);
#2353=EDGE_CURVE('',#3243,#3244,#3835,.T.);
#2354=EDGE_CURVE('',#3244,#3245,#3836,.T.);
#2355=EDGE_CURVE('',#3245,#3246,#3837,.T.);
#2356=EDGE_CURVE('',#3246,#3247,#3838,.T.);
#2357=EDGE_CURVE('',#3247,#3248,#199,.T.);
#2358=EDGE_CURVE('',#3248,#3249,#200,.T.);
#2359=EDGE_CURVE('',#3249,#3250,#257,.T.);
#2360=EDGE_CURVE('',#3250,#3251,#258,.T.);
#2361=EDGE_CURVE('',#3251,#3235,#3839,.T.);
#2362=EDGE_CURVE('',#3252,#3253,#3840,.T.);
#2363=EDGE_CURVE('',#3253,#3254,#3841,.T.);
#2364=EDGE_CURVE('',#3254,#3255,#259,.T.);
#2365=EDGE_CURVE('',#3255,#3256,#260,.T.);
#2366=EDGE_CURVE('',#3256,#3257,#261,.T.);
#2367=EDGE_CURVE('',#3257,#3258,#262,.T.);
#2368=EDGE_CURVE('',#3258,#3259,#3842,.T.);
#2369=EDGE_CURVE('',#3259,#3260,#3843,.T.);
#2370=EDGE_CURVE('',#3260,#3261,#3844,.T.);
#2371=EDGE_CURVE('',#3261,#3262,#263,.T.);
#2372=EDGE_CURVE('',#3262,#3263,#264,.T.);
#2373=EDGE_CURVE('',#3263,#3264,#265,.T.);
#2374=EDGE_CURVE('',#3264,#3265,#266,.T.);
#2375=EDGE_CURVE('',#3265,#3252,#3845,.T.);
#2376=EDGE_CURVE('',#3266,#3267,#267,.T.);
#2377=EDGE_CURVE('',#3267,#3268,#201,.T.);
#2378=EDGE_CURVE('',#3268,#3269,#202,.T.);
#2379=EDGE_CURVE('',#3269,#3270,#3846,.T.);
#2380=EDGE_CURVE('',#3270,#3271,#203,.T.);
#2381=EDGE_CURVE('',#3271,#3272,#3847,.T.);
#2382=EDGE_CURVE('',#3272,#3273,#3848,.T.);
#2383=EDGE_CURVE('',#3273,#3274,#3849,.T.);
#2384=EDGE_CURVE('',#3274,#3275,#3850,.T.);
#2385=EDGE_CURVE('',#3275,#3276,#3851,.T.);
#2386=EDGE_CURVE('',#3276,#3277,#3852,.T.);
#2387=EDGE_CURVE('',#3277,#3278,#268,.T.);
#2388=EDGE_CURVE('',#3278,#3279,#269,.T.);
#2389=EDGE_CURVE('',#3279,#3280,#270,.T.);
#2390=EDGE_CURVE('',#3280,#3281,#271,.T.);
#2391=EDGE_CURVE('',#3281,#3266,#272,.T.);
#2392=EDGE_CURVE('',#3282,#3283,#273,.T.);
#2393=EDGE_CURVE('',#3283,#3284,#274,.T.);
#2394=EDGE_CURVE('',#3284,#3285,#275,.T.);
#2395=EDGE_CURVE('',#3285,#3286,#276,.T.);
#2396=EDGE_CURVE('',#3286,#3287,#277,.T.);
#2397=EDGE_CURVE('',#3287,#3288,#278,.T.);
#2398=EDGE_CURVE('',#3288,#3289,#279,.T.);
#2399=EDGE_CURVE('',#3289,#3290,#280,.T.);
#2400=EDGE_CURVE('',#3290,#3282,#281,.T.);
#2401=EDGE_CURVE('',#3291,#3292,#282,.T.);
#2402=EDGE_CURVE('',#3292,#3293,#283,.T.);
#2403=EDGE_CURVE('',#3293,#3294,#284,.T.);
#2404=EDGE_CURVE('',#3294,#3295,#285,.T.);
#2405=EDGE_CURVE('',#3295,#3296,#286,.T.);
#2406=EDGE_CURVE('',#3296,#3297,#287,.T.);
#2407=EDGE_CURVE('',#3297,#3298,#288,.T.);
#2408=EDGE_CURVE('',#3298,#3299,#289,.T.);
#2409=EDGE_CURVE('',#3299,#3291,#290,.T.);
#2410=EDGE_CURVE('',#3300,#3301,#3853,.T.);
#2411=EDGE_CURVE('',#3300,#3302,#3854,.T.);
#2412=EDGE_CURVE('',#3302,#3303,#3855,.T.);
#2413=EDGE_CURVE('',#3301,#3303,#3856,.T.);
#2414=EDGE_CURVE('',#3304,#3305,#3857,.T.);
#2415=EDGE_CURVE('',#3304,#3306,#3858,.T.);
#2416=EDGE_CURVE('',#3306,#3307,#3859,.T.);
#2417=EDGE_CURVE('',#3305,#3307,#3860,.T.);
#2418=EDGE_CURVE('',#3308,#3308,#204,.T.);
#2419=EDGE_CURVE('',#3309,#3309,#205,.T.);
#2420=EDGE_CURVE('',#3310,#3310,#206,.T.);
#2421=EDGE_CURVE('',#3311,#3311,#207,.T.);
#2422=EDGE_CURVE('',#3312,#3313,#3861,.T.);
#2423=EDGE_CURVE('',#3313,#3314,#291,.T.);
#2424=EDGE_CURVE('',#3314,#3315,#292,.T.);
#2425=EDGE_CURVE('',#3315,#3316,#293,.T.);
#2426=EDGE_CURVE('',#3316,#3317,#294,.T.);
#2427=EDGE_CURVE('',#3317,#3318,#3862,.T.);
#2428=EDGE_CURVE('',#3318,#3319,#3863,.T.);
#2429=EDGE_CURVE('',#3319,#3320,#3864,.T.);
#2430=EDGE_CURVE('',#3320,#3321,#3865,.T.);
#2431=EDGE_CURVE('',#3321,#3322,#3866,.T.);
#2432=EDGE_CURVE('',#3322,#3323,#3867,.T.);
#2433=EDGE_CURVE('',#3323,#3324,#208,.T.);
#2434=EDGE_CURVE('',#3324,#3325,#209,.T.);
#2435=EDGE_CURVE('',#3325,#3326,#295,.T.);
#2436=EDGE_CURVE('',#3326,#3327,#296,.T.);
#2437=EDGE_CURVE('',#3327,#3328,#3868,.T.);
#2438=EDGE_CURVE('',#3328,#3312,#3869,.T.);
#2439=EDGE_CURVE('',#3329,#3330,#3870,.T.);
#2440=EDGE_CURVE('',#3330,#3331,#3871,.T.);
#2441=EDGE_CURVE('',#3331,#3332,#210,.T.);
#2442=EDGE_CURVE('',#3332,#3333,#3872,.T.);
#2443=EDGE_CURVE('',#3333,#3334,#3873,.T.);
#2444=EDGE_CURVE('',#3334,#3335,#3874,.T.);
#2445=EDGE_CURVE('',#3335,#3336,#3875,.T.);
#2446=EDGE_CURVE('',#3336,#3337,#3876,.T.);
#2447=EDGE_CURVE('',#3337,#3338,#3877,.T.);
#2448=EDGE_CURVE('',#3338,#3339,#3878,.T.);
#2449=EDGE_CURVE('',#3339,#3340,#3879,.T.);
#2450=EDGE_CURVE('',#3340,#3341,#3880,.T.);
#2451=EDGE_CURVE('',#3341,#3342,#3881,.T.);
#2452=EDGE_CURVE('',#3342,#3343,#3882,.T.);
#2453=EDGE_CURVE('',#3343,#3344,#211,.T.);
#2454=EDGE_CURVE('',#3344,#3345,#3883,.T.);
#2455=EDGE_CURVE('',#3345,#3346,#3884,.T.);
#2456=EDGE_CURVE('',#3346,#3329,#3885,.T.);
#2457=EDGE_CURVE('',#3347,#3348,#297,.T.);
#2458=EDGE_CURVE('',#3348,#3349,#298,.T.);
#2459=EDGE_CURVE('',#3349,#3350,#299,.T.);
#2460=EDGE_CURVE('',#3350,#3351,#300,.T.);
#2461=EDGE_CURVE('',#3351,#3352,#301,.T.);
#2462=EDGE_CURVE('',#3352,#3353,#302,.T.);
#2463=EDGE_CURVE('',#3353,#3354,#303,.T.);
#2464=EDGE_CURVE('',#3354,#3355,#3886,.T.);
#2465=EDGE_CURVE('',#3355,#3356,#3887,.T.);
#2466=EDGE_CURVE('',#3356,#3357,#304,.T.);
#2467=EDGE_CURVE('',#3357,#3358,#305,.T.);
#2468=EDGE_CURVE('',#3358,#3359,#212,.F.);
#2469=EDGE_CURVE('',#3359,#3360,#3888,.T.);
#2470=EDGE_CURVE('',#3360,#3347,#213,.T.);
#2471=EDGE_CURVE('',#3361,#3362,#3889,.T.);
#2472=EDGE_CURVE('',#3362,#3363,#3890,.T.);
#2473=EDGE_CURVE('',#3363,#3364,#3891,.T.);
#2474=EDGE_CURVE('',#3364,#3365,#3892,.T.);
#2475=EDGE_CURVE('',#3365,#3366,#3893,.T.);
#2476=EDGE_CURVE('',#3366,#3367,#3894,.T.);
#2477=EDGE_CURVE('',#3367,#3368,#3895,.T.);
#2478=EDGE_CURVE('',#3368,#3369,#3896,.T.);
#2479=EDGE_CURVE('',#3369,#3370,#3897,.T.);
#2480=EDGE_CURVE('',#3370,#3361,#3898,.T.);
#2481=EDGE_CURVE('',#3371,#3372,#306,.T.);
#2482=EDGE_CURVE('',#3372,#3373,#307,.T.);
#2483=EDGE_CURVE('',#3373,#3374,#308,.T.);
#2484=EDGE_CURVE('',#3374,#3375,#309,.T.);
#2485=EDGE_CURVE('',#3375,#3376,#310,.T.);
#2486=EDGE_CURVE('',#3376,#3377,#311,.T.);
#2487=EDGE_CURVE('',#3377,#3378,#312,.T.);
#2488=EDGE_CURVE('',#3378,#3379,#313,.T.);
#2489=EDGE_CURVE('',#3379,#3371,#314,.T.);
#2490=EDGE_CURVE('',#3380,#3381,#3899,.T.);
#2491=EDGE_CURVE('',#3381,#3382,#3900,.T.);
#2492=EDGE_CURVE('',#3382,#3383,#315,.T.);
#2493=EDGE_CURVE('',#3383,#3384,#316,.T.);
#2494=EDGE_CURVE('',#3384,#3385,#317,.T.);
#2495=EDGE_CURVE('',#3385,#3386,#318,.T.);
#2496=EDGE_CURVE('',#3386,#3387,#3901,.T.);
#2497=EDGE_CURVE('',#3387,#3388,#3902,.T.);
#2498=EDGE_CURVE('',#3388,#3389,#3903,.T.);
#2499=EDGE_CURVE('',#3389,#3390,#3904,.T.);
#2500=EDGE_CURVE('',#3390,#3391,#3905,.T.);
#2501=EDGE_CURVE('',#3391,#3392,#3906,.T.);
#2502=EDGE_CURVE('',#3392,#3393,#214,.T.);
#2503=EDGE_CURVE('',#3393,#3394,#215,.T.);
#2504=EDGE_CURVE('',#3394,#3395,#319,.T.);
#2505=EDGE_CURVE('',#3395,#3396,#320,.T.);
#2506=EDGE_CURVE('',#3396,#3380,#3907,.T.);
#2507=EDGE_CURVE('',#3397,#3398,#321,.T.);
#2508=EDGE_CURVE('',#3398,#3399,#322,.T.);
#2509=EDGE_CURVE('',#3399,#3400,#323,.T.);
#2510=EDGE_CURVE('',#3400,#3401,#324,.T.);
#2511=EDGE_CURVE('',#3401,#3402,#3908,.T.);
#2512=EDGE_CURVE('',#3402,#3403,#216,.F.);
#2513=EDGE_CURVE('',#3403,#3404,#217,.F.);
#2514=EDGE_CURVE('',#3404,#3405,#325,.T.);
#2515=EDGE_CURVE('',#3405,#3406,#326,.T.);
#2516=EDGE_CURVE('',#3406,#3407,#327,.T.);
#2517=EDGE_CURVE('',#3407,#3408,#328,.T.);
#2518=EDGE_CURVE('',#3408,#3409,#329,.T.);
#2519=EDGE_CURVE('',#3409,#3410,#330,.T.);
#2520=EDGE_CURVE('',#3410,#3411,#331,.T.);
#2521=EDGE_CURVE('',#3411,#3412,#332,.T.);
#2522=EDGE_CURVE('',#3412,#3413,#333,.T.);
#2523=EDGE_CURVE('',#3413,#3414,#334,.T.);
#2524=EDGE_CURVE('',#3414,#3415,#3909,.T.);
#2525=EDGE_CURVE('',#3415,#3416,#335,.T.);
#2526=EDGE_CURVE('',#3416,#3417,#336,.T.);
#2527=EDGE_CURVE('',#3417,#3418,#337,.T.);
#2528=EDGE_CURVE('',#3418,#3419,#338,.T.);
#2529=EDGE_CURVE('',#3419,#3420,#339,.T.);
#2530=EDGE_CURVE('',#3420,#3421,#340,.T.);
#2531=EDGE_CURVE('',#3421,#3397,#341,.T.);
#2532=EDGE_CURVE('',#3422,#3423,#3910,.T.);
#2533=EDGE_CURVE('',#3423,#3424,#3911,.T.);
#2534=EDGE_CURVE('',#3424,#3425,#342,.T.);
#2535=EDGE_CURVE('',#3425,#3426,#343,.T.);
#2536=EDGE_CURVE('',#3426,#3427,#344,.T.);
#2537=EDGE_CURVE('',#3427,#3428,#345,.T.);
#2538=EDGE_CURVE('',#3428,#3429,#3912,.T.);
#2539=EDGE_CURVE('',#3429,#3430,#3913,.T.);
#2540=EDGE_CURVE('',#3430,#3431,#3914,.T.);
#2541=EDGE_CURVE('',#3431,#3432,#3915,.T.);
#2542=EDGE_CURVE('',#3432,#3433,#3916,.T.);
#2543=EDGE_CURVE('',#3433,#3434,#3917,.T.);
#2544=EDGE_CURVE('',#3434,#3435,#218,.T.);
#2545=EDGE_CURVE('',#3435,#3436,#219,.T.);
#2546=EDGE_CURVE('',#3436,#3437,#346,.T.);
#2547=EDGE_CURVE('',#3437,#3438,#347,.T.);
#2548=EDGE_CURVE('',#3438,#3422,#3918,.T.);
#2549=EDGE_CURVE('',#3439,#3440,#3919,.T.);
#2550=EDGE_CURVE('',#3440,#3441,#3920,.T.);
#2551=EDGE_CURVE('',#3441,#3442,#348,.T.);
#2552=EDGE_CURVE('',#3442,#3443,#3921,.T.);
#2553=EDGE_CURVE('',#3443,#3444,#349,.T.);
#2554=EDGE_CURVE('',#3444,#3445,#3922,.T.);
#2555=EDGE_CURVE('',#3445,#3446,#3923,.T.);
#2556=EDGE_CURVE('',#3446,#3447,#3924,.T.);
#2557=EDGE_CURVE('',#3447,#3448,#3925,.T.);
#2558=EDGE_CURVE('',#3448,#3449,#3926,.T.);
#2559=EDGE_CURVE('',#3449,#3450,#350,.T.);
#2560=EDGE_CURVE('',#3450,#3451,#3927,.T.);
#2561=EDGE_CURVE('',#3451,#3452,#220,.T.);
#2562=EDGE_CURVE('',#3452,#3453,#221,.T.);
#2563=EDGE_CURVE('',#3453,#3454,#3928,.T.);
#2564=EDGE_CURVE('',#3454,#3455,#3929,.T.);
#2565=EDGE_CURVE('',#3455,#3456,#3930,.T.);
#2566=EDGE_CURVE('',#3456,#3457,#351,.T.);
#2567=EDGE_CURVE('',#3457,#3458,#3931,.T.);
#2568=EDGE_CURVE('',#3458,#3459,#222,.T.);
#2569=EDGE_CURVE('',#3459,#3460,#352,.T.);
#2570=EDGE_CURVE('',#3460,#3461,#3932,.T.);
#2571=EDGE_CURVE('',#3461,#3439,#3933,.T.);
#2572=EDGE_CURVE('',#3462,#3463,#353,.T.);
#2573=EDGE_CURVE('',#3463,#3464,#354,.T.);
#2574=EDGE_CURVE('',#3464,#3465,#355,.T.);
#2575=EDGE_CURVE('',#3465,#3466,#3934,.T.);
#2576=EDGE_CURVE('',#3466,#3467,#3935,.T.);
#2577=EDGE_CURVE('',#3467,#3468,#3936,.T.);
#2578=EDGE_CURVE('',#3468,#3462,#356,.T.);
#2579=EDGE_CURVE('',#3469,#3470,#223,.T.);
#2580=EDGE_CURVE('',#3470,#3471,#357,.T.);
#2581=EDGE_CURVE('',#3471,#3472,#358,.T.);
#2582=EDGE_CURVE('',#3472,#3473,#359,.T.);
#2583=EDGE_CURVE('',#3473,#3474,#360,.T.);
#2584=EDGE_CURVE('',#3474,#3475,#361,.T.);
#2585=EDGE_CURVE('',#3475,#3476,#362,.T.);
#2586=EDGE_CURVE('',#3476,#3477,#3937,.T.);
#2587=EDGE_CURVE('',#3477,#3478,#3938,.T.);
#2588=EDGE_CURVE('',#3478,#3479,#363,.T.);
#2589=EDGE_CURVE('',#3479,#3480,#364,.T.);
#2590=EDGE_CURVE('',#3480,#3481,#224,.F.);
#2591=EDGE_CURVE('',#3481,#3482,#3939,.T.);
#2592=EDGE_CURVE('',#3482,#3469,#225,.T.);
#2593=EDGE_CURVE('',#3483,#3484,#3940,.T.);
#2594=EDGE_CURVE('',#3300,#3483,#3941,.T.);
#2595=EDGE_CURVE('',#3301,#3484,#3942,.T.);
#2596=EDGE_CURVE('',#3483,#3485,#3943,.T.);
#2597=EDGE_CURVE('',#3302,#3485,#3944,.T.);
#2598=EDGE_CURVE('',#3485,#3486,#3945,.T.);
#2599=EDGE_CURVE('',#3303,#3486,#3946,.T.);
#2600=EDGE_CURVE('',#3487,#3488,#3947,.T.);
#2601=EDGE_CURVE('',#3304,#3487,#3948,.T.);
#2602=EDGE_CURVE('',#3305,#3488,#3949,.T.);
#2603=EDGE_CURVE('',#3487,#3489,#3950,.T.);
#2604=EDGE_CURVE('',#3306,#3489,#3951,.T.);
#2605=EDGE_CURVE('',#3489,#3490,#3952,.T.);
#2606=EDGE_CURVE('',#3307,#3490,#3953,.T.);
#2607=EDGE_CURVE('',#3488,#3490,#3954,.T.);
#2608=EDGE_CURVE('',#3491,#3491,#226,.T.);
#2609=EDGE_CURVE('',#3492,#3492,#227,.T.);
#2610=EDGE_CURVE('',#3493,#3493,#228,.T.);
#2611=EDGE_CURVE('',#3494,#3494,#229,.T.);
#2612=EDGE_CURVE('',#3484,#3486,#3955,.T.);
#2613=EDGE_CURVE('',#3495,#3312,#3956,.T.);
#2614=EDGE_CURVE('',#3495,#3496,#3957,.T.);
#2615=EDGE_CURVE('',#3496,#3313,#3958,.T.);
#2616=EDGE_CURVE('',#3497,#3328,#3959,.T.);
#2617=EDGE_CURVE('',#3497,#3495,#3960,.T.);
#2618=EDGE_CURVE('',#3498,#3327,#3961,.T.);
#2619=EDGE_CURVE('',#3498,#3497,#3962,.T.);
#2620=EDGE_CURVE('',#3499,#3326,#3963,.T.);
#2621=EDGE_CURVE('',#3499,#3498,#365,.T.);
#2622=EDGE_CURVE('',#3500,#3325,#3964,.T.);
#2623=EDGE_CURVE('',#3500,#3499,#366,.T.);
#2624=EDGE_CURVE('',#3501,#3324,#3965,.T.);
#2625=EDGE_CURVE('',#3501,#3500,#230,.T.);
#2626=EDGE_CURVE('',#3502,#3323,#3966,.T.);
#2627=EDGE_CURVE('',#3502,#3501,#231,.T.);
#2628=EDGE_CURVE('',#3503,#3322,#3967,.T.);
#2629=EDGE_CURVE('',#3503,#3502,#3968,.T.);
#2630=EDGE_CURVE('',#3504,#3321,#3969,.T.);
#2631=EDGE_CURVE('',#3504,#3503,#3970,.T.);
#2632=EDGE_CURVE('',#3505,#3320,#3971,.T.);
#2633=EDGE_CURVE('',#3505,#3504,#3972,.T.);
#2634=EDGE_CURVE('',#3506,#3319,#3973,.T.);
#2635=EDGE_CURVE('',#3506,#3505,#3974,.T.);
#2636=EDGE_CURVE('',#3507,#3318,#3975,.T.);
#2637=EDGE_CURVE('',#3507,#3506,#3976,.T.);
#2638=EDGE_CURVE('',#3508,#3317,#3977,.T.);
#2639=EDGE_CURVE('',#3508,#3507,#3978,.T.);
#2640=EDGE_CURVE('',#3509,#3316,#3979,.T.);
#2641=EDGE_CURVE('',#3509,#3508,#367,.T.);
#2642=EDGE_CURVE('',#3510,#3315,#3980,.T.);
#2643=EDGE_CURVE('',#3510,#3509,#368,.T.);
#2644=EDGE_CURVE('',#3511,#3314,#3981,.T.);
#2645=EDGE_CURVE('',#3511,#3510,#369,.T.);
#2646=EDGE_CURVE('',#3496,#3511,#370,.T.);
#2647=EDGE_CURVE('',#3512,#3329,#3982,.T.);
#2648=EDGE_CURVE('',#3512,#3513,#3983,.T.);
#2649=EDGE_CURVE('',#3513,#3330,#3984,.T.);
#2650=EDGE_CURVE('',#3514,#3346,#3985,.T.);
#2651=EDGE_CURVE('',#3514,#3512,#3986,.T.);
#2652=EDGE_CURVE('',#3515,#3345,#3987,.T.);
#2653=EDGE_CURVE('',#3515,#3514,#3988,.T.);
#2654=EDGE_CURVE('',#3516,#3344,#3989,.T.);
#2655=EDGE_CURVE('',#3516,#3515,#3990,.T.);
#2656=EDGE_CURVE('',#3517,#3343,#3991,.T.);
#2657=EDGE_CURVE('',#3517,#3516,#232,.T.);
#2658=EDGE_CURVE('',#3518,#3342,#3992,.T.);
#2659=EDGE_CURVE('',#3518,#3517,#3993,.T.);
#2660=EDGE_CURVE('',#3519,#3341,#3994,.T.);
#2661=EDGE_CURVE('',#3519,#3518,#3995,.T.);
#2662=EDGE_CURVE('',#3520,#3340,#3996,.T.);
#2663=EDGE_CURVE('',#3520,#3519,#3997,.T.);
#2664=EDGE_CURVE('',#3521,#3339,#3998,.T.);
#2665=EDGE_CURVE('',#3521,#3520,#3999,.T.);
#2666=EDGE_CURVE('',#3522,#3338,#4000,.T.);
#2667=EDGE_CURVE('',#3522,#3521,#4001,.T.);
#2668=EDGE_CURVE('',#3523,#3337,#4002,.T.);
#2669=EDGE_CURVE('',#3523,#3522,#4003,.T.);
#2670=EDGE_CURVE('',#3524,#3336,#4004,.T.);
#2671=EDGE_CURVE('',#3524,#3523,#4005,.T.);
#2672=EDGE_CURVE('',#3525,#3335,#4006,.T.);
#2673=EDGE_CURVE('',#3525,#3524,#4007,.T.);
#2674=EDGE_CURVE('',#3526,#3334,#4008,.T.);
#2675=EDGE_CURVE('',#3526,#3525,#4009,.T.);
#2676=EDGE_CURVE('',#3527,#3333,#4010,.T.);
#2677=EDGE_CURVE('',#3527,#3526,#4011,.T.);
#2678=EDGE_CURVE('',#3528,#3332,#4012,.T.);
#2679=EDGE_CURVE('',#3528,#3527,#4013,.T.);
#2680=EDGE_CURVE('',#3529,#3331,#4014,.T.);
#2681=EDGE_CURVE('',#3529,#3528,#233,.T.);
#2682=EDGE_CURVE('',#3513,#3529,#4015,.T.);
#2683=EDGE_CURVE('',#3530,#3531,#371,.T.);
#2684=EDGE_CURVE('',#3532,#3530,#4016,.T.);
#2685=EDGE_CURVE('',#3532,#3533,#372,.T.);
#2686=EDGE_CURVE('',#3533,#3531,#4017,.T.);
#2687=EDGE_CURVE('',#3534,#3530,#373,.T.);
#2688=EDGE_CURVE('',#3535,#3534,#4018,.T.);
#2689=EDGE_CURVE('',#3535,#3532,#374,.T.);
#2690=EDGE_CURVE('',#3536,#3534,#375,.T.);
#2691=EDGE_CURVE('',#3537,#3536,#4019,.T.);
#2692=EDGE_CURVE('',#3537,#3535,#376,.T.);
#2693=EDGE_CURVE('',#3538,#3536,#4020,.T.);
#2694=EDGE_CURVE('',#3539,#3538,#4021,.T.);
#2695=EDGE_CURVE('',#3539,#3537,#4022,.T.);
#2696=EDGE_CURVE('',#3540,#3348,#4023,.T.);
#2697=EDGE_CURVE('',#3540,#3541,#377,.T.);
#2698=EDGE_CURVE('',#3541,#3349,#4024,.T.);
#2699=EDGE_CURVE('',#3542,#3347,#4025,.T.);
#2700=EDGE_CURVE('',#3542,#3540,#378,.T.);
#2701=EDGE_CURVE('',#3543,#3360,#4026,.T.);
#2702=EDGE_CURVE('',#3543,#3542,#234,.T.);
#2703=EDGE_CURVE('',#3544,#3359,#4027,.T.);
#2704=EDGE_CURVE('',#3544,#3543,#4028,.T.);
#2705=EDGE_CURVE('',#3545,#3358,#4029,.T.);
#2706=EDGE_CURVE('',#3545,#3544,#235,.F.);
#2707=EDGE_CURVE('',#3546,#3357,#4030,.T.);
#2708=EDGE_CURVE('',#3546,#3545,#379,.T.);
#2709=EDGE_CURVE('',#3547,#3356,#4031,.T.);
#2710=EDGE_CURVE('',#3547,#3546,#380,.T.);
#2711=EDGE_CURVE('',#3548,#3355,#4032,.T.);
#2712=EDGE_CURVE('',#3548,#3547,#4033,.T.);
#2713=EDGE_CURVE('',#3549,#3354,#4034,.T.);
#2714=EDGE_CURVE('',#3549,#3548,#4035,.T.);
#2715=EDGE_CURVE('',#3550,#3353,#4036,.T.);
#2716=EDGE_CURVE('',#3550,#3549,#381,.T.);
#2717=EDGE_CURVE('',#3551,#3352,#4037,.T.);
#2718=EDGE_CURVE('',#3551,#3550,#382,.T.);
#2719=EDGE_CURVE('',#3552,#3351,#4038,.T.);
#2720=EDGE_CURVE('',#3552,#3551,#383,.T.);
#2721=EDGE_CURVE('',#3553,#3350,#4039,.T.);
#2722=EDGE_CURVE('',#3553,#3552,#384,.T.);
#2723=EDGE_CURVE('',#3541,#3553,#385,.T.);
#2724=EDGE_CURVE('',#3531,#3538,#386,.T.);
#2725=EDGE_CURVE('',#3533,#3539,#387,.T.);
#2726=EDGE_CURVE('',#3554,#3362,#4040,.T.);
#2727=EDGE_CURVE('',#3554,#3555,#4041,.T.);
#2728=EDGE_CURVE('',#3555,#3363,#4042,.T.);
#2729=EDGE_CURVE('',#3556,#3361,#4043,.T.);
#2730=EDGE_CURVE('',#3556,#3554,#4044,.T.);
#2731=EDGE_CURVE('',#3557,#3370,#4045,.T.);
#2732=EDGE_CURVE('',#3557,#3556,#4046,.T.);
#2733=EDGE_CURVE('',#3558,#3369,#4047,.T.);
#2734=EDGE_CURVE('',#3558,#3557,#4048,.T.);
#2735=EDGE_CURVE('',#3559,#3368,#4049,.T.);
#2736=EDGE_CURVE('',#3559,#3558,#4050,.T.);
#2737=EDGE_CURVE('',#3560,#3367,#4051,.T.);
#2738=EDGE_CURVE('',#3560,#3559,#4052,.T.);
#2739=EDGE_CURVE('',#3561,#3366,#4053,.T.);
#2740=EDGE_CURVE('',#3561,#3560,#4054,.T.);
#2741=EDGE_CURVE('',#3562,#3365,#4055,.T.);
#2742=EDGE_CURVE('',#3562,#3561,#4056,.T.);
#2743=EDGE_CURVE('',#3563,#3364,#4057,.T.);
#2744=EDGE_CURVE('',#3563,#3562,#4058,.T.);
#2745=EDGE_CURVE('',#3555,#3563,#4059,.T.);
#2746=EDGE_CURVE('',#3564,#3565,#388,.T.);
#2747=EDGE_CURVE('',#3566,#3564,#4060,.T.);
#2748=EDGE_CURVE('',#3566,#3567,#389,.T.);
#2749=EDGE_CURVE('',#3567,#3565,#4061,.T.);
#2750=EDGE_CURVE('',#3568,#3564,#390,.T.);
#2751=EDGE_CURVE('',#3569,#3568,#4062,.T.);
#2752=EDGE_CURVE('',#3569,#3566,#391,.T.);
#2753=EDGE_CURVE('',#3570,#3568,#392,.T.);
#2754=EDGE_CURVE('',#3571,#3570,#4063,.T.);
#2755=EDGE_CURVE('',#3571,#3569,#393,.T.);
#2756=EDGE_CURVE('',#3572,#3570,#394,.T.);
#2757=EDGE_CURVE('',#3573,#3572,#4064,.T.);
#2758=EDGE_CURVE('',#3573,#3571,#395,.T.);
#2759=EDGE_CURVE('',#3574,#3572,#396,.T.);
#2760=EDGE_CURVE('',#3575,#3574,#4065,.T.);
#2761=EDGE_CURVE('',#3575,#3573,#397,.T.);
#2762=EDGE_CURVE('',#3576,#3574,#398,.T.);
#2763=EDGE_CURVE('',#3577,#3576,#4066,.T.);
#2764=EDGE_CURVE('',#3577,#3575,#399,.T.);
#2765=EDGE_CURVE('',#3578,#3576,#400,.T.);
#2766=EDGE_CURVE('',#3579,#3578,#4067,.T.);
#2767=EDGE_CURVE('',#3579,#3577,#401,.T.);
#2768=EDGE_CURVE('',#3580,#3292,#4068,.T.);
#2769=EDGE_CURVE('',#3580,#3581,#402,.T.);
#2770=EDGE_CURVE('',#3581,#3293,#4069,.T.);
#2771=EDGE_CURVE('',#3582,#3291,#4070,.T.);
#2772=EDGE_CURVE('',#3582,#3580,#403,.T.);
#2773=EDGE_CURVE('',#3583,#3299,#4071,.T.);
#2774=EDGE_CURVE('',#3583,#3582,#404,.T.);
#2775=EDGE_CURVE('',#3584,#3298,#4072,.T.);
#2776=EDGE_CURVE('',#3584,#3583,#405,.T.);
#2777=EDGE_CURVE('',#3585,#3297,#4073,.T.);
#2778=EDGE_CURVE('',#3585,#3584,#406,.T.);
#2779=EDGE_CURVE('',#3586,#3296,#4074,.T.);
#2780=EDGE_CURVE('',#3586,#3585,#407,.T.);
#2781=EDGE_CURVE('',#3587,#3295,#4075,.T.);
#2782=EDGE_CURVE('',#3587,#3586,#408,.T.);
#2783=EDGE_CURVE('',#3588,#3294,#4076,.T.);
#2784=EDGE_CURVE('',#3588,#3587,#409,.T.);
#2785=EDGE_CURVE('',#3581,#3588,#410,.T.);
#2786=EDGE_CURVE('',#3565,#3578,#411,.T.);
#2787=EDGE_CURVE('',#3567,#3579,#412,.T.);
#2788=EDGE_CURVE('',#3589,#3590,#413,.T.);
#2789=EDGE_CURVE('',#3591,#3589,#4077,.T.);
#2790=EDGE_CURVE('',#3591,#3592,#414,.T.);
#2791=EDGE_CURVE('',#3592,#3590,#4078,.T.);
#2792=EDGE_CURVE('',#3593,#3589,#415,.T.);
#2793=EDGE_CURVE('',#3594,#3593,#4079,.T.);
#2794=EDGE_CURVE('',#3594,#3591,#416,.T.);
#2795=EDGE_CURVE('',#3595,#3593,#417,.T.);
#2796=EDGE_CURVE('',#3596,#3595,#4080,.T.);
#2797=EDGE_CURVE('',#3596,#3594,#418,.T.);
#2798=EDGE_CURVE('',#3597,#3595,#419,.T.);
#2799=EDGE_CURVE('',#3598,#3597,#4081,.T.);
#2800=EDGE_CURVE('',#3598,#3596,#420,.T.);
#2801=EDGE_CURVE('',#3599,#3597,#421,.T.);
#2802=EDGE_CURVE('',#3600,#3599,#4082,.T.);
#2803=EDGE_CURVE('',#3600,#3598,#422,.T.);
#2804=EDGE_CURVE('',#3601,#3599,#423,.T.);
#2805=EDGE_CURVE('',#3602,#3601,#4083,.T.);
#2806=EDGE_CURVE('',#3602,#3600,#424,.T.);
#2807=EDGE_CURVE('',#3603,#3601,#425,.T.);
#2808=EDGE_CURVE('',#3604,#3603,#4084,.T.);
#2809=EDGE_CURVE('',#3604,#3602,#426,.T.);
#2810=EDGE_CURVE('',#3605,#3372,#4085,.T.);
#2811=EDGE_CURVE('',#3605,#3606,#427,.T.);
#2812=EDGE_CURVE('',#3606,#3373,#4086,.T.);
#2813=EDGE_CURVE('',#3607,#3371,#4087,.T.);
#2814=EDGE_CURVE('',#3607,#3605,#428,.T.);
#2815=EDGE_CURVE('',#3608,#3379,#4088,.T.);
#2816=EDGE_CURVE('',#3608,#3607,#429,.T.);
#2817=EDGE_CURVE('',#3609,#3378,#4089,.T.);
#2818=EDGE_CURVE('',#3609,#3608,#430,.T.);
#2819=EDGE_CURVE('',#3610,#3377,#4090,.T.);
#2820=EDGE_CURVE('',#3610,#3609,#431,.T.);
#2821=EDGE_CURVE('',#3611,#3376,#4091,.T.);
#2822=EDGE_CURVE('',#3611,#3610,#432,.T.);
#2823=EDGE_CURVE('',#3612,#3375,#4092,.T.);
#2824=EDGE_CURVE('',#3612,#3611,#433,.T.);
#2825=EDGE_CURVE('',#3613,#3374,#4093,.T.);
#2826=EDGE_CURVE('',#3613,#3612,#434,.T.);
#2827=EDGE_CURVE('',#3606,#3613,#435,.T.);
#2828=EDGE_CURVE('',#3590,#3603,#436,.T.);
#2829=EDGE_CURVE('',#3592,#3604,#437,.T.);
#2830=EDGE_CURVE('',#3614,#3381,#4094,.T.);
#2831=EDGE_CURVE('',#3614,#3615,#4095,.T.);
#2832=EDGE_CURVE('',#3615,#3382,#4096,.T.);
#2833=EDGE_CURVE('',#3616,#3380,#4097,.T.);
#2834=EDGE_CURVE('',#3616,#3614,#4098,.T.);
#2835=EDGE_CURVE('',#3617,#3396,#4099,.T.);
#2836=EDGE_CURVE('',#3617,#3616,#4100,.T.);
#2837=EDGE_CURVE('',#3618,#3395,#4101,.T.);
#2838=EDGE_CURVE('',#3618,#3617,#438,.T.);
#2839=EDGE_CURVE('',#3619,#3394,#4102,.T.);
#2840=EDGE_CURVE('',#3619,#3618,#439,.T.);
#2841=EDGE_CURVE('',#3620,#3393,#4103,.T.);
#2842=EDGE_CURVE('',#3620,#3619,#236,.T.);
#2843=EDGE_CURVE('',#3621,#3392,#4104,.T.);
#2844=EDGE_CURVE('',#3621,#3620,#237,.T.);
#2845=EDGE_CURVE('',#3622,#3391,#4105,.T.);
#2846=EDGE_CURVE('',#3622,#3621,#4106,.T.);
#2847=EDGE_CURVE('',#3623,#3390,#4107,.T.);
#2848=EDGE_CURVE('',#3623,#3622,#4108,.T.);
#2849=EDGE_CURVE('',#3624,#3389,#4109,.T.);
#2850=EDGE_CURVE('',#3624,#3623,#4110,.T.);
#2851=EDGE_CURVE('',#3625,#3388,#4111,.T.);
#2852=EDGE_CURVE('',#3625,#3624,#4112,.T.);
#2853=EDGE_CURVE('',#3626,#3387,#4113,.T.);
#2854=EDGE_CURVE('',#3626,#3625,#4114,.T.);
#2855=EDGE_CURVE('',#3627,#3386,#4115,.T.);
#2856=EDGE_CURVE('',#3627,#3626,#4116,.T.);
#2857=EDGE_CURVE('',#3628,#3385,#4117,.T.);
#2858=EDGE_CURVE('',#3628,#3627,#440,.T.);
#2859=EDGE_CURVE('',#3629,#3384,#4118,.T.);
#2860=EDGE_CURVE('',#3629,#3628,#441,.T.);
#2861=EDGE_CURVE('',#3630,#3383,#4119,.T.);
#2862=EDGE_CURVE('',#3630,#3629,#442,.T.);
#2863=EDGE_CURVE('',#3615,#3630,#443,.T.);
#2864=EDGE_CURVE('',#3631,#3398,#4120,.T.);
#2865=EDGE_CURVE('',#3631,#3632,#444,.T.);
#2866=EDGE_CURVE('',#3632,#3399,#4121,.T.);
#2867=EDGE_CURVE('',#3633,#3397,#4122,.T.);
#2868=EDGE_CURVE('',#3633,#3631,#445,.T.);
#2869=EDGE_CURVE('',#3634,#3421,#4123,.T.);
#2870=EDGE_CURVE('',#3634,#3633,#446,.T.);
#2871=EDGE_CURVE('',#3635,#3420,#4124,.T.);
#2872=EDGE_CURVE('',#3635,#3634,#447,.T.);
#2873=EDGE_CURVE('',#3636,#3419,#4125,.T.);
#2874=EDGE_CURVE('',#3636,#3635,#448,.T.);
#2875=EDGE_CURVE('',#3637,#3418,#4126,.T.);
#2876=EDGE_CURVE('',#3637,#3636,#449,.T.);
#2877=EDGE_CURVE('',#3638,#3417,#4127,.T.);
#2878=EDGE_CURVE('',#3638,#3637,#450,.T.);
#2879=EDGE_CURVE('',#3639,#3416,#4128,.T.);
#2880=EDGE_CURVE('',#3639,#3638,#451,.T.);
#2881=EDGE_CURVE('',#3640,#3415,#4129,.T.);
#2882=EDGE_CURVE('',#3640,#3639,#452,.T.);
#2883=EDGE_CURVE('',#3641,#3414,#4130,.T.);
#2884=EDGE_CURVE('',#3641,#3640,#4131,.T.);
#2885=EDGE_CURVE('',#3642,#3413,#4132,.T.);
#2886=EDGE_CURVE('',#3642,#3641,#453,.T.);
#2887=EDGE_CURVE('',#3643,#3412,#4133,.T.);
#2888=EDGE_CURVE('',#3643,#3642,#454,.T.);
#2889=EDGE_CURVE('',#3644,#3411,#4134,.T.);
#2890=EDGE_CURVE('',#3644,#3643,#455,.T.);
#2891=EDGE_CURVE('',#3645,#3410,#4135,.T.);
#2892=EDGE_CURVE('',#3645,#3644,#456,.T.);
#2893=EDGE_CURVE('',#3646,#3409,#4136,.T.);
#2894=EDGE_CURVE('',#3646,#3645,#457,.T.);
#2895=EDGE_CURVE('',#3647,#3408,#4137,.T.);
#2896=EDGE_CURVE('',#3647,#3646,#458,.T.);
#2897=EDGE_CURVE('',#3648,#3407,#4138,.T.);
#2898=EDGE_CURVE('',#3648,#3647,#459,.T.);
#2899=EDGE_CURVE('',#3649,#3406,#4139,.T.);
#2900=EDGE_CURVE('',#3649,#3648,#460,.T.);
#2901=EDGE_CURVE('',#3650,#3405,#4140,.T.);
#2902=EDGE_CURVE('',#3650,#3649,#461,.T.);
#2903=EDGE_CURVE('',#3651,#3404,#4141,.T.);
#2904=EDGE_CURVE('',#3651,#3650,#462,.T.);
#2905=EDGE_CURVE('',#3652,#3403,#4142,.T.);
#2906=EDGE_CURVE('',#3652,#3651,#238,.F.);
#2907=EDGE_CURVE('',#3653,#3402,#4143,.T.);
#2908=EDGE_CURVE('',#3653,#3652,#239,.F.);
#2909=EDGE_CURVE('',#3654,#3401,#4144,.T.);
#2910=EDGE_CURVE('',#3654,#3653,#4145,.T.);
#2911=EDGE_CURVE('',#3655,#3400,#4146,.T.);
#2912=EDGE_CURVE('',#3655,#3654,#463,.T.);
#2913=EDGE_CURVE('',#3632,#3655,#464,.T.);
#2914=EDGE_CURVE('',#3656,#3423,#4147,.T.);
#2915=EDGE_CURVE('',#3656,#3657,#4148,.T.);
#2916=EDGE_CURVE('',#3657,#3424,#4149,.T.);
#2917=EDGE_CURVE('',#3658,#3422,#4150,.T.);
#2918=EDGE_CURVE('',#3658,#3656,#4151,.T.);
#2919=EDGE_CURVE('',#3659,#3438,#4152,.T.);
#2920=EDGE_CURVE('',#3659,#3658,#4153,.T.);
#2921=EDGE_CURVE('',#3660,#3437,#4154,.T.);
#2922=EDGE_CURVE('',#3660,#3659,#465,.T.);
#2923=EDGE_CURVE('',#3661,#3436,#4155,.T.);
#2924=EDGE_CURVE('',#3661,#3660,#466,.T.);
#2925=EDGE_CURVE('',#3662,#3435,#4156,.T.);
#2926=EDGE_CURVE('',#3662,#3661,#240,.T.);
#2927=EDGE_CURVE('',#3663,#3434,#4157,.T.);
#2928=EDGE_CURVE('',#3663,#3662,#241,.T.);
#2929=EDGE_CURVE('',#3664,#3433,#4158,.T.);
#2930=EDGE_CURVE('',#3664,#3663,#4159,.T.);
#2931=EDGE_CURVE('',#3665,#3432,#4160,.T.);
#2932=EDGE_CURVE('',#3665,#3664,#4161,.T.);
#2933=EDGE_CURVE('',#3666,#3431,#4162,.T.);
#2934=EDGE_CURVE('',#3666,#3665,#4163,.T.);
#2935=EDGE_CURVE('',#3667,#3430,#4164,.T.);
#2936=EDGE_CURVE('',#3667,#3666,#4165,.T.);
#2937=EDGE_CURVE('',#3668,#3429,#4166,.T.);
#2938=EDGE_CURVE('',#3668,#3667,#4167,.T.);
#2939=EDGE_CURVE('',#3669,#3428,#4168,.T.);
#2940=EDGE_CURVE('',#3669,#3668,#4169,.T.);
#2941=EDGE_CURVE('',#3670,#3427,#4170,.T.);
#2942=EDGE_CURVE('',#3670,#3669,#467,.T.);
#2943=EDGE_CURVE('',#3671,#3426,#4171,.T.);
#2944=EDGE_CURVE('',#3671,#3670,#468,.T.);
#2945=EDGE_CURVE('',#3672,#3425,#4172,.T.);
#2946=EDGE_CURVE('',#3672,#3671,#469,.T.);
#2947=EDGE_CURVE('',#3657,#3672,#470,.T.);
#2948=EDGE_CURVE('',#3673,#3440,#4173,.T.);
#2949=EDGE_CURVE('',#3673,#3674,#4174,.T.);
#2950=EDGE_CURVE('',#3674,#3441,#4175,.T.);
#2951=EDGE_CURVE('',#3675,#3439,#4176,.T.);
#2952=EDGE_CURVE('',#3675,#3673,#4177,.T.);
#2953=EDGE_CURVE('',#3676,#3461,#4178,.T.);
#2954=EDGE_CURVE('',#3676,#3675,#4179,.T.);
#2955=EDGE_CURVE('',#3677,#3460,#4180,.T.);
#2956=EDGE_CURVE('',#3677,#3676,#4181,.T.);
#2957=EDGE_CURVE('',#3678,#3459,#4182,.T.);
#2958=EDGE_CURVE('',#3678,#3677,#471,.T.);
#2959=EDGE_CURVE('',#3679,#3458,#4183,.T.);
#2960=EDGE_CURVE('',#3679,#3678,#242,.T.);
#2961=EDGE_CURVE('',#3680,#3457,#4184,.T.);
#2962=EDGE_CURVE('',#3680,#3679,#4185,.T.);
#2963=EDGE_CURVE('',#3681,#3456,#4186,.T.);
#2964=EDGE_CURVE('',#3681,#3680,#472,.T.);
#2965=EDGE_CURVE('',#3682,#3455,#4187,.T.);
#2966=EDGE_CURVE('',#3682,#3681,#4188,.T.);
#2967=EDGE_CURVE('',#3683,#3454,#4189,.T.);
#2968=EDGE_CURVE('',#3683,#3682,#4190,.T.);
#2969=EDGE_CURVE('',#3684,#3453,#4191,.T.);
#2970=EDGE_CURVE('',#3684,#3683,#4192,.T.);
#2971=EDGE_CURVE('',#3685,#3452,#4193,.T.);
#2972=EDGE_CURVE('',#3685,#3684,#243,.T.);
#2973=EDGE_CURVE('',#3686,#3451,#4194,.T.);
#2974=EDGE_CURVE('',#3686,#3685,#244,.T.);
#2975=EDGE_CURVE('',#3687,#3450,#4195,.T.);
#2976=EDGE_CURVE('',#3687,#3686,#4196,.T.);
#2977=EDGE_CURVE('',#3688,#3449,#4197,.T.);
#2978=EDGE_CURVE('',#3688,#3687,#473,.T.);
#2979=EDGE_CURVE('',#3689,#3448,#4198,.T.);
#2980=EDGE_CURVE('',#3689,#3688,#4199,.T.);
#2981=EDGE_CURVE('',#3690,#3447,#4200,.T.);
#2982=EDGE_CURVE('',#3690,#3689,#4201,.T.);
#2983=EDGE_CURVE('',#3691,#3446,#4202,.T.);
#2984=EDGE_CURVE('',#3691,#3690,#4203,.T.);
#2985=EDGE_CURVE('',#3692,#3445,#4204,.T.);
#2986=EDGE_CURVE('',#3692,#3691,#4205,.T.);
#2987=EDGE_CURVE('',#3693,#3444,#4206,.T.);
#2988=EDGE_CURVE('',#3693,#3692,#4207,.T.);
#2989=EDGE_CURVE('',#3694,#3443,#4208,.T.);
#2990=EDGE_CURVE('',#3694,#3693,#474,.T.);
#2991=EDGE_CURVE('',#3695,#3442,#4209,.T.);
#2992=EDGE_CURVE('',#3695,#3694,#4210,.T.);
#2993=EDGE_CURVE('',#3674,#3695,#475,.T.);
#2994=EDGE_CURVE('',#3696,#3697,#476,.T.);
#2995=EDGE_CURVE('',#3698,#3696,#4211,.T.);
#2996=EDGE_CURVE('',#3698,#3699,#477,.T.);
#2997=EDGE_CURVE('',#3699,#3697,#4212,.T.);
#2998=EDGE_CURVE('',#3700,#3696,#478,.T.);
#2999=EDGE_CURVE('',#3701,#3700,#4213,.T.);
#3000=EDGE_CURVE('',#3701,#3698,#479,.T.);
#3001=EDGE_CURVE('',#3702,#3700,#480,.T.);
#3002=EDGE_CURVE('',#3703,#3702,#4214,.T.);
#3003=EDGE_CURVE('',#3703,#3701,#481,.T.);
#3004=EDGE_CURVE('',#3704,#3702,#482,.T.);
#3005=EDGE_CURVE('',#3705,#3704,#4215,.T.);
#3006=EDGE_CURVE('',#3705,#3703,#483,.T.);
#3007=EDGE_CURVE('',#3706,#3704,#484,.T.);
#3008=EDGE_CURVE('',#3707,#3706,#4216,.T.);
#3009=EDGE_CURVE('',#3707,#3705,#485,.T.);
#3010=EDGE_CURVE('',#3708,#3706,#486,.T.);
#3011=EDGE_CURVE('',#3709,#3708,#4217,.T.);
#3012=EDGE_CURVE('',#3709,#3707,#487,.T.);
#3013=EDGE_CURVE('',#3710,#3708,#488,.T.);
#3014=EDGE_CURVE('',#3711,#3710,#4218,.T.);
#3015=EDGE_CURVE('',#3711,#3709,#489,.T.);
#3016=EDGE_CURVE('',#3712,#3283,#4219,.T.);
#3017=EDGE_CURVE('',#3712,#3713,#490,.T.);
#3018=EDGE_CURVE('',#3713,#3284,#4220,.T.);
#3019=EDGE_CURVE('',#3714,#3282,#4221,.T.);
#3020=EDGE_CURVE('',#3714,#3712,#491,.T.);
#3021=EDGE_CURVE('',#3715,#3290,#4222,.T.);
#3022=EDGE_CURVE('',#3715,#3714,#492,.T.);
#3023=EDGE_CURVE('',#3716,#3289,#4223,.T.);
#3024=EDGE_CURVE('',#3716,#3715,#493,.T.);
#3025=EDGE_CURVE('',#3717,#3288,#4224,.T.);
#3026=EDGE_CURVE('',#3717,#3716,#494,.T.);
#3027=EDGE_CURVE('',#3718,#3287,#4225,.T.);
#3028=EDGE_CURVE('',#3718,#3717,#495,.T.);
#3029=EDGE_CURVE('',#3719,#3286,#4226,.T.);
#3030=EDGE_CURVE('',#3719,#3718,#496,.T.);
#3031=EDGE_CURVE('',#3720,#3285,#4227,.T.);
#3032=EDGE_CURVE('',#3720,#3719,#497,.T.);
#3033=EDGE_CURVE('',#3713,#3720,#498,.T.);
#3034=EDGE_CURVE('',#3697,#3710,#499,.T.);
#3035=EDGE_CURVE('',#3699,#3711,#500,.T.);
#3036=EDGE_CURVE('',#3721,#3722,#501,.T.);
#3037=EDGE_CURVE('',#3723,#3721,#4228,.T.);
#3038=EDGE_CURVE('',#3723,#3724,#502,.T.);
#3039=EDGE_CURVE('',#3724,#3722,#4229,.T.);
#3040=EDGE_CURVE('',#3725,#3721,#503,.T.);
#3041=EDGE_CURVE('',#3726,#3725,#4230,.T.);
#3042=EDGE_CURVE('',#3726,#3723,#504,.T.);
#3043=EDGE_CURVE('',#3727,#3725,#505,.T.);
#3044=EDGE_CURVE('',#3728,#3727,#4231,.T.);
#3045=EDGE_CURVE('',#3728,#3726,#506,.T.);
#3046=EDGE_CURVE('',#3729,#3727,#4232,.T.);
#3047=EDGE_CURVE('',#3730,#3729,#4233,.T.);
#3048=EDGE_CURVE('',#3730,#3728,#4234,.T.);
#3049=EDGE_CURVE('',#3731,#3729,#4235,.T.);
#3050=EDGE_CURVE('',#3732,#3731,#4236,.T.);
#3051=EDGE_CURVE('',#3732,#3730,#4237,.T.);
#3052=EDGE_CURVE('',#3733,#3731,#4238,.T.);
#3053=EDGE_CURVE('',#3734,#3733,#4239,.T.);
#3054=EDGE_CURVE('',#3734,#3732,#4240,.T.);
#3055=EDGE_CURVE('',#3735,#3463,#4241,.T.);
#3056=EDGE_CURVE('',#3735,#3736,#507,.T.);
#3057=EDGE_CURVE('',#3736,#3464,#4242,.T.);
#3058=EDGE_CURVE('',#3737,#3462,#4243,.T.);
#3059=EDGE_CURVE('',#3737,#3735,#508,.T.);
#3060=EDGE_CURVE('',#3738,#3468,#4244,.T.);
#3061=EDGE_CURVE('',#3738,#3737,#509,.T.);
#3062=EDGE_CURVE('',#3739,#3467,#4245,.T.);
#3063=EDGE_CURVE('',#3739,#3738,#4246,.T.);
#3064=EDGE_CURVE('',#3740,#3466,#4247,.T.);
#3065=EDGE_CURVE('',#3740,#3739,#4248,.T.);
#3066=EDGE_CURVE('',#3741,#3465,#4249,.T.);
#3067=EDGE_CURVE('',#3741,#3740,#4250,.T.);
#3068=EDGE_CURVE('',#3736,#3741,#510,.T.);
#3069=EDGE_CURVE('',#3722,#3733,#511,.T.);
#3070=EDGE_CURVE('',#3724,#3734,#512,.T.);
#3071=EDGE_CURVE('',#3742,#3743,#513,.T.);
#3072=EDGE_CURVE('',#3744,#3742,#4251,.T.);
#3073=EDGE_CURVE('',#3744,#3745,#514,.T.);
#3074=EDGE_CURVE('',#3745,#3743,#4252,.T.);
#3075=EDGE_CURVE('',#3746,#3742,#515,.T.);
#3076=EDGE_CURVE('',#3747,#3746,#4253,.T.);
#3077=EDGE_CURVE('',#3747,#3744,#516,.T.);
#3078=EDGE_CURVE('',#3748,#3746,#517,.T.);
#3079=EDGE_CURVE('',#3749,#3748,#4254,.T.);
#3080=EDGE_CURVE('',#3749,#3747,#518,.T.);
#3081=EDGE_CURVE('',#3750,#3748,#519,.T.);
#3082=EDGE_CURVE('',#3751,#3750,#4255,.T.);
#3083=EDGE_CURVE('',#3751,#3749,#520,.T.);
#3084=EDGE_CURVE('',#3752,#3750,#521,.T.);
#3085=EDGE_CURVE('',#3753,#3752,#4256,.T.);
#3086=EDGE_CURVE('',#3753,#3751,#522,.T.);
#3087=EDGE_CURVE('',#3754,#3752,#523,.T.);
#3088=EDGE_CURVE('',#3755,#3754,#4257,.T.);
#3089=EDGE_CURVE('',#3755,#3753,#524,.T.);
#3090=EDGE_CURVE('',#3756,#3754,#525,.T.);
#3091=EDGE_CURVE('',#3757,#3756,#4258,.T.);
#3092=EDGE_CURVE('',#3757,#3755,#526,.T.);
#3093=EDGE_CURVE('',#3758,#3756,#4259,.T.);
#3094=EDGE_CURVE('',#3759,#3758,#4260,.T.);
#3095=EDGE_CURVE('',#3759,#3757,#4261,.T.);
#3096=EDGE_CURVE('',#3760,#3267,#4262,.T.);
#3097=EDGE_CURVE('',#3760,#3761,#245,.T.);
#3098=EDGE_CURVE('',#3761,#3268,#4263,.T.);
#3099=EDGE_CURVE('',#3762,#3266,#4264,.T.);
#3100=EDGE_CURVE('',#3762,#3760,#527,.T.);
#3101=EDGE_CURVE('',#3763,#3281,#4265,.T.);
#3102=EDGE_CURVE('',#3763,#3762,#528,.T.);
#3103=EDGE_CURVE('',#3764,#3280,#4266,.T.);
#3104=EDGE_CURVE('',#3764,#3763,#529,.T.);
#3105=EDGE_CURVE('',#3765,#3279,#4267,.T.);
#3106=EDGE_CURVE('',#3765,#3764,#530,.T.);
#3107=EDGE_CURVE('',#3766,#3278,#4268,.T.);
#3108=EDGE_CURVE('',#3766,#3765,#531,.T.);
#3109=EDGE_CURVE('',#3767,#3277,#4269,.T.);
#3110=EDGE_CURVE('',#3767,#3766,#532,.T.);
#3111=EDGE_CURVE('',#3768,#3276,#4270,.T.);
#3112=EDGE_CURVE('',#3768,#3767,#4271,.T.);
#3113=EDGE_CURVE('',#3769,#3275,#4272,.T.);
#3114=EDGE_CURVE('',#3769,#3768,#4273,.T.);
#3115=EDGE_CURVE('',#3770,#3274,#4274,.T.);
#3116=EDGE_CURVE('',#3770,#3769,#4275,.T.);
#3117=EDGE_CURVE('',#3771,#3273,#4276,.T.);
#3118=EDGE_CURVE('',#3771,#3770,#4277,.T.);
#3119=EDGE_CURVE('',#3772,#3272,#4278,.T.);
#3120=EDGE_CURVE('',#3772,#3771,#4279,.T.);
#3121=EDGE_CURVE('',#3773,#3271,#4280,.T.);
#3122=EDGE_CURVE('',#3773,#3772,#4281,.T.);
#3123=EDGE_CURVE('',#3774,#3270,#4282,.T.);
#3124=EDGE_CURVE('',#3774,#3773,#246,.T.);
#3125=EDGE_CURVE('',#3775,#3269,#4283,.T.);
#3126=EDGE_CURVE('',#3775,#3774,#4284,.T.);
#3127=EDGE_CURVE('',#3761,#3775,#247,.T.);
#3128=EDGE_CURVE('',#3743,#3758,#533,.T.);
#3129=EDGE_CURVE('',#3745,#3759,#534,.T.);
#3130=EDGE_CURVE('',#3776,#3253,#4285,.T.);
#3131=EDGE_CURVE('',#3776,#3777,#4286,.T.);
#3132=EDGE_CURVE('',#3777,#3254,#4287,.T.);
#3133=EDGE_CURVE('',#3778,#3252,#4288,.T.);
#3134=EDGE_CURVE('',#3778,#3776,#4289,.T.);
#3135=EDGE_CURVE('',#3779,#3265,#4290,.T.);
#3136=EDGE_CURVE('',#3779,#3778,#4291,.T.);
#3137=EDGE_CURVE('',#3780,#3264,#4292,.T.);
#3138=EDGE_CURVE('',#3780,#3779,#535,.T.);
#3139=EDGE_CURVE('',#3781,#3263,#4293,.T.);
#3140=EDGE_CURVE('',#3781,#3780,#536,.T.);
#3141=EDGE_CURVE('',#3782,#3262,#4294,.T.);
#3142=EDGE_CURVE('',#3782,#3781,#537,.T.);
#3143=EDGE_CURVE('',#3783,#3261,#4295,.T.);
#3144=EDGE_CURVE('',#3783,#3782,#538,.T.);
#3145=EDGE_CURVE('',#3784,#3260,#4296,.T.);
#3146=EDGE_CURVE('',#3784,#3783,#4297,.T.);
#3147=EDGE_CURVE('',#3785,#3259,#4298,.T.);
#3148=EDGE_CURVE('',#3785,#3784,#4299,.T.);
#3149=EDGE_CURVE('',#3786,#3258,#4300,.T.);
#3150=EDGE_CURVE('',#3786,#3785,#4301,.T.);
#3151=EDGE_CURVE('',#3787,#3257,#4302,.T.);
#3152=EDGE_CURVE('',#3787,#3786,#539,.T.);
#3153=EDGE_CURVE('',#3788,#3256,#4303,.T.);
#3154=EDGE_CURVE('',#3788,#3787,#540,.T.);
#3155=EDGE_CURVE('',#3789,#3255,#4304,.T.);
#3156=EDGE_CURVE('',#3789,#3788,#541,.T.);
#3157=EDGE_CURVE('',#3777,#3789,#542,.T.);
#3158=EDGE_CURVE('',#3790,#3236,#4305,.T.);
#3159=EDGE_CURVE('',#3790,#3791,#4306,.T.);
#3160=EDGE_CURVE('',#3791,#3237,#4307,.T.);
#3161=EDGE_CURVE('',#3792,#3235,#4308,.T.);
#3162=EDGE_CURVE('',#3792,#3790,#4309,.T.);
#3163=EDGE_CURVE('',#3793,#3251,#4310,.T.);
#3164=EDGE_CURVE('',#3793,#3792,#4311,.T.);
#3165=EDGE_CURVE('',#3794,#3250,#4312,.T.);
#3166=EDGE_CURVE('',#3794,#3793,#543,.T.);
#3167=EDGE_CURVE('',#3795,#3249,#4313,.T.);
#3168=EDGE_CURVE('',#3795,#3794,#544,.T.);
#3169=EDGE_CURVE('',#3796,#3248,#4314,.T.);
#3170=EDGE_CURVE('',#3796,#3795,#248,.T.);
#3171=EDGE_CURVE('',#3797,#3247,#4315,.T.);
#3172=EDGE_CURVE('',#3797,#3796,#249,.T.);
#3173=EDGE_CURVE('',#3798,#3246,#4316,.T.);
#3174=EDGE_CURVE('',#3798,#3797,#4317,.T.);
#3175=EDGE_CURVE('',#3799,#3245,#4318,.T.);
#3176=EDGE_CURVE('',#3799,#3798,#4319,.T.);
#3177=EDGE_CURVE('',#3800,#3244,#4320,.T.);
#3178=EDGE_CURVE('',#3800,#3799,#4321,.T.);
#3179=EDGE_CURVE('',#3801,#3243,#4322,.T.);
#3180=EDGE_CURVE('',#3801,#3800,#4323,.T.);
#3181=EDGE_CURVE('',#3802,#3242,#4324,.T.);
#3182=EDGE_CURVE('',#3802,#3801,#4325,.T.);
#3183=EDGE_CURVE('',#3803,#3241,#4326,.T.);
#3184=EDGE_CURVE('',#3803,#3802,#4327,.T.);
#3185=EDGE_CURVE('',#3804,#3240,#4328,.T.);
#3186=EDGE_CURVE('',#3804,#3803,#545,.T.);
#3187=EDGE_CURVE('',#3805,#3239,#4329,.T.);
#3188=EDGE_CURVE('',#3805,#3804,#546,.T.);
#3189=EDGE_CURVE('',#3806,#3238,#4330,.T.);
#3190=EDGE_CURVE('',#3806,#3805,#547,.T.);
#3191=EDGE_CURVE('',#3791,#3806,#548,.T.);
#3192=EDGE_CURVE('',#3807,#3808,#549,.T.);
#3193=EDGE_CURVE('',#3809,#3807,#4331,.T.);
#3194=EDGE_CURVE('',#3809,#3810,#550,.T.);
#3195=EDGE_CURVE('',#3810,#3808,#4332,.T.);
#3196=EDGE_CURVE('',#3811,#3807,#551,.T.);
#3197=EDGE_CURVE('',#3812,#3811,#4333,.T.);
#3198=EDGE_CURVE('',#3812,#3809,#552,.T.);
#3199=EDGE_CURVE('',#3813,#3811,#553,.T.);
#3200=EDGE_CURVE('',#3814,#3813,#4334,.T.);
#3201=EDGE_CURVE('',#3814,#3812,#554,.T.);
#3202=EDGE_CURVE('',#3815,#3813,#4335,.T.);
#3203=EDGE_CURVE('',#3816,#3815,#4336,.T.);
#3204=EDGE_CURVE('',#3816,#3814,#4337,.T.);
#3205=EDGE_CURVE('',#3817,#3470,#4338,.T.);
#3206=EDGE_CURVE('',#3817,#3818,#555,.T.);
#3207=EDGE_CURVE('',#3818,#3471,#4339,.T.);
#3208=EDGE_CURVE('',#3819,#3469,#4340,.T.);
#3209=EDGE_CURVE('',#3819,#3817,#250,.T.);
#3210=EDGE_CURVE('',#3820,#3482,#4341,.T.);
#3211=EDGE_CURVE('',#3820,#3819,#251,.T.);
#3212=EDGE_CURVE('',#3821,#3481,#4342,.T.);
#3213=EDGE_CURVE('',#3821,#3820,#4343,.T.);
#3214=EDGE_CURVE('',#3822,#3480,#4344,.T.);
#3215=EDGE_CURVE('',#3822,#3821,#252,.F.);
#3216=EDGE_CURVE('',#3823,#3479,#4345,.T.);
#3217=EDGE_CURVE('',#3823,#3822,#556,.T.);
#3218=EDGE_CURVE('',#3824,#3478,#4346,.T.);
#3219=EDGE_CURVE('',#3824,#3823,#557,.T.);
#3220=EDGE_CURVE('',#3825,#3477,#4347,.T.);
#3221=EDGE_CURVE('',#3825,#3824,#4348,.T.);
#3222=EDGE_CURVE('',#3826,#3476,#4349,.T.);
#3223=EDGE_CURVE('',#3826,#3825,#4350,.T.);
#3224=EDGE_CURVE('',#3827,#3475,#4351,.T.);
#3225=EDGE_CURVE('',#3827,#3826,#558,.T.);
#3226=EDGE_CURVE('',#3828,#3474,#4352,.T.);
#3227=EDGE_CURVE('',#3828,#3827,#559,.T.);
#3228=EDGE_CURVE('',#3829,#3473,#4353,.T.);
#3229=EDGE_CURVE('',#3829,#3828,#560,.T.);
#3230=EDGE_CURVE('',#3830,#3472,#4354,.T.);
#3231=EDGE_CURVE('',#3830,#3829,#561,.T.);
#3232=EDGE_CURVE('',#3818,#3830,#562,.T.);
#3233=EDGE_CURVE('',#3808,#3815,#563,.T.);
#3234=EDGE_CURVE('',#3810,#3816,#564,.T.);
#3235=VERTEX_POINT('',#7272);
#3236=VERTEX_POINT('',#7273);
#3237=VERTEX_POINT('',#7275);
#3238=VERTEX_POINT('',#7279);
#3239=VERTEX_POINT('',#7283);
#3240=VERTEX_POINT('',#7287);
#3241=VERTEX_POINT('',#7291);
#3242=VERTEX_POINT('',#7293);
#3243=VERTEX_POINT('',#7295);
#3244=VERTEX_POINT('',#7297);
#3245=VERTEX_POINT('',#7299);
#3246=VERTEX_POINT('',#7301);
#3247=VERTEX_POINT('',#7303);
#3248=VERTEX_POINT('',#7305);
#3249=VERTEX_POINT('',#7307);
#3250=VERTEX_POINT('',#7311);
#3251=VERTEX_POINT('',#7315);
#3252=VERTEX_POINT('',#7318);
#3253=VERTEX_POINT('',#7319);
#3254=VERTEX_POINT('',#7321);
#3255=VERTEX_POINT('',#7325);
#3256=VERTEX_POINT('',#7329);
#3257=VERTEX_POINT('',#7333);
#3258=VERTEX_POINT('',#7337);
#3259=VERTEX_POINT('',#7339);
#3260=VERTEX_POINT('',#7341);
#3261=VERTEX_POINT('',#7343);
#3262=VERTEX_POINT('',#7347);
#3263=VERTEX_POINT('',#7351);
#3264=VERTEX_POINT('',#7355);
#3265=VERTEX_POINT('',#7359);
#3266=VERTEX_POINT('',#7364);
#3267=VERTEX_POINT('',#7365);
#3268=VERTEX_POINT('',#7367);
#3269=VERTEX_POINT('',#7369);
#3270=VERTEX_POINT('',#7371);
#3271=VERTEX_POINT('',#7373);
#3272=VERTEX_POINT('',#7375);
#3273=VERTEX_POINT('',#7377);
#3274=VERTEX_POINT('',#7379);
#3275=VERTEX_POINT('',#7381);
#3276=VERTEX_POINT('',#7383);
#3277=VERTEX_POINT('',#7385);
#3278=VERTEX_POINT('',#7389);
#3279=VERTEX_POINT('',#7393);
#3280=VERTEX_POINT('',#7397);
#3281=VERTEX_POINT('',#7401);
#3282=VERTEX_POINT('',#7408);
#3283=VERTEX_POINT('',#7409);
#3284=VERTEX_POINT('',#7413);
#3285=VERTEX_POINT('',#7417);
#3286=VERTEX_POINT('',#7421);
#3287=VERTEX_POINT('',#7425);
#3288=VERTEX_POINT('',#7429);
#3289=VERTEX_POINT('',#7433);
#3290=VERTEX_POINT('',#7437);
#3291=VERTEX_POINT('',#7444);
#3292=VERTEX_POINT('',#7445);
#3293=VERTEX_POINT('',#7449);
#3294=VERTEX_POINT('',#7453);
#3295=VERTEX_POINT('',#7457);
#3296=VERTEX_POINT('',#7461);
#3297=VERTEX_POINT('',#7465);
#3298=VERTEX_POINT('',#7469);
#3299=VERTEX_POINT('',#7473);
#3300=VERTEX_POINT('',#7478);
#3301=VERTEX_POINT('',#7479);
#3302=VERTEX_POINT('',#7481);
#3303=VERTEX_POINT('',#7483);
#3304=VERTEX_POINT('',#7486);
#3305=VERTEX_POINT('',#7487);
#3306=VERTEX_POINT('',#7489);
#3307=VERTEX_POINT('',#7491);
#3308=VERTEX_POINT('',#7494);
#3309=VERTEX_POINT('',#7496);
#3310=VERTEX_POINT('',#7498);
#3311=VERTEX_POINT('',#7500);
#3312=VERTEX_POINT('',#7502);
#3313=VERTEX_POINT('',#7503);
#3314=VERTEX_POINT('',#7507);
#3315=VERTEX_POINT('',#7511);
#3316=VERTEX_POINT('',#7515);
#3317=VERTEX_POINT('',#7519);
#3318=VERTEX_POINT('',#7521);
#3319=VERTEX_POINT('',#7523);
#3320=VERTEX_POINT('',#7525);
#3321=VERTEX_POINT('',#7527);
#3322=VERTEX_POINT('',#7529);
#3323=VERTEX_POINT('',#7531);
#3324=VERTEX_POINT('',#7533);
#3325=VERTEX_POINT('',#7535);
#3326=VERTEX_POINT('',#7539);
#3327=VERTEX_POINT('',#7543);
#3328=VERTEX_POINT('',#7545);
#3329=VERTEX_POINT('',#7548);
#3330=VERTEX_POINT('',#7549);
#3331=VERTEX_POINT('',#7551);
#3332=VERTEX_POINT('',#7553);
#3333=VERTEX_POINT('',#7555);
#3334=VERTEX_POINT('',#7557);
#3335=VERTEX_POINT('',#7559);
#3336=VERTEX_POINT('',#7561);
#3337=VERTEX_POINT('',#7563);
#3338=VERTEX_POINT('',#7565);
#3339=VERTEX_POINT('',#7567);
#3340=VERTEX_POINT('',#7569);
#3341=VERTEX_POINT('',#7571);
#3342=VERTEX_POINT('',#7573);
#3343=VERTEX_POINT('',#7575);
#3344=VERTEX_POINT('',#7577);
#3345=VERTEX_POINT('',#7579);
#3346=VERTEX_POINT('',#7581);
#3347=VERTEX_POINT('',#7586);
#3348=VERTEX_POINT('',#7587);
#3349=VERTEX_POINT('',#7591);
#3350=VERTEX_POINT('',#7595);
#3351=VERTEX_POINT('',#7599);
#3352=VERTEX_POINT('',#7603);
#3353=VERTEX_POINT('',#7607);
#3354=VERTEX_POINT('',#7611);
#3355=VERTEX_POINT('',#7613);
#3356=VERTEX_POINT('',#7615);
#3357=VERTEX_POINT('',#7619);
#3358=VERTEX_POINT('',#7623);
#3359=VERTEX_POINT('',#7625);
#3360=VERTEX_POINT('',#7627);
#3361=VERTEX_POINT('',#7630);
#3362=VERTEX_POINT('',#7631);
#3363=VERTEX_POINT('',#7633);
#3364=VERTEX_POINT('',#7635);
#3365=VERTEX_POINT('',#7637);
#3366=VERTEX_POINT('',#7639);
#3367=VERTEX_POINT('',#7641);
#3368=VERTEX_POINT('',#7643);
#3369=VERTEX_POINT('',#7645);
#3370=VERTEX_POINT('',#7647);
#3371=VERTEX_POINT('',#7652);
#3372=VERTEX_POINT('',#7653);
#3373=VERTEX_POINT('',#7657);
#3374=VERTEX_POINT('',#7661);
#3375=VERTEX_POINT('',#7665);
#3376=VERTEX_POINT('',#7669);
#3377=VERTEX_POINT('',#7673);
#3378=VERTEX_POINT('',#7677);
#3379=VERTEX_POINT('',#7681);
#3380=VERTEX_POINT('',#7686);
#3381=VERTEX_POINT('',#7687);
#3382=VERTEX_POINT('',#7689);
#3383=VERTEX_POINT('',#7693);
#3384=VERTEX_POINT('',#7697);
#3385=VERTEX_POINT('',#7701);
#3386=VERTEX_POINT('',#7705);
#3387=VERTEX_POINT('',#7707);
#3388=VERTEX_POINT('',#7709);
#3389=VERTEX_POINT('',#7711);
#3390=VERTEX_POINT('',#7713);
#3391=VERTEX_POINT('',#7715);
#3392=VERTEX_POINT('',#7717);
#3393=VERTEX_POINT('',#7719);
#3394=VERTEX_POINT('',#7721);
#3395=VERTEX_POINT('',#7725);
#3396=VERTEX_POINT('',#7729);
#3397=VERTEX_POINT('',#7734);
#3398=VERTEX_POINT('',#7735);
#3399=VERTEX_POINT('',#7739);
#3400=VERTEX_POINT('',#7743);
#3401=VERTEX_POINT('',#7747);
#3402=VERTEX_POINT('',#7749);
#3403=VERTEX_POINT('',#7751);
#3404=VERTEX_POINT('',#7753);
#3405=VERTEX_POINT('',#7757);
#3406=VERTEX_POINT('',#7761);
#3407=VERTEX_POINT('',#7765);
#3408=VERTEX_POINT('',#7769);
#3409=VERTEX_POINT('',#7773);
#3410=VERTEX_POINT('',#7777);
#3411=VERTEX_POINT('',#7781);
#3412=VERTEX_POINT('',#7785);
#3413=VERTEX_POINT('',#7789);
#3414=VERTEX_POINT('',#7793);
#3415=VERTEX_POINT('',#7795);
#3416=VERTEX_POINT('',#7799);
#3417=VERTEX_POINT('',#7803);
#3418=VERTEX_POINT('',#7807);
#3419=VERTEX_POINT('',#7811);
#3420=VERTEX_POINT('',#7815);
#3421=VERTEX_POINT('',#7819);
#3422=VERTEX_POINT('',#7824);
#3423=VERTEX_POINT('',#7825);
#3424=VERTEX_POINT('',#7827);
#3425=VERTEX_POINT('',#7831);
#3426=VERTEX_POINT('',#7835);
#3427=VERTEX_POINT('',#7839);
#3428=VERTEX_POINT('',#7843);
#3429=VERTEX_POINT('',#7845);
#3430=VERTEX_POINT('',#7847);
#3431=VERTEX_POINT('',#7849);
#3432=VERTEX_POINT('',#7851);
#3433=VERTEX_POINT('',#7853);
#3434=VERTEX_POINT('',#7855);
#3435=VERTEX_POINT('',#7857);
#3436=VERTEX_POINT('',#7859);
#3437=VERTEX_POINT('',#7863);
#3438=VERTEX_POINT('',#7867);
#3439=VERTEX_POINT('',#7870);
#3440=VERTEX_POINT('',#7871);
#3441=VERTEX_POINT('',#7873);
#3442=VERTEX_POINT('',#7877);
#3443=VERTEX_POINT('',#7879);
#3444=VERTEX_POINT('',#7883);
#3445=VERTEX_POINT('',#7885);
#3446=VERTEX_POINT('',#7887);
#3447=VERTEX_POINT('',#7889);
#3448=VERTEX_POINT('',#7891);
#3449=VERTEX_POINT('',#7893);
#3450=VERTEX_POINT('',#7897);
#3451=VERTEX_POINT('',#7899);
#3452=VERTEX_POINT('',#7901);
#3453=VERTEX_POINT('',#7903);
#3454=VERTEX_POINT('',#7905);
#3455=VERTEX_POINT('',#7907);
#3456=VERTEX_POINT('',#7909);
#3457=VERTEX_POINT('',#7913);
#3458=VERTEX_POINT('',#7915);
#3459=VERTEX_POINT('',#7917);
#3460=VERTEX_POINT('',#7921);
#3461=VERTEX_POINT('',#7923);
#3462=VERTEX_POINT('',#7928);
#3463=VERTEX_POINT('',#7929);
#3464=VERTEX_POINT('',#7933);
#3465=VERTEX_POINT('',#7937);
#3466=VERTEX_POINT('',#7939);
#3467=VERTEX_POINT('',#7941);
#3468=VERTEX_POINT('',#7943);
#3469=VERTEX_POINT('',#7948);
#3470=VERTEX_POINT('',#7949);
#3471=VERTEX_POINT('',#7953);
#3472=VERTEX_POINT('',#7957);
#3473=VERTEX_POINT('',#7961);
#3474=VERTEX_POINT('',#7965);
#3475=VERTEX_POINT('',#7969);
#3476=VERTEX_POINT('',#7973);
#3477=VERTEX_POINT('',#7975);
#3478=VERTEX_POINT('',#7977);
#3479=VERTEX_POINT('',#7981);
#3480=VERTEX_POINT('',#7985);
#3481=VERTEX_POINT('',#7987);
#3482=VERTEX_POINT('',#7989);
#3483=VERTEX_POINT('',#7993);
#3484=VERTEX_POINT('',#7994);
#3485=VERTEX_POINT('',#7999);
#3486=VERTEX_POINT('',#8003);
#3487=VERTEX_POINT('',#8007);
#3488=VERTEX_POINT('',#8008);
#3489=VERTEX_POINT('',#8013);
#3490=VERTEX_POINT('',#8017);
#3491=VERTEX_POINT('',#8023);
#3492=VERTEX_POINT('',#8026);
#3493=VERTEX_POINT('',#8029);
#3494=VERTEX_POINT('',#8032);
#3495=VERTEX_POINT('',#8038);
#3496=VERTEX_POINT('',#8040);
#3497=VERTEX_POINT('',#8044);
#3498=VERTEX_POINT('',#8048);
#3499=VERTEX_POINT('',#8059);
#3500=VERTEX_POINT('',#8072);
#3501=VERTEX_POINT('',#8078);
#3502=VERTEX_POINT('',#8082);
#3503=VERTEX_POINT('',#8086);
#3504=VERTEX_POINT('',#8090);
#3505=VERTEX_POINT('',#8094);
#3506=VERTEX_POINT('',#8098);
#3507=VERTEX_POINT('',#8102);
#3508=VERTEX_POINT('',#8106);
#3509=VERTEX_POINT('',#8117);
#3510=VERTEX_POINT('',#8130);
#3511=VERTEX_POINT('',#8143);
#3512=VERTEX_POINT('',#8161);
#3513=VERTEX_POINT('',#8163);
#3514=VERTEX_POINT('',#8167);
#3515=VERTEX_POINT('',#8171);
#3516=VERTEX_POINT('',#8175);
#3517=VERTEX_POINT('',#8179);
#3518=VERTEX_POINT('',#8183);
#3519=VERTEX_POINT('',#8187);
#3520=VERTEX_POINT('',#8191);
#3521=VERTEX_POINT('',#8195);
#3522=VERTEX_POINT('',#8199);
#3523=VERTEX_POINT('',#8203);
#3524=VERTEX_POINT('',#8207);
#3525=VERTEX_POINT('',#8211);
#3526=VERTEX_POINT('',#8215);
#3527=VERTEX_POINT('',#8219);
#3528=VERTEX_POINT('',#8223);
#3529=VERTEX_POINT('',#8227);
#3530=VERTEX_POINT('',#8243);
#3531=VERTEX_POINT('',#8244);
#3532=VERTEX_POINT('',#8246);
#3533=VERTEX_POINT('',#8250);
#3534=VERTEX_POINT('',#8263);
#3535=VERTEX_POINT('',#8265);
#3536=VERTEX_POINT('',#8280);
#3537=VERTEX_POINT('',#8282);
#3538=VERTEX_POINT('',#8288);
#3539=VERTEX_POINT('',#8290);
#3540=VERTEX_POINT('',#8301);
#3541=VERTEX_POINT('',#8305);
#3542=VERTEX_POINT('',#8316);
#3543=VERTEX_POINT('',#8322);
#3544=VERTEX_POINT('',#8326);
#3545=VERTEX_POINT('',#8330);
#3546=VERTEX_POINT('',#8341);
#3547=VERTEX_POINT('',#8354);
#3548=VERTEX_POINT('',#8360);
#3549=VERTEX_POINT('',#8364);
#3550=VERTEX_POINT('',#8375);
#3551=VERTEX_POINT('',#8388);
#3552=VERTEX_POINT('',#8401);
#3553=VERTEX_POINT('',#8414);
#3554=VERTEX_POINT('',#8446);
#3555=VERTEX_POINT('',#8448);
#3556=VERTEX_POINT('',#8452);
#3557=VERTEX_POINT('',#8456);
#3558=VERTEX_POINT('',#8460);
#3559=VERTEX_POINT('',#8464);
#3560=VERTEX_POINT('',#8468);
#3561=VERTEX_POINT('',#8472);
#3562=VERTEX_POINT('',#8476);
#3563=VERTEX_POINT('',#8480);
#3564=VERTEX_POINT('',#8496);
#3565=VERTEX_POINT('',#8497);
#3566=VERTEX_POINT('',#8499);
#3567=VERTEX_POINT('',#8503);
#3568=VERTEX_POINT('',#8516);
#3569=VERTEX_POINT('',#8518);
#3570=VERTEX_POINT('',#8533);
#3571=VERTEX_POINT('',#8535);
#3572=VERTEX_POINT('',#8550);
#3573=VERTEX_POINT('',#8552);
#3574=VERTEX_POINT('',#8567);
#3575=VERTEX_POINT('',#8569);
#3576=VERTEX_POINT('',#8584);
#3577=VERTEX_POINT('',#8586);
#3578=VERTEX_POINT('',#8601);
#3579=VERTEX_POINT('',#8603);
#3580=VERTEX_POINT('',#8616);
#3581=VERTEX_POINT('',#8620);
#3582=VERTEX_POINT('',#8631);
#3583=VERTEX_POINT('',#8644);
#3584=VERTEX_POINT('',#8657);
#3585=VERTEX_POINT('',#8670);
#3586=VERTEX_POINT('',#8683);
#3587=VERTEX_POINT('',#8696);
#3588=VERTEX_POINT('',#8709);
#3589=VERTEX_POINT('',#8750);
#3590=VERTEX_POINT('',#8751);
#3591=VERTEX_POINT('',#8753);
#3592=VERTEX_POINT('',#8757);
#3593=VERTEX_POINT('',#8770);
#3594=VERTEX_POINT('',#8772);
#3595=VERTEX_POINT('',#8787);
#3596=VERTEX_POINT('',#8789);
#3597=VERTEX_POINT('',#8804);
#3598=VERTEX_POINT('',#8806);
#3599=VERTEX_POINT('',#8821);
#3600=VERTEX_POINT('',#8823);
#3601=VERTEX_POINT('',#8838);
#3602=VERTEX_POINT('',#8840);
#3603=VERTEX_POINT('',#8855);
#3604=VERTEX_POINT('',#8857);
#3605=VERTEX_POINT('',#8870);
#3606=VERTEX_POINT('',#8874);
#3607=VERTEX_POINT('',#8885);
#3608=VERTEX_POINT('',#8898);
#3609=VERTEX_POINT('',#8911);
#3610=VERTEX_POINT('',#8924);
#3611=VERTEX_POINT('',#8937);
#3612=VERTEX_POINT('',#8950);
#3613=VERTEX_POINT('',#8963);
#3614=VERTEX_POINT('',#8995);
#3615=VERTEX_POINT('',#8997);
#3616=VERTEX_POINT('',#9001);
#3617=VERTEX_POINT('',#9005);
#3618=VERTEX_POINT('',#9016);
#3619=VERTEX_POINT('',#9029);
#3620=VERTEX_POINT('',#9035);
#3621=VERTEX_POINT('',#9039);
#3622=VERTEX_POINT('',#9043);
#3623=VERTEX_POINT('',#9047);
#3624=VERTEX_POINT('',#9051);
#3625=VERTEX_POINT('',#9055);
#3626=VERTEX_POINT('',#9059);
#3627=VERTEX_POINT('',#9063);
#3628=VERTEX_POINT('',#9074);
#3629=VERTEX_POINT('',#9087);
#3630=VERTEX_POINT('',#9100);
#3631=VERTEX_POINT('',#9125);
#3632=VERTEX_POINT('',#9129);
#3633=VERTEX_POINT('',#9140);
#3634=VERTEX_POINT('',#9153);
#3635=VERTEX_POINT('',#9166);
#3636=VERTEX_POINT('',#9179);
#3637=VERTEX_POINT('',#9192);
#3638=VERTEX_POINT('',#9205);
#3639=VERTEX_POINT('',#9218);
#3640=VERTEX_POINT('',#9231);
#3641=VERTEX_POINT('',#9237);
#3642=VERTEX_POINT('',#9248);
#3643=VERTEX_POINT('',#9261);
#3644=VERTEX_POINT('',#9274);
#3645=VERTEX_POINT('',#9287);
#3646=VERTEX_POINT('',#9300);
#3647=VERTEX_POINT('',#9313);
#3648=VERTEX_POINT('',#9326);
#3649=VERTEX_POINT('',#9339);
#3650=VERTEX_POINT('',#9352);
#3651=VERTEX_POINT('',#9365);
#3652=VERTEX_POINT('',#9371);
#3653=VERTEX_POINT('',#9375);
#3654=VERTEX_POINT('',#9379);
#3655=VERTEX_POINT('',#9390);
#3656=VERTEX_POINT('',#9408);
#3657=VERTEX_POINT('',#9410);
#3658=VERTEX_POINT('',#9414);
#3659=VERTEX_POINT('',#9418);
#3660=VERTEX_POINT('',#9429);
#3661=VERTEX_POINT('',#9442);
#3662=VERTEX_POINT('',#9448);
#3663=VERTEX_POINT('',#9452);
#3664=VERTEX_POINT('',#9456);
#3665=VERTEX_POINT('',#9460);
#3666=VERTEX_POINT('',#9464);
#3667=VERTEX_POINT('',#9468);
#3668=VERTEX_POINT('',#9472);
#3669=VERTEX_POINT('',#9476);
#3670=VERTEX_POINT('',#9487);
#3671=VERTEX_POINT('',#9500);
#3672=VERTEX_POINT('',#9513);
#3673=VERTEX_POINT('',#9531);
#3674=VERTEX_POINT('',#9533);
#3675=VERTEX_POINT('',#9537);
#3676=VERTEX_POINT('',#9541);
#3677=VERTEX_POINT('',#9545);
#3678=VERTEX_POINT('',#9556);
#3679=VERTEX_POINT('',#9562);
#3680=VERTEX_POINT('',#9566);
#3681=VERTEX_POINT('',#9577);
#3682=VERTEX_POINT('',#9583);
#3683=VERTEX_POINT('',#9587);
#3684=VERTEX_POINT('',#9591);
#3685=VERTEX_POINT('',#9595);
#3686=VERTEX_POINT('',#9599);
#3687=VERTEX_POINT('',#9603);
#3688=VERTEX_POINT('',#9614);
#3689=VERTEX_POINT('',#9620);
#3690=VERTEX_POINT('',#9624);
#3691=VERTEX_POINT('',#9628);
#3692=VERTEX_POINT('',#9632);
#3693=VERTEX_POINT('',#9636);
#3694=VERTEX_POINT('',#9647);
#3695=VERTEX_POINT('',#9653);
#3696=VERTEX_POINT('',#9678);
#3697=VERTEX_POINT('',#9679);
#3698=VERTEX_POINT('',#9681);
#3699=VERTEX_POINT('',#9685);
#3700=VERTEX_POINT('',#9698);
#3701=VERTEX_POINT('',#9700);
#3702=VERTEX_POINT('',#9715);
#3703=VERTEX_POINT('',#9717);
#3704=VERTEX_POINT('',#9732);
#3705=VERTEX_POINT('',#9734);
#3706=VERTEX_POINT('',#9749);
#3707=VERTEX_POINT('',#9751);
#3708=VERTEX_POINT('',#9766);
#3709=VERTEX_POINT('',#9768);
#3710=VERTEX_POINT('',#9783);
#3711=VERTEX_POINT('',#9785);
#3712=VERTEX_POINT('',#9798);
#3713=VERTEX_POINT('',#9802);
#3714=VERTEX_POINT('',#9813);
#3715=VERTEX_POINT('',#9826);
#3716=VERTEX_POINT('',#9839);
#3717=VERTEX_POINT('',#9852);
#3718=VERTEX_POINT('',#9865);
#3719=VERTEX_POINT('',#9878);
#3720=VERTEX_POINT('',#9891);
#3721=VERTEX_POINT('',#9932);
#3722=VERTEX_POINT('',#9933);
#3723=VERTEX_POINT('',#9935);
#3724=VERTEX_POINT('',#9939);
#3725=VERTEX_POINT('',#9952);
#3726=VERTEX_POINT('',#9954);
#3727=VERTEX_POINT('',#9969);
#3728=VERTEX_POINT('',#9971);
#3729=VERTEX_POINT('',#9977);
#3730=VERTEX_POINT('',#9979);
#3731=VERTEX_POINT('',#9983);
#3732=VERTEX_POINT('',#9985);
#3733=VERTEX_POINT('',#9989);
#3734=VERTEX_POINT('',#9991);
#3735=VERTEX_POINT('',#10002);
#3736=VERTEX_POINT('',#10006);
#3737=VERTEX_POINT('',#10017);
#3738=VERTEX_POINT('',#10030);
#3739=VERTEX_POINT('',#10036);
#3740=VERTEX_POINT('',#10040);
#3741=VERTEX_POINT('',#10044);
#3742=VERTEX_POINT('',#10083);
#3743=VERTEX_POINT('',#10084);
#3744=VERTEX_POINT('',#10086);
#3745=VERTEX_POINT('',#10090);
#3746=VERTEX_POINT('',#10103);
#3747=VERTEX_POINT('',#10105);
#3748=VERTEX_POINT('',#10120);
#3749=VERTEX_POINT('',#10122);
#3750=VERTEX_POINT('',#10137);
#3751=VERTEX_POINT('',#10139);
#3752=VERTEX_POINT('',#10154);
#3753=VERTEX_POINT('',#10156);
#3754=VERTEX_POINT('',#10171);
#3755=VERTEX_POINT('',#10173);
#3756=VERTEX_POINT('',#10188);
#3757=VERTEX_POINT('',#10190);
#3758=VERTEX_POINT('',#10196);
#3759=VERTEX_POINT('',#10198);
#3760=VERTEX_POINT('',#10202);
#3761=VERTEX_POINT('',#10204);
#3762=VERTEX_POINT('',#10215);
#3763=VERTEX_POINT('',#10228);
#3764=VERTEX_POINT('',#10241);
#3765=VERTEX_POINT('',#10254);
#3766=VERTEX_POINT('',#10267);
#3767=VERTEX_POINT('',#10280);
#3768=VERTEX_POINT('',#10286);
#3769=VERTEX_POINT('',#10290);
#3770=VERTEX_POINT('',#10294);
#3771=VERTEX_POINT('',#10298);
#3772=VERTEX_POINT('',#10302);
#3773=VERTEX_POINT('',#10306);
#3774=VERTEX_POINT('',#10310);
#3775=VERTEX_POINT('',#10314);
#3776=VERTEX_POINT('',#10335);
#3777=VERTEX_POINT('',#10337);
#3778=VERTEX_POINT('',#10341);
#3779=VERTEX_POINT('',#10345);
#3780=VERTEX_POINT('',#10356);
#3781=VERTEX_POINT('',#10369);
#3782=VERTEX_POINT('',#10382);
#3783=VERTEX_POINT('',#10395);
#3784=VERTEX_POINT('',#10401);
#3785=VERTEX_POINT('',#10405);
#3786=VERTEX_POINT('',#10409);
#3787=VERTEX_POINT('',#10420);
#3788=VERTEX_POINT('',#10433);
#3789=VERTEX_POINT('',#10446);
#3790=VERTEX_POINT('',#10464);
#3791=VERTEX_POINT('',#10466);
#3792=VERTEX_POINT('',#10470);
#3793=VERTEX_POINT('',#10474);
#3794=VERTEX_POINT('',#10485);
#3795=VERTEX_POINT('',#10498);
#3796=VERTEX_POINT('',#10504);
#3797=VERTEX_POINT('',#10508);
#3798=VERTEX_POINT('',#10512);
#3799=VERTEX_POINT('',#10516);
#3800=VERTEX_POINT('',#10520);
#3801=VERTEX_POINT('',#10524);
#3802=VERTEX_POINT('',#10528);
#3803=VERTEX_POINT('',#10532);
#3804=VERTEX_POINT('',#10543);
#3805=VERTEX_POINT('',#10556);
#3806=VERTEX_POINT('',#10569);
#3807=VERTEX_POINT('',#10596);
#3808=VERTEX_POINT('',#10597);
#3809=VERTEX_POINT('',#10599);
#3810=VERTEX_POINT('',#10603);
#3811=VERTEX_POINT('',#10616);
#3812=VERTEX_POINT('',#10618);
#3813=VERTEX_POINT('',#10633);
#3814=VERTEX_POINT('',#10635);
#3815=VERTEX_POINT('',#10641);
#3816=VERTEX_POINT('',#10643);
#3817=VERTEX_POINT('',#10654);
#3818=VERTEX_POINT('',#10658);
#3819=VERTEX_POINT('',#10662);
#3820=VERTEX_POINT('',#10666);
#3821=VERTEX_POINT('',#10670);
#3822=VERTEX_POINT('',#10674);
#3823=VERTEX_POINT('',#10685);
#3824=VERTEX_POINT('',#10698);
#3825=VERTEX_POINT('',#10704);
#3826=VERTEX_POINT('',#10708);
#3827=VERTEX_POINT('',#10719);
#3828=VERTEX_POINT('',#10732);
#3829=VERTEX_POINT('',#10745);
#3830=VERTEX_POINT('',#10758);
#3831=LINE('',#7271,#4355);
#3832=LINE('',#7274,#4356);
#3833=LINE('',#7292,#4357);
#3834=LINE('',#7294,#4358);
#3835=LINE('',#7296,#4359);
#3836=LINE('',#7298,#4360);
#3837=LINE('',#7300,#4361);
#3838=LINE('',#7302,#4362);
#3839=LINE('',#7316,#4363);
#3840=LINE('',#7317,#4364);
#3841=LINE('',#7320,#4365);
#3842=LINE('',#7338,#4366);
#3843=LINE('',#7340,#4367);
#3844=LINE('',#7342,#4368);
#3845=LINE('',#7360,#4369);
#3846=LINE('',#7370,#4370);
#3847=LINE('',#7374,#4371);
#3848=LINE('',#7376,#4372);
#3849=LINE('',#7378,#4373);
#3850=LINE('',#7380,#4374);
#3851=LINE('',#7382,#4375);
#3852=LINE('',#7384,#4376);
#3853=LINE('',#7477,#4377);
#3854=LINE('',#7480,#4378);
#3855=LINE('',#7482,#4379);
#3856=LINE('',#7484,#4380);
#3857=LINE('',#7485,#4381);
#3858=LINE('',#7488,#4382);
#3859=LINE('',#7490,#4383);
#3860=LINE('',#7492,#4384);
#3861=LINE('',#7501,#4385);
#3862=LINE('',#7520,#4386);
#3863=LINE('',#7522,#4387);
#3864=LINE('',#7524,#4388);
#3865=LINE('',#7526,#4389);
#3866=LINE('',#7528,#4390);
#3867=LINE('',#7530,#4391);
#3868=LINE('',#7544,#4392);
#3869=LINE('',#7546,#4393);
#3870=LINE('',#7547,#4394);
#3871=LINE('',#7550,#4395);
#3872=LINE('',#7554,#4396);
#3873=LINE('',#7556,#4397);
#3874=LINE('',#7558,#4398);
#3875=LINE('',#7560,#4399);
#3876=LINE('',#7562,#4400);
#3877=LINE('',#7564,#4401);
#3878=LINE('',#7566,#4402);
#3879=LINE('',#7568,#4403);
#3880=LINE('',#7570,#4404);
#3881=LINE('',#7572,#4405);
#3882=LINE('',#7574,#4406);
#3883=LINE('',#7578,#4407);
#3884=LINE('',#7580,#4408);
#3885=LINE('',#7582,#4409);
#3886=LINE('',#7612,#4410);
#3887=LINE('',#7614,#4411);
#3888=LINE('',#7626,#4412);
#3889=LINE('',#7629,#4413);
#3890=LINE('',#7632,#4414);
#3891=LINE('',#7634,#4415);
#3892=LINE('',#7636,#4416);
#3893=LINE('',#7638,#4417);
#3894=LINE('',#7640,#4418);
#3895=LINE('',#7642,#4419);
#3896=LINE('',#7644,#4420);
#3897=LINE('',#7646,#4421);
#3898=LINE('',#7648,#4422);
#3899=LINE('',#7685,#4423);
#3900=LINE('',#7688,#4424);
#3901=LINE('',#7706,#4425);
#3902=LINE('',#7708,#4426);
#3903=LINE('',#7710,#4427);
#3904=LINE('',#7712,#4428);
#3905=LINE('',#7714,#4429);
#3906=LINE('',#7716,#4430);
#3907=LINE('',#7730,#4431);
#3908=LINE('',#7748,#4432);
#3909=LINE('',#7794,#4433);
#3910=LINE('',#7823,#4434);
#3911=LINE('',#7826,#4435);
#3912=LINE('',#7844,#4436);
#3913=LINE('',#7846,#4437);
#3914=LINE('',#7848,#4438);
#3915=LINE('',#7850,#4439);
#3916=LINE('',#7852,#4440);
#3917=LINE('',#7854,#4441);
#3918=LINE('',#7868,#4442);
#3919=LINE('',#7869,#4443);
#3920=LINE('',#7872,#4444);
#3921=LINE('',#7878,#4445);
#3922=LINE('',#7884,#4446);
#3923=LINE('',#7886,#4447);
#3924=LINE('',#7888,#4448);
#3925=LINE('',#7890,#4449);
#3926=LINE('',#7892,#4450);
#3927=LINE('',#7898,#4451);
#3928=LINE('',#7904,#4452);
#3929=LINE('',#7906,#4453);
#3930=LINE('',#7908,#4454);
#3931=LINE('',#7914,#4455);
#3932=LINE('',#7922,#4456);
#3933=LINE('',#7924,#4457);
#3934=LINE('',#7938,#4458);
#3935=LINE('',#7940,#4459);
#3936=LINE('',#7942,#4460);
#3937=LINE('',#7974,#4461);
#3938=LINE('',#7976,#4462);
#3939=LINE('',#7988,#4463);
#3940=LINE('',#7992,#4464);
#3941=LINE('',#7995,#4465);
#3942=LINE('',#7996,#4466);
#3943=LINE('',#7998,#4467);
#3944=LINE('',#8000,#4468);
#3945=LINE('',#8002,#4469);
#3946=LINE('',#8004,#4470);
#3947=LINE('',#8006,#4471);
#3948=LINE('',#8009,#4472);
#3949=LINE('',#8010,#4473);
#3950=LINE('',#8012,#4474);
#3951=LINE('',#8014,#4475);
#3952=LINE('',#8016,#4476);
#3953=LINE('',#8018,#4477);
#3954=LINE('',#8020,#4478);
#3955=LINE('',#8034,#4479);
#3956=LINE('',#8037,#4480);
#3957=LINE('',#8039,#4481);
#3958=LINE('',#8041,#4482);
#3959=LINE('',#8043,#4483);
#3960=LINE('',#8045,#4484);
#3961=LINE('',#8047,#4485);
#3962=LINE('',#8049,#4486);
#3963=LINE('',#8058,#4487);
#3964=LINE('',#8071,#4488);
#3965=LINE('',#8077,#4489);
#3966=LINE('',#8081,#4490);
#3967=LINE('',#8085,#4491);
#3968=LINE('',#8087,#4492);
#3969=LINE('',#8089,#4493);
#3970=LINE('',#8091,#4494);
#3971=LINE('',#8093,#4495);
#3972=LINE('',#8095,#4496);
#3973=LINE('',#8097,#4497);
#3974=LINE('',#8099,#4498);
#3975=LINE('',#8101,#4499);
#3976=LINE('',#8103,#4500);
#3977=LINE('',#8105,#4501);
#3978=LINE('',#8107,#4502);
#3979=LINE('',#8116,#4503);
#3980=LINE('',#8129,#4504);
#3981=LINE('',#8142,#4505);
#3982=LINE('',#8160,#4506);
#3983=LINE('',#8162,#4507);
#3984=LINE('',#8164,#4508);
#3985=LINE('',#8166,#4509);
#3986=LINE('',#8168,#4510);
#3987=LINE('',#8170,#4511);
#3988=LINE('',#8172,#4512);
#3989=LINE('',#8174,#4513);
#3990=LINE('',#8176,#4514);
#3991=LINE('',#8178,#4515);
#3992=LINE('',#8182,#4516);
#3993=LINE('',#8184,#4517);
#3994=LINE('',#8186,#4518);
#3995=LINE('',#8188,#4519);
#3996=LINE('',#8190,#4520);
#3997=LINE('',#8192,#4521);
#3998=LINE('',#8194,#4522);
#3999=LINE('',#8196,#4523);
#4000=LINE('',#8198,#4524);
#4001=LINE('',#8200,#4525);
#4002=LINE('',#8202,#4526);
#4003=LINE('',#8204,#4527);
#4004=LINE('',#8206,#4528);
#4005=LINE('',#8208,#4529);
#4006=LINE('',#8210,#4530);
#4007=LINE('',#8212,#4531);
#4008=LINE('',#8214,#4532);
#4009=LINE('',#8216,#4533);
#4010=LINE('',#8218,#4534);
#4011=LINE('',#8220,#4535);
#4012=LINE('',#8222,#4536);
#4013=LINE('',#8224,#4537);
#4014=LINE('',#8226,#4538);
#4015=LINE('',#8230,#4539);
#4016=LINE('',#8245,#4540);
#4017=LINE('',#8251,#4541);
#4018=LINE('',#8264,#4542);
#4019=LINE('',#8281,#4543);
#4020=LINE('',#8287,#4544);
#4021=LINE('',#8289,#4545);
#4022=LINE('',#8291,#4546);
#4023=LINE('',#8300,#4547);
#4024=LINE('',#8306,#4548);
#4025=LINE('',#8315,#4549);
#4026=LINE('',#8321,#4550);
#4027=LINE('',#8325,#4551);
#4028=LINE('',#8327,#4552);
#4029=LINE('',#8329,#4553);
#4030=LINE('',#8340,#4554);
#4031=LINE('',#8353,#4555);
#4032=LINE('',#8359,#4556);
#4033=LINE('',#8361,#4557);
#4034=LINE('',#8363,#4558);
#4035=LINE('',#8365,#4559);
#4036=LINE('',#8374,#4560);
#4037=LINE('',#8387,#4561);
#4038=LINE('',#8400,#4562);
#4039=LINE('',#8413,#4563);
#4040=LINE('',#8445,#4564);
#4041=LINE('',#8447,#4565);
#4042=LINE('',#8449,#4566);
#4043=LINE('',#8451,#4567);
#4044=LINE('',#8453,#4568);
#4045=LINE('',#8455,#4569);
#4046=LINE('',#8457,#4570);
#4047=LINE('',#8459,#4571);
#4048=LINE('',#8461,#4572);
#4049=LINE('',#8463,#4573);
#4050=LINE('',#8465,#4574);
#4051=LINE('',#8467,#4575);
#4052=LINE('',#8469,#4576);
#4053=LINE('',#8471,#4577);
#4054=LINE('',#8473,#4578);
#4055=LINE('',#8475,#4579);
#4056=LINE('',#8477,#4580);
#4057=LINE('',#8479,#4581);
#4058=LINE('',#8481,#4582);
#4059=LINE('',#8483,#4583);
#4060=LINE('',#8498,#4584);
#4061=LINE('',#8504,#4585);
#4062=LINE('',#8517,#4586);
#4063=LINE('',#8534,#4587);
#4064=LINE('',#8551,#4588);
#4065=LINE('',#8568,#4589);
#4066=LINE('',#8585,#4590);
#4067=LINE('',#8602,#4591);
#4068=LINE('',#8615,#4592);
#4069=LINE('',#8621,#4593);
#4070=LINE('',#8630,#4594);
#4071=LINE('',#8643,#4595);
#4072=LINE('',#8656,#4596);
#4073=LINE('',#8669,#4597);
#4074=LINE('',#8682,#4598);
#4075=LINE('',#8695,#4599);
#4076=LINE('',#8708,#4600);
#4077=LINE('',#8752,#4601);
#4078=LINE('',#8758,#4602);
#4079=LINE('',#8771,#4603);
#4080=LINE('',#8788,#4604);
#4081=LINE('',#8805,#4605);
#4082=LINE('',#8822,#4606);
#4083=LINE('',#8839,#4607);
#4084=LINE('',#8856,#4608);
#4085=LINE('',#8869,#4609);
#4086=LINE('',#8875,#4610);
#4087=LINE('',#8884,#4611);
#4088=LINE('',#8897,#4612);
#4089=LINE('',#8910,#4613);
#4090=LINE('',#8923,#4614);
#4091=LINE('',#8936,#4615);
#4092=LINE('',#8949,#4616);
#4093=LINE('',#8962,#4617);
#4094=LINE('',#8994,#4618);
#4095=LINE('',#8996,#4619);
#4096=LINE('',#8998,#4620);
#4097=LINE('',#9000,#4621);
#4098=LINE('',#9002,#4622);
#4099=LINE('',#9004,#4623);
#4100=LINE('',#9006,#4624);
#4101=LINE('',#9015,#4625);
#4102=LINE('',#9028,#4626);
#4103=LINE('',#9034,#4627);
#4104=LINE('',#9038,#4628);
#4105=LINE('',#9042,#4629);
#4106=LINE('',#9044,#4630);
#4107=LINE('',#9046,#4631);
#4108=LINE('',#9048,#4632);
#4109=LINE('',#9050,#4633);
#4110=LINE('',#9052,#4634);
#4111=LINE('',#9054,#4635);
#4112=LINE('',#9056,#4636);
#4113=LINE('',#9058,#4637);
#4114=LINE('',#9060,#4638);
#4115=LINE('',#9062,#4639);
#4116=LINE('',#9064,#4640);
#4117=LINE('',#9073,#4641);
#4118=LINE('',#9086,#4642);
#4119=LINE('',#9099,#4643);
#4120=LINE('',#9124,#4644);
#4121=LINE('',#9130,#4645);
#4122=LINE('',#9139,#4646);
#4123=LINE('',#9152,#4647);
#4124=LINE('',#9165,#4648);
#4125=LINE('',#9178,#4649);
#4126=LINE('',#9191,#4650);
#4127=LINE('',#9204,#4651);
#4128=LINE('',#9217,#4652);
#4129=LINE('',#9230,#4653);
#4130=LINE('',#9236,#4654);
#4131=LINE('',#9238,#4655);
#4132=LINE('',#9247,#4656);
#4133=LINE('',#9260,#4657);
#4134=LINE('',#9273,#4658);
#4135=LINE('',#9286,#4659);
#4136=LINE('',#9299,#4660);
#4137=LINE('',#9312,#4661);
#4138=LINE('',#9325,#4662);
#4139=LINE('',#9338,#4663);
#4140=LINE('',#9351,#4664);
#4141=LINE('',#9364,#4665);
#4142=LINE('',#9370,#4666);
#4143=LINE('',#9374,#4667);
#4144=LINE('',#9378,#4668);
#4145=LINE('',#9380,#4669);
#4146=LINE('',#9389,#4670);
#4147=LINE('',#9407,#4671);
#4148=LINE('',#9409,#4672);
#4149=LINE('',#9411,#4673);
#4150=LINE('',#9413,#4674);
#4151=LINE('',#9415,#4675);
#4152=LINE('',#9417,#4676);
#4153=LINE('',#9419,#4677);
#4154=LINE('',#9428,#4678);
#4155=LINE('',#9441,#4679);
#4156=LINE('',#9447,#4680);
#4157=LINE('',#9451,#4681);
#4158=LINE('',#9455,#4682);
#4159=LINE('',#9457,#4683);
#4160=LINE('',#9459,#4684);
#4161=LINE('',#9461,#4685);
#4162=LINE('',#9463,#4686);
#4163=LINE('',#9465,#4687);
#4164=LINE('',#9467,#4688);
#4165=LINE('',#9469,#4689);
#4166=LINE('',#9471,#4690);
#4167=LINE('',#9473,#4691);
#4168=LINE('',#9475,#4692);
#4169=LINE('',#9477,#4693);
#4170=LINE('',#9486,#4694);
#4171=LINE('',#9499,#4695);
#4172=LINE('',#9512,#4696);
#4173=LINE('',#9530,#4697);
#4174=LINE('',#9532,#4698);
#4175=LINE('',#9534,#4699);
#4176=LINE('',#9536,#4700);
#4177=LINE('',#9538,#4701);
#4178=LINE('',#9540,#4702);
#4179=LINE('',#9542,#4703);
#4180=LINE('',#9544,#4704);
#4181=LINE('',#9546,#4705);
#4182=LINE('',#9555,#4706);
#4183=LINE('',#9561,#4707);
#4184=LINE('',#9565,#4708);
#4185=LINE('',#9567,#4709);
#4186=LINE('',#9576,#4710);
#4187=LINE('',#9582,#4711);
#4188=LINE('',#9584,#4712);
#4189=LINE('',#9586,#4713);
#4190=LINE('',#9588,#4714);
#4191=LINE('',#9590,#4715);
#4192=LINE('',#9592,#4716);
#4193=LINE('',#9594,#4717);
#4194=LINE('',#9598,#4718);
#4195=LINE('',#9602,#4719);
#4196=LINE('',#9604,#4720);
#4197=LINE('',#9613,#4721);
#4198=LINE('',#9619,#4722);
#4199=LINE('',#9621,#4723);
#4200=LINE('',#9623,#4724);
#4201=LINE('',#9625,#4725);
#4202=LINE('',#9627,#4726);
#4203=LINE('',#9629,#4727);
#4204=LINE('',#9631,#4728);
#4205=LINE('',#9633,#4729);
#4206=LINE('',#9635,#4730);
#4207=LINE('',#9637,#4731);
#4208=LINE('',#9646,#4732);
#4209=LINE('',#9652,#4733);
#4210=LINE('',#9654,#4734);
#4211=LINE('',#9680,#4735);
#4212=LINE('',#9686,#4736);
#4213=LINE('',#9699,#4737);
#4214=LINE('',#9716,#4738);
#4215=LINE('',#9733,#4739);
#4216=LINE('',#9750,#4740);
#4217=LINE('',#9767,#4741);
#4218=LINE('',#9784,#4742);
#4219=LINE('',#9797,#4743);
#4220=LINE('',#9803,#4744);
#4221=LINE('',#9812,#4745);
#4222=LINE('',#9825,#4746);
#4223=LINE('',#9838,#4747);
#4224=LINE('',#9851,#4748);
#4225=LINE('',#9864,#4749);
#4226=LINE('',#9877,#4750);
#4227=LINE('',#9890,#4751);
#4228=LINE('',#9934,#4752);
#4229=LINE('',#9940,#4753);
#4230=LINE('',#9953,#4754);
#4231=LINE('',#9970,#4755);
#4232=LINE('',#9976,#4756);
#4233=LINE('',#9978,#4757);
#4234=LINE('',#9980,#4758);
#4235=LINE('',#9982,#4759);
#4236=LINE('',#9984,#4760);
#4237=LINE('',#9986,#4761);
#4238=LINE('',#9988,#4762);
#4239=LINE('',#9990,#4763);
#4240=LINE('',#9992,#4764);
#4241=LINE('',#10001,#4765);
#4242=LINE('',#10007,#4766);
#4243=LINE('',#10016,#4767);
#4244=LINE('',#10029,#4768);
#4245=LINE('',#10035,#4769);
#4246=LINE('',#10037,#4770);
#4247=LINE('',#10039,#4771);
#4248=LINE('',#10041,#4772);
#4249=LINE('',#10043,#4773);
#4250=LINE('',#10045,#4774);
#4251=LINE('',#10085,#4775);
#4252=LINE('',#10091,#4776);
#4253=LINE('',#10104,#4777);
#4254=LINE('',#10121,#4778);
#4255=LINE('',#10138,#4779);
#4256=LINE('',#10155,#4780);
#4257=LINE('',#10172,#4781);
#4258=LINE('',#10189,#4782);
#4259=LINE('',#10195,#4783);
#4260=LINE('',#10197,#4784);
#4261=LINE('',#10199,#4785);
#4262=LINE('',#10201,#4786);
#4263=LINE('',#10205,#4787);
#4264=LINE('',#10214,#4788);
#4265=LINE('',#10227,#4789);
#4266=LINE('',#10240,#4790);
#4267=LINE('',#10253,#4791);
#4268=LINE('',#10266,#4792);
#4269=LINE('',#10279,#4793);
#4270=LINE('',#10285,#4794);
#4271=LINE('',#10287,#4795);
#4272=LINE('',#10289,#4796);
#4273=LINE('',#10291,#4797);
#4274=LINE('',#10293,#4798);
#4275=LINE('',#10295,#4799);
#4276=LINE('',#10297,#4800);
#4277=LINE('',#10299,#4801);
#4278=LINE('',#10301,#4802);
#4279=LINE('',#10303,#4803);
#4280=LINE('',#10305,#4804);
#4281=LINE('',#10307,#4805);
#4282=LINE('',#10309,#4806);
#4283=LINE('',#10313,#4807);
#4284=LINE('',#10315,#4808);
#4285=LINE('',#10334,#4809);
#4286=LINE('',#10336,#4810);
#4287=LINE('',#10338,#4811);
#4288=LINE('',#10340,#4812);
#4289=LINE('',#10342,#4813);
#4290=LINE('',#10344,#4814);
#4291=LINE('',#10346,#4815);
#4292=LINE('',#10355,#4816);
#4293=LINE('',#10368,#4817);
#4294=LINE('',#10381,#4818);
#4295=LINE('',#10394,#4819);
#4296=LINE('',#10400,#4820);
#4297=LINE('',#10402,#4821);
#4298=LINE('',#10404,#4822);
#4299=LINE('',#10406,#4823);
#4300=LINE('',#10408,#4824);
#4301=LINE('',#10410,#4825);
#4302=LINE('',#10419,#4826);
#4303=LINE('',#10432,#4827);
#4304=LINE('',#10445,#4828);
#4305=LINE('',#10463,#4829);
#4306=LINE('',#10465,#4830);
#4307=LINE('',#10467,#4831);
#4308=LINE('',#10469,#4832);
#4309=LINE('',#10471,#4833);
#4310=LINE('',#10473,#4834);
#4311=LINE('',#10475,#4835);
#4312=LINE('',#10484,#4836);
#4313=LINE('',#10497,#4837);
#4314=LINE('',#10503,#4838);
#4315=LINE('',#10507,#4839);
#4316=LINE('',#10511,#4840);
#4317=LINE('',#10513,#4841);
#4318=LINE('',#10515,#4842);
#4319=LINE('',#10517,#4843);
#4320=LINE('',#10519,#4844);
#4321=LINE('',#10521,#4845);
#4322=LINE('',#10523,#4846);
#4323=LINE('',#10525,#4847);
#4324=LINE('',#10527,#4848);
#4325=LINE('',#10529,#4849);
#4326=LINE('',#10531,#4850);
#4327=LINE('',#10533,#4851);
#4328=LINE('',#10542,#4852);
#4329=LINE('',#10555,#4853);
#4330=LINE('',#10568,#4854);
#4331=LINE('',#10598,#4855);
#4332=LINE('',#10604,#4856);
#4333=LINE('',#10617,#4857);
#4334=LINE('',#10634,#4858);
#4335=LINE('',#10640,#4859);
#4336=LINE('',#10642,#4860);
#4337=LINE('',#10644,#4861);
#4338=LINE('',#10653,#4862);
#4339=LINE('',#10659,#4863);
#4340=LINE('',#10661,#4864);
#4341=LINE('',#10665,#4865);
#4342=LINE('',#10669,#4866);
#4343=LINE('',#10671,#4867);
#4344=LINE('',#10673,#4868);
#4345=LINE('',#10684,#4869);
#4346=LINE('',#10697,#4870);
#4347=LINE('',#10703,#4871);
#4348=LINE('',#10705,#4872);
#4349=LINE('',#10707,#4873);
#4350=LINE('',#10709,#4874);
#4351=LINE('',#10718,#4875);
#4352=LINE('',#10731,#4876);
#4353=LINE('',#10744,#4877);
#4354=LINE('',#10757,#4878);
#4355=VECTOR('',#6303,1.);
#4356=VECTOR('',#6304,1.);
#4357=VECTOR('',#6305,1.);
#4358=VECTOR('',#6306,1.);
#4359=VECTOR('',#6307,1.);
#4360=VECTOR('',#6308,1.);
#4361=VECTOR('',#6309,1.);
#4362=VECTOR('',#6310,1.);
#4363=VECTOR('',#6315,1.);
#4364=VECTOR('',#6316,1.);
#4365=VECTOR('',#6317,1.);
#4366=VECTOR('',#6318,1.);
#4367=VECTOR('',#6319,1.);
#4368=VECTOR('',#6320,1.);
#4369=VECTOR('',#6321,1.);
#4370=VECTOR('',#6326,1.);
#4371=VECTOR('',#6329,1.);
#4372=VECTOR('',#6330,1.);
#4373=VECTOR('',#6331,1.);
#4374=VECTOR('',#6332,1.);
#4375=VECTOR('',#6333,1.);
#4376=VECTOR('',#6334,1.);
#4377=VECTOR('',#6335,1.);
#4378=VECTOR('',#6336,1.);
#4379=VECTOR('',#6337,1.);
#4380=VECTOR('',#6338,1.);
#4381=VECTOR('',#6339,1.);
#4382=VECTOR('',#6340,1.);
#4383=VECTOR('',#6341,1.);
#4384=VECTOR('',#6342,1.);
#4385=VECTOR('',#6351,1.);
#4386=VECTOR('',#6352,1.);
#4387=VECTOR('',#6353,1.);
#4388=VECTOR('',#6354,1.);
#4389=VECTOR('',#6355,1.);
#4390=VECTOR('',#6356,1.);
#4391=VECTOR('',#6357,1.);
#4392=VECTOR('',#6362,1.);
#4393=VECTOR('',#6363,1.);
#4394=VECTOR('',#6364,1.);
#4395=VECTOR('',#6365,1.);
#4396=VECTOR('',#6368,1.);
#4397=VECTOR('',#6369,1.);
#4398=VECTOR('',#6370,1.);
#4399=VECTOR('',#6371,1.);
#4400=VECTOR('',#6372,1.);
#4401=VECTOR('',#6373,1.);
#4402=VECTOR('',#6374,1.);
#4403=VECTOR('',#6375,1.);
#4404=VECTOR('',#6376,1.);
#4405=VECTOR('',#6377,1.);
#4406=VECTOR('',#6378,1.);
#4407=VECTOR('',#6381,1.);
#4408=VECTOR('',#6382,1.);
#4409=VECTOR('',#6383,1.);
#4410=VECTOR('',#6384,1.);
#4411=VECTOR('',#6385,1.);
#4412=VECTOR('',#6388,1.);
#4413=VECTOR('',#6391,1.);
#4414=VECTOR('',#6392,1.);
#4415=VECTOR('',#6393,1.);
#4416=VECTOR('',#6394,1.);
#4417=VECTOR('',#6395,1.);
#4418=VECTOR('',#6396,1.);
#4419=VECTOR('',#6397,1.);
#4420=VECTOR('',#6398,1.);
#4421=VECTOR('',#6399,1.);
#4422=VECTOR('',#6400,1.);
#4423=VECTOR('',#6401,1.);
#4424=VECTOR('',#6402,1.);
#4425=VECTOR('',#6403,1.);
#4426=VECTOR('',#6404,1.);
#4427=VECTOR('',#6405,1.);
#4428=VECTOR('',#6406,1.);
#4429=VECTOR('',#6407,1.);
#4430=VECTOR('',#6408,1.);
#4431=VECTOR('',#6413,1.);
#4432=VECTOR('',#6414,1.);
#4433=VECTOR('',#6419,1.);
#4434=VECTOR('',#6420,1.);
#4435=VECTOR('',#6421,1.);
#4436=VECTOR('',#6422,1.);
#4437=VECTOR('',#6423,1.);
#4438=VECTOR('',#6424,1.);
#4439=VECTOR('',#6425,1.);
#4440=VECTOR('',#6426,1.);
#4441=VECTOR('',#6427,1.);
#4442=VECTOR('',#6432,1.);
#4443=VECTOR('',#6433,1.);
#4444=VECTOR('',#6434,1.);
#4445=VECTOR('',#6435,1.);
#4446=VECTOR('',#6436,1.);
#4447=VECTOR('',#6437,1.);
#4448=VECTOR('',#6438,1.);
#4449=VECTOR('',#6439,1.);
#4450=VECTOR('',#6440,1.);
#4451=VECTOR('',#6441,1.);
#4452=VECTOR('',#6446,1.);
#4453=VECTOR('',#6447,1.);
#4454=VECTOR('',#6448,1.);
#4455=VECTOR('',#6449,1.);
#4456=VECTOR('',#6452,1.);
#4457=VECTOR('',#6453,1.);
#4458=VECTOR('',#6454,1.);
#4459=VECTOR('',#6455,1.);
#4460=VECTOR('',#6456,1.);
#4461=VECTOR('',#6459,1.);
#4462=VECTOR('',#6460,1.);
#4463=VECTOR('',#6463,1.);
#4464=VECTOR('',#6468,1.);
#4465=VECTOR('',#6469,1.);
#4466=VECTOR('',#6470,1.);
#4467=VECTOR('',#6473,1.);
#4468=VECTOR('',#6474,1.);
#4469=VECTOR('',#6477,1.);
#4470=VECTOR('',#6478,1.);
#4471=VECTOR('',#6481,1.);
#4472=VECTOR('',#6482,1.);
#4473=VECTOR('',#6483,1.);
#4474=VECTOR('',#6486,1.);
#4475=VECTOR('',#6487,1.);
#4476=VECTOR('',#6490,1.);
#4477=VECTOR('',#6491,1.);
#4478=VECTOR('',#6494,1.);
#4479=VECTOR('',#6513,1.);
#4480=VECTOR('',#6518,1.);
#4481=VECTOR('',#6519,1.);
#4482=VECTOR('',#6520,1.);
#4483=VECTOR('',#6523,1.);
#4484=VECTOR('',#6524,1.);
#4485=VECTOR('',#6527,1.);
#4486=VECTOR('',#6528,1.);
#4487=VECTOR('',#6529,1.);
#4488=VECTOR('',#6530,1.);
#4489=VECTOR('',#6533,1.);
#4490=VECTOR('',#6538,1.);
#4491=VECTOR('',#6543,1.);
#4492=VECTOR('',#6544,1.);
#4493=VECTOR('',#6547,1.);
#4494=VECTOR('',#6548,1.);
#4495=VECTOR('',#6551,1.);
#4496=VECTOR('',#6552,1.);
#4497=VECTOR('',#6555,1.);
#4498=VECTOR('',#6556,1.);
#4499=VECTOR('',#6559,1.);
#4500=VECTOR('',#6560,1.);
#4501=VECTOR('',#6563,1.);
#4502=VECTOR('',#6564,1.);
#4503=VECTOR('',#6565,1.);
#4504=VECTOR('',#6566,1.);
#4505=VECTOR('',#6567,1.);
#4506=VECTOR('',#6572,1.);
#4507=VECTOR('',#6573,1.);
#4508=VECTOR('',#6574,1.);
#4509=VECTOR('',#6577,1.);
#4510=VECTOR('',#6578,1.);
#4511=VECTOR('',#6581,1.);
#4512=VECTOR('',#6582,1.);
#4513=VECTOR('',#6585,1.);
#4514=VECTOR('',#6586,1.);
#4515=VECTOR('',#6589,1.);
#4516=VECTOR('',#6594,1.);
#4517=VECTOR('',#6595,1.);
#4518=VECTOR('',#6598,1.);
#4519=VECTOR('',#6599,1.);
#4520=VECTOR('',#6602,1.);
#4521=VECTOR('',#6603,1.);
#4522=VECTOR('',#6606,1.);
#4523=VECTOR('',#6607,1.);
#4524=VECTOR('',#6610,1.);
#4525=VECTOR('',#6611,1.);
#4526=VECTOR('',#6614,1.);
#4527=VECTOR('',#6615,1.);
#4528=VECTOR('',#6618,1.);
#4529=VECTOR('',#6619,1.);
#4530=VECTOR('',#6622,1.);
#4531=VECTOR('',#6623,1.);
#4532=VECTOR('',#6626,1.);
#4533=VECTOR('',#6627,1.);
#4534=VECTOR('',#6630,1.);
#4535=VECTOR('',#6631,1.);
#4536=VECTOR('',#6634,1.);
#4537=VECTOR('',#6635,1.);
#4538=VECTOR('',#6638,1.);
#4539=VECTOR('',#6643,1.);
#4540=VECTOR('',#6646,1.);
#4541=VECTOR('',#6647,1.);
#4542=VECTOR('',#6648,1.);
#4543=VECTOR('',#6649,1.);
#4544=VECTOR('',#6652,1.);
#4545=VECTOR('',#6653,1.);
#4546=VECTOR('',#6654,1.);
#4547=VECTOR('',#6655,1.);
#4548=VECTOR('',#6656,1.);
#4549=VECTOR('',#6657,1.);
#4550=VECTOR('',#6660,1.);
#4551=VECTOR('',#6665,1.);
#4552=VECTOR('',#6666,1.);
#4553=VECTOR('',#6669,1.);
#4554=VECTOR('',#6672,1.);
#4555=VECTOR('',#6673,1.);
#4556=VECTOR('',#6676,1.);
#4557=VECTOR('',#6677,1.);
#4558=VECTOR('',#6680,1.);
#4559=VECTOR('',#6681,1.);
#4560=VECTOR('',#6682,1.);
#4561=VECTOR('',#6683,1.);
#4562=VECTOR('',#6684,1.);
#4563=VECTOR('',#6685,1.);
#4564=VECTOR('',#6690,1.);
#4565=VECTOR('',#6691,1.);
#4566=VECTOR('',#6692,1.);
#4567=VECTOR('',#6695,1.);
#4568=VECTOR('',#6696,1.);
#4569=VECTOR('',#6699,1.);
#4570=VECTOR('',#6700,1.);
#4571=VECTOR('',#6703,1.);
#4572=VECTOR('',#6704,1.);
#4573=VECTOR('',#6707,1.);
#4574=VECTOR('',#6708,1.);
#4575=VECTOR('',#6711,1.);
#4576=VECTOR('',#6712,1.);
#4577=VECTOR('',#6715,1.);
#4578=VECTOR('',#6716,1.);
#4579=VECTOR('',#6719,1.);
#4580=VECTOR('',#6720,1.);
#4581=VECTOR('',#6723,1.);
#4582=VECTOR('',#6724,1.);
#4583=VECTOR('',#6727,1.);
#4584=VECTOR('',#6730,1.);
#4585=VECTOR('',#6731,1.);
#4586=VECTOR('',#6732,1.);
#4587=VECTOR('',#6733,1.);
#4588=VECTOR('',#6734,1.);
#4589=VECTOR('',#6735,1.);
#4590=VECTOR('',#6736,1.);
#4591=VECTOR('',#6737,1.);
#4592=VECTOR('',#6738,1.);
#4593=VECTOR('',#6739,1.);
#4594=VECTOR('',#6740,1.);
#4595=VECTOR('',#6741,1.);
#4596=VECTOR('',#6742,1.);
#4597=VECTOR('',#6743,1.);
#4598=VECTOR('',#6744,1.);
#4599=VECTOR('',#6745,1.);
#4600=VECTOR('',#6746,1.);
#4601=VECTOR('',#6749,1.);
#4602=VECTOR('',#6750,1.);
#4603=VECTOR('',#6751,1.);
#4604=VECTOR('',#6752,1.);
#4605=VECTOR('',#6753,1.);
#4606=VECTOR('',#6754,1.);
#4607=VECTOR('',#6755,1.);
#4608=VECTOR('',#6756,1.);
#4609=VECTOR('',#6757,1.);
#4610=VECTOR('',#6758,1.);
#4611=VECTOR('',#6759,1.);
#4612=VECTOR('',#6760,1.);
#4613=VECTOR('',#6761,1.);
#4614=VECTOR('',#6762,1.);
#4615=VECTOR('',#6763,1.);
#4616=VECTOR('',#6764,1.);
#4617=VECTOR('',#6765,1.);
#4618=VECTOR('',#6770,1.);
#4619=VECTOR('',#6771,1.);
#4620=VECTOR('',#6772,1.);
#4621=VECTOR('',#6775,1.);
#4622=VECTOR('',#6776,1.);
#4623=VECTOR('',#6779,1.);
#4624=VECTOR('',#6780,1.);
#4625=VECTOR('',#6781,1.);
#4626=VECTOR('',#6782,1.);
#4627=VECTOR('',#6785,1.);
#4628=VECTOR('',#6790,1.);
#4629=VECTOR('',#6795,1.);
#4630=VECTOR('',#6796,1.);
#4631=VECTOR('',#6799,1.);
#4632=VECTOR('',#6800,1.);
#4633=VECTOR('',#6803,1.);
#4634=VECTOR('',#6804,1.);
#4635=VECTOR('',#6807,1.);
#4636=VECTOR('',#6808,1.);
#4637=VECTOR('',#6811,1.);
#4638=VECTOR('',#6812,1.);
#4639=VECTOR('',#6815,1.);
#4640=VECTOR('',#6816,1.);
#4641=VECTOR('',#6817,1.);
#4642=VECTOR('',#6818,1.);
#4643=VECTOR('',#6819,1.);
#4644=VECTOR('',#6822,1.);
#4645=VECTOR('',#6823,1.);
#4646=VECTOR('',#6824,1.);
#4647=VECTOR('',#6825,1.);
#4648=VECTOR('',#6826,1.);
#4649=VECTOR('',#6827,1.);
#4650=VECTOR('',#6828,1.);
#4651=VECTOR('',#6829,1.);
#4652=VECTOR('',#6830,1.);
#4653=VECTOR('',#6831,1.);
#4654=VECTOR('',#6834,1.);
#4655=VECTOR('',#6835,1.);
#4656=VECTOR('',#6836,1.);
#4657=VECTOR('',#6837,1.);
#4658=VECTOR('',#6838,1.);
#4659=VECTOR('',#6839,1.);
#4660=VECTOR('',#6840,1.);
#4661=VECTOR('',#6841,1.);
#4662=VECTOR('',#6842,1.);
#4663=VECTOR('',#6843,1.);
#4664=VECTOR('',#6844,1.);
#4665=VECTOR('',#6845,1.);
#4666=VECTOR('',#6848,1.);
#4667=VECTOR('',#6853,1.);
#4668=VECTOR('',#6858,1.);
#4669=VECTOR('',#6859,1.);
#4670=VECTOR('',#6860,1.);
#4671=VECTOR('',#6865,1.);
#4672=VECTOR('',#6866,1.);
#4673=VECTOR('',#6867,1.);
#4674=VECTOR('',#6870,1.);
#4675=VECTOR('',#6871,1.);
#4676=VECTOR('',#6874,1.);
#4677=VECTOR('',#6875,1.);
#4678=VECTOR('',#6876,1.);
#4679=VECTOR('',#6877,1.);
#4680=VECTOR('',#6880,1.);
#4681=VECTOR('',#6885,1.);
#4682=VECTOR('',#6890,1.);
#4683=VECTOR('',#6891,1.);
#4684=VECTOR('',#6894,1.);
#4685=VECTOR('',#6895,1.);
#4686=VECTOR('',#6898,1.);
#4687=VECTOR('',#6899,1.);
#4688=VECTOR('',#6902,1.);
#4689=VECTOR('',#6903,1.);
#4690=VECTOR('',#6906,1.);
#4691=VECTOR('',#6907,1.);
#4692=VECTOR('',#6910,1.);
#4693=VECTOR('',#6911,1.);
#4694=VECTOR('',#6912,1.);
#4695=VECTOR('',#6913,1.);
#4696=VECTOR('',#6914,1.);
#4697=VECTOR('',#6919,1.);
#4698=VECTOR('',#6920,1.);
#4699=VECTOR('',#6921,1.);
#4700=VECTOR('',#6924,1.);
#4701=VECTOR('',#6925,1.);
#4702=VECTOR('',#6928,1.);
#4703=VECTOR('',#6929,1.);
#4704=VECTOR('',#6932,1.);
#4705=VECTOR('',#6933,1.);
#4706=VECTOR('',#6934,1.);
#4707=VECTOR('',#6937,1.);
#4708=VECTOR('',#6942,1.);
#4709=VECTOR('',#6943,1.);
#4710=VECTOR('',#6944,1.);
#4711=VECTOR('',#6947,1.);
#4712=VECTOR('',#6948,1.);
#4713=VECTOR('',#6951,1.);
#4714=VECTOR('',#6952,1.);
#4715=VECTOR('',#6955,1.);
#4716=VECTOR('',#6956,1.);
#4717=VECTOR('',#6959,1.);
#4718=VECTOR('',#6964,1.);
#4719=VECTOR('',#6969,1.);
#4720=VECTOR('',#6970,1.);
#4721=VECTOR('',#6971,1.);
#4722=VECTOR('',#6974,1.);
#4723=VECTOR('',#6975,1.);
#4724=VECTOR('',#6978,1.);
#4725=VECTOR('',#6979,1.);
#4726=VECTOR('',#6982,1.);
#4727=VECTOR('',#6983,1.);
#4728=VECTOR('',#6986,1.);
#4729=VECTOR('',#6987,1.);
#4730=VECTOR('',#6990,1.);
#4731=VECTOR('',#6991,1.);
#4732=VECTOR('',#6992,1.);
#4733=VECTOR('',#6995,1.);
#4734=VECTOR('',#6996,1.);
#4735=VECTOR('',#6999,1.);
#4736=VECTOR('',#7000,1.);
#4737=VECTOR('',#7001,1.);
#4738=VECTOR('',#7002,1.);
#4739=VECTOR('',#7003,1.);
#4740=VECTOR('',#7004,1.);
#4741=VECTOR('',#7005,1.);
#4742=VECTOR('',#7006,1.);
#4743=VECTOR('',#7007,1.);
#4744=VECTOR('',#7008,1.);
#4745=VECTOR('',#7009,1.);
#4746=VECTOR('',#7010,1.);
#4747=VECTOR('',#7011,1.);
#4748=VECTOR('',#7012,1.);
#4749=VECTOR('',#7013,1.);
#4750=VECTOR('',#7014,1.);
#4751=VECTOR('',#7015,1.);
#4752=VECTOR('',#7018,1.);
#4753=VECTOR('',#7019,1.);
#4754=VECTOR('',#7020,1.);
#4755=VECTOR('',#7021,1.);
#4756=VECTOR('',#7024,1.);
#4757=VECTOR('',#7025,1.);
#4758=VECTOR('',#7026,1.);
#4759=VECTOR('',#7029,1.);
#4760=VECTOR('',#7030,1.);
#4761=VECTOR('',#7031,1.);
#4762=VECTOR('',#7034,1.);
#4763=VECTOR('',#7035,1.);
#4764=VECTOR('',#7036,1.);
#4765=VECTOR('',#7037,1.);
#4766=VECTOR('',#7038,1.);
#4767=VECTOR('',#7039,1.);
#4768=VECTOR('',#7040,1.);
#4769=VECTOR('',#7043,1.);
#4770=VECTOR('',#7044,1.);
#4771=VECTOR('',#7047,1.);
#4772=VECTOR('',#7048,1.);
#4773=VECTOR('',#7051,1.);
#4774=VECTOR('',#7052,1.);
#4775=VECTOR('',#7055,1.);
#4776=VECTOR('',#7056,1.);
#4777=VECTOR('',#7057,1.);
#4778=VECTOR('',#7058,1.);
#4779=VECTOR('',#7059,1.);
#4780=VECTOR('',#7060,1.);
#4781=VECTOR('',#7061,1.);
#4782=VECTOR('',#7062,1.);
#4783=VECTOR('',#7065,1.);
#4784=VECTOR('',#7066,1.);
#4785=VECTOR('',#7067,1.);
#4786=VECTOR('',#7070,1.);
#4787=VECTOR('',#7073,1.);
#4788=VECTOR('',#7074,1.);
#4789=VECTOR('',#7075,1.);
#4790=VECTOR('',#7076,1.);
#4791=VECTOR('',#7077,1.);
#4792=VECTOR('',#7078,1.);
#4793=VECTOR('',#7079,1.);
#4794=VECTOR('',#7082,1.);
#4795=VECTOR('',#7083,1.);
#4796=VECTOR('',#7086,1.);
#4797=VECTOR('',#7087,1.);
#4798=VECTOR('',#7090,1.);
#4799=VECTOR('',#7091,1.);
#4800=VECTOR('',#7094,1.);
#4801=VECTOR('',#7095,1.);
#4802=VECTOR('',#7098,1.);
#4803=VECTOR('',#7099,1.);
#4804=VECTOR('',#7102,1.);
#4805=VECTOR('',#7103,1.);
#4806=VECTOR('',#7106,1.);
#4807=VECTOR('',#7111,1.);
#4808=VECTOR('',#7112,1.);
#4809=VECTOR('',#7121,1.);
#4810=VECTOR('',#7122,1.);
#4811=VECTOR('',#7123,1.);
#4812=VECTOR('',#7126,1.);
#4813=VECTOR('',#7127,1.);
#4814=VECTOR('',#7130,1.);
#4815=VECTOR('',#7131,1.);
#4816=VECTOR('',#7132,1.);
#4817=VECTOR('',#7133,1.);
#4818=VECTOR('',#7134,1.);
#4819=VECTOR('',#7135,1.);
#4820=VECTOR('',#7138,1.);
#4821=VECTOR('',#7139,1.);
#4822=VECTOR('',#7142,1.);
#4823=VECTOR('',#7143,1.);
#4824=VECTOR('',#7146,1.);
#4825=VECTOR('',#7147,1.);
#4826=VECTOR('',#7148,1.);
#4827=VECTOR('',#7149,1.);
#4828=VECTOR('',#7150,1.);
#4829=VECTOR('',#7155,1.);
#4830=VECTOR('',#7156,1.);
#4831=VECTOR('',#7157,1.);
#4832=VECTOR('',#7160,1.);
#4833=VECTOR('',#7161,1.);
#4834=VECTOR('',#7164,1.);
#4835=VECTOR('',#7165,1.);
#4836=VECTOR('',#7166,1.);
#4837=VECTOR('',#7167,1.);
#4838=VECTOR('',#7170,1.);
#4839=VECTOR('',#7175,1.);
#4840=VECTOR('',#7180,1.);
#4841=VECTOR('',#7181,1.);
#4842=VECTOR('',#7184,1.);
#4843=VECTOR('',#7185,1.);
#4844=VECTOR('',#7188,1.);
#4845=VECTOR('',#7189,1.);
#4846=VECTOR('',#7192,1.);
#4847=VECTOR('',#7193,1.);
#4848=VECTOR('',#7196,1.);
#4849=VECTOR('',#7197,1.);
#4850=VECTOR('',#7200,1.);
#4851=VECTOR('',#7201,1.);
#4852=VECTOR('',#7202,1.);
#4853=VECTOR('',#7203,1.);
#4854=VECTOR('',#7204,1.);
#4855=VECTOR('',#7207,1.);
#4856=VECTOR('',#7208,1.);
#4857=VECTOR('',#7209,1.);
#4858=VECTOR('',#7210,1.);
#4859=VECTOR('',#7213,1.);
#4860=VECTOR('',#7214,1.);
#4861=VECTOR('',#7215,1.);
#4862=VECTOR('',#7216,1.);
#4863=VECTOR('',#7217,1.);
#4864=VECTOR('',#7220,1.);
#4865=VECTOR('',#7225,1.);
#4866=VECTOR('',#7230,1.);
#4867=VECTOR('',#7231,1.);
#4868=VECTOR('',#7234,1.);
#4869=VECTOR('',#7237,1.);
#4870=VECTOR('',#7238,1.);
#4871=VECTOR('',#7241,1.);
#4872=VECTOR('',#7242,1.);
#4873=VECTOR('',#7245,1.);
#4874=VECTOR('',#7246,1.);
#4875=VECTOR('',#7247,1.);
#4876=VECTOR('',#7248,1.);
#4877=VECTOR('',#7249,1.);
#4878=VECTOR('',#7250,1.);
#4879=EDGE_LOOP('',(#565,#566,#567,#568,#569,#570,#571,#572,#573,#574,#575,
#576,#577,#578,#579,#580,#581));
#4880=EDGE_LOOP('',(#582,#583,#584,#585,#586,#587,#588,#589,#590,#591,#592,
#593,#594,#595));
#4881=EDGE_LOOP('',(#596,#597,#598,#599,#600,#601,#602,#603,#604,#605,#606,
#607,#608,#609,#610,#611));
#4882=EDGE_LOOP('',(#612,#613,#614,#615,#616,#617,#618,#619,#620));
#4883=EDGE_LOOP('',(#621,#622,#623,#624,#625,#626,#627,#628,#629));
#4884=EDGE_LOOP('',(#630,#631,#632,#633));
#4885=EDGE_LOOP('',(#634,#635,#636,#637));
#4886=EDGE_LOOP('',(#638));
#4887=EDGE_LOOP('',(#639));
#4888=EDGE_LOOP('',(#640));
#4889=EDGE_LOOP('',(#641));
#4890=EDGE_LOOP('',(#642,#643,#644,#645,#646,#647,#648,#649,#650,#651,#652,
#653,#654,#655,#656,#657,#658));
#4891=EDGE_LOOP('',(#659,#660,#661,#662,#663,#664,#665,#666,#667,#668,#669,
#670,#671,#672,#673,#674,#675,#676));
#4892=EDGE_LOOP('',(#677,#678,#679,#680,#681,#682,#683,#684,#685,#686,#687,
#688,#689,#690));
#4893=EDGE_LOOP('',(#691,#692,#693,#694,#695,#696,#697,#698,#699,#700));
#4894=EDGE_LOOP('',(#701,#702,#703,#704,#705,#706,#707,#708,#709));
#4895=EDGE_LOOP('',(#710,#711,#712,#713,#714,#715,#716,#717,#718,#719,#720,
#721,#722,#723,#724,#725,#726));
#4896=EDGE_LOOP('',(#727,#728,#729,#730,#731,#732,#733,#734,#735,#736,#737,
#738,#739,#740,#741,#742,#743,#744,#745,#746,#747,#748,#749,#750,#751));
#4897=EDGE_LOOP('',(#752,#753,#754,#755,#756,#757,#758,#759,#760,#761,#762,
#763,#764,#765,#766,#767,#768));
#4898=EDGE_LOOP('',(#769,#770,#771,#772,#773,#774,#775,#776,#777,#778,#779,
#780,#781,#782,#783,#784,#785,#786,#787,#788,#789,#790,#791));
#4899=EDGE_LOOP('',(#792,#793,#794,#795,#796,#797,#798));
#4900=EDGE_LOOP('',(#799,#800,#801,#802,#803,#804,#805,#806,#807,#808,#809,
#810,#811,#812));
#4901=EDGE_LOOP('',(#813,#814,#815,#816));
#4902=EDGE_LOOP('',(#817,#818,#819,#820));
#4903=EDGE_LOOP('',(#821,#822,#823,#824));
#4904=EDGE_LOOP('',(#825,#826,#827,#828));
#4905=EDGE_LOOP('',(#829,#830,#831,#832));
#4906=EDGE_LOOP('',(#833,#834,#835,#836));
#4907=EDGE_LOOP('',(#837,#838,#839,#840));
#4908=EDGE_LOOP('',(#841));
#4909=EDGE_LOOP('',(#842));
#4910=EDGE_LOOP('',(#843));
#4911=EDGE_LOOP('',(#844));
#4912=EDGE_LOOP('',(#845));
#4913=EDGE_LOOP('',(#846));
#4914=EDGE_LOOP('',(#847));
#4915=EDGE_LOOP('',(#848));
#4916=EDGE_LOOP('',(#849,#850,#851,#852));
#4917=EDGE_LOOP('',(#853));
#4918=EDGE_LOOP('',(#854));
#4919=EDGE_LOOP('',(#855));
#4920=EDGE_LOOP('',(#856));
#4921=EDGE_LOOP('',(#857,#858,#859,#860));
#4922=EDGE_LOOP('',(#861,#862,#863,#864));
#4923=EDGE_LOOP('',(#865,#866,#867,#868));
#4924=EDGE_LOOP('',(#869,#870,#871,#872));
#4925=EDGE_LOOP('',(#873,#874,#875,#876));
#4926=EDGE_LOOP('',(#877,#878,#879,#880));
#4927=EDGE_LOOP('',(#881,#882,#883,#884));
#4928=EDGE_LOOP('',(#885,#886,#887,#888));
#4929=EDGE_LOOP('',(#889,#890,#891,#892));
#4930=EDGE_LOOP('',(#893,#894,#895,#896));
#4931=EDGE_LOOP('',(#897,#898,#899,#900));
#4932=EDGE_LOOP('',(#901,#902,#903,#904));
#4933=EDGE_LOOP('',(#905,#906,#907,#908));
#4934=EDGE_LOOP('',(#909,#910,#911,#912));
#4935=EDGE_LOOP('',(#913,#914,#915,#916));
#4936=EDGE_LOOP('',(#917,#918,#919,#920));
#4937=EDGE_LOOP('',(#921,#922,#923,#924));
#4938=EDGE_LOOP('',(#925,#926,#927,#928));
#4939=EDGE_LOOP('',(#929,#930,#931,#932));
#4940=EDGE_LOOP('',(#933,#934,#935,#936,#937,#938,#939,#940,#941,#942,#943,
#944,#945,#946,#947,#948,#949));
#4941=EDGE_LOOP('',(#950,#951,#952,#953));
#4942=EDGE_LOOP('',(#954,#955,#956,#957));
#4943=EDGE_LOOP('',(#958,#959,#960,#961));
#4944=EDGE_LOOP('',(#962,#963,#964,#965));
#4945=EDGE_LOOP('',(#966,#967,#968,#969));
#4946=EDGE_LOOP('',(#970,#971,#972,#973));
#4947=EDGE_LOOP('',(#974,#975,#976,#977));
#4948=EDGE_LOOP('',(#978,#979,#980,#981));
#4949=EDGE_LOOP('',(#982,#983,#984,#985));
#4950=EDGE_LOOP('',(#986,#987,#988,#989));
#4951=EDGE_LOOP('',(#990,#991,#992,#993));
#4952=EDGE_LOOP('',(#994,#995,#996,#997));
#4953=EDGE_LOOP('',(#998,#999,#1000,#1001));
#4954=EDGE_LOOP('',(#1002,#1003,#1004,#1005));
#4955=EDGE_LOOP('',(#1006,#1007,#1008,#1009));
#4956=EDGE_LOOP('',(#1010,#1011,#1012,#1013));
#4957=EDGE_LOOP('',(#1014,#1015,#1016,#1017));
#4958=EDGE_LOOP('',(#1018,#1019,#1020,#1021));
#4959=EDGE_LOOP('',(#1022,#1023,#1024,#1025,#1026,#1027,#1028,#1029,#1030,
#1031,#1032,#1033,#1034,#1035,#1036,#1037,#1038,#1039));
#4960=EDGE_LOOP('',(#1040,#1041,#1042,#1043));
#4961=EDGE_LOOP('',(#1044,#1045,#1046,#1047));
#4962=EDGE_LOOP('',(#1048,#1049,#1050,#1051));
#4963=EDGE_LOOP('',(#1052,#1053,#1054,#1055));
#4964=EDGE_LOOP('',(#1056,#1057,#1058,#1059));
#4965=EDGE_LOOP('',(#1060,#1061,#1062,#1063));
#4966=EDGE_LOOP('',(#1064,#1065,#1066,#1067));
#4967=EDGE_LOOP('',(#1068,#1069,#1070,#1071));
#4968=EDGE_LOOP('',(#1072,#1073,#1074,#1075));
#4969=EDGE_LOOP('',(#1076,#1077,#1078,#1079));
#4970=EDGE_LOOP('',(#1080,#1081,#1082,#1083));
#4971=EDGE_LOOP('',(#1084,#1085,#1086,#1087));
#4972=EDGE_LOOP('',(#1088,#1089,#1090,#1091));
#4973=EDGE_LOOP('',(#1092,#1093,#1094,#1095));
#4974=EDGE_LOOP('',(#1096,#1097,#1098,#1099));
#4975=EDGE_LOOP('',(#1100,#1101,#1102,#1103));
#4976=EDGE_LOOP('',(#1104,#1105,#1106,#1107));
#4977=EDGE_LOOP('',(#1108,#1109,#1110,#1111));
#4978=EDGE_LOOP('',(#1112,#1113,#1114,#1115));
#4979=EDGE_LOOP('',(#1116,#1117,#1118,#1119,#1120,#1121,#1122,#1123,#1124,
#1125,#1126,#1127,#1128,#1129));
#4980=EDGE_LOOP('',(#1130,#1131,#1132,#1133,#1134));
#4981=EDGE_LOOP('',(#1135,#1136,#1137,#1138));
#4982=EDGE_LOOP('',(#1139,#1140,#1141,#1142));
#4983=EDGE_LOOP('',(#1143,#1144,#1145,#1146));
#4984=EDGE_LOOP('',(#1147,#1148,#1149,#1150));
#4985=EDGE_LOOP('',(#1151,#1152,#1153,#1154));
#4986=EDGE_LOOP('',(#1155,#1156,#1157,#1158));
#4987=EDGE_LOOP('',(#1159,#1160,#1161,#1162));
#4988=EDGE_LOOP('',(#1163,#1164,#1165,#1166));
#4989=EDGE_LOOP('',(#1167,#1168,#1169,#1170));
#4990=EDGE_LOOP('',(#1171,#1172,#1173,#1174));
#4991=EDGE_LOOP('',(#1175,#1176,#1177,#1178,#1179,#1180,#1181,#1182,#1183,
#1184));
#4992=EDGE_LOOP('',(#1185,#1186,#1187,#1188));
#4993=EDGE_LOOP('',(#1189,#1190,#1191,#1192));
#4994=EDGE_LOOP('',(#1193,#1194,#1195,#1196));
#4995=EDGE_LOOP('',(#1197,#1198,#1199,#1200));
#4996=EDGE_LOOP('',(#1201,#1202,#1203,#1204));
#4997=EDGE_LOOP('',(#1205,#1206,#1207,#1208));
#4998=EDGE_LOOP('',(#1209,#1210,#1211,#1212));
#4999=EDGE_LOOP('',(#1213,#1214,#1215,#1216));
#5000=EDGE_LOOP('',(#1217,#1218,#1219,#1220));
#5001=EDGE_LOOP('',(#1221,#1222,#1223,#1224));
#5002=EDGE_LOOP('',(#1225,#1226,#1227,#1228));
#5003=EDGE_LOOP('',(#1229,#1230,#1231,#1232));
#5004=EDGE_LOOP('',(#1233,#1234,#1235,#1236));
#5005=EDGE_LOOP('',(#1237,#1238,#1239,#1240));
#5006=EDGE_LOOP('',(#1241,#1242,#1243,#1244));
#5007=EDGE_LOOP('',(#1245,#1246,#1247,#1248));
#5008=EDGE_LOOP('',(#1249,#1250,#1251,#1252));
#5009=EDGE_LOOP('',(#1253,#1254,#1255,#1256,#1257,#1258,#1259,#1260,#1261));
#5010=EDGE_LOOP('',(#1262,#1263,#1264,#1265,#1266,#1267,#1268,#1269));
#5011=EDGE_LOOP('',(#1270,#1271,#1272,#1273));
#5012=EDGE_LOOP('',(#1274,#1275,#1276,#1277));
#5013=EDGE_LOOP('',(#1278,#1279,#1280,#1281));
#5014=EDGE_LOOP('',(#1282,#1283,#1284,#1285));
#5015=EDGE_LOOP('',(#1286,#1287,#1288,#1289));
#5016=EDGE_LOOP('',(#1290,#1291,#1292,#1293));
#5017=EDGE_LOOP('',(#1294,#1295,#1296,#1297));
#5018=EDGE_LOOP('',(#1298,#1299,#1300,#1301));
#5019=EDGE_LOOP('',(#1302,#1303,#1304,#1305));
#5020=EDGE_LOOP('',(#1306,#1307,#1308,#1309));
#5021=EDGE_LOOP('',(#1310,#1311,#1312,#1313));
#5022=EDGE_LOOP('',(#1314,#1315,#1316,#1317));
#5023=EDGE_LOOP('',(#1318,#1319,#1320,#1321));
#5024=EDGE_LOOP('',(#1322,#1323,#1324,#1325));
#5025=EDGE_LOOP('',(#1326,#1327,#1328,#1329));
#5026=EDGE_LOOP('',(#1330,#1331,#1332,#1333));
#5027=EDGE_LOOP('',(#1334,#1335,#1336,#1337));
#5028=EDGE_LOOP('',(#1338,#1339,#1340,#1341,#1342,#1343,#1344,#1345,#1346));
#5029=EDGE_LOOP('',(#1347,#1348,#1349,#1350,#1351,#1352,#1353,#1354));
#5030=EDGE_LOOP('',(#1355,#1356,#1357,#1358));
#5031=EDGE_LOOP('',(#1359,#1360,#1361,#1362));
#5032=EDGE_LOOP('',(#1363,#1364,#1365,#1366));
#5033=EDGE_LOOP('',(#1367,#1368,#1369,#1370));
#5034=EDGE_LOOP('',(#1371,#1372,#1373,#1374));
#5035=EDGE_LOOP('',(#1375,#1376,#1377,#1378));
#5036=EDGE_LOOP('',(#1379,#1380,#1381,#1382));
#5037=EDGE_LOOP('',(#1383,#1384,#1385,#1386));
#5038=EDGE_LOOP('',(#1387,#1388,#1389,#1390));
#5039=EDGE_LOOP('',(#1391,#1392,#1393,#1394));
#5040=EDGE_LOOP('',(#1395,#1396,#1397,#1398));
#5041=EDGE_LOOP('',(#1399,#1400,#1401,#1402));
#5042=EDGE_LOOP('',(#1403,#1404,#1405,#1406));
#5043=EDGE_LOOP('',(#1407,#1408,#1409,#1410));
#5044=EDGE_LOOP('',(#1411,#1412,#1413,#1414));
#5045=EDGE_LOOP('',(#1415,#1416,#1417,#1418));
#5046=EDGE_LOOP('',(#1419,#1420,#1421,#1422));
#5047=EDGE_LOOP('',(#1423,#1424,#1425,#1426,#1427,#1428,#1429,#1430,#1431,
#1432,#1433,#1434,#1435,#1436,#1437,#1438,#1439));
#5048=EDGE_LOOP('',(#1440,#1441,#1442,#1443));
#5049=EDGE_LOOP('',(#1444,#1445,#1446,#1447));
#5050=EDGE_LOOP('',(#1448,#1449,#1450,#1451));
#5051=EDGE_LOOP('',(#1452,#1453,#1454,#1455));
#5052=EDGE_LOOP('',(#1456,#1457,#1458,#1459));
#5053=EDGE_LOOP('',(#1460,#1461,#1462,#1463));
#5054=EDGE_LOOP('',(#1464,#1465,#1466,#1467));
#5055=EDGE_LOOP('',(#1468,#1469,#1470,#1471));
#5056=EDGE_LOOP('',(#1472,#1473,#1474,#1475));
#5057=EDGE_LOOP('',(#1476,#1477,#1478,#1479));
#5058=EDGE_LOOP('',(#1480,#1481,#1482,#1483));
#5059=EDGE_LOOP('',(#1484,#1485,#1486,#1487));
#5060=EDGE_LOOP('',(#1488,#1489,#1490,#1491));
#5061=EDGE_LOOP('',(#1492,#1493,#1494,#1495));
#5062=EDGE_LOOP('',(#1496,#1497,#1498,#1499));
#5063=EDGE_LOOP('',(#1500,#1501,#1502,#1503));
#5064=EDGE_LOOP('',(#1504,#1505,#1506,#1507));
#5065=EDGE_LOOP('',(#1508,#1509,#1510,#1511));
#5066=EDGE_LOOP('',(#1512,#1513,#1514,#1515));
#5067=EDGE_LOOP('',(#1516,#1517,#1518,#1519));
#5068=EDGE_LOOP('',(#1520,#1521,#1522,#1523));
#5069=EDGE_LOOP('',(#1524,#1525,#1526,#1527));
#5070=EDGE_LOOP('',(#1528,#1529,#1530,#1531));
#5071=EDGE_LOOP('',(#1532,#1533,#1534,#1535));
#5072=EDGE_LOOP('',(#1536,#1537,#1538,#1539));
#5073=EDGE_LOOP('',(#1540,#1541,#1542,#1543,#1544,#1545,#1546,#1547,#1548,
#1549,#1550,#1551,#1552,#1553,#1554,#1555,#1556,#1557,#1558,#1559,#1560,
#1561,#1562,#1563,#1564));
#5074=EDGE_LOOP('',(#1565,#1566,#1567,#1568));
#5075=EDGE_LOOP('',(#1569,#1570,#1571,#1572));
#5076=EDGE_LOOP('',(#1573,#1574,#1575,#1576));
#5077=EDGE_LOOP('',(#1577,#1578,#1579,#1580));
#5078=EDGE_LOOP('',(#1581,#1582,#1583,#1584));
#5079=EDGE_LOOP('',(#1585,#1586,#1587,#1588));
#5080=EDGE_LOOP('',(#1589,#1590,#1591,#1592));
#5081=EDGE_LOOP('',(#1593,#1594,#1595,#1596));
#5082=EDGE_LOOP('',(#1597,#1598,#1599,#1600));
#5083=EDGE_LOOP('',(#1601,#1602,#1603,#1604));
#5084=EDGE_LOOP('',(#1605,#1606,#1607,#1608));
#5085=EDGE_LOOP('',(#1609,#1610,#1611,#1612));
#5086=EDGE_LOOP('',(#1613,#1614,#1615,#1616));
#5087=EDGE_LOOP('',(#1617,#1618,#1619,#1620));
#5088=EDGE_LOOP('',(#1621,#1622,#1623,#1624));
#5089=EDGE_LOOP('',(#1625,#1626,#1627,#1628));
#5090=EDGE_LOOP('',(#1629,#1630,#1631,#1632));
#5091=EDGE_LOOP('',(#1633,#1634,#1635,#1636,#1637,#1638,#1639,#1640,#1641,
#1642,#1643,#1644,#1645,#1646,#1647,#1648,#1649));
#5092=EDGE_LOOP('',(#1650,#1651,#1652,#1653));
#5093=EDGE_LOOP('',(#1654,#1655,#1656,#1657));
#5094=EDGE_LOOP('',(#1658,#1659,#1660,#1661));
#5095=EDGE_LOOP('',(#1662,#1663,#1664,#1665));
#5096=EDGE_LOOP('',(#1666,#1667,#1668,#1669));
#5097=EDGE_LOOP('',(#1670,#1671,#1672,#1673));
#5098=EDGE_LOOP('',(#1674,#1675,#1676,#1677));
#5099=EDGE_LOOP('',(#1678,#1679,#1680,#1681));
#5100=EDGE_LOOP('',(#1682,#1683,#1684,#1685));
#5101=EDGE_LOOP('',(#1686,#1687,#1688,#1689));
#5102=EDGE_LOOP('',(#1690,#1691,#1692,#1693));
#5103=EDGE_LOOP('',(#1694,#1695,#1696,#1697));
#5104=EDGE_LOOP('',(#1698,#1699,#1700,#1701));
#5105=EDGE_LOOP('',(#1702,#1703,#1704,#1705));
#5106=EDGE_LOOP('',(#1706,#1707,#1708,#1709));
#5107=EDGE_LOOP('',(#1710,#1711,#1712,#1713));
#5108=EDGE_LOOP('',(#1714,#1715,#1716,#1717));
#5109=EDGE_LOOP('',(#1718,#1719,#1720,#1721));
#5110=EDGE_LOOP('',(#1722,#1723,#1724,#1725));
#5111=EDGE_LOOP('',(#1726,#1727,#1728,#1729));
#5112=EDGE_LOOP('',(#1730,#1731,#1732,#1733));
#5113=EDGE_LOOP('',(#1734,#1735,#1736,#1737));
#5114=EDGE_LOOP('',(#1738,#1739,#1740,#1741));
#5115=EDGE_LOOP('',(#1742,#1743,#1744,#1745,#1746,#1747,#1748,#1749,#1750,
#1751,#1752,#1753,#1754,#1755,#1756,#1757,#1758,#1759,#1760,#1761,#1762,
#1763,#1764));
#5116=EDGE_LOOP('',(#1765,#1766,#1767,#1768));
#5117=EDGE_LOOP('',(#1769,#1770,#1771,#1772));
#5118=EDGE_LOOP('',(#1773,#1774,#1775,#1776));
#5119=EDGE_LOOP('',(#1777,#1778,#1779,#1780));
#5120=EDGE_LOOP('',(#1781,#1782,#1783,#1784));
#5121=EDGE_LOOP('',(#1785,#1786,#1787,#1788));
#5122=EDGE_LOOP('',(#1789,#1790,#1791,#1792));
#5123=EDGE_LOOP('',(#1793,#1794,#1795,#1796));
#5124=EDGE_LOOP('',(#1797,#1798,#1799,#1800));
#5125=EDGE_LOOP('',(#1801,#1802,#1803,#1804));
#5126=EDGE_LOOP('',(#1805,#1806,#1807,#1808));
#5127=EDGE_LOOP('',(#1809,#1810,#1811,#1812));
#5128=EDGE_LOOP('',(#1813,#1814,#1815,#1816));
#5129=EDGE_LOOP('',(#1817,#1818,#1819,#1820));
#5130=EDGE_LOOP('',(#1821,#1822,#1823,#1824));
#5131=EDGE_LOOP('',(#1825,#1826,#1827,#1828));
#5132=EDGE_LOOP('',(#1829,#1830,#1831,#1832));
#5133=EDGE_LOOP('',(#1833,#1834,#1835,#1836,#1837,#1838,#1839,#1840,#1841));
#5134=EDGE_LOOP('',(#1842,#1843,#1844,#1845,#1846,#1847,#1848,#1849));
#5135=EDGE_LOOP('',(#1850,#1851,#1852,#1853));
#5136=EDGE_LOOP('',(#1854,#1855,#1856,#1857));
#5137=EDGE_LOOP('',(#1858,#1859,#1860,#1861));
#5138=EDGE_LOOP('',(#1862,#1863,#1864,#1865));
#5139=EDGE_LOOP('',(#1866,#1867,#1868,#1869));
#5140=EDGE_LOOP('',(#1870,#1871,#1872,#1873));
#5141=EDGE_LOOP('',(#1874,#1875,#1876,#1877));
#5142=EDGE_LOOP('',(#1878,#1879,#1880,#1881));
#5143=EDGE_LOOP('',(#1882,#1883,#1884,#1885));
#5144=EDGE_LOOP('',(#1886,#1887,#1888,#1889));
#5145=EDGE_LOOP('',(#1890,#1891,#1892,#1893));
#5146=EDGE_LOOP('',(#1894,#1895,#1896,#1897));
#5147=EDGE_LOOP('',(#1898,#1899,#1900,#1901));
#5148=EDGE_LOOP('',(#1902,#1903,#1904,#1905));
#5149=EDGE_LOOP('',(#1906,#1907,#1908,#1909,#1910,#1911,#1912));
#5150=EDGE_LOOP('',(#1913,#1914,#1915,#1916,#1917,#1918,#1919));
#5151=EDGE_LOOP('',(#1920,#1921,#1922,#1923));
#5152=EDGE_LOOP('',(#1924,#1925,#1926,#1927));
#5153=EDGE_LOOP('',(#1928,#1929,#1930,#1931));
#5154=EDGE_LOOP('',(#1932,#1933,#1934,#1935));
#5155=EDGE_LOOP('',(#1936,#1937,#1938,#1939));
#5156=EDGE_LOOP('',(#1940,#1941,#1942,#1943));
#5157=EDGE_LOOP('',(#1944,#1945,#1946,#1947));
#5158=EDGE_LOOP('',(#1948,#1949,#1950,#1951));
#5159=EDGE_LOOP('',(#1952,#1953,#1954,#1955));
#5160=EDGE_LOOP('',(#1956,#1957,#1958,#1959));
#5161=EDGE_LOOP('',(#1960,#1961,#1962,#1963));
#5162=EDGE_LOOP('',(#1964,#1965,#1966,#1967));
#5163=EDGE_LOOP('',(#1968,#1969,#1970,#1971));
#5164=EDGE_LOOP('',(#1972,#1973,#1974,#1975));
#5165=EDGE_LOOP('',(#1976,#1977,#1978,#1979));
#5166=EDGE_LOOP('',(#1980,#1981,#1982,#1983));
#5167=EDGE_LOOP('',(#1984,#1985,#1986,#1987));
#5168=EDGE_LOOP('',(#1988,#1989,#1990,#1991));
#5169=EDGE_LOOP('',(#1992,#1993,#1994,#1995));
#5170=EDGE_LOOP('',(#1996,#1997,#1998,#1999));
#5171=EDGE_LOOP('',(#2000,#2001,#2002,#2003));
#5172=EDGE_LOOP('',(#2004,#2005,#2006,#2007));
#5173=EDGE_LOOP('',(#2008,#2009,#2010,#2011));
#5174=EDGE_LOOP('',(#2012,#2013,#2014,#2015));
#5175=EDGE_LOOP('',(#2016,#2017,#2018,#2019));
#5176=EDGE_LOOP('',(#2020,#2021,#2022,#2023,#2024,#2025,#2026,#2027,#2028,
#2029,#2030,#2031,#2032,#2033,#2034,#2035));
#5177=EDGE_LOOP('',(#2036,#2037,#2038,#2039,#2040,#2041,#2042,#2043,#2044));
#5178=EDGE_LOOP('',(#2045,#2046,#2047,#2048));
#5179=EDGE_LOOP('',(#2049,#2050,#2051,#2052));
#5180=EDGE_LOOP('',(#2053,#2054,#2055,#2056));
#5181=EDGE_LOOP('',(#2057,#2058,#2059,#2060));
#5182=EDGE_LOOP('',(#2061,#2062,#2063,#2064));
#5183=EDGE_LOOP('',(#2065,#2066,#2067,#2068));
#5184=EDGE_LOOP('',(#2069,#2070,#2071,#2072));
#5185=EDGE_LOOP('',(#2073,#2074,#2075,#2076));
#5186=EDGE_LOOP('',(#2077,#2078,#2079,#2080));
#5187=EDGE_LOOP('',(#2081,#2082,#2083,#2084));
#5188=EDGE_LOOP('',(#2085,#2086,#2087,#2088));
#5189=EDGE_LOOP('',(#2089,#2090,#2091,#2092));
#5190=EDGE_LOOP('',(#2093,#2094,#2095,#2096));
#5191=EDGE_LOOP('',(#2097,#2098,#2099,#2100));
#5192=EDGE_LOOP('',(#2101,#2102,#2103,#2104,#2105,#2106,#2107,#2108,#2109,
#2110,#2111,#2112,#2113,#2114));
#5193=EDGE_LOOP('',(#2115,#2116,#2117,#2118));
#5194=EDGE_LOOP('',(#2119,#2120,#2121,#2122));
#5195=EDGE_LOOP('',(#2123,#2124,#2125,#2126));
#5196=EDGE_LOOP('',(#2127,#2128,#2129,#2130));
#5197=EDGE_LOOP('',(#2131,#2132,#2133,#2134));
#5198=EDGE_LOOP('',(#2135,#2136,#2137,#2138));
#5199=EDGE_LOOP('',(#2139,#2140,#2141,#2142));
#5200=EDGE_LOOP('',(#2143,#2144,#2145,#2146));
#5201=EDGE_LOOP('',(#2147,#2148,#2149,#2150));
#5202=EDGE_LOOP('',(#2151,#2152,#2153,#2154));
#5203=EDGE_LOOP('',(#2155,#2156,#2157,#2158));
#5204=EDGE_LOOP('',(#2159,#2160,#2161,#2162));
#5205=EDGE_LOOP('',(#2163,#2164,#2165,#2166));
#5206=EDGE_LOOP('',(#2167,#2168,#2169,#2170));
#5207=EDGE_LOOP('',(#2171,#2172,#2173,#2174));
#5208=EDGE_LOOP('',(#2175,#2176,#2177,#2178));
#5209=EDGE_LOOP('',(#2179,#2180,#2181,#2182));
#5210=EDGE_LOOP('',(#2183,#2184,#2185,#2186,#2187,#2188,#2189,#2190,#2191,
#2192,#2193,#2194,#2195,#2196,#2197,#2198,#2199));
#5211=EDGE_LOOP('',(#2200,#2201,#2202,#2203));
#5212=EDGE_LOOP('',(#2204,#2205,#2206,#2207));
#5213=EDGE_LOOP('',(#2208,#2209,#2210,#2211));
#5214=EDGE_LOOP('',(#2212,#2213,#2214,#2215));
#5215=EDGE_LOOP('',(#2216,#2217,#2218,#2219));
#5216=EDGE_LOOP('',(#2220,#2221,#2222,#2223));
#5217=EDGE_LOOP('',(#2224,#2225,#2226,#2227));
#5218=EDGE_LOOP('',(#2228,#2229,#2230,#2231));
#5219=EDGE_LOOP('',(#2232,#2233,#2234,#2235));
#5220=EDGE_LOOP('',(#2236,#2237,#2238,#2239));
#5221=EDGE_LOOP('',(#2240,#2241,#2242,#2243));
#5222=EDGE_LOOP('',(#2244,#2245,#2246,#2247));
#5223=EDGE_LOOP('',(#2248,#2249,#2250,#2251));
#5224=EDGE_LOOP('',(#2252,#2253,#2254,#2255));
#5225=EDGE_LOOP('',(#2256,#2257,#2258,#2259));
#5226=EDGE_LOOP('',(#2260,#2261,#2262,#2263));
#5227=EDGE_LOOP('',(#2264,#2265,#2266,#2267));
#5228=EDGE_LOOP('',(#2268,#2269,#2270,#2271));
#5229=EDGE_LOOP('',(#2272,#2273,#2274,#2275));
#5230=EDGE_LOOP('',(#2276,#2277,#2278,#2279,#2280,#2281,#2282,#2283,#2284,
#2285,#2286,#2287,#2288,#2289));
#5231=EDGE_LOOP('',(#2290,#2291,#2292,#2293,#2294));
#5232=EDGE_LOOP('',(#2295,#2296,#2297,#2298,#2299));
#5233=EDGE_LOOP('',(#2300,#2301,#2302,#2303,#2304,#2305,#2306,#2307));
#5234=EDGE_LOOP('',(#2308,#2309,#2310,#2311,#2312,#2313,#2314,#2315));
#5235=EDGE_LOOP('',(#2316,#2317,#2318,#2319,#2320,#2321,#2322,#2323));
#5236=EDGE_LOOP('',(#2324,#2325,#2326,#2327,#2328,#2329,#2330));
#5237=EDGE_LOOP('',(#2331,#2332,#2333,#2334,#2335,#2336,#2337,#2338,#2339));
#5238=EDGE_LOOP('',(#2340,#2341,#2342,#2343,#2344));
#5239=FACE_BOUND('',#4879,.T.);
#5240=FACE_BOUND('',#4880,.T.);
#5241=FACE_BOUND('',#4881,.T.);
#5242=FACE_BOUND('',#4882,.T.);
#5243=FACE_BOUND('',#4883,.T.);
#5244=FACE_BOUND('',#4884,.T.);
#5245=FACE_BOUND('',#4885,.T.);
#5246=FACE_BOUND('',#4886,.T.);
#5247=FACE_BOUND('',#4887,.T.);
#5248=FACE_BOUND('',#4888,.T.);
#5249=FACE_BOUND('',#4889,.T.);
#5250=FACE_BOUND('',#4890,.T.);
#5251=FACE_BOUND('',#4891,.T.);
#5252=FACE_BOUND('',#4892,.T.);
#5253=FACE_BOUND('',#4893,.T.);
#5254=FACE_BOUND('',#4894,.T.);
#5255=FACE_BOUND('',#4895,.T.);
#5256=FACE_BOUND('',#4896,.T.);
#5257=FACE_BOUND('',#4897,.T.);
#5258=FACE_BOUND('',#4898,.T.);
#5259=FACE_BOUND('',#4899,.T.);
#5260=FACE_BOUND('',#4900,.T.);
#5261=FACE_BOUND('',#4901,.T.);
#5262=FACE_BOUND('',#4902,.T.);
#5263=FACE_BOUND('',#4903,.T.);
#5264=FACE_BOUND('',#4904,.T.);
#5265=FACE_BOUND('',#4905,.T.);
#5266=FACE_BOUND('',#4906,.T.);
#5267=FACE_BOUND('',#4907,.T.);
#5268=FACE_BOUND('',#4908,.T.);
#5269=FACE_BOUND('',#4909,.T.);
#5270=FACE_BOUND('',#4910,.T.);
#5271=FACE_BOUND('',#4911,.T.);
#5272=FACE_BOUND('',#4912,.T.);
#5273=FACE_BOUND('',#4913,.T.);
#5274=FACE_BOUND('',#4914,.T.);
#5275=FACE_BOUND('',#4915,.T.);
#5276=FACE_BOUND('',#4916,.T.);
#5277=FACE_BOUND('',#4917,.T.);
#5278=FACE_BOUND('',#4918,.T.);
#5279=FACE_BOUND('',#4919,.T.);
#5280=FACE_BOUND('',#4920,.T.);
#5281=FACE_BOUND('',#4921,.T.);
#5282=FACE_BOUND('',#4922,.T.);
#5283=FACE_BOUND('',#4923,.T.);
#5284=FACE_BOUND('',#4924,.T.);
#5285=FACE_BOUND('',#4925,.T.);
#5286=FACE_BOUND('',#4926,.T.);
#5287=FACE_BOUND('',#4927,.T.);
#5288=FACE_BOUND('',#4928,.T.);
#5289=FACE_BOUND('',#4929,.T.);
#5290=FACE_BOUND('',#4930,.T.);
#5291=FACE_BOUND('',#4931,.T.);
#5292=FACE_BOUND('',#4932,.T.);
#5293=FACE_BOUND('',#4933,.T.);
#5294=FACE_BOUND('',#4934,.T.);
#5295=FACE_BOUND('',#4935,.T.);
#5296=FACE_BOUND('',#4936,.T.);
#5297=FACE_BOUND('',#4937,.T.);
#5298=FACE_BOUND('',#4938,.T.);
#5299=FACE_BOUND('',#4939,.T.);
#5300=FACE_BOUND('',#4940,.T.);
#5301=FACE_BOUND('',#4941,.T.);
#5302=FACE_BOUND('',#4942,.T.);
#5303=FACE_BOUND('',#4943,.T.);
#5304=FACE_BOUND('',#4944,.T.);
#5305=FACE_BOUND('',#4945,.T.);
#5306=FACE_BOUND('',#4946,.T.);
#5307=FACE_BOUND('',#4947,.T.);
#5308=FACE_BOUND('',#4948,.T.);
#5309=FACE_BOUND('',#4949,.T.);
#5310=FACE_BOUND('',#4950,.T.);
#5311=FACE_BOUND('',#4951,.T.);
#5312=FACE_BOUND('',#4952,.T.);
#5313=FACE_BOUND('',#4953,.T.);
#5314=FACE_BOUND('',#4954,.T.);
#5315=FACE_BOUND('',#4955,.T.);
#5316=FACE_BOUND('',#4956,.T.);
#5317=FACE_BOUND('',#4957,.T.);
#5318=FACE_BOUND('',#4958,.T.);
#5319=FACE_BOUND('',#4959,.T.);
#5320=FACE_BOUND('',#4960,.T.);
#5321=FACE_BOUND('',#4961,.T.);
#5322=FACE_BOUND('',#4962,.T.);
#5323=FACE_BOUND('',#4963,.T.);
#5324=FACE_BOUND('',#4964,.T.);
#5325=FACE_BOUND('',#4965,.T.);
#5326=FACE_BOUND('',#4966,.T.);
#5327=FACE_BOUND('',#4967,.T.);
#5328=FACE_BOUND('',#4968,.T.);
#5329=FACE_BOUND('',#4969,.T.);
#5330=FACE_BOUND('',#4970,.T.);
#5331=FACE_BOUND('',#4971,.T.);
#5332=FACE_BOUND('',#4972,.T.);
#5333=FACE_BOUND('',#4973,.T.);
#5334=FACE_BOUND('',#4974,.T.);
#5335=FACE_BOUND('',#4975,.T.);
#5336=FACE_BOUND('',#4976,.T.);
#5337=FACE_BOUND('',#4977,.T.);
#5338=FACE_BOUND('',#4978,.T.);
#5339=FACE_BOUND('',#4979,.T.);
#5340=FACE_BOUND('',#4980,.T.);
#5341=FACE_BOUND('',#4981,.T.);
#5342=FACE_BOUND('',#4982,.T.);
#5343=FACE_BOUND('',#4983,.T.);
#5344=FACE_BOUND('',#4984,.T.);
#5345=FACE_BOUND('',#4985,.T.);
#5346=FACE_BOUND('',#4986,.T.);
#5347=FACE_BOUND('',#4987,.T.);
#5348=FACE_BOUND('',#4988,.T.);
#5349=FACE_BOUND('',#4989,.T.);
#5350=FACE_BOUND('',#4990,.T.);
#5351=FACE_BOUND('',#4991,.T.);
#5352=FACE_BOUND('',#4992,.T.);
#5353=FACE_BOUND('',#4993,.T.);
#5354=FACE_BOUND('',#4994,.T.);
#5355=FACE_BOUND('',#4995,.T.);
#5356=FACE_BOUND('',#4996,.T.);
#5357=FACE_BOUND('',#4997,.T.);
#5358=FACE_BOUND('',#4998,.T.);
#5359=FACE_BOUND('',#4999,.T.);
#5360=FACE_BOUND('',#5000,.T.);
#5361=FACE_BOUND('',#5001,.T.);
#5362=FACE_BOUND('',#5002,.T.);
#5363=FACE_BOUND('',#5003,.T.);
#5364=FACE_BOUND('',#5004,.T.);
#5365=FACE_BOUND('',#5005,.T.);
#5366=FACE_BOUND('',#5006,.T.);
#5367=FACE_BOUND('',#5007,.T.);
#5368=FACE_BOUND('',#5008,.T.);
#5369=FACE_BOUND('',#5009,.T.);
#5370=FACE_BOUND('',#5010,.T.);
#5371=FACE_BOUND('',#5011,.T.);
#5372=FACE_BOUND('',#5012,.T.);
#5373=FACE_BOUND('',#5013,.T.);
#5374=FACE_BOUND('',#5014,.T.);
#5375=FACE_BOUND('',#5015,.T.);
#5376=FACE_BOUND('',#5016,.T.);
#5377=FACE_BOUND('',#5017,.T.);
#5378=FACE_BOUND('',#5018,.T.);
#5379=FACE_BOUND('',#5019,.T.);
#5380=FACE_BOUND('',#5020,.T.);
#5381=FACE_BOUND('',#5021,.T.);
#5382=FACE_BOUND('',#5022,.T.);
#5383=FACE_BOUND('',#5023,.T.);
#5384=FACE_BOUND('',#5024,.T.);
#5385=FACE_BOUND('',#5025,.T.);
#5386=FACE_BOUND('',#5026,.T.);
#5387=FACE_BOUND('',#5027,.T.);
#5388=FACE_BOUND('',#5028,.T.);
#5389=FACE_BOUND('',#5029,.T.);
#5390=FACE_BOUND('',#5030,.T.);
#5391=FACE_BOUND('',#5031,.T.);
#5392=FACE_BOUND('',#5032,.T.);
#5393=FACE_BOUND('',#5033,.T.);
#5394=FACE_BOUND('',#5034,.T.);
#5395=FACE_BOUND('',#5035,.T.);
#5396=FACE_BOUND('',#5036,.T.);
#5397=FACE_BOUND('',#5037,.T.);
#5398=FACE_BOUND('',#5038,.T.);
#5399=FACE_BOUND('',#5039,.T.);
#5400=FACE_BOUND('',#5040,.T.);
#5401=FACE_BOUND('',#5041,.T.);
#5402=FACE_BOUND('',#5042,.T.);
#5403=FACE_BOUND('',#5043,.T.);
#5404=FACE_BOUND('',#5044,.T.);
#5405=FACE_BOUND('',#5045,.T.);
#5406=FACE_BOUND('',#5046,.T.);
#5407=FACE_BOUND('',#5047,.T.);
#5408=FACE_BOUND('',#5048,.T.);
#5409=FACE_BOUND('',#5049,.T.);
#5410=FACE_BOUND('',#5050,.T.);
#5411=FACE_BOUND('',#5051,.T.);
#5412=FACE_BOUND('',#5052,.T.);
#5413=FACE_BOUND('',#5053,.T.);
#5414=FACE_BOUND('',#5054,.T.);
#5415=FACE_BOUND('',#5055,.T.);
#5416=FACE_BOUND('',#5056,.T.);
#5417=FACE_BOUND('',#5057,.T.);
#5418=FACE_BOUND('',#5058,.T.);
#5419=FACE_BOUND('',#5059,.T.);
#5420=FACE_BOUND('',#5060,.T.);
#5421=FACE_BOUND('',#5061,.T.);
#5422=FACE_BOUND('',#5062,.T.);
#5423=FACE_BOUND('',#5063,.T.);
#5424=FACE_BOUND('',#5064,.T.);
#5425=FACE_BOUND('',#5065,.T.);
#5426=FACE_BOUND('',#5066,.T.);
#5427=FACE_BOUND('',#5067,.T.);
#5428=FACE_BOUND('',#5068,.T.);
#5429=FACE_BOUND('',#5069,.T.);
#5430=FACE_BOUND('',#5070,.T.);
#5431=FACE_BOUND('',#5071,.T.);
#5432=FACE_BOUND('',#5072,.T.);
#5433=FACE_BOUND('',#5073,.T.);
#5434=FACE_BOUND('',#5074,.T.);
#5435=FACE_BOUND('',#5075,.T.);
#5436=FACE_BOUND('',#5076,.T.);
#5437=FACE_BOUND('',#5077,.T.);
#5438=FACE_BOUND('',#5078,.T.);
#5439=FACE_BOUND('',#5079,.T.);
#5440=FACE_BOUND('',#5080,.T.);
#5441=FACE_BOUND('',#5081,.T.);
#5442=FACE_BOUND('',#5082,.T.);
#5443=FACE_BOUND('',#5083,.T.);
#5444=FACE_BOUND('',#5084,.T.);
#5445=FACE_BOUND('',#5085,.T.);
#5446=FACE_BOUND('',#5086,.T.);
#5447=FACE_BOUND('',#5087,.T.);
#5448=FACE_BOUND('',#5088,.T.);
#5449=FACE_BOUND('',#5089,.T.);
#5450=FACE_BOUND('',#5090,.T.);
#5451=FACE_BOUND('',#5091,.T.);
#5452=FACE_BOUND('',#5092,.T.);
#5453=FACE_BOUND('',#5093,.T.);
#5454=FACE_BOUND('',#5094,.T.);
#5455=FACE_BOUND('',#5095,.T.);
#5456=FACE_BOUND('',#5096,.T.);
#5457=FACE_BOUND('',#5097,.T.);
#5458=FACE_BOUND('',#5098,.T.);
#5459=FACE_BOUND('',#5099,.T.);
#5460=FACE_BOUND('',#5100,.T.);
#5461=FACE_BOUND('',#5101,.T.);
#5462=FACE_BOUND('',#5102,.T.);
#5463=FACE_BOUND('',#5103,.T.);
#5464=FACE_BOUND('',#5104,.T.);
#5465=FACE_BOUND('',#5105,.T.);
#5466=FACE_BOUND('',#5106,.T.);
#5467=FACE_BOUND('',#5107,.T.);
#5468=FACE_BOUND('',#5108,.T.);
#5469=FACE_BOUND('',#5109,.T.);
#5470=FACE_BOUND('',#5110,.T.);
#5471=FACE_BOUND('',#5111,.T.);
#5472=FACE_BOUND('',#5112,.T.);
#5473=FACE_BOUND('',#5113,.T.);
#5474=FACE_BOUND('',#5114,.T.);
#5475=FACE_BOUND('',#5115,.T.);
#5476=FACE_BOUND('',#5116,.T.);
#5477=FACE_BOUND('',#5117,.T.);
#5478=FACE_BOUND('',#5118,.T.);
#5479=FACE_BOUND('',#5119,.T.);
#5480=FACE_BOUND('',#5120,.T.);
#5481=FACE_BOUND('',#5121,.T.);
#5482=FACE_BOUND('',#5122,.T.);
#5483=FACE_BOUND('',#5123,.T.);
#5484=FACE_BOUND('',#5124,.T.);
#5485=FACE_BOUND('',#5125,.T.);
#5486=FACE_BOUND('',#5126,.T.);
#5487=FACE_BOUND('',#5127,.T.);
#5488=FACE_BOUND('',#5128,.T.);
#5489=FACE_BOUND('',#5129,.T.);
#5490=FACE_BOUND('',#5130,.T.);
#5491=FACE_BOUND('',#5131,.T.);
#5492=FACE_BOUND('',#5132,.T.);
#5493=FACE_BOUND('',#5133,.T.);
#5494=FACE_BOUND('',#5134,.T.);
#5495=FACE_BOUND('',#5135,.T.);
#5496=FACE_BOUND('',#5136,.T.);
#5497=FACE_BOUND('',#5137,.T.);
#5498=FACE_BOUND('',#5138,.T.);
#5499=FACE_BOUND('',#5139,.T.);
#5500=FACE_BOUND('',#5140,.T.);
#5501=FACE_BOUND('',#5141,.T.);
#5502=FACE_BOUND('',#5142,.T.);
#5503=FACE_BOUND('',#5143,.T.);
#5504=FACE_BOUND('',#5144,.T.);
#5505=FACE_BOUND('',#5145,.T.);
#5506=FACE_BOUND('',#5146,.T.);
#5507=FACE_BOUND('',#5147,.T.);
#5508=FACE_BOUND('',#5148,.T.);
#5509=FACE_BOUND('',#5149,.T.);
#5510=FACE_BOUND('',#5150,.T.);
#5511=FACE_BOUND('',#5151,.T.);
#5512=FACE_BOUND('',#5152,.T.);
#5513=FACE_BOUND('',#5153,.T.);
#5514=FACE_BOUND('',#5154,.T.);
#5515=FACE_BOUND('',#5155,.T.);
#5516=FACE_BOUND('',#5156,.T.);
#5517=FACE_BOUND('',#5157,.T.);
#5518=FACE_BOUND('',#5158,.T.);
#5519=FACE_BOUND('',#5159,.T.);
#5520=FACE_BOUND('',#5160,.T.);
#5521=FACE_BOUND('',#5161,.T.);
#5522=FACE_BOUND('',#5162,.T.);
#5523=FACE_BOUND('',#5163,.T.);
#5524=FACE_BOUND('',#5164,.T.);
#5525=FACE_BOUND('',#5165,.T.);
#5526=FACE_BOUND('',#5166,.T.);
#5527=FACE_BOUND('',#5167,.T.);
#5528=FACE_BOUND('',#5168,.T.);
#5529=FACE_BOUND('',#5169,.T.);
#5530=FACE_BOUND('',#5170,.T.);
#5531=FACE_BOUND('',#5171,.T.);
#5532=FACE_BOUND('',#5172,.T.);
#5533=FACE_BOUND('',#5173,.T.);
#5534=FACE_BOUND('',#5174,.T.);
#5535=FACE_BOUND('',#5175,.T.);
#5536=FACE_BOUND('',#5176,.T.);
#5537=FACE_BOUND('',#5177,.T.);
#5538=FACE_BOUND('',#5178,.T.);
#5539=FACE_BOUND('',#5179,.T.);
#5540=FACE_BOUND('',#5180,.T.);
#5541=FACE_BOUND('',#5181,.T.);
#5542=FACE_BOUND('',#5182,.T.);
#5543=FACE_BOUND('',#5183,.T.);
#5544=FACE_BOUND('',#5184,.T.);
#5545=FACE_BOUND('',#5185,.T.);
#5546=FACE_BOUND('',#5186,.T.);
#5547=FACE_BOUND('',#5187,.T.);
#5548=FACE_BOUND('',#5188,.T.);
#5549=FACE_BOUND('',#5189,.T.);
#5550=FACE_BOUND('',#5190,.T.);
#5551=FACE_BOUND('',#5191,.T.);
#5552=FACE_BOUND('',#5192,.T.);
#5553=FACE_BOUND('',#5193,.T.);
#5554=FACE_BOUND('',#5194,.T.);
#5555=FACE_BOUND('',#5195,.T.);
#5556=FACE_BOUND('',#5196,.T.);
#5557=FACE_BOUND('',#5197,.T.);
#5558=FACE_BOUND('',#5198,.T.);
#5559=FACE_BOUND('',#5199,.T.);
#5560=FACE_BOUND('',#5200,.T.);
#5561=FACE_BOUND('',#5201,.T.);
#5562=FACE_BOUND('',#5202,.T.);
#5563=FACE_BOUND('',#5203,.T.);
#5564=FACE_BOUND('',#5204,.T.);
#5565=FACE_BOUND('',#5205,.T.);
#5566=FACE_BOUND('',#5206,.T.);
#5567=FACE_BOUND('',#5207,.T.);
#5568=FACE_BOUND('',#5208,.T.);
#5569=FACE_BOUND('',#5209,.T.);
#5570=FACE_BOUND('',#5210,.T.);
#5571=FACE_BOUND('',#5211,.T.);
#5572=FACE_BOUND('',#5212,.T.);
#5573=FACE_BOUND('',#5213,.T.);
#5574=FACE_BOUND('',#5214,.T.);
#5575=FACE_BOUND('',#5215,.T.);
#5576=FACE_BOUND('',#5216,.T.);
#5577=FACE_BOUND('',#5217,.T.);
#5578=FACE_BOUND('',#5218,.T.);
#5579=FACE_BOUND('',#5219,.T.);
#5580=FACE_BOUND('',#5220,.T.);
#5581=FACE_BOUND('',#5221,.T.);
#5582=FACE_BOUND('',#5222,.T.);
#5583=FACE_BOUND('',#5223,.T.);
#5584=FACE_BOUND('',#5224,.T.);
#5585=FACE_BOUND('',#5225,.T.);
#5586=FACE_BOUND('',#5226,.T.);
#5587=FACE_BOUND('',#5227,.T.);
#5588=FACE_BOUND('',#5228,.T.);
#5589=FACE_BOUND('',#5229,.T.);
#5590=FACE_BOUND('',#5230,.T.);
#5591=FACE_BOUND('',#5231,.T.);
#5592=FACE_BOUND('',#5232,.T.);
#5593=FACE_BOUND('',#5233,.T.);
#5594=FACE_BOUND('',#5234,.T.);
#5595=FACE_BOUND('',#5235,.T.);
#5596=FACE_BOUND('',#5236,.T.);
#5597=FACE_BOUND('',#5237,.T.);
#5598=FACE_BOUND('',#5238,.T.);
#5599=PLANE('',#6077);
#5600=PLANE('',#6105);
#5601=PLANE('',#6106);
#5602=PLANE('',#6107);
#5603=PLANE('',#6108);
#5604=PLANE('',#6109);
#5605=PLANE('',#6110);
#5606=PLANE('',#6111);
#5607=PLANE('',#6120);
#5608=PLANE('',#6121);
#5609=PLANE('',#6122);
#5610=PLANE('',#6123);
#5611=PLANE('',#6124);
#5612=PLANE('',#6129);
#5613=PLANE('',#6130);
#5614=PLANE('',#6131);
#5615=PLANE('',#6132);
#5616=PLANE('',#6133);
#5617=PLANE('',#6134);
#5618=PLANE('',#6135);
#5619=PLANE('',#6136);
#5620=PLANE('',#6137);
#5621=PLANE('',#6138);
#5622=PLANE('',#6139);
#5623=PLANE('',#6142);
#5624=PLANE('',#6143);
#5625=PLANE('',#6144);
#5626=PLANE('',#6145);
#5627=PLANE('',#6146);
#5628=PLANE('',#6147);
#5629=PLANE('',#6148);
#5630=PLANE('',#6149);
#5631=PLANE('',#6150);
#5632=PLANE('',#6151);
#5633=PLANE('',#6152);
#5634=PLANE('',#6155);
#5635=PLANE('',#6156);
#5636=PLANE('',#6157);
#5637=PLANE('',#6160);
#5638=PLANE('',#6163);
#5639=PLANE('',#6164);
#5640=PLANE('',#6165);
#5641=PLANE('',#6166);
#5642=PLANE('',#6167);
#5643=PLANE('',#6168);
#5644=PLANE('',#6169);
#5645=PLANE('',#6170);
#5646=PLANE('',#6171);
#5647=PLANE('',#6172);
#5648=PLANE('',#6173);
#5649=PLANE('',#6174);
#5650=PLANE('',#6175);
#5651=PLANE('',#6176);
#5652=PLANE('',#6177);
#5653=PLANE('',#6178);
#5654=PLANE('',#6179);
#5655=PLANE('',#6180);
#5656=PLANE('',#6181);
#5657=PLANE('',#6186);
#5658=PLANE('',#6187);
#5659=PLANE('',#6188);
#5660=PLANE('',#6189);
#5661=PLANE('',#6190);
#5662=PLANE('',#6191);
#5663=PLANE('',#6192);
#5664=PLANE('',#6193);
#5665=PLANE('',#6198);
#5666=PLANE('',#6199);
#5667=PLANE('',#6200);
#5668=PLANE('',#6201);
#5669=PLANE('',#6202);
#5670=PLANE('',#6207);
#5671=PLANE('',#6208);
#5672=PLANE('',#6209);
#5673=PLANE('',#6210);
#5674=PLANE('',#6211);
#5675=PLANE('',#6212);
#5676=PLANE('',#6213);
#5677=PLANE('',#6214);
#5678=PLANE('',#6215);
#5679=PLANE('',#6216);
#5680=PLANE('',#6217);
#5681=PLANE('',#6220);
#5682=PLANE('',#6221);
#5683=PLANE('',#6222);
#5684=PLANE('',#6223);
#5685=PLANE('',#6228);
#5686=PLANE('',#6229);
#5687=PLANE('',#6230);
#5688=PLANE('',#6231);
#5689=PLANE('',#6232);
#5690=PLANE('',#6233);
#5691=PLANE('',#6234);
#5692=PLANE('',#6235);
#5693=PLANE('',#6236);
#5694=PLANE('',#6237);
#5695=PLANE('',#6238);
#5696=PLANE('',#6239);
#5697=PLANE('',#6240);
#5698=PLANE('',#6241);
#5699=PLANE('',#6242);
#5700=PLANE('',#6243);
#5701=PLANE('',#6244);
#5702=PLANE('',#6247);
#5703=PLANE('',#6248);
#5704=PLANE('',#6249);
#5705=PLANE('',#6250);
#5706=PLANE('',#6251);
#5707=PLANE('',#6252);
#5708=PLANE('',#6255);
#5709=PLANE('',#6258);
#5710=PLANE('',#6259);
#5711=PLANE('',#6260);
#5712=PLANE('',#6261);
#5713=PLANE('',#6262);
#5714=PLANE('',#6263);
#5715=PLANE('',#6264);
#5716=PLANE('',#6265);
#5717=PLANE('',#6266);
#5718=PLANE('',#6267);
#5719=PLANE('',#6268);
#5720=PLANE('',#6273);
#5721=PLANE('',#6274);
#5722=PLANE('',#6275);
#5723=PLANE('',#6276);
#5724=PLANE('',#6277);
#5725=PLANE('',#6278);
#5726=PLANE('',#6279);
#5727=PLANE('',#6280);
#5728=PLANE('',#6285);
#5729=PLANE('',#6288);
#5730=PLANE('',#6289);
#5731=PLANE('',#6290);
#5732=PLANE('',#6291);
#5733=PLANE('',#6292);
#5734=PLANE('',#6293);
#5735=PLANE('',#6294);
#5736=PLANE('',#6295);
#5737=PLANE('',#6296);
#5738=PLANE('',#6297);
#5739=ADVANCED_FACE('',(#5239,#5240,#5241,#5242,#5243,#5244,#5245,#5246,
#5247,#5248,#5249,#5250,#5251,#5252,#5253,#5254,#5255,#5256,#5257,#5258,
#5259,#5260),#5599,.T.);
#5740=ADVANCED_FACE('',(#5261),#5600,.T.);
#5741=ADVANCED_FACE('',(#5262),#5601,.F.);
#5742=ADVANCED_FACE('',(#5263),#5602,.F.);
#5743=ADVANCED_FACE('',(#5264),#5603,.T.);
#5744=ADVANCED_FACE('',(#5265),#5604,.F.);
#5745=ADVANCED_FACE('',(#5266),#5605,.F.);
#5746=ADVANCED_FACE('',(#5267),#5606,.T.);
#5747=ADVANCED_FACE('',(#5268,#5269),#172,.F.);
#5748=ADVANCED_FACE('',(#5270,#5271),#173,.F.);
#5749=ADVANCED_FACE('',(#5272,#5273),#174,.F.);
#5750=ADVANCED_FACE('',(#5274,#5275),#175,.F.);
#5751=ADVANCED_FACE('',(#5276),#5607,.T.);
#5752=ADVANCED_FACE('',(#5277,#5278,#5279,#5280,#5281,#5282),#5608,.F.);
#5753=ADVANCED_FACE('',(#5283),#5609,.T.);
#5754=ADVANCED_FACE('',(#5284),#5610,.T.);
#5755=ADVANCED_FACE('',(#5285),#5611,.T.);
#5756=ADVANCED_FACE('',(#5286),#16,.T.);
#5757=ADVANCED_FACE('',(#5287),#17,.T.);
#5758=ADVANCED_FACE('',(#5288),#176,.T.);
#5759=ADVANCED_FACE('',(#5289),#177,.T.);
#5760=ADVANCED_FACE('',(#5290),#5612,.T.);
#5761=ADVANCED_FACE('',(#5291),#5613,.T.);
#5762=ADVANCED_FACE('',(#5292),#5614,.T.);
#5763=ADVANCED_FACE('',(#5293),#5615,.T.);
#5764=ADVANCED_FACE('',(#5294),#5616,.T.);
#5765=ADVANCED_FACE('',(#5295),#5617,.T.);
#5766=ADVANCED_FACE('',(#5296),#18,.T.);
#5767=ADVANCED_FACE('',(#5297),#19,.T.);
#5768=ADVANCED_FACE('',(#5298),#20,.T.);
#5769=ADVANCED_FACE('',(#5299),#21,.T.);
#5770=ADVANCED_FACE('',(#5300),#5618,.T.);
#5771=ADVANCED_FACE('',(#5301),#5619,.T.);
#5772=ADVANCED_FACE('',(#5302),#5620,.T.);
#5773=ADVANCED_FACE('',(#5303),#5621,.T.);
#5774=ADVANCED_FACE('',(#5304),#5622,.T.);
#5775=ADVANCED_FACE('',(#5305),#178,.T.);
#5776=ADVANCED_FACE('',(#5306),#5623,.T.);
#5777=ADVANCED_FACE('',(#5307),#5624,.T.);
#5778=ADVANCED_FACE('',(#5308),#5625,.T.);
#5779=ADVANCED_FACE('',(#5309),#5626,.T.);
#5780=ADVANCED_FACE('',(#5310),#5627,.T.);
#5781=ADVANCED_FACE('',(#5311),#5628,.T.);
#5782=ADVANCED_FACE('',(#5312),#5629,.T.);
#5783=ADVANCED_FACE('',(#5313),#5630,.T.);
#5784=ADVANCED_FACE('',(#5314),#5631,.T.);
#5785=ADVANCED_FACE('',(#5315),#5632,.T.);
#5786=ADVANCED_FACE('',(#5316),#5633,.T.);
#5787=ADVANCED_FACE('',(#5317),#179,.T.);
#5788=ADVANCED_FACE('',(#5318),#5634,.T.);
#5789=ADVANCED_FACE('',(#5319),#5635,.T.);
#5790=ADVANCED_FACE('',(#5320),#22,.T.);
#5791=ADVANCED_FACE('',(#5321),#23,.T.);
#5792=ADVANCED_FACE('',(#5322),#24,.T.);
#5793=ADVANCED_FACE('',(#5323),#5636,.T.);
#5794=ADVANCED_FACE('',(#5324),#25,.T.);
#5795=ADVANCED_FACE('',(#5325),#26,.T.);
#5796=ADVANCED_FACE('',(#5326),#180,.T.);
#5797=ADVANCED_FACE('',(#5327),#5637,.T.);
#5798=ADVANCED_FACE('',(#5328),#181,.F.);
#5799=ADVANCED_FACE('',(#5329),#27,.T.);
#5800=ADVANCED_FACE('',(#5330),#28,.T.);
#5801=ADVANCED_FACE('',(#5331),#5638,.T.);
#5802=ADVANCED_FACE('',(#5332),#5639,.T.);
#5803=ADVANCED_FACE('',(#5333),#29,.T.);
#5804=ADVANCED_FACE('',(#5334),#30,.T.);
#5805=ADVANCED_FACE('',(#5335),#31,.T.);
#5806=ADVANCED_FACE('',(#5336),#32,.T.);
#5807=ADVANCED_FACE('',(#5337),#33,.T.);
#5808=ADVANCED_FACE('',(#5338),#34,.T.);
#5809=ADVANCED_FACE('',(#5339,#5340),#5640,.T.);
#5810=ADVANCED_FACE('',(#5341),#5641,.T.);
#5811=ADVANCED_FACE('',(#5342),#5642,.T.);
#5812=ADVANCED_FACE('',(#5343),#5643,.T.);
#5813=ADVANCED_FACE('',(#5344),#5644,.T.);
#5814=ADVANCED_FACE('',(#5345),#5645,.T.);
#5815=ADVANCED_FACE('',(#5346),#5646,.T.);
#5816=ADVANCED_FACE('',(#5347),#5647,.T.);
#5817=ADVANCED_FACE('',(#5348),#5648,.T.);
#5818=ADVANCED_FACE('',(#5349),#5649,.T.);
#5819=ADVANCED_FACE('',(#5350),#5650,.T.);
#5820=ADVANCED_FACE('',(#5351),#5651,.T.);
#5821=ADVANCED_FACE('',(#5352),#35,.T.);
#5822=ADVANCED_FACE('',(#5353),#36,.T.);
#5823=ADVANCED_FACE('',(#5354),#37,.T.);
#5824=ADVANCED_FACE('',(#5355),#38,.T.);
#5825=ADVANCED_FACE('',(#5356),#39,.T.);
#5826=ADVANCED_FACE('',(#5357),#40,.T.);
#5827=ADVANCED_FACE('',(#5358),#41,.T.);
#5828=ADVANCED_FACE('',(#5359),#42,.T.);
#5829=ADVANCED_FACE('',(#5360),#43,.T.);
#5830=ADVANCED_FACE('',(#5361),#44,.T.);
#5831=ADVANCED_FACE('',(#5362),#45,.T.);
#5832=ADVANCED_FACE('',(#5363),#46,.T.);
#5833=ADVANCED_FACE('',(#5364),#47,.T.);
#5834=ADVANCED_FACE('',(#5365),#48,.T.);
#5835=ADVANCED_FACE('',(#5366),#49,.T.);
#5836=ADVANCED_FACE('',(#5367),#50,.T.);
#5837=ADVANCED_FACE('',(#5368),#51,.T.);
#5838=ADVANCED_FACE('',(#5369,#5370),#5652,.T.);
#5839=ADVANCED_FACE('',(#5371),#52,.T.);
#5840=ADVANCED_FACE('',(#5372),#53,.T.);
#5841=ADVANCED_FACE('',(#5373),#54,.T.);
#5842=ADVANCED_FACE('',(#5374),#55,.T.);
#5843=ADVANCED_FACE('',(#5375),#56,.T.);
#5844=ADVANCED_FACE('',(#5376),#57,.T.);
#5845=ADVANCED_FACE('',(#5377),#58,.T.);
#5846=ADVANCED_FACE('',(#5378),#59,.T.);
#5847=ADVANCED_FACE('',(#5379),#60,.T.);
#5848=ADVANCED_FACE('',(#5380),#61,.T.);
#5849=ADVANCED_FACE('',(#5381),#62,.T.);
#5850=ADVANCED_FACE('',(#5382),#63,.T.);
#5851=ADVANCED_FACE('',(#5383),#64,.T.);
#5852=ADVANCED_FACE('',(#5384),#65,.T.);
#5853=ADVANCED_FACE('',(#5385),#66,.T.);
#5854=ADVANCED_FACE('',(#5386),#67,.T.);
#5855=ADVANCED_FACE('',(#5387),#68,.T.);
#5856=ADVANCED_FACE('',(#5388,#5389),#5653,.T.);
#5857=ADVANCED_FACE('',(#5390),#5654,.T.);
#5858=ADVANCED_FACE('',(#5391),#5655,.T.);
#5859=ADVANCED_FACE('',(#5392),#5656,.T.);
#5860=ADVANCED_FACE('',(#5393),#69,.T.);
#5861=ADVANCED_FACE('',(#5394),#70,.T.);
#5862=ADVANCED_FACE('',(#5395),#182,.T.);
#5863=ADVANCED_FACE('',(#5396),#183,.T.);
#5864=ADVANCED_FACE('',(#5397),#5657,.T.);
#5865=ADVANCED_FACE('',(#5398),#5658,.T.);
#5866=ADVANCED_FACE('',(#5399),#5659,.T.);
#5867=ADVANCED_FACE('',(#5400),#5660,.T.);
#5868=ADVANCED_FACE('',(#5401),#5661,.T.);
#5869=ADVANCED_FACE('',(#5402),#5662,.T.);
#5870=ADVANCED_FACE('',(#5403),#71,.T.);
#5871=ADVANCED_FACE('',(#5404),#72,.T.);
#5872=ADVANCED_FACE('',(#5405),#73,.T.);
#5873=ADVANCED_FACE('',(#5406),#74,.T.);
#5874=ADVANCED_FACE('',(#5407),#5663,.T.);
#5875=ADVANCED_FACE('',(#5408),#75,.T.);
#5876=ADVANCED_FACE('',(#5409),#76,.T.);
#5877=ADVANCED_FACE('',(#5410),#77,.T.);
#5878=ADVANCED_FACE('',(#5411),#78,.T.);
#5879=ADVANCED_FACE('',(#5412),#79,.T.);
#5880=ADVANCED_FACE('',(#5413),#80,.T.);
#5881=ADVANCED_FACE('',(#5414),#81,.T.);
#5882=ADVANCED_FACE('',(#5415),#82,.T.);
#5883=ADVANCED_FACE('',(#5416),#83,.T.);
#5884=ADVANCED_FACE('',(#5417),#5664,.T.);
#5885=ADVANCED_FACE('',(#5418),#84,.T.);
#5886=ADVANCED_FACE('',(#5419),#85,.T.);
#5887=ADVANCED_FACE('',(#5420),#86,.T.);
#5888=ADVANCED_FACE('',(#5421),#87,.T.);
#5889=ADVANCED_FACE('',(#5422),#88,.T.);
#5890=ADVANCED_FACE('',(#5423),#89,.T.);
#5891=ADVANCED_FACE('',(#5424),#90,.T.);
#5892=ADVANCED_FACE('',(#5425),#91,.T.);
#5893=ADVANCED_FACE('',(#5426),#92,.T.);
#5894=ADVANCED_FACE('',(#5427),#93,.T.);
#5895=ADVANCED_FACE('',(#5428),#184,.F.);
#5896=ADVANCED_FACE('',(#5429),#185,.F.);
#5897=ADVANCED_FACE('',(#5430),#5665,.T.);
#5898=ADVANCED_FACE('',(#5431),#94,.T.);
#5899=ADVANCED_FACE('',(#5432),#95,.T.);
#5900=ADVANCED_FACE('',(#5433),#5666,.T.);
#5901=ADVANCED_FACE('',(#5434),#5667,.T.);
#5902=ADVANCED_FACE('',(#5435),#5668,.T.);
#5903=ADVANCED_FACE('',(#5436),#5669,.T.);
#5904=ADVANCED_FACE('',(#5437),#96,.T.);
#5905=ADVANCED_FACE('',(#5438),#97,.T.);
#5906=ADVANCED_FACE('',(#5439),#186,.T.);
#5907=ADVANCED_FACE('',(#5440),#187,.T.);
#5908=ADVANCED_FACE('',(#5441),#5670,.T.);
#5909=ADVANCED_FACE('',(#5442),#5671,.T.);
#5910=ADVANCED_FACE('',(#5443),#5672,.T.);
#5911=ADVANCED_FACE('',(#5444),#5673,.T.);
#5912=ADVANCED_FACE('',(#5445),#5674,.T.);
#5913=ADVANCED_FACE('',(#5446),#5675,.T.);
#5914=ADVANCED_FACE('',(#5447),#98,.T.);
#5915=ADVANCED_FACE('',(#5448),#99,.T.);
#5916=ADVANCED_FACE('',(#5449),#100,.T.);
#5917=ADVANCED_FACE('',(#5450),#101,.T.);
#5918=ADVANCED_FACE('',(#5451),#5676,.T.);
#5919=ADVANCED_FACE('',(#5452),#5677,.T.);
#5920=ADVANCED_FACE('',(#5453),#5678,.T.);
#5921=ADVANCED_FACE('',(#5454),#5679,.T.);
#5922=ADVANCED_FACE('',(#5455),#5680,.T.);
#5923=ADVANCED_FACE('',(#5456),#102,.T.);
#5924=ADVANCED_FACE('',(#5457),#188,.T.);
#5925=ADVANCED_FACE('',(#5458),#5681,.T.);
#5926=ADVANCED_FACE('',(#5459),#103,.T.);
#5927=ADVANCED_FACE('',(#5460),#5682,.T.);
#5928=ADVANCED_FACE('',(#5461),#5683,.T.);
#5929=ADVANCED_FACE('',(#5462),#5684,.T.);
#5930=ADVANCED_FACE('',(#5463),#189,.T.);
#5931=ADVANCED_FACE('',(#5464),#190,.T.);
#5932=ADVANCED_FACE('',(#5465),#5685,.T.);
#5933=ADVANCED_FACE('',(#5466),#104,.T.);
#5934=ADVANCED_FACE('',(#5467),#5686,.T.);
#5935=ADVANCED_FACE('',(#5468),#5687,.T.);
#5936=ADVANCED_FACE('',(#5469),#5688,.T.);
#5937=ADVANCED_FACE('',(#5470),#5689,.T.);
#5938=ADVANCED_FACE('',(#5471),#5690,.T.);
#5939=ADVANCED_FACE('',(#5472),#105,.T.);
#5940=ADVANCED_FACE('',(#5473),#5691,.T.);
#5941=ADVANCED_FACE('',(#5474),#106,.T.);
#5942=ADVANCED_FACE('',(#5475),#5692,.T.);
#5943=ADVANCED_FACE('',(#5476),#107,.T.);
#5944=ADVANCED_FACE('',(#5477),#108,.T.);
#5945=ADVANCED_FACE('',(#5478),#109,.T.);
#5946=ADVANCED_FACE('',(#5479),#110,.T.);
#5947=ADVANCED_FACE('',(#5480),#111,.T.);
#5948=ADVANCED_FACE('',(#5481),#112,.T.);
#5949=ADVANCED_FACE('',(#5482),#113,.T.);
#5950=ADVANCED_FACE('',(#5483),#114,.T.);
#5951=ADVANCED_FACE('',(#5484),#115,.T.);
#5952=ADVANCED_FACE('',(#5485),#116,.T.);
#5953=ADVANCED_FACE('',(#5486),#117,.T.);
#5954=ADVANCED_FACE('',(#5487),#118,.T.);
#5955=ADVANCED_FACE('',(#5488),#119,.T.);
#5956=ADVANCED_FACE('',(#5489),#120,.T.);
#5957=ADVANCED_FACE('',(#5490),#121,.T.);
#5958=ADVANCED_FACE('',(#5491),#122,.T.);
#5959=ADVANCED_FACE('',(#5492),#123,.T.);
#5960=ADVANCED_FACE('',(#5493,#5494),#5693,.T.);
#5961=ADVANCED_FACE('',(#5495),#124,.T.);
#5962=ADVANCED_FACE('',(#5496),#125,.T.);
#5963=ADVANCED_FACE('',(#5497),#126,.T.);
#5964=ADVANCED_FACE('',(#5498),#5694,.T.);
#5965=ADVANCED_FACE('',(#5499),#5695,.T.);
#5966=ADVANCED_FACE('',(#5500),#5696,.T.);
#5967=ADVANCED_FACE('',(#5501),#127,.T.);
#5968=ADVANCED_FACE('',(#5502),#128,.T.);
#5969=ADVANCED_FACE('',(#5503),#129,.T.);
#5970=ADVANCED_FACE('',(#5504),#5697,.T.);
#5971=ADVANCED_FACE('',(#5505),#5698,.T.);
#5972=ADVANCED_FACE('',(#5506),#5699,.T.);
#5973=ADVANCED_FACE('',(#5507),#130,.T.);
#5974=ADVANCED_FACE('',(#5508),#131,.T.);
#5975=ADVANCED_FACE('',(#5509,#5510),#5700,.T.);
#5976=ADVANCED_FACE('',(#5511),#132,.T.);
#5977=ADVANCED_FACE('',(#5512),#133,.T.);
#5978=ADVANCED_FACE('',(#5513),#134,.T.);
#5979=ADVANCED_FACE('',(#5514),#135,.T.);
#5980=ADVANCED_FACE('',(#5515),#136,.T.);
#5981=ADVANCED_FACE('',(#5516),#137,.T.);
#5982=ADVANCED_FACE('',(#5517),#138,.T.);
#5983=ADVANCED_FACE('',(#5518),#5701,.T.);
#5984=ADVANCED_FACE('',(#5519),#191,.T.);
#5985=ADVANCED_FACE('',(#5520),#139,.T.);
#5986=ADVANCED_FACE('',(#5521),#140,.T.);
#5987=ADVANCED_FACE('',(#5522),#141,.T.);
#5988=ADVANCED_FACE('',(#5523),#142,.T.);
#5989=ADVANCED_FACE('',(#5524),#143,.T.);
#5990=ADVANCED_FACE('',(#5525),#144,.T.);
#5991=ADVANCED_FACE('',(#5526),#5702,.T.);
#5992=ADVANCED_FACE('',(#5527),#5703,.T.);
#5993=ADVANCED_FACE('',(#5528),#5704,.T.);
#5994=ADVANCED_FACE('',(#5529),#5705,.T.);
#5995=ADVANCED_FACE('',(#5530),#5706,.T.);
#5996=ADVANCED_FACE('',(#5531),#5707,.T.);
#5997=ADVANCED_FACE('',(#5532),#192,.T.);
#5998=ADVANCED_FACE('',(#5533),#5708,.T.);
#5999=ADVANCED_FACE('',(#5534),#193,.T.);
#6000=ADVANCED_FACE('',(#5535),#145,.T.);
#6001=ADVANCED_FACE('',(#5536,#5537),#5709,.T.);
#6002=ADVANCED_FACE('',(#5538),#5710,.T.);
#6003=ADVANCED_FACE('',(#5539),#5711,.T.);
#6004=ADVANCED_FACE('',(#5540),#5712,.T.);
#6005=ADVANCED_FACE('',(#5541),#146,.T.);
#6006=ADVANCED_FACE('',(#5542),#147,.T.);
#6007=ADVANCED_FACE('',(#5543),#148,.T.);
#6008=ADVANCED_FACE('',(#5544),#149,.T.);
#6009=ADVANCED_FACE('',(#5545),#5713,.T.);
#6010=ADVANCED_FACE('',(#5546),#5714,.T.);
#6011=ADVANCED_FACE('',(#5547),#5715,.T.);
#6012=ADVANCED_FACE('',(#5548),#150,.T.);
#6013=ADVANCED_FACE('',(#5549),#151,.T.);
#6014=ADVANCED_FACE('',(#5550),#152,.T.);
#6015=ADVANCED_FACE('',(#5551),#153,.T.);
#6016=ADVANCED_FACE('',(#5552),#5716,.T.);
#6017=ADVANCED_FACE('',(#5553),#5717,.T.);
#6018=ADVANCED_FACE('',(#5554),#5718,.T.);
#6019=ADVANCED_FACE('',(#5555),#5719,.T.);
#6020=ADVANCED_FACE('',(#5556),#154,.T.);
#6021=ADVANCED_FACE('',(#5557),#155,.T.);
#6022=ADVANCED_FACE('',(#5558),#194,.T.);
#6023=ADVANCED_FACE('',(#5559),#195,.T.);
#6024=ADVANCED_FACE('',(#5560),#5720,.T.);
#6025=ADVANCED_FACE('',(#5561),#5721,.T.);
#6026=ADVANCED_FACE('',(#5562),#5722,.T.);
#6027=ADVANCED_FACE('',(#5563),#5723,.T.);
#6028=ADVANCED_FACE('',(#5564),#5724,.T.);
#6029=ADVANCED_FACE('',(#5565),#5725,.T.);
#6030=ADVANCED_FACE('',(#5566),#156,.T.);
#6031=ADVANCED_FACE('',(#5567),#157,.T.);
#6032=ADVANCED_FACE('',(#5568),#158,.T.);
#6033=ADVANCED_FACE('',(#5569),#159,.T.);
#6034=ADVANCED_FACE('',(#5570),#5726,.T.);
#6035=ADVANCED_FACE('',(#5571),#160,.T.);
#6036=ADVANCED_FACE('',(#5572),#161,.T.);
#6037=ADVANCED_FACE('',(#5573),#162,.T.);
#6038=ADVANCED_FACE('',(#5574),#5727,.T.);
#6039=ADVANCED_FACE('',(#5575),#163,.T.);
#6040=ADVANCED_FACE('',(#5576),#196,.T.);
#6041=ADVANCED_FACE('',(#5577),#197,.T.);
#6042=ADVANCED_FACE('',(#5578),#5728,.T.);
#6043=ADVANCED_FACE('',(#5579),#198,.F.);
#6044=ADVANCED_FACE('',(#5580),#164,.T.);
#6045=ADVANCED_FACE('',(#5581),#165,.T.);
#6046=ADVANCED_FACE('',(#5582),#5729,.T.);
#6047=ADVANCED_FACE('',(#5583),#5730,.T.);
#6048=ADVANCED_FACE('',(#5584),#166,.T.);
#6049=ADVANCED_FACE('',(#5585),#167,.T.);
#6050=ADVANCED_FACE('',(#5586),#168,.T.);
#6051=ADVANCED_FACE('',(#5587),#169,.T.);
#6052=ADVANCED_FACE('',(#5588),#170,.T.);
#6053=ADVANCED_FACE('',(#5589),#171,.T.);
#6054=ADVANCED_FACE('',(#5590,#5591),#5731,.T.);
#6055=ADVANCED_FACE('',(#5592),#5732,.T.);
#6056=ADVANCED_FACE('',(#5593),#5733,.T.);
#6057=ADVANCED_FACE('',(#5594),#5734,.T.);
#6058=ADVANCED_FACE('',(#5595),#5735,.T.);
#6059=ADVANCED_FACE('',(#5596),#5736,.T.);
#6060=ADVANCED_FACE('',(#5597),#5737,.T.);
#6061=ADVANCED_FACE('',(#5598),#5738,.T.);
#6062=CLOSED_SHELL('',(#5739,#5740,#5741,#5742,#5743,#5744,#5745,#5746,
#5747,#5748,#5749,#5750,#5751,#5752,#5753,#5754,#5755,#5756,#5757,#5758,
#5759,#5760,#5761,#5762,#5763,#5764,#5765,#5766,#5767,#5768,#5769,#5770,
#5771,#5772,#5773,#5774,#5775,#5776,#5777,#5778,#5779,#5780,#5781,#5782,
#5783,#5784,#5785,#5786,#5787,#5788,#5789,#5790,#5791,#5792,#5793,#5794,
#5795,#5796,#5797,#5798,#5799,#5800,#5801,#5802,#5803,#5804,#5805,#5806,
#5807,#5808,#5809,#5810,#5811,#5812,#5813,#5814,#5815,#5816,#5817,#5818,
#5819,#5820,#5821,#5822,#5823,#5824,#5825,#5826,#5827,#5828,#5829,#5830,
#5831,#5832,#5833,#5834,#5835,#5836,#5837,#5838,#5839,#5840,#5841,#5842,
#5843,#5844,#5845,#5846,#5847,#5848,#5849,#5850,#5851,#5852,#5853,#5854,
#5855,#5856,#5857,#5858,#5859,#5860,#5861,#5862,#5863,#5864,#5865,#5866,
#5867,#5868,#5869,#5870,#5871,#5872,#5873,#5874,#5875,#5876,#5877,#5878,
#5879,#5880,#5881,#5882,#5883,#5884,#5885,#5886,#5887,#5888,#5889,#5890,
#5891,#5892,#5893,#5894,#5895,#5896,#5897,#5898,#5899,#5900,#5901,#5902,
#5903,#5904,#5905,#5906,#5907,#5908,#5909,#5910,#5911,#5912,#5913,#5914,
#5915,#5916,#5917,#5918,#5919,#5920,#5921,#5922,#5923,#5924,#5925,#5926,
#5927,#5928,#5929,#5930,#5931,#5932,#5933,#5934,#5935,#5936,#5937,#5938,
#5939,#5940,#5941,#5942,#5943,#5944,#5945,#5946,#5947,#5948,#5949,#5950,
#5951,#5952,#5953,#5954,#5955,#5956,#5957,#5958,#5959,#5960,#5961,#5962,
#5963,#5964,#5965,#5966,#5967,#5968,#5969,#5970,#5971,#5972,#5973,#5974,
#5975,#5976,#5977,#5978,#5979,#5980,#5981,#5982,#5983,#5984,#5985,#5986,
#5987,#5988,#5989,#5990,#5991,#5992,#5993,#5994,#5995,#5996,#5997,#5998,
#5999,#6000,#6001,#6002,#6003,#6004,#6005,#6006,#6007,#6008,#6009,#6010,
#6011,#6012,#6013,#6014,#6015,#6016,#6017,#6018,#6019,#6020,#6021,#6022,
#6023,#6024,#6025,#6026,#6027,#6028,#6029,#6030,#6031,#6032,#6033,#6034,
#6035,#6036,#6037,#6038,#6039,#6040,#6041,#6042,#6043,#6044,#6045,#6046,
#6047,#6048,#6049,#6050,#6051,#6052,#6053,#6054,#6055,#6056,#6057,#6058,
#6059,#6060,#6061));
#6063=STYLED_ITEM('',(#6064),#6071);
#6064=PRESENTATION_STYLE_ASSIGNMENT((#6065));
#6065=SURFACE_STYLE_USAGE(.BOTH.,#6066);
#6066=SURFACE_SIDE_STYLE('',(#6067));
#6067=SURFACE_STYLE_FILL_AREA(#6068);
#6068=FILL_AREA_STYLE('',(#6069));
#6069=FILL_AREA_STYLE_COLOUR('',#6070);
#6070=COLOUR_RGB('',0.615686274509804,0.811764705882353,0.929411764705882);
#6071=MANIFOLD_SOLID_BREP('Part 9',#6062);
#6072=SHAPE_DEFINITION_REPRESENTATION(#10804,#6074);
#6073=SHAPE_DEFINITION_REPRESENTATION(#10805,#6075);
#6074=SHAPE_REPRESENTATION('Lid',(#6076,#6298),#10797);
#6075=SHAPE_REPRESENTATION('Part 9',(#6076),#10798);
#6076=AXIS2_PLACEMENT_3D('',#7269,#6299,#6300);
#6077=AXIS2_PLACEMENT_3D('',#7270,#6301,#6302);
#6078=AXIS2_PLACEMENT_3D('',#7304,#6311,#6312);
#6079=AXIS2_PLACEMENT_3D('',#7306,#6313,#6314);
#6080=AXIS2_PLACEMENT_3D('',#7366,#6322,#6323);
#6081=AXIS2_PLACEMENT_3D('',#7368,#6324,#6325);
#6082=AXIS2_PLACEMENT_3D('',#7372,#6327,#6328);
#6083=AXIS2_PLACEMENT_3D('',#7493,#6343,#6344);
#6084=AXIS2_PLACEMENT_3D('',#7495,#6345,#6346);
#6085=AXIS2_PLACEMENT_3D('',#7497,#6347,#6348);
#6086=AXIS2_PLACEMENT_3D('',#7499,#6349,#6350);
#6087=AXIS2_PLACEMENT_3D('',#7532,#6358,#6359);
#6088=AXIS2_PLACEMENT_3D('',#7534,#6360,#6361);
#6089=AXIS2_PLACEMENT_3D('',#7552,#6366,#6367);
#6090=AXIS2_PLACEMENT_3D('',#7576,#6379,#6380);
#6091=AXIS2_PLACEMENT_3D('',#7624,#6386,#6387);
#6092=AXIS2_PLACEMENT_3D('',#7628,#6389,#6390);
#6093=AXIS2_PLACEMENT_3D('',#7718,#6409,#6410);
#6094=AXIS2_PLACEMENT_3D('',#7720,#6411,#6412);
#6095=AXIS2_PLACEMENT_3D('',#7750,#6415,#6416);
#6096=AXIS2_PLACEMENT_3D('',#7752,#6417,#6418);
#6097=AXIS2_PLACEMENT_3D('',#7856,#6428,#6429);
#6098=AXIS2_PLACEMENT_3D('',#7858,#6430,#6431);
#6099=AXIS2_PLACEMENT_3D('',#7900,#6442,#6443);
#6100=AXIS2_PLACEMENT_3D('',#7902,#6444,#6445);
#6101=AXIS2_PLACEMENT_3D('',#7916,#6450,#6451);
#6102=AXIS2_PLACEMENT_3D('',#7947,#6457,#6458);
#6103=AXIS2_PLACEMENT_3D('',#7986,#6461,#6462);
#6104=AXIS2_PLACEMENT_3D('',#7990,#6464,#6465);
#6105=AXIS2_PLACEMENT_3D('',#7991,#6466,#6467);
#6106=AXIS2_PLACEMENT_3D('',#7997,#6471,#6472);
#6107=AXIS2_PLACEMENT_3D('',#8001,#6475,#6476);
#6108=AXIS2_PLACEMENT_3D('',#8005,#6479,#6480);
#6109=AXIS2_PLACEMENT_3D('',#8011,#6484,#6485);
#6110=AXIS2_PLACEMENT_3D('',#8015,#6488,#6489);
#6111=AXIS2_PLACEMENT_3D('',#8019,#6492,#6493);
#6112=AXIS2_PLACEMENT_3D('',#8021,#6495,#6496);
#6113=AXIS2_PLACEMENT_3D('',#8022,#6497,#6498);
#6114=AXIS2_PLACEMENT_3D('',#8024,#6499,#6500);
#6115=AXIS2_PLACEMENT_3D('',#8025,#6501,#6502);
#6116=AXIS2_PLACEMENT_3D('',#8027,#6503,#6504);
#6117=AXIS2_PLACEMENT_3D('',#8028,#6505,#6506);
#6118=AXIS2_PLACEMENT_3D('',#8030,#6507,#6508);
#6119=AXIS2_PLACEMENT_3D('',#8031,#6509,#6510);
#6120=AXIS2_PLACEMENT_3D('',#8033,#6511,#6512);
#6121=AXIS2_PLACEMENT_3D('',#8035,#6514,#6515);
#6122=AXIS2_PLACEMENT_3D('',#8036,#6516,#6517);
#6123=AXIS2_PLACEMENT_3D('',#8042,#6521,#6522);
#6124=AXIS2_PLACEMENT_3D('',#8046,#6525,#6526);
#6125=AXIS2_PLACEMENT_3D('',#8076,#6531,#6532);
#6126=AXIS2_PLACEMENT_3D('',#8079,#6534,#6535);
#6127=AXIS2_PLACEMENT_3D('',#8080,#6536,#6537);
#6128=AXIS2_PLACEMENT_3D('',#8083,#6539,#6540);
#6129=AXIS2_PLACEMENT_3D('',#8084,#6541,#6542);
#6130=AXIS2_PLACEMENT_3D('',#8088,#6545,#6546);
#6131=AXIS2_PLACEMENT_3D('',#8092,#6549,#6550);
#6132=AXIS2_PLACEMENT_3D('',#8096,#6553,#6554);
#6133=AXIS2_PLACEMENT_3D('',#8100,#6557,#6558);
#6134=AXIS2_PLACEMENT_3D('',#8104,#6561,#6562);
#6135=AXIS2_PLACEMENT_3D('',#8158,#6568,#6569);
#6136=AXIS2_PLACEMENT_3D('',#8159,#6570,#6571);
#6137=AXIS2_PLACEMENT_3D('',#8165,#6575,#6576);
#6138=AXIS2_PLACEMENT_3D('',#8169,#6579,#6580);
#6139=AXIS2_PLACEMENT_3D('',#8173,#6583,#6584);
#6140=AXIS2_PLACEMENT_3D('',#8177,#6587,#6588);
#6141=AXIS2_PLACEMENT_3D('',#8180,#6590,#6591);
#6142=AXIS2_PLACEMENT_3D('',#8181,#6592,#6593);
#6143=AXIS2_PLACEMENT_3D('',#8185,#6596,#6597);
#6144=AXIS2_PLACEMENT_3D('',#8189,#6600,#6601);
#6145=AXIS2_PLACEMENT_3D('',#8193,#6604,#6605);
#6146=AXIS2_PLACEMENT_3D('',#8197,#6608,#6609);
#6147=AXIS2_PLACEMENT_3D('',#8201,#6612,#6613);
#6148=AXIS2_PLACEMENT_3D('',#8205,#6616,#6617);
#6149=AXIS2_PLACEMENT_3D('',#8209,#6620,#6621);
#6150=AXIS2_PLACEMENT_3D('',#8213,#6624,#6625);
#6151=AXIS2_PLACEMENT_3D('',#8217,#6628,#6629);
#6152=AXIS2_PLACEMENT_3D('',#8221,#6632,#6633);
#6153=AXIS2_PLACEMENT_3D('',#8225,#6636,#6637);
#6154=AXIS2_PLACEMENT_3D('',#8228,#6639,#6640);
#6155=AXIS2_PLACEMENT_3D('',#8229,#6641,#6642);
#6156=AXIS2_PLACEMENT_3D('',#8231,#6644,#6645);
#6157=AXIS2_PLACEMENT_3D('',#8286,#6650,#6651);
#6158=AXIS2_PLACEMENT_3D('',#8320,#6658,#6659);
#6159=AXIS2_PLACEMENT_3D('',#8323,#6661,#6662);
#6160=AXIS2_PLACEMENT_3D('',#8324,#6663,#6664);
#6161=AXIS2_PLACEMENT_3D('',#8328,#6667,#6668);
#6162=AXIS2_PLACEMENT_3D('',#8331,#6670,#6671);
#6163=AXIS2_PLACEMENT_3D('',#8358,#6674,#6675);
#6164=AXIS2_PLACEMENT_3D('',#8362,#6678,#6679);
#6165=AXIS2_PLACEMENT_3D('',#8443,#6686,#6687);
#6166=AXIS2_PLACEMENT_3D('',#8444,#6688,#6689);
#6167=AXIS2_PLACEMENT_3D('',#8450,#6693,#6694);
#6168=AXIS2_PLACEMENT_3D('',#8454,#6697,#6698);
#6169=AXIS2_PLACEMENT_3D('',#8458,#6701,#6702);
#6170=AXIS2_PLACEMENT_3D('',#8462,#6705,#6706);
#6171=AXIS2_PLACEMENT_3D('',#8466,#6709,#6710);
#6172=AXIS2_PLACEMENT_3D('',#8470,#6713,#6714);
#6173=AXIS2_PLACEMENT_3D('',#8474,#6717,#6718);
#6174=AXIS2_PLACEMENT_3D('',#8478,#6721,#6722);
#6175=AXIS2_PLACEMENT_3D('',#8482,#6725,#6726);
#6176=AXIS2_PLACEMENT_3D('',#8484,#6728,#6729);
#6177=AXIS2_PLACEMENT_3D('',#8738,#6747,#6748);
#6178=AXIS2_PLACEMENT_3D('',#8992,#6766,#6767);
#6179=AXIS2_PLACEMENT_3D('',#8993,#6768,#6769);
#6180=AXIS2_PLACEMENT_3D('',#8999,#6773,#6774);
#6181=AXIS2_PLACEMENT_3D('',#9003,#6777,#6778);
#6182=AXIS2_PLACEMENT_3D('',#9033,#6783,#6784);
#6183=AXIS2_PLACEMENT_3D('',#9036,#6786,#6787);
#6184=AXIS2_PLACEMENT_3D('',#9037,#6788,#6789);
#6185=AXIS2_PLACEMENT_3D('',#9040,#6791,#6792);
#6186=AXIS2_PLACEMENT_3D('',#9041,#6793,#6794);
#6187=AXIS2_PLACEMENT_3D('',#9045,#6797,#6798);
#6188=AXIS2_PLACEMENT_3D('',#9049,#6801,#6802);
#6189=AXIS2_PLACEMENT_3D('',#9053,#6805,#6806);
#6190=AXIS2_PLACEMENT_3D('',#9057,#6809,#6810);
#6191=AXIS2_PLACEMENT_3D('',#9061,#6813,#6814);
#6192=AXIS2_PLACEMENT_3D('',#9115,#6820,#6821);
#6193=AXIS2_PLACEMENT_3D('',#9235,#6832,#6833);
#6194=AXIS2_PLACEMENT_3D('',#9369,#6846,#6847);
#6195=AXIS2_PLACEMENT_3D('',#9372,#6849,#6850);
#6196=AXIS2_PLACEMENT_3D('',#9373,#6851,#6852);
#6197=AXIS2_PLACEMENT_3D('',#9376,#6854,#6855);
#6198=AXIS2_PLACEMENT_3D('',#9377,#6856,#6857);
#6199=AXIS2_PLACEMENT_3D('',#9405,#6861,#6862);
#6200=AXIS2_PLACEMENT_3D('',#9406,#6863,#6864);
#6201=AXIS2_PLACEMENT_3D('',#9412,#6868,#6869);
#6202=AXIS2_PLACEMENT_3D('',#9416,#6872,#6873);
#6203=AXIS2_PLACEMENT_3D('',#9446,#6878,#6879);
#6204=AXIS2_PLACEMENT_3D('',#9449,#6881,#6882);
#6205=AXIS2_PLACEMENT_3D('',#9450,#6883,#6884);
#6206=AXIS2_PLACEMENT_3D('',#9453,#6886,#6887);
#6207=AXIS2_PLACEMENT_3D('',#9454,#6888,#6889);
#6208=AXIS2_PLACEMENT_3D('',#9458,#6892,#6893);
#6209=AXIS2_PLACEMENT_3D('',#9462,#6896,#6897);
#6210=AXIS2_PLACEMENT_3D('',#9466,#6900,#6901);
#6211=AXIS2_PLACEMENT_3D('',#9470,#6904,#6905);
#6212=AXIS2_PLACEMENT_3D('',#9474,#6908,#6909);
#6213=AXIS2_PLACEMENT_3D('',#9528,#6915,#6916);
#6214=AXIS2_PLACEMENT_3D('',#9529,#6917,#6918);
#6215=AXIS2_PLACEMENT_3D('',#9535,#6922,#6923);
#6216=AXIS2_PLACEMENT_3D('',#9539,#6926,#6927);
#6217=AXIS2_PLACEMENT_3D('',#9543,#6930,#6931);
#6218=AXIS2_PLACEMENT_3D('',#9560,#6935,#6936);
#6219=AXIS2_PLACEMENT_3D('',#9563,#6938,#6939);
#6220=AXIS2_PLACEMENT_3D('',#9564,#6940,#6941);
#6221=AXIS2_PLACEMENT_3D('',#9581,#6945,#6946);
#6222=AXIS2_PLACEMENT_3D('',#9585,#6949,#6950);
#6223=AXIS2_PLACEMENT_3D('',#9589,#6953,#6954);
#6224=AXIS2_PLACEMENT_3D('',#9593,#6957,#6958);
#6225=AXIS2_PLACEMENT_3D('',#9596,#6960,#6961);
#6226=AXIS2_PLACEMENT_3D('',#9597,#6962,#6963);
#6227=AXIS2_PLACEMENT_3D('',#9600,#6965,#6966);
#6228=AXIS2_PLACEMENT_3D('',#9601,#6967,#6968);
#6229=AXIS2_PLACEMENT_3D('',#9618,#6972,#6973);
#6230=AXIS2_PLACEMENT_3D('',#9622,#6976,#6977);
#6231=AXIS2_PLACEMENT_3D('',#9626,#6980,#6981);
#6232=AXIS2_PLACEMENT_3D('',#9630,#6984,#6985);
#6233=AXIS2_PLACEMENT_3D('',#9634,#6988,#6989);
#6234=AXIS2_PLACEMENT_3D('',#9651,#6993,#6994);
#6235=AXIS2_PLACEMENT_3D('',#9666,#6997,#6998);
#6236=AXIS2_PLACEMENT_3D('',#9920,#7016,#7017);
#6237=AXIS2_PLACEMENT_3D('',#9975,#7022,#7023);
#6238=AXIS2_PLACEMENT_3D('',#9981,#7027,#7028);
#6239=AXIS2_PLACEMENT_3D('',#9987,#7032,#7033);
#6240=AXIS2_PLACEMENT_3D('',#10034,#7041,#7042);
#6241=AXIS2_PLACEMENT_3D('',#10038,#7045,#7046);
#6242=AXIS2_PLACEMENT_3D('',#10042,#7049,#7050);
#6243=AXIS2_PLACEMENT_3D('',#10071,#7053,#7054);
#6244=AXIS2_PLACEMENT_3D('',#10194,#7063,#7064);
#6245=AXIS2_PLACEMENT_3D('',#10200,#7068,#7069);
#6246=AXIS2_PLACEMENT_3D('',#10203,#7071,#7072);
#6247=AXIS2_PLACEMENT_3D('',#10284,#7080,#7081);
#6248=AXIS2_PLACEMENT_3D('',#10288,#7084,#7085);
#6249=AXIS2_PLACEMENT_3D('',#10292,#7088,#7089);
#6250=AXIS2_PLACEMENT_3D('',#10296,#7092,#7093);
#6251=AXIS2_PLACEMENT_3D('',#10300,#7096,#7097);
#6252=AXIS2_PLACEMENT_3D('',#10304,#7100,#7101);
#6253=AXIS2_PLACEMENT_3D('',#10308,#7104,#7105);
#6254=AXIS2_PLACEMENT_3D('',#10311,#7107,#7108);
#6255=AXIS2_PLACEMENT_3D('',#10312,#7109,#7110);
#6256=AXIS2_PLACEMENT_3D('',#10316,#7113,#7114);
#6257=AXIS2_PLACEMENT_3D('',#10317,#7115,#7116);
#6258=AXIS2_PLACEMENT_3D('',#10332,#7117,#7118);
#6259=AXIS2_PLACEMENT_3D('',#10333,#7119,#7120);
#6260=AXIS2_PLACEMENT_3D('',#10339,#7124,#7125);
#6261=AXIS2_PLACEMENT_3D('',#10343,#7128,#7129);
#6262=AXIS2_PLACEMENT_3D('',#10399,#7136,#7137);
#6263=AXIS2_PLACEMENT_3D('',#10403,#7140,#7141);
#6264=AXIS2_PLACEMENT_3D('',#10407,#7144,#7145);
#6265=AXIS2_PLACEMENT_3D('',#10461,#7151,#7152);
#6266=AXIS2_PLACEMENT_3D('',#10462,#7153,#7154);
#6267=AXIS2_PLACEMENT_3D('',#10468,#7158,#7159);
#6268=AXIS2_PLACEMENT_3D('',#10472,#7162,#7163);
#6269=AXIS2_PLACEMENT_3D('',#10502,#7168,#7169);
#6270=AXIS2_PLACEMENT_3D('',#10505,#7171,#7172);
#6271=AXIS2_PLACEMENT_3D('',#10506,#7173,#7174);
#6272=AXIS2_PLACEMENT_3D('',#10509,#7176,#7177);
#6273=AXIS2_PLACEMENT_3D('',#10510,#7178,#7179);
#6274=AXIS2_PLACEMENT_3D('',#10514,#7182,#7183);
#6275=AXIS2_PLACEMENT_3D('',#10518,#7186,#7187);
#6276=AXIS2_PLACEMENT_3D('',#10522,#7190,#7191);
#6277=AXIS2_PLACEMENT_3D('',#10526,#7194,#7195);
#6278=AXIS2_PLACEMENT_3D('',#10530,#7198,#7199);
#6279=AXIS2_PLACEMENT_3D('',#10584,#7205,#7206);
#6280=AXIS2_PLACEMENT_3D('',#10639,#7211,#7212);
#6281=AXIS2_PLACEMENT_3D('',#10660,#7218,#7219);
#6282=AXIS2_PLACEMENT_3D('',#10663,#7221,#7222);
#6283=AXIS2_PLACEMENT_3D('',#10664,#7223,#7224);
#6284=AXIS2_PLACEMENT_3D('',#10667,#7226,#7227);
#6285=AXIS2_PLACEMENT_3D('',#10668,#7228,#7229);
#6286=AXIS2_PLACEMENT_3D('',#10672,#7232,#7233);
#6287=AXIS2_PLACEMENT_3D('',#10675,#7235,#7236);
#6288=AXIS2_PLACEMENT_3D('',#10702,#7239,#7240);
#6289=AXIS2_PLACEMENT_3D('',#10706,#7243,#7244);
#6290=AXIS2_PLACEMENT_3D('',#10787,#7251,#7252);
#6291=AXIS2_PLACEMENT_3D('',#10788,#7253,#7254);
#6292=AXIS2_PLACEMENT_3D('',#10789,#7255,#7256);
#6293=AXIS2_PLACEMENT_3D('',#10790,#7257,#7258);
#6294=AXIS2_PLACEMENT_3D('',#10791,#7259,#7260);
#6295=AXIS2_PLACEMENT_3D('',#10792,#7261,#7262);
#6296=AXIS2_PLACEMENT_3D('',#10793,#7263,#7264);
#6297=AXIS2_PLACEMENT_3D('',#10794,#7265,#7266);
#6298=AXIS2_PLACEMENT_3D('',#10795,#7267,#7268);
#6299=DIRECTION('',(0.,0.,1.));
#6300=DIRECTION('',(1.,0.,0.));
#6301=DIRECTION('',(0.,0.,1.));
#6302=DIRECTION('',(1.,0.,0.));
#6303=DIRECTION('',(1.,0.,0.));
#6304=DIRECTION('',(0.,-1.,0.));
#6305=DIRECTION('',(0.,1.,0.));
#6306=DIRECTION('',(1.,0.,0.));
#6307=DIRECTION('',(0.,-1.,0.));
#6308=DIRECTION('',(-1.,0.,0.));
#6309=DIRECTION('',(-0.161260120599603,0.986911938069553,0.));
#6310=DIRECTION('',(-1.,0.,0.));
#6311=DIRECTION('',(0.,0.,-1.));
#6312=DIRECTION('',(-1.,0.,0.));
#6313=DIRECTION('',(0.,0.,-1.));
#6314=DIRECTION('',(-1.,0.,0.));
#6315=DIRECTION('',(0.,1.,0.));
#6316=DIRECTION('',(1.,0.,0.));
#6317=DIRECTION('',(0.,-1.,0.));
#6318=DIRECTION('',(0.,1.,0.));
#6319=DIRECTION('',(1.,0.,0.));
#6320=DIRECTION('',(0.,-1.,0.));
#6321=DIRECTION('',(0.,1.,0.));
#6322=DIRECTION('',(0.,0.,-1.));
#6323=DIRECTION('',(-1.,0.,0.));
#6324=DIRECTION('',(0.,0.,-1.));
#6325=DIRECTION('',(-1.,0.,0.));
#6326=DIRECTION('',(-1.,0.,0.));
#6327=DIRECTION('',(0.,0.,-1.));
#6328=DIRECTION('',(-1.,0.,0.));
#6329=DIRECTION('',(0.,-1.,0.));
#6330=DIRECTION('',(-1.,0.,0.));
#6331=DIRECTION('',(0.,1.,0.));
#6332=DIRECTION('',(1.,0.,0.));
#6333=DIRECTION('',(0.151740441420702,-0.988420375365386,0.));
#6334=DIRECTION('',(1.,0.,0.));
#6335=DIRECTION('',(3.808342207143E-16,-1.,0.));
#6336=DIRECTION('',(-1.,-1.32801797203962E-16,0.));
#6337=DIRECTION('',(2.85625665535726E-16,-1.,0.));
#6338=DIRECTION('',(-1.,-1.32801797203962E-16,0.));
#6339=DIRECTION('',(0.,-1.,0.));
#6340=DIRECTION('',(1.,1.23442475235139E-16,0.));
#6341=DIRECTION('',(0.,-1.,0.));
#6342=DIRECTION('',(1.,8.58730262505313E-17,0.));
#6343=DIRECTION('',(0.,0.,1.));
#6344=DIRECTION('',(1.,0.,0.));
#6345=DIRECTION('',(0.,0.,1.));
#6346=DIRECTION('',(1.,0.,0.));
#6347=DIRECTION('',(0.,0.,1.));
#6348=DIRECTION('',(1.,0.,0.));
#6349=DIRECTION('',(0.,0.,1.));
#6350=DIRECTION('',(1.,0.,0.));
#6351=DIRECTION('',(0.,1.,0.));
#6352=DIRECTION('',(0.,-1.,0.));
#6353=DIRECTION('',(-1.,0.,0.));
#6354=DIRECTION('',(0.,1.,0.));
#6355=DIRECTION('',(1.,0.,0.));
#6356=DIRECTION('',(0.176299100283093,-0.984336643247305,0.));
#6357=DIRECTION('',(1.,0.,0.));
#6358=DIRECTION('',(0.,0.,-1.));
#6359=DIRECTION('',(-1.,0.,0.));
#6360=DIRECTION('',(0.,0.,-1.));
#6361=DIRECTION('',(-1.,0.,0.));
#6362=DIRECTION('',(0.,-1.,0.));
#6363=DIRECTION('',(-1.,0.,0.));
#6364=DIRECTION('',(-0.357433315245117,0.93393866241466,0.));
#6365=DIRECTION('',(-1.,0.,0.));
#6366=DIRECTION('',(0.,0.,-1.));
#6367=DIRECTION('',(-1.,0.,0.));
#6368=DIRECTION('',(0.,-1.,0.));
#6369=DIRECTION('',(-1.,0.,0.));
#6370=DIRECTION('',(0.,1.,0.));
#6371=DIRECTION('',(1.,0.,0.));
#6372=DIRECTION('',(0.358414677639012,-0.933562487920827,0.));
#6373=DIRECTION('',(1.,0.,0.));
#6374=DIRECTION('',(0.361001044035785,0.932565411220614,0.));
#6375=DIRECTION('',(1.,0.,0.));
#6376=DIRECTION('',(0.,-1.,0.));
#6377=DIRECTION('',(-1.,0.,0.));
#6378=DIRECTION('',(0.,1.,0.));
#6379=DIRECTION('',(0.,0.,-1.));
#6380=DIRECTION('',(-1.,0.,0.));
#6381=DIRECTION('',(-1.,0.,0.));
#6382=DIRECTION('',(-0.360508745614235,-0.932755833182324,0.));
#6383=DIRECTION('',(-1.,0.,0.));
#6384=DIRECTION('',(0.,-1.,0.));
#6385=DIRECTION('',(-1.,0.,0.));
#6386=DIRECTION('',(0.,0.,-1.));
#6387=DIRECTION('',(-1.,0.,0.));
#6388=DIRECTION('',(0.,-1.,0.));
#6389=DIRECTION('',(0.,0.,-1.));
#6390=DIRECTION('',(-1.,0.,0.));
#6391=DIRECTION('',(0.,-1.,0.));
#6392=DIRECTION('',(-1.,-3.10047359843034E-16,0.));
#6393=DIRECTION('',(0.,1.,0.));
#6394=DIRECTION('',(0.573606519308755,0.819130979151988,0.));
#6395=DIRECTION('',(-1.,0.,0.));
#6396=DIRECTION('',(0.,1.,0.));
#6397=DIRECTION('',(1.,0.,0.));
#6398=DIRECTION('',(0.,-1.,0.));
#6399=DIRECTION('',(-0.575702191023332,-0.817659456773377,0.));
#6400=DIRECTION('',(1.,0.,0.));
#6401=DIRECTION('',(-1.,0.,0.));
#6402=DIRECTION('',(0.,1.,0.));
#6403=DIRECTION('',(0.,-1.,0.));
#6404=DIRECTION('',(-1.,0.,0.));
#6405=DIRECTION('',(0.,1.,0.));
#6406=DIRECTION('',(1.,0.,0.));
#6407=DIRECTION('',(0.176299100283102,-0.984336643247303,0.));
#6408=DIRECTION('',(1.,0.,0.));
#6409=DIRECTION('',(0.,0.,-1.));
#6410=DIRECTION('',(-1.,0.,0.));
#6411=DIRECTION('',(0.,0.,-1.));
#6412=DIRECTION('',(-1.,0.,0.));
#6413=DIRECTION('',(0.,-1.,0.));
#6414=DIRECTION('',(0.,1.,0.));
#6415=DIRECTION('',(0.,0.,-1.));
#6416=DIRECTION('',(-1.,0.,0.));
#6417=DIRECTION('',(0.,0.,-1.));
#6418=DIRECTION('',(-1.,0.,0.));
#6419=DIRECTION('',(-0.338142350146584,-0.941094974504351,0.));
#6420=DIRECTION('',(-1.,0.,0.));
#6421=DIRECTION('',(0.,1.,0.));
#6422=DIRECTION('',(0.,-1.,0.));
#6423=DIRECTION('',(-1.,0.,0.));
#6424=DIRECTION('',(0.,1.,0.));
#6425=DIRECTION('',(1.,0.,0.));
#6426=DIRECTION('',(0.176299100283102,-0.984336643247303,0.));
#6427=DIRECTION('',(1.,0.,0.));
#6428=DIRECTION('',(0.,0.,-1.));
#6429=DIRECTION('',(-1.,0.,0.));
#6430=DIRECTION('',(0.,0.,-1.));
#6431=DIRECTION('',(-1.,0.,0.));
#6432=DIRECTION('',(0.,-1.,0.));
#6433=DIRECTION('',(-1.,0.,0.));
#6434=DIRECTION('',(-0.298356146119815,0.954454613940617,0.));
#6435=DIRECTION('',(-1.,0.,0.));
#6436=DIRECTION('',(-0.307377537424253,-0.951587646770912,0.));
#6437=DIRECTION('',(-1.,0.,0.));
#6438=DIRECTION('',(-0.26309357084705,0.96477032136097,0.));
#6439=DIRECTION('',(1.,0.,0.));
#6440=DIRECTION('',(0.248553049464009,-0.968618284775867,0.));
#6441=DIRECTION('',(1.,0.,0.));
#6442=DIRECTION('',(0.,0.,-1.));
#6443=DIRECTION('',(-1.,0.,0.));
#6444=DIRECTION('',(0.,0.,-1.));
#6445=DIRECTION('',(-1.,0.,0.));
#6446=DIRECTION('',(0.304283423085269,0.952581544244644,0.));
#6447=DIRECTION('',(1.,0.,0.));
#6448=DIRECTION('',(0.297666649048958,-0.954669872806283,0.));
#6449=DIRECTION('',(1.,0.,0.));
#6450=DIRECTION('',(0.,0.,-1.));
#6451=DIRECTION('',(-1.,0.,0.));
#6452=DIRECTION('',(1.,0.,0.));
#6453=DIRECTION('',(-0.266235606691477,-0.963907984057411,0.));
#6454=DIRECTION('',(-1.,0.,0.));
#6455=DIRECTION('',(-3.18124335048944E-16,1.,0.));
#6456=DIRECTION('',(1.,0.,0.));
#6457=DIRECTION('',(0.,0.,-1.));
#6458=DIRECTION('',(-1.,0.,0.));
#6459=DIRECTION('',(0.,-1.,0.));
#6460=DIRECTION('',(-1.,0.,0.));
#6461=DIRECTION('',(0.,0.,-1.));
#6462=DIRECTION('',(-1.,0.,0.));
#6463=DIRECTION('',(0.,-1.,0.));
#6464=DIRECTION('',(0.,0.,-1.));
#6465=DIRECTION('',(-1.,0.,0.));
#6466=DIRECTION('',(1.,3.808342207143E-16,0.));
#6467=DIRECTION('',(-3.808342207143E-16,1.,0.));
#6468=DIRECTION('',(3.808342207143E-16,-1.,0.));
#6469=DIRECTION('',(0.,0.,-1.));
#6470=DIRECTION('',(0.,0.,-1.));
#6471=DIRECTION('',(1.32801797203962E-16,-1.,0.));
#6472=DIRECTION('',(1.,1.32801797203962E-16,0.));
#6473=DIRECTION('',(-1.,-1.32801797203962E-16,0.));
#6474=DIRECTION('',(0.,0.,-1.));
#6475=DIRECTION('',(1.,2.85625665535726E-16,0.));
#6476=DIRECTION('',(-2.85625665535726E-16,1.,0.));
#6477=DIRECTION('',(2.85625665535726E-16,-1.,0.));
#6478=DIRECTION('',(0.,0.,-1.));
#6479=DIRECTION('',(1.,0.,0.));
#6480=DIRECTION('',(0.,0.,-1.));
#6481=DIRECTION('',(0.,-1.,0.));
#6482=DIRECTION('',(0.,0.,-1.));
#6483=DIRECTION('',(0.,0.,-1.));
#6484=DIRECTION('',(-1.23442475235139E-16,1.,0.));
#6485=DIRECTION('',(-1.,-1.23442475235139E-16,0.));
#6486=DIRECTION('',(1.,1.23442475235139E-16,0.));
#6487=DIRECTION('',(0.,0.,-1.));
#6488=DIRECTION('',(1.,0.,0.));
#6489=DIRECTION('',(0.,0.,-1.));
#6490=DIRECTION('',(0.,-1.,0.));
#6491=DIRECTION('',(0.,0.,-1.));
#6492=DIRECTION('',(-8.58730262505313E-17,1.,0.));
#6493=DIRECTION('',(-1.,-8.58730262505313E-17,0.));
#6494=DIRECTION('',(1.,8.58730262505313E-17,0.));
#6495=DIRECTION('',(0.,0.,-1.));
#6496=DIRECTION('',(-1.,0.,0.));
#6497=DIRECTION('',(0.,0.,1.));
#6498=DIRECTION('',(1.,0.,0.));
#6499=DIRECTION('',(0.,0.,-1.));
#6500=DIRECTION('',(-1.,0.,0.));
#6501=DIRECTION('',(0.,0.,1.));
#6502=DIRECTION('',(1.,0.,0.));
#6503=DIRECTION('',(0.,0.,-1.));
#6504=DIRECTION('',(-1.,0.,0.));
#6505=DIRECTION('',(0.,0.,1.));
#6506=DIRECTION('',(1.,0.,0.));
#6507=DIRECTION('',(0.,0.,-1.));
#6508=DIRECTION('',(-1.,0.,0.));
#6509=DIRECTION('',(0.,0.,1.));
#6510=DIRECTION('',(1.,0.,0.));
#6511=DIRECTION('',(1.32801797203962E-16,-1.,0.));
#6512=DIRECTION('',(1.,1.32801797203962E-16,0.));
#6513=DIRECTION('',(-1.,-1.32801797203962E-16,0.));
#6514=DIRECTION('',(0.,0.,1.));
#6515=DIRECTION('',(1.,0.,0.));
#6516=DIRECTION('',(-1.,0.,0.));
#6517=DIRECTION('',(0.,0.,1.));
#6518=DIRECTION('',(0.,0.,-1.));
#6519=DIRECTION('',(0.,1.,0.));
#6520=DIRECTION('',(0.,0.,-1.));
#6521=DIRECTION('',(0.,-1.,0.));
#6522=DIRECTION('',(0.,0.,-1.));
#6523=DIRECTION('',(0.,0.,-1.));
#6524=DIRECTION('',(-1.,0.,0.));
#6525=DIRECTION('',(1.,0.,0.));
#6526=DIRECTION('',(0.,0.,-1.));
#6527=DIRECTION('',(0.,0.,-1.));
#6528=DIRECTION('',(0.,-1.,0.));
#6529=DIRECTION('',(0.,0.,-1.));
#6530=DIRECTION('',(0.,0.,-1.));
#6531=DIRECTION('',(0.,0.,-1.));
#6532=DIRECTION('',(-0.216632098567905,0.976253314396456,0.));
#6533=DIRECTION('',(0.,0.,-1.));
#6534=DIRECTION('',(0.,0.,-1.));
#6535=DIRECTION('',(-1.,0.,0.));
#6536=DIRECTION('',(0.,0.,-1.));
#6537=DIRECTION('',(-0.661841092660881,0.749644160962687,0.));
#6538=DIRECTION('',(0.,0.,-1.));
#6539=DIRECTION('',(0.,0.,-1.));
#6540=DIRECTION('',(-1.,0.,0.));
#6541=DIRECTION('',(0.,1.,0.));
#6542=DIRECTION('',(0.,0.,1.));
#6543=DIRECTION('',(0.,0.,-1.));
#6544=DIRECTION('',(1.,0.,0.));
#6545=DIRECTION('',(0.984336643247305,0.176299100283093,0.));
#6546=DIRECTION('',(-0.176299100283093,0.984336643247305,0.));
#6547=DIRECTION('',(0.,0.,-1.));
#6548=DIRECTION('',(0.176299100283093,-0.984336643247305,0.));
#6549=DIRECTION('',(0.,1.,0.));
#6550=DIRECTION('',(0.,0.,1.));
#6551=DIRECTION('',(0.,0.,-1.));
#6552=DIRECTION('',(1.,0.,0.));
#6553=DIRECTION('',(-1.,0.,0.));
#6554=DIRECTION('',(0.,0.,1.));
#6555=DIRECTION('',(0.,0.,-1.));
#6556=DIRECTION('',(0.,1.,0.));
#6557=DIRECTION('',(0.,-1.,0.));
#6558=DIRECTION('',(0.,0.,-1.));
#6559=DIRECTION('',(0.,0.,-1.));
#6560=DIRECTION('',(-1.,0.,0.));
#6561=DIRECTION('',(1.,0.,0.));
#6562=DIRECTION('',(0.,0.,-1.));
#6563=DIRECTION('',(0.,0.,-1.));
#6564=DIRECTION('',(0.,-1.,0.));
#6565=DIRECTION('',(0.,0.,-1.));
#6566=DIRECTION('',(0.,0.,-1.));
#6567=DIRECTION('',(0.,0.,-1.));
#6568=DIRECTION('',(0.,0.,1.));
#6569=DIRECTION('',(1.,0.,0.));
#6570=DIRECTION('',(-0.93393866241466,-0.357433315245117,0.));
#6571=DIRECTION('',(0.357433315245117,-0.93393866241466,0.));
#6572=DIRECTION('',(0.,0.,-1.));
#6573=DIRECTION('',(-0.357433315245117,0.93393866241466,0.));
#6574=DIRECTION('',(0.,0.,-1.));
#6575=DIRECTION('',(0.,-1.,0.));
#6576=DIRECTION('',(0.,0.,-1.));
#6577=DIRECTION('',(0.,0.,-1.));
#6578=DIRECTION('',(-1.,0.,0.));
#6579=DIRECTION('',(0.932755833182324,-0.360508745614235,0.));
#6580=DIRECTION('',(0.360508745614235,0.932755833182324,0.));
#6581=DIRECTION('',(0.,0.,-1.));
#6582=DIRECTION('',(-0.360508745614235,-0.932755833182324,0.));
#6583=DIRECTION('',(0.,-1.,0.));
#6584=DIRECTION('',(0.,0.,-1.));
#6585=DIRECTION('',(0.,0.,-1.));
#6586=DIRECTION('',(-1.,0.,0.));
#6587=DIRECTION('',(0.,0.,-1.));
#6588=DIRECTION('',(-0.999239931362855,0.0389815285738855,0.));
#6589=DIRECTION('',(0.,0.,-1.));
#6590=DIRECTION('',(0.,0.,-1.));
#6591=DIRECTION('',(-1.,0.,0.));
#6592=DIRECTION('',(-1.,0.,0.));
#6593=DIRECTION('',(0.,0.,1.));
#6594=DIRECTION('',(0.,0.,-1.));
#6595=DIRECTION('',(0.,1.,0.));
#6596=DIRECTION('',(0.,-1.,0.));
#6597=DIRECTION('',(0.,0.,-1.));
#6598=DIRECTION('',(0.,0.,-1.));
#6599=DIRECTION('',(-1.,0.,0.));
#6600=DIRECTION('',(1.,0.,0.));
#6601=DIRECTION('',(0.,0.,-1.));
#6602=DIRECTION('',(0.,0.,-1.));
#6603=DIRECTION('',(0.,-1.,0.));
#6604=DIRECTION('',(0.,1.,0.));
#6605=DIRECTION('',(0.,0.,1.));
#6606=DIRECTION('',(0.,0.,-1.));
#6607=DIRECTION('',(1.,0.,0.));
#6608=DIRECTION('',(-0.932565411220614,0.361001044035785,0.));
#6609=DIRECTION('',(-0.361001044035785,-0.932565411220614,0.));
#6610=DIRECTION('',(0.,0.,-1.));
#6611=DIRECTION('',(0.361001044035785,0.932565411220614,0.));
#6612=DIRECTION('',(0.,1.,0.));
#6613=DIRECTION('',(0.,0.,1.));
#6614=DIRECTION('',(0.,0.,-1.));
#6615=DIRECTION('',(1.,0.,0.));
#6616=DIRECTION('',(0.933562487920827,0.358414677639012,0.));
#6617=DIRECTION('',(-0.358414677639012,0.933562487920827,0.));
#6618=DIRECTION('',(0.,0.,-1.));
#6619=DIRECTION('',(0.358414677639012,-0.933562487920827,0.));
#6620=DIRECTION('',(0.,1.,0.));
#6621=DIRECTION('',(0.,0.,1.));
#6622=DIRECTION('',(0.,0.,-1.));
#6623=DIRECTION('',(1.,0.,0.));
#6624=DIRECTION('',(-1.,0.,0.));
#6625=DIRECTION('',(0.,0.,1.));
#6626=DIRECTION('',(0.,0.,-1.));
#6627=DIRECTION('',(0.,1.,0.));
#6628=DIRECTION('',(0.,-1.,0.));
#6629=DIRECTION('',(0.,0.,-1.));
#6630=DIRECTION('',(0.,0.,-1.));
#6631=DIRECTION('',(-1.,0.,0.));
#6632=DIRECTION('',(1.,0.,0.));
#6633=DIRECTION('',(0.,0.,-1.));
#6634=DIRECTION('',(0.,0.,-1.));
#6635=DIRECTION('',(0.,-1.,0.));
#6636=DIRECTION('',(0.,0.,-1.));
#6637=DIRECTION('',(0.999170132367398,0.0407313955679925,0.));
#6638=DIRECTION('',(0.,0.,-1.));
#6639=DIRECTION('',(0.,0.,-1.));
#6640=DIRECTION('',(-1.,0.,0.));
#6641=DIRECTION('',(0.,-1.,0.));
#6642=DIRECTION('',(0.,0.,-1.));
#6643=DIRECTION('',(-1.,0.,0.));
#6644=DIRECTION('',(0.,0.,1.));
#6645=DIRECTION('',(1.,0.,0.));
#6646=DIRECTION('',(0.,0.,-1.));
#6647=DIRECTION('',(0.,0.,-1.));
#6648=DIRECTION('',(0.,0.,-1.));
#6649=DIRECTION('',(0.,0.,-1.));
#6650=DIRECTION('',(0.,1.,0.));
#6651=DIRECTION('',(0.,0.,1.));
#6652=DIRECTION('',(1.,0.,0.));
#6653=DIRECTION('',(0.,0.,-1.));
#6654=DIRECTION('',(1.,0.,0.));
#6655=DIRECTION('',(0.,0.,-1.));
#6656=DIRECTION('',(0.,0.,-1.));
#6657=DIRECTION('',(0.,0.,-1.));
#6658=DIRECTION('',(0.,0.,-1.));
#6659=DIRECTION('',(0.308001104403883,-0.951385999311525,0.));
#6660=DIRECTION('',(0.,0.,-1.));
#6661=DIRECTION('',(0.,0.,-1.));
#6662=DIRECTION('',(-1.,0.,0.));
#6663=DIRECTION('',(1.,0.,0.));
#6664=DIRECTION('',(0.,0.,-1.));
#6665=DIRECTION('',(0.,0.,-1.));
#6666=DIRECTION('',(0.,-1.,0.));
#6667=DIRECTION('',(0.,0.,-1.));
#6668=DIRECTION('',(0.204721178766046,-0.978820330277544,0.));
#6669=DIRECTION('',(0.,0.,-1.));
#6670=DIRECTION('',(0.,0.,-1.));
#6671=DIRECTION('',(-1.,0.,0.));
#6672=DIRECTION('',(0.,0.,-1.));
#6673=DIRECTION('',(0.,0.,-1.));
#6674=DIRECTION('',(0.,-1.,0.));
#6675=DIRECTION('',(0.,0.,-1.));
#6676=DIRECTION('',(0.,0.,-1.));
#6677=DIRECTION('',(-1.,0.,0.));
#6678=DIRECTION('',(1.,0.,0.));
#6679=DIRECTION('',(0.,0.,-1.));
#6680=DIRECTION('',(0.,0.,-1.));
#6681=DIRECTION('',(0.,-1.,0.));
#6682=DIRECTION('',(0.,0.,-1.));
#6683=DIRECTION('',(0.,0.,-1.));
#6684=DIRECTION('',(0.,0.,-1.));
#6685=DIRECTION('',(0.,0.,-1.));
#6686=DIRECTION('',(0.,0.,1.));
#6687=DIRECTION('',(1.,0.,0.));
#6688=DIRECTION('',(3.10047359843034E-16,-1.,0.));
#6689=DIRECTION('',(1.,3.10047359843034E-16,0.));
#6690=DIRECTION('',(0.,0.,-1.));
#6691=DIRECTION('',(-1.,-3.10047359843034E-16,0.));
#6692=DIRECTION('',(0.,0.,-1.));
#6693=DIRECTION('',(1.,0.,0.));
#6694=DIRECTION('',(0.,0.,-1.));
#6695=DIRECTION('',(0.,0.,-1.));
#6696=DIRECTION('',(0.,-1.,0.));
#6697=DIRECTION('',(0.,1.,0.));
#6698=DIRECTION('',(0.,0.,1.));
#6699=DIRECTION('',(0.,0.,-1.));
#6700=DIRECTION('',(1.,0.,0.));
#6701=DIRECTION('',(0.817659456773377,-0.575702191023332,0.));
#6702=DIRECTION('',(0.575702191023332,0.817659456773377,0.));
#6703=DIRECTION('',(0.,0.,-1.));
#6704=DIRECTION('',(-0.575702191023332,-0.817659456773377,0.));
#6705=DIRECTION('',(1.,0.,0.));
#6706=DIRECTION('',(0.,0.,-1.));
#6707=DIRECTION('',(0.,0.,-1.));
#6708=DIRECTION('',(0.,-1.,0.));
#6709=DIRECTION('',(0.,1.,0.));
#6710=DIRECTION('',(0.,0.,1.));
#6711=DIRECTION('',(0.,0.,-1.));
#6712=DIRECTION('',(1.,0.,0.));
#6713=DIRECTION('',(-1.,0.,0.));
#6714=DIRECTION('',(0.,0.,1.));
#6715=DIRECTION('',(0.,0.,-1.));
#6716=DIRECTION('',(0.,1.,0.));
#6717=DIRECTION('',(0.,-1.,0.));
#6718=DIRECTION('',(0.,0.,-1.));
#6719=DIRECTION('',(0.,0.,-1.));
#6720=DIRECTION('',(-1.,0.,0.));
#6721=DIRECTION('',(-0.819130979151988,0.573606519308755,0.));
#6722=DIRECTION('',(-0.573606519308755,-0.819130979151988,0.));
#6723=DIRECTION('',(0.,0.,-1.));
#6724=DIRECTION('',(0.573606519308755,0.819130979151988,0.));
#6725=DIRECTION('',(-1.,0.,0.));
#6726=DIRECTION('',(0.,0.,1.));
#6727=DIRECTION('',(0.,1.,0.));
#6728=DIRECTION('',(0.,0.,1.));
#6729=DIRECTION('',(1.,0.,0.));
#6730=DIRECTION('',(0.,0.,-1.));
#6731=DIRECTION('',(0.,0.,-1.));
#6732=DIRECTION('',(0.,0.,-1.));
#6733=DIRECTION('',(0.,0.,-1.));
#6734=DIRECTION('',(0.,0.,-1.));
#6735=DIRECTION('',(0.,0.,-1.));
#6736=DIRECTION('',(0.,0.,-1.));
#6737=DIRECTION('',(0.,0.,-1.));
#6738=DIRECTION('',(0.,0.,-1.));
#6739=DIRECTION('',(0.,0.,-1.));
#6740=DIRECTION('',(0.,0.,-1.));
#6741=DIRECTION('',(0.,0.,-1.));
#6742=DIRECTION('',(0.,0.,-1.));
#6743=DIRECTION('',(0.,0.,-1.));
#6744=DIRECTION('',(0.,0.,-1.));
#6745=DIRECTION('',(0.,0.,-1.));
#6746=DIRECTION('',(0.,0.,-1.));
#6747=DIRECTION('',(0.,0.,1.));
#6748=DIRECTION('',(1.,0.,0.));
#6749=DIRECTION('',(0.,0.,-1.));
#6750=DIRECTION('',(0.,0.,-1.));
#6751=DIRECTION('',(0.,0.,-1.));
#6752=DIRECTION('',(0.,0.,-1.));
#6753=DIRECTION('',(0.,0.,-1.));
#6754=DIRECTION('',(0.,0.,-1.));
#6755=DIRECTION('',(0.,0.,-1.));
#6756=DIRECTION('',(0.,0.,-1.));
#6757=DIRECTION('',(0.,0.,-1.));
#6758=DIRECTION('',(0.,0.,-1.));
#6759=DIRECTION('',(0.,0.,-1.));
#6760=DIRECTION('',(0.,0.,-1.));
#6761=DIRECTION('',(0.,0.,-1.));
#6762=DIRECTION('',(0.,0.,-1.));
#6763=DIRECTION('',(0.,0.,-1.));
#6764=DIRECTION('',(0.,0.,-1.));
#6765=DIRECTION('',(0.,0.,-1.));
#6766=DIRECTION('',(0.,0.,1.));
#6767=DIRECTION('',(1.,0.,0.));
#6768=DIRECTION('',(-1.,0.,0.));
#6769=DIRECTION('',(0.,0.,1.));
#6770=DIRECTION('',(0.,0.,-1.));
#6771=DIRECTION('',(0.,1.,0.));
#6772=DIRECTION('',(0.,0.,-1.));
#6773=DIRECTION('',(0.,-1.,0.));
#6774=DIRECTION('',(0.,0.,-1.));
#6775=DIRECTION('',(0.,0.,-1.));
#6776=DIRECTION('',(-1.,0.,0.));
#6777=DIRECTION('',(1.,0.,0.));
#6778=DIRECTION('',(0.,0.,-1.));
#6779=DIRECTION('',(0.,0.,-1.));
#6780=DIRECTION('',(0.,-1.,0.));
#6781=DIRECTION('',(0.,0.,-1.));
#6782=DIRECTION('',(0.,0.,-1.));
#6783=DIRECTION('',(0.,0.,-1.));
#6784=DIRECTION('',(-0.216632098567896,0.976253314396458,0.));
#6785=DIRECTION('',(0.,0.,-1.));
#6786=DIRECTION('',(0.,0.,-1.));
#6787=DIRECTION('',(-1.,0.,0.));
#6788=DIRECTION('',(0.,0.,-1.));
#6789=DIRECTION('',(-0.66184109266089,0.749644160962679,0.));
#6790=DIRECTION('',(0.,0.,-1.));
#6791=DIRECTION('',(0.,0.,-1.));
#6792=DIRECTION('',(-1.,0.,0.));
#6793=DIRECTION('',(0.,1.,0.));
#6794=DIRECTION('',(0.,0.,1.));
#6795=DIRECTION('',(0.,0.,-1.));
#6796=DIRECTION('',(1.,0.,0.));
#6797=DIRECTION('',(0.984336643247303,0.176299100283102,0.));
#6798=DIRECTION('',(-0.176299100283102,0.984336643247303,0.));
#6799=DIRECTION('',(0.,0.,-1.));
#6800=DIRECTION('',(0.176299100283102,-0.984336643247303,0.));
#6801=DIRECTION('',(0.,1.,0.));
#6802=DIRECTION('',(0.,0.,1.));
#6803=DIRECTION('',(0.,0.,-1.));
#6804=DIRECTION('',(1.,0.,0.));
#6805=DIRECTION('',(-1.,0.,0.));
#6806=DIRECTION('',(0.,0.,1.));
#6807=DIRECTION('',(0.,0.,-1.));
#6808=DIRECTION('',(0.,1.,0.));
#6809=DIRECTION('',(0.,-1.,0.));
#6810=DIRECTION('',(0.,0.,-1.));
#6811=DIRECTION('',(0.,0.,-1.));
#6812=DIRECTION('',(-1.,0.,0.));
#6813=DIRECTION('',(1.,0.,0.));
#6814=DIRECTION('',(0.,0.,-1.));
#6815=DIRECTION('',(0.,0.,-1.));
#6816=DIRECTION('',(0.,-1.,0.));
#6817=DIRECTION('',(0.,0.,-1.));
#6818=DIRECTION('',(0.,0.,-1.));
#6819=DIRECTION('',(0.,0.,-1.));
#6820=DIRECTION('',(0.,0.,1.));
#6821=DIRECTION('',(1.,0.,0.));
#6822=DIRECTION('',(0.,0.,-1.));
#6823=DIRECTION('',(0.,0.,-1.));
#6824=DIRECTION('',(0.,0.,-1.));
#6825=DIRECTION('',(0.,0.,-1.));
#6826=DIRECTION('',(0.,0.,-1.));
#6827=DIRECTION('',(0.,0.,-1.));
#6828=DIRECTION('',(0.,0.,-1.));
#6829=DIRECTION('',(0.,0.,-1.));
#6830=DIRECTION('',(0.,0.,-1.));
#6831=DIRECTION('',(0.,0.,-1.));
#6832=DIRECTION('',(0.941094974504351,-0.338142350146583,0.));
#6833=DIRECTION('',(0.338142350146583,0.941094974504351,0.));
#6834=DIRECTION('',(0.,0.,-1.));
#6835=DIRECTION('',(-0.338142350146584,-0.941094974504351,0.));
#6836=DIRECTION('',(0.,0.,-1.));
#6837=DIRECTION('',(0.,0.,-1.));
#6838=DIRECTION('',(0.,0.,-1.));
#6839=DIRECTION('',(0.,0.,-1.));
#6840=DIRECTION('',(0.,0.,-1.));
#6841=DIRECTION('',(0.,0.,-1.));
#6842=DIRECTION('',(0.,0.,-1.));
#6843=DIRECTION('',(0.,0.,-1.));
#6844=DIRECTION('',(0.,0.,-1.));
#6845=DIRECTION('',(0.,0.,-1.));
#6846=DIRECTION('',(0.,0.,-1.));
#6847=DIRECTION('',(-0.103930416659102,-0.994584570809876,0.));
#6848=DIRECTION('',(0.,0.,-1.));
#6849=DIRECTION('',(0.,0.,-1.));
#6850=DIRECTION('',(-1.,0.,0.));
#6851=DIRECTION('',(0.,0.,-1.));
#6852=DIRECTION('',(-0.293310951628146,-0.956017094854999,0.));
#6853=DIRECTION('',(0.,0.,-1.));
#6854=DIRECTION('',(0.,0.,-1.));
#6855=DIRECTION('',(-1.,0.,0.));
#6856=DIRECTION('',(-1.,0.,0.));
#6857=DIRECTION('',(0.,0.,1.));
#6858=DIRECTION('',(0.,0.,-1.));
#6859=DIRECTION('',(0.,1.,0.));
#6860=DIRECTION('',(0.,0.,-1.));
#6861=DIRECTION('',(0.,0.,1.));
#6862=DIRECTION('',(1.,0.,0.));
#6863=DIRECTION('',(-1.,0.,0.));
#6864=DIRECTION('',(0.,0.,1.));
#6865=DIRECTION('',(0.,0.,-1.));
#6866=DIRECTION('',(0.,1.,0.));
#6867=DIRECTION('',(0.,0.,-1.));
#6868=DIRECTION('',(0.,-1.,0.));
#6869=DIRECTION('',(0.,0.,-1.));
#6870=DIRECTION('',(0.,0.,-1.));
#6871=DIRECTION('',(-1.,0.,0.));
#6872=DIRECTION('',(1.,0.,0.));
#6873=DIRECTION('',(0.,0.,-1.));
#6874=DIRECTION('',(0.,0.,-1.));
#6875=DIRECTION('',(0.,-1.,0.));
#6876=DIRECTION('',(0.,0.,-1.));
#6877=DIRECTION('',(0.,0.,-1.));
#6878=DIRECTION('',(0.,0.,-1.));
#6879=DIRECTION('',(-0.216632098567893,0.976253314396459,0.));
#6880=DIRECTION('',(0.,0.,-1.));
#6881=DIRECTION('',(0.,0.,-1.));
#6882=DIRECTION('',(-1.,0.,0.));
#6883=DIRECTION('',(0.,0.,-1.));
#6884=DIRECTION('',(-0.661841092660882,0.749644160962686,0.));
#6885=DIRECTION('',(0.,0.,-1.));
#6886=DIRECTION('',(0.,0.,-1.));
#6887=DIRECTION('',(-1.,0.,0.));
#6888=DIRECTION('',(0.,1.,0.));
#6889=DIRECTION('',(0.,0.,1.));
#6890=DIRECTION('',(0.,0.,-1.));
#6891=DIRECTION('',(1.,0.,0.));
#6892=DIRECTION('',(0.984336643247303,0.176299100283102,0.));
#6893=DIRECTION('',(-0.176299100283102,0.984336643247303,0.));
#6894=DIRECTION('',(0.,0.,-1.));
#6895=DIRECTION('',(0.176299100283102,-0.984336643247303,0.));
#6896=DIRECTION('',(0.,1.,0.));
#6897=DIRECTION('',(0.,0.,1.));
#6898=DIRECTION('',(0.,0.,-1.));
#6899=DIRECTION('',(1.,0.,0.));
#6900=DIRECTION('',(-1.,0.,0.));
#6901=DIRECTION('',(0.,0.,1.));
#6902=DIRECTION('',(0.,0.,-1.));
#6903=DIRECTION('',(0.,1.,0.));
#6904=DIRECTION('',(0.,-1.,0.));
#6905=DIRECTION('',(0.,0.,-1.));
#6906=DIRECTION('',(0.,0.,-1.));
#6907=DIRECTION('',(-1.,0.,0.));
#6908=DIRECTION('',(1.,0.,0.));
#6909=DIRECTION('',(0.,0.,-1.));
#6910=DIRECTION('',(0.,0.,-1.));
#6911=DIRECTION('',(0.,-1.,0.));
#6912=DIRECTION('',(0.,0.,-1.));
#6913=DIRECTION('',(0.,0.,-1.));
#6914=DIRECTION('',(0.,0.,-1.));
#6915=DIRECTION('',(0.,0.,1.));
#6916=DIRECTION('',(1.,0.,0.));
#6917=DIRECTION('',(-0.954454613940617,-0.298356146119814,0.));
#6918=DIRECTION('',(0.298356146119815,-0.954454613940617,0.));
#6919=DIRECTION('',(0.,0.,-1.));
#6920=DIRECTION('',(-0.298356146119815,0.954454613940617,0.));
#6921=DIRECTION('',(0.,0.,-1.));
#6922=DIRECTION('',(0.,-1.,0.));
#6923=DIRECTION('',(0.,0.,-1.));
#6924=DIRECTION('',(0.,0.,-1.));
#6925=DIRECTION('',(-1.,0.,0.));
#6926=DIRECTION('',(0.96390798405741,-0.266235606691477,0.));
#6927=DIRECTION('',(0.266235606691477,0.963907984057411,0.));
#6928=DIRECTION('',(0.,0.,-1.));
#6929=DIRECTION('',(-0.266235606691477,-0.963907984057411,0.));
#6930=DIRECTION('',(0.,1.,0.));
#6931=DIRECTION('',(0.,0.,1.));
#6932=DIRECTION('',(0.,0.,-1.));
#6933=DIRECTION('',(1.,0.,0.));
#6934=DIRECTION('',(0.,0.,-1.));
#6935=DIRECTION('',(0.,0.,-1.));
#6936=DIRECTION('',(-0.982723647817124,0.185078988599476,0.));
#6937=DIRECTION('',(0.,0.,-1.));
#6938=DIRECTION('',(0.,0.,-1.));
#6939=DIRECTION('',(-1.,0.,0.));
#6940=DIRECTION('',(0.,1.,0.));
#6941=DIRECTION('',(0.,0.,1.));
#6942=DIRECTION('',(0.,0.,-1.));
#6943=DIRECTION('',(1.,0.,0.));
#6944=DIRECTION('',(0.,0.,-1.));
#6945=DIRECTION('',(0.954669872806283,0.297666649048958,0.));
#6946=DIRECTION('',(-0.297666649048958,0.954669872806283,0.));
#6947=DIRECTION('',(0.,0.,-1.));
#6948=DIRECTION('',(0.297666649048958,-0.954669872806283,0.));
#6949=DIRECTION('',(0.,1.,0.));
#6950=DIRECTION('',(0.,0.,1.));
#6951=DIRECTION('',(0.,0.,-1.));
#6952=DIRECTION('',(1.,0.,0.));
#6953=DIRECTION('',(-0.952581544244644,0.304283423085269,0.));
#6954=DIRECTION('',(-0.304283423085269,-0.952581544244644,0.));
#6955=DIRECTION('',(0.,0.,-1.));
#6956=DIRECTION('',(0.304283423085269,0.952581544244644,0.));
#6957=DIRECTION('',(0.,0.,-1.));
#6958=DIRECTION('',(-0.957594306936628,0.288120015484102,0.));
#6959=DIRECTION('',(0.,0.,-1.));
#6960=DIRECTION('',(0.,0.,-1.));
#6961=DIRECTION('',(-1.,0.,0.));
#6962=DIRECTION('',(0.,0.,-1.));
#6963=DIRECTION('',(-0.973088718400711,0.230430783796919,0.));
#6964=DIRECTION('',(0.,0.,-1.));
#6965=DIRECTION('',(0.,0.,-1.));
#6966=DIRECTION('',(-1.,0.,0.));
#6967=DIRECTION('',(0.,1.,0.));
#6968=DIRECTION('',(0.,0.,1.));
#6969=DIRECTION('',(0.,0.,-1.));
#6970=DIRECTION('',(1.,0.,0.));
#6971=DIRECTION('',(0.,0.,-1.));
#6972=DIRECTION('',(0.968618284775867,0.248553049464009,-5.63845181634242E-25));
#6973=DIRECTION('',(0.248553049464009,-0.968618284775867,-7.1174362480817E-16));
#6974=DIRECTION('',(-5.8211288233601E-25,0.,-1.));
#6975=DIRECTION('',(0.248553049464009,-0.968618284775867,-7.1174362480817E-16));
#6976=DIRECTION('',(0.,1.,0.));
#6977=DIRECTION('',(0.,0.,1.));
#6978=DIRECTION('',(0.,0.,-1.));
#6979=DIRECTION('',(1.,0.,0.));
#6980=DIRECTION('',(-0.964770321360969,-0.26309357084705,0.));
#6981=DIRECTION('',(0.26309357084705,-0.96477032136097,0.));
#6982=DIRECTION('',(0.,0.,-1.));
#6983=DIRECTION('',(-0.26309357084705,0.96477032136097,0.));
#6984=DIRECTION('',(0.,-1.,0.));
#6985=DIRECTION('',(0.,0.,-1.));
#6986=DIRECTION('',(0.,0.,-1.));
#6987=DIRECTION('',(-1.,0.,0.));
#6988=DIRECTION('',(0.951587646770912,-0.307377537424253,0.));
#6989=DIRECTION('',(0.307377537424253,0.951587646770912,0.));
#6990=DIRECTION('',(0.,0.,-1.));
#6991=DIRECTION('',(-0.307377537424253,-0.951587646770912,0.));
#6992=DIRECTION('',(0.,0.,-1.));
#6993=DIRECTION('',(0.,-1.,0.));
#6994=DIRECTION('',(0.,0.,-1.));
#6995=DIRECTION('',(0.,0.,-1.));
#6996=DIRECTION('',(-1.,0.,0.));
#6997=DIRECTION('',(0.,0.,1.));
#6998=DIRECTION('',(1.,0.,0.));
#6999=DIRECTION('',(0.,0.,-1.));
#7000=DIRECTION('',(0.,0.,-1.));
#7001=DIRECTION('',(0.,0.,-1.));
#7002=DIRECTION('',(0.,0.,-1.));
#7003=DIRECTION('',(0.,0.,-1.));
#7004=DIRECTION('',(0.,0.,-1.));
#7005=DIRECTION('',(0.,0.,-1.));
#7006=DIRECTION('',(0.,0.,-1.));
#7007=DIRECTION('',(0.,0.,-1.));
#7008=DIRECTION('',(0.,0.,-1.));
#7009=DIRECTION('',(0.,0.,-1.));
#7010=DIRECTION('',(0.,0.,-1.));
#7011=DIRECTION('',(0.,0.,-1.));
#7012=DIRECTION('',(0.,0.,-1.));
#7013=DIRECTION('',(0.,0.,-1.));
#7014=DIRECTION('',(0.,0.,-1.));
#7015=DIRECTION('',(0.,0.,-1.));
#7016=DIRECTION('',(0.,0.,1.));
#7017=DIRECTION('',(1.,0.,0.));
#7018=DIRECTION('',(0.,0.,-1.));
#7019=DIRECTION('',(0.,0.,-1.));
#7020=DIRECTION('',(0.,0.,-1.));
#7021=DIRECTION('',(0.,0.,-1.));
#7022=DIRECTION('',(0.,1.,0.));
#7023=DIRECTION('',(0.,0.,1.));
#7024=DIRECTION('',(1.,0.,0.));
#7025=DIRECTION('',(0.,0.,-1.));
#7026=DIRECTION('',(1.,0.,0.));
#7027=DIRECTION('',(1.,0.,0.));
#7028=DIRECTION('',(0.,0.,-1.));
#7029=DIRECTION('',(0.,-1.,0.));
#7030=DIRECTION('',(0.,0.,-1.));
#7031=DIRECTION('',(0.,-1.,0.));
#7032=DIRECTION('',(0.,-1.,0.));
#7033=DIRECTION('',(0.,0.,-1.));
#7034=DIRECTION('',(-1.,0.,0.));
#7035=DIRECTION('',(0.,0.,-1.));
#7036=DIRECTION('',(-1.,0.,0.));
#7037=DIRECTION('',(0.,0.,-1.));
#7038=DIRECTION('',(0.,0.,-1.));
#7039=DIRECTION('',(0.,0.,-1.));
#7040=DIRECTION('',(0.,0.,-1.));
#7041=DIRECTION('',(0.,1.,0.));
#7042=DIRECTION('',(0.,0.,1.));
#7043=DIRECTION('',(0.,0.,-1.));
#7044=DIRECTION('',(1.,0.,0.));
#7045=DIRECTION('',(-1.,-3.18124335048944E-16,0.));
#7046=DIRECTION('',(3.18124335048944E-16,-1.,0.));
#7047=DIRECTION('',(0.,0.,-1.));
#7048=DIRECTION('',(-3.18124335048944E-16,1.,0.));
#7049=DIRECTION('',(0.,-1.,0.));
#7050=DIRECTION('',(0.,0.,-1.));
#7051=DIRECTION('',(0.,0.,-1.));
#7052=DIRECTION('',(-1.,0.,0.));
#7053=DIRECTION('',(0.,0.,1.));
#7054=DIRECTION('',(1.,0.,0.));
#7055=DIRECTION('',(0.,0.,-1.));
#7056=DIRECTION('',(0.,0.,-1.));
#7057=DIRECTION('',(0.,0.,-1.));
#7058=DIRECTION('',(0.,0.,-1.));
#7059=DIRECTION('',(0.,0.,-1.));
#7060=DIRECTION('',(0.,0.,-1.));
#7061=DIRECTION('',(0.,0.,-1.));
#7062=DIRECTION('',(0.,0.,-1.));
#7063=DIRECTION('',(1.,0.,0.));
#7064=DIRECTION('',(0.,0.,-1.));
#7065=DIRECTION('',(0.,-1.,0.));
#7066=DIRECTION('',(0.,0.,-1.));
#7067=DIRECTION('',(0.,-1.,0.));
#7068=DIRECTION('',(0.,0.,-1.));
#7069=DIRECTION('',(-0.201554764423439,-0.979477246769016,0.));
#7070=DIRECTION('',(0.,0.,-1.));
#7071=DIRECTION('',(0.,0.,-1.));
#7072=DIRECTION('',(-1.,0.,0.));
#7073=DIRECTION('',(0.,0.,-1.));
#7074=DIRECTION('',(0.,0.,-1.));
#7075=DIRECTION('',(0.,0.,-1.));
#7076=DIRECTION('',(0.,0.,-1.));
#7077=DIRECTION('',(0.,0.,-1.));
#7078=DIRECTION('',(0.,0.,-1.));
#7079=DIRECTION('',(0.,0.,-1.));
#7080=DIRECTION('',(0.,1.,0.));
#7081=DIRECTION('',(0.,0.,1.));
#7082=DIRECTION('',(0.,0.,-1.));
#7083=DIRECTION('',(1.,0.,0.));
#7084=DIRECTION('',(0.988420375365386,0.151740441420702,0.));
#7085=DIRECTION('',(-0.151740441420702,0.988420375365386,0.));
#7086=DIRECTION('',(0.,0.,-1.));
#7087=DIRECTION('',(0.151740441420702,-0.988420375365386,0.));
#7088=DIRECTION('',(0.,1.,0.));
#7089=DIRECTION('',(0.,0.,1.));
#7090=DIRECTION('',(0.,0.,-1.));
#7091=DIRECTION('',(1.,0.,0.));
#7092=DIRECTION('',(-1.,0.,0.));
#7093=DIRECTION('',(0.,0.,1.));
#7094=DIRECTION('',(0.,0.,-1.));
#7095=DIRECTION('',(0.,1.,0.));
#7096=DIRECTION('',(0.,-1.,0.));
#7097=DIRECTION('',(0.,0.,-1.));
#7098=DIRECTION('',(0.,0.,-1.));
#7099=DIRECTION('',(-1.,0.,0.));
#7100=DIRECTION('',(1.,0.,0.));
#7101=DIRECTION('',(0.,0.,-1.));
#7102=DIRECTION('',(0.,0.,-1.));
#7103=DIRECTION('',(0.,-1.,0.));
#7104=DIRECTION('',(0.,0.,-1.));
#7105=DIRECTION('',(0.997857743372586,0.0654211280196954,0.));
#7106=DIRECTION('',(0.,0.,-1.));
#7107=DIRECTION('',(0.,0.,-1.));
#7108=DIRECTION('',(-1.,0.,0.));
#7109=DIRECTION('',(0.,-1.,0.));
#7110=DIRECTION('',(0.,0.,-1.));
#7111=DIRECTION('',(0.,0.,-1.));
#7112=DIRECTION('',(-1.,0.,0.));
#7113=DIRECTION('',(0.,0.,-1.));
#7114=DIRECTION('',(-0.632771373895152,-0.774338678085269,0.));
#7115=DIRECTION('',(0.,0.,-1.));
#7116=DIRECTION('',(-1.,0.,0.));
#7117=DIRECTION('',(0.,0.,1.));
#7118=DIRECTION('',(1.,0.,0.));
#7119=DIRECTION('',(1.,0.,0.));
#7120=DIRECTION('',(0.,0.,-1.));
#7121=DIRECTION('',(0.,0.,-1.));
#7122=DIRECTION('',(0.,-1.,0.));
#7123=DIRECTION('',(0.,0.,-1.));
#7124=DIRECTION('',(0.,1.,0.));
#7125=DIRECTION('',(0.,0.,1.));
#7126=DIRECTION('',(0.,0.,-1.));
#7127=DIRECTION('',(1.,0.,0.));
#7128=DIRECTION('',(-1.,0.,0.));
#7129=DIRECTION('',(0.,0.,1.));
#7130=DIRECTION('',(0.,0.,-1.));
#7131=DIRECTION('',(0.,1.,0.));
#7132=DIRECTION('',(0.,0.,-1.));
#7133=DIRECTION('',(0.,0.,-1.));
#7134=DIRECTION('',(0.,0.,-1.));
#7135=DIRECTION('',(0.,0.,-1.));
#7136=DIRECTION('',(1.,0.,0.));
#7137=DIRECTION('',(0.,0.,-1.));
#7138=DIRECTION('',(0.,0.,-1.));
#7139=DIRECTION('',(0.,-1.,0.));
#7140=DIRECTION('',(0.,1.,0.));
#7141=DIRECTION('',(0.,0.,1.));
#7142=DIRECTION('',(0.,0.,-1.));
#7143=DIRECTION('',(1.,0.,0.));
#7144=DIRECTION('',(-1.,0.,0.));
#7145=DIRECTION('',(0.,0.,1.));
#7146=DIRECTION('',(0.,0.,-1.));
#7147=DIRECTION('',(0.,1.,0.));
#7148=DIRECTION('',(0.,0.,-1.));
#7149=DIRECTION('',(0.,0.,-1.));
#7150=DIRECTION('',(0.,0.,-1.));
#7151=DIRECTION('',(0.,0.,1.));
#7152=DIRECTION('',(1.,0.,0.));
#7153=DIRECTION('',(1.,0.,0.));
#7154=DIRECTION('',(0.,0.,-1.));
#7155=DIRECTION('',(0.,0.,-1.));
#7156=DIRECTION('',(0.,-1.,0.));
#7157=DIRECTION('',(0.,0.,-1.));
#7158=DIRECTION('',(0.,1.,0.));
#7159=DIRECTION('',(0.,0.,1.));
#7160=DIRECTION('',(0.,0.,-1.));
#7161=DIRECTION('',(1.,0.,0.));
#7162=DIRECTION('',(-1.,0.,0.));
#7163=DIRECTION('',(0.,0.,1.));
#7164=DIRECTION('',(0.,0.,-1.));
#7165=DIRECTION('',(0.,1.,0.));
#7166=DIRECTION('',(0.,0.,-1.));
#7167=DIRECTION('',(0.,0.,-1.));
#7168=DIRECTION('',(0.,0.,-1.));
#7169=DIRECTION('',(0.209354158016432,-0.977839882864895,0.));
#7170=DIRECTION('',(0.,0.,-1.));
#7171=DIRECTION('',(0.,0.,-1.));
#7172=DIRECTION('',(-1.,0.,0.));
#7173=DIRECTION('',(0.,0.,-1.));
#7174=DIRECTION('',(0.661046543161409,-0.75034489921259,0.));
#7175=DIRECTION('',(0.,0.,-1.));
#7176=DIRECTION('',(0.,0.,-1.));
#7177=DIRECTION('',(-1.,0.,0.));
#7178=DIRECTION('',(0.,-1.,0.));
#7179=DIRECTION('',(0.,0.,-1.));
#7180=DIRECTION('',(0.,0.,-1.));
#7181=DIRECTION('',(-1.,0.,0.));
#7182=DIRECTION('',(-0.986911938069553,-0.161260120599603,0.));
#7183=DIRECTION('',(0.161260120599603,-0.986911938069553,0.));
#7184=DIRECTION('',(0.,0.,-1.));
#7185=DIRECTION('',(-0.161260120599603,0.986911938069553,0.));
#7186=DIRECTION('',(0.,-1.,0.));
#7187=DIRECTION('',(0.,0.,-1.));
#7188=DIRECTION('',(0.,0.,-1.));
#7189=DIRECTION('',(-1.,0.,0.));
#7190=DIRECTION('',(1.,0.,0.));
#7191=DIRECTION('',(0.,0.,-1.));
#7192=DIRECTION('',(0.,0.,-1.));
#7193=DIRECTION('',(0.,-1.,0.));
#7194=DIRECTION('',(0.,1.,0.));
#7195=DIRECTION('',(0.,0.,1.));
#7196=DIRECTION('',(0.,0.,-1.));
#7197=DIRECTION('',(1.,0.,0.));
#7198=DIRECTION('',(-1.,0.,0.));
#7199=DIRECTION('',(0.,0.,1.));
#7200=DIRECTION('',(0.,0.,-1.));
#7201=DIRECTION('',(0.,1.,0.));
#7202=DIRECTION('',(0.,0.,-1.));
#7203=DIRECTION('',(0.,0.,-1.));
#7204=DIRECTION('',(0.,0.,-1.));
#7205=DIRECTION('',(0.,0.,1.));
#7206=DIRECTION('',(1.,0.,0.));
#7207=DIRECTION('',(0.,0.,-1.));
#7208=DIRECTION('',(0.,0.,-1.));
#7209=DIRECTION('',(0.,0.,-1.));
#7210=DIRECTION('',(0.,0.,-1.));
#7211=DIRECTION('',(0.,1.,0.));
#7212=DIRECTION('',(0.,0.,1.));
#7213=DIRECTION('',(1.,0.,0.));
#7214=DIRECTION('',(0.,0.,-1.));
#7215=DIRECTION('',(1.,0.,0.));
#7216=DIRECTION('',(0.,0.,-1.));
#7217=DIRECTION('',(0.,0.,-1.));
#7218=DIRECTION('',(0.,0.,-1.));
#7219=DIRECTION('',(0.0929446933497413,-0.99567127305056,0.));
#7220=DIRECTION('',(0.,0.,-1.));
#7221=DIRECTION('',(0.,0.,-1.));
#7222=DIRECTION('',(-1.,0.,0.));
#7223=DIRECTION('',(0.,0.,-1.));
#7224=DIRECTION('',(0.308001104403861,-0.951385999311532,0.));
#7225=DIRECTION('',(0.,0.,-1.));
#7226=DIRECTION('',(0.,0.,-1.));
#7227=DIRECTION('',(-1.,0.,0.));
#7228=DIRECTION('',(1.,0.,0.));
#7229=DIRECTION('',(0.,0.,-1.));
#7230=DIRECTION('',(0.,0.,-1.));
#7231=DIRECTION('',(0.,-1.,0.));
#7232=DIRECTION('',(0.,0.,-1.));
#7233=DIRECTION('',(0.204721178766051,-0.978820330277543,0.));
#7234=DIRECTION('',(0.,0.,-1.));
#7235=DIRECTION('',(0.,0.,-1.));
#7236=DIRECTION('',(-1.,0.,0.));
#7237=DIRECTION('',(0.,0.,-1.));
#7238=DIRECTION('',(0.,0.,-1.));
#7239=DIRECTION('',(0.,-1.,0.));
#7240=DIRECTION('',(0.,0.,-1.));
#7241=DIRECTION('',(0.,0.,-1.));
#7242=DIRECTION('',(-1.,0.,0.));
#7243=DIRECTION('',(1.,0.,0.));
#7244=DIRECTION('',(0.,0.,-1.));
#7245=DIRECTION('',(0.,0.,-1.));
#7246=DIRECTION('',(0.,-1.,0.));
#7247=DIRECTION('',(0.,0.,-1.));
#7248=DIRECTION('',(0.,0.,-1.));
#7249=DIRECTION('',(0.,0.,-1.));
#7250=DIRECTION('',(0.,0.,-1.));
#7251=DIRECTION('',(0.,0.,1.));
#7252=DIRECTION('',(1.,0.,0.));
#7253=DIRECTION('',(0.,0.,1.));
#7254=DIRECTION('',(1.,0.,0.));
#7255=DIRECTION('',(0.,0.,1.));
#7256=DIRECTION('',(1.,0.,0.));
#7257=DIRECTION('',(0.,0.,1.));
#7258=DIRECTION('',(1.,0.,0.));
#7259=DIRECTION('',(0.,0.,1.));
#7260=DIRECTION('',(1.,0.,0.));
#7261=DIRECTION('',(0.,0.,1.));
#7262=DIRECTION('',(1.,0.,0.));
#7263=DIRECTION('',(0.,0.,1.));
#7264=DIRECTION('',(1.,0.,0.));
#7265=DIRECTION('',(0.,0.,1.));
#7266=DIRECTION('',(1.,0.,0.));
#7267=DIRECTION('',(0.,0.,1.));
#7268=DIRECTION('',(1.,0.,0.));
#7269=CARTESIAN_POINT('',(0.,0.,0.));
#7270=CARTESIAN_POINT('',(0.00198598749339636,-0.00383108708127283,0.036));
#7271=CARTESIAN_POINT('',(-0.0234027883958174,0.0070057465133268,0.036));
#7272=CARTESIAN_POINT('',(-0.0236560265586824,0.0070057465133268,0.036));
#7273=CARTESIAN_POINT('',(-0.0231495502329523,0.0070057465133268,0.036));
#7274=CARTESIAN_POINT('',(-0.0231495502329523,0.00593394613640104,0.036));
#7275=CARTESIAN_POINT('',(-0.0231495502329523,0.00486214575947529,0.036));
#7276=CARTESIAN_POINT('',(-0.0231495502329523,0.00486214575947529,0.036));
#7277=CARTESIAN_POINT('',(-0.0231495502329523,0.00445792941570221,0.036));
#7278=CARTESIAN_POINT('',(-0.0229657716804732,0.00425919775265386,0.036));
#7279=CARTESIAN_POINT('',(-0.0229657716804732,0.00425919775265386,0.036));
#7280=CARTESIAN_POINT('',(-0.0229657716804732,0.00425919775265386,0.036));
#7281=CARTESIAN_POINT('',(-0.022781993127994,0.00406046608960552,0.036));
#7282=CARTESIAN_POINT('',(-0.0223903181027628,0.00406046608960552,0.036));
#7283=CARTESIAN_POINT('',(-0.0223903181027628,0.00406046608960552,0.036));
#7284=CARTESIAN_POINT('',(-0.0223903181027628,0.00406046608960552,0.036));
#7285=CARTESIAN_POINT('',(-0.021871300458491,0.00406046608960552,0.036));
#7286=CARTESIAN_POINT('',(-0.0216320506893842,0.00434361047360887,0.036));
#7287=CARTESIAN_POINT('',(-0.0216320506893842,0.00434361047360887,0.036));
#7288=CARTESIAN_POINT('',(-0.0216320506893842,0.00434361047360887,0.036));
#7289=CARTESIAN_POINT('',(-0.0213928009202775,0.0046267548576122,0.036));
#7290=CARTESIAN_POINT('',(-0.0213928009202775,0.00526925625368111,0.036));
#7291=CARTESIAN_POINT('',(-0.0213928009202775,0.00526925625368111,0.036));
#7292=CARTESIAN_POINT('',(-0.0213928009202775,0.00613750138350395,0.036));
#7293=CARTESIAN_POINT('',(-0.0213928009202775,0.0070057465133268,0.036));
#7294=CARTESIAN_POINT('',(-0.0211424569078452,0.0070057465133268,0.036));
#7295=CARTESIAN_POINT('',(-0.020892112895413,0.0070057465133268,0.036));
#7296=CARTESIAN_POINT('',(-0.020892112895413,0.00535366897463611,0.036));
#7297=CARTESIAN_POINT('',(-0.020892112895413,0.00370159143594542,0.036));
#7298=CARTESIAN_POINT('',(-0.0210985622929486,0.00370159143594542,0.036));
#7299=CARTESIAN_POINT('',(-0.0213050116904843,0.00370159143594542,0.036));
#7300=CARTESIAN_POINT('',(-0.0213411885708935,0.00392299394405024,0.036));
#7301=CARTESIAN_POINT('',(-0.0213773654513029,0.00414439645215506,0.036));
#7302=CARTESIAN_POINT('',(-0.0213908714866557,0.00414439645215506,0.036));
#7303=CARTESIAN_POINT('',(-0.0214041202609776,0.00414439645215506,0.036));
#7304=CARTESIAN_POINT('',(-0.0222454184904676,0.00467549994110436,0.036));
#7305=CARTESIAN_POINT('',(-0.0218307025777773,0.00377039043325918,0.036));
#7306=CARTESIAN_POINT('',(-0.0224240426997831,0.00507891897011514,0.036));
#7307=CARTESIAN_POINT('',(-0.0224539894122831,0.00364081427685781,0.036));
#7308=CARTESIAN_POINT('',(-0.0224539894122831,0.00364081427685781,0.036));
#7309=CARTESIAN_POINT('',(-0.0230569374191046,0.00364081427685781,0.036));
#7310=CARTESIAN_POINT('',(-0.0233564819888935,0.00392733516969935,0.036));
#7311=CARTESIAN_POINT('',(-0.0233564819888935,0.00392733516969935,0.036));
#7312=CARTESIAN_POINT('',(-0.0233564819888935,0.00392733516969935,0.036));
#7313=CARTESIAN_POINT('',(-0.0236560265586824,0.00421385606254089,0.036));
#7314=CARTESIAN_POINT('',(-0.0236560265586824,0.00484381614006792,0.036));
#7315=CARTESIAN_POINT('',(-0.0236560265586824,0.00484381614006792,0.036));
#7316=CARTESIAN_POINT('',(-0.0236560265586824,0.00592478132669736,0.036));
#7317=CARTESIAN_POINT('',(-0.0129586917597618,0.00838454353973754,0.036));
#7318=CARTESIAN_POINT('',(-0.0132360733882776,0.00838454353973754,0.036));
#7319=CARTESIAN_POINT('',(-0.0126813101312459,0.00838454353973754,0.036));
#7320=CARTESIAN_POINT('',(-0.0126813101312459,0.00684040023673787,0.036));
#7321=CARTESIAN_POINT('',(-0.0126813101312459,0.00529625693373821,0.036));
#7322=CARTESIAN_POINT('',(-0.0126813101312459,0.00529625693373821,0.036));
#7323=CARTESIAN_POINT('',(-0.0126813101312459,0.00447926095068967,0.036));
#7324=CARTESIAN_POINT('',(-0.0131744330263852,0.00401225685296243,0.036));
#7325=CARTESIAN_POINT('',(-0.0131744330263852,0.00401225685296243,0.036));
#7326=CARTESIAN_POINT('',(-0.0131744330263852,0.00401225685296243,0.036));
#7327=CARTESIAN_POINT('',(-0.0136675559215245,0.0035452527552352,0.036));
#7328=CARTESIAN_POINT('',(-0.0145294762361217,0.0035452527552352,0.036));
#7329=CARTESIAN_POINT('',(-0.0145294762361217,0.0035452527552352,0.036));
#7330=CARTESIAN_POINT('',(-0.0145294762361217,0.0035452527552352,0.036));
#7331=CARTESIAN_POINT('',(-0.0153913965507189,0.0035452527552352,0.036));
#7332=CARTESIAN_POINT('',(-0.0158631020319803,0.00401591348460012,0.036));
#7333=CARTESIAN_POINT('',(-0.0158631020319803,0.00401591348460012,0.036));
#7334=CARTESIAN_POINT('',(-0.0158631020319803,0.00401591348460012,0.036));
#7335=CARTESIAN_POINT('',(-0.0163348075132418,0.00448657421396504,0.036));
#7336=CARTESIAN_POINT('',(-0.0163348075132418,0.00530879395649598,0.036));
#7337=CARTESIAN_POINT('',(-0.0163348075132418,0.00530879395649598,0.036));
#7338=CARTESIAN_POINT('',(-0.0163348075132418,0.00684666874811676,0.036));
#7339=CARTESIAN_POINT('',(-0.0163348075132418,0.00838454353973754,0.036));
#7340=CARTESIAN_POINT('',(-0.0160569035087776,0.00838454353973754,0.036));
#7341=CARTESIAN_POINT('',(-0.0157789995043136,0.00838454353973754,0.036));
#7342=CARTESIAN_POINT('',(-0.0157789995043136,0.00682734083803185,0.036));
#7343=CARTESIAN_POINT('',(-0.0157789995043136,0.00527013813632617,0.036));
#7344=CARTESIAN_POINT('',(-0.0157789995043136,0.00527013813632617,0.036));
#7345=CARTESIAN_POINT('',(-0.0157789995043136,0.00467254005153875,0.036));
#7346=CARTESIAN_POINT('',(-0.0154525145366631,0.00435232359526717,0.036));
#7347=CARTESIAN_POINT('',(-0.0154525145366631,0.00435232359526717,0.036));
#7348=CARTESIAN_POINT('',(-0.0154525145366631,0.00435232359526717,0.036));
#7349=CARTESIAN_POINT('',(-0.0151260295690127,0.00403210713899559,0.036));
#7350=CARTESIAN_POINT('',(-0.0144929099197449,0.00403210713899559,0.036));
#7351=CARTESIAN_POINT('',(-0.0144929099197449,0.00403210713899559,0.036));
#7352=CARTESIAN_POINT('',(-0.0144929099197449,0.00403210713899559,0.036));
#7353=CARTESIAN_POINT('',(-0.0138890433235785,0.00403210713899559,0.036));
#7354=CARTESIAN_POINT('',(-0.0135625583559281,0.00435389072311188,0.036));
#7355=CARTESIAN_POINT('',(-0.0135625583559281,0.00435389072311188,0.036));
#7356=CARTESIAN_POINT('',(-0.0135625583559281,0.00435389072311188,0.036));
#7357=CARTESIAN_POINT('',(-0.0132360733882776,0.00467567430722819,0.036));
#7358=CARTESIAN_POINT('',(-0.0132360733882776,0.00527640664770506,0.036));
#7359=CARTESIAN_POINT('',(-0.0132360733882776,0.00527640664770506,0.036));
#7360=CARTESIAN_POINT('',(-0.0132360733882776,0.0068304750937213,0.036));
#7361=CARTESIAN_POINT('',(-0.00874207310556241,0.00403367426684031,0.036));
#7362=CARTESIAN_POINT('',(-0.00913542219458769,0.00354525275523521,0.036));
#7363=CARTESIAN_POINT('',(-0.00983436121333382,0.00354525275523521,0.036));
#7364=CARTESIAN_POINT('',(-0.00874207310556241,0.00403367426684031,0.036));
#7365=CARTESIAN_POINT('',(-0.00983436121333382,0.00354525275523521,0.036));
#7366=CARTESIAN_POINT('',(-0.00985670157372369,0.0050955152351946,0.036));
#7367=CARTESIAN_POINT('',(-0.0104733387601152,0.00367402155259223,0.036));
#7368=CARTESIAN_POINT('',(-0.00998314922891423,0.00476279213818634,0.036));
#7369=CARTESIAN_POINT('',(-0.0109568859205798,0.00407180771106188,0.036));
#7370=CARTESIAN_POINT('',(-0.0109773197880846,0.00407180771106188,0.036));
#7371=CARTESIAN_POINT('',(-0.0109971700741177,0.00407180771106188,0.036));
#7372=CARTESIAN_POINT('',(-0.0157032411168688,0.00345598940266997,0.036));
#7373=CARTESIAN_POINT('',(-0.0109573750431362,0.00347734430699931,0.036));
#7374=CARTESIAN_POINT('',(-0.0109574695020514,0.00274079379494444,0.036));
#7375=CARTESIAN_POINT('',(-0.0109574695020514,0.00200424370792498,0.036));
#7376=CARTESIAN_POINT('',(-0.0112285826191884,0.00200424370792498,0.036));
#7377=CARTESIAN_POINT('',(-0.0114996957363253,0.00200424370792498,0.036));
#7378=CARTESIAN_POINT('',(-0.0114996957363253,0.00459679553904384,0.036));
#7379=CARTESIAN_POINT('',(-0.0114996957363253,0.00718934737016269,0.036));
#7380=CARTESIAN_POINT('',(-0.0112792530861677,0.00718934737016269,0.036));
#7381=CARTESIAN_POINT('',(-0.0110588104360101,0.00718934737016269,0.036));
#7382=CARTESIAN_POINT('',(-0.0110211993677368,0.00694435305043778,0.036));
#7383=CARTESIAN_POINT('',(-0.0109835882994635,0.00669935873071287,0.036));
#7384=CARTESIAN_POINT('',(-0.0109705289007575,0.00669935873071287,0.036));
#7385=CARTESIAN_POINT('',(-0.0109574695020514,0.00669935873071287,0.036));
#7386=CARTESIAN_POINT('',(-0.0109574695020514,0.00669935873071287,0.036));
#7387=CARTESIAN_POINT('',(-0.0107485191227551,0.00699397876552065,0.036));
#7388=CARTESIAN_POINT('',(-0.0104711374942393,0.00712457275258084,0.036));
#7389=CARTESIAN_POINT('',(-0.0104711374942393,0.00712457275258084,0.036));
#7390=CARTESIAN_POINT('',(-0.0104711374942393,0.00712457275258084,0.036));
#7391=CARTESIAN_POINT('',(-0.0101937558657235,0.00725516673964103,0.036));
#7392=CARTESIAN_POINT('',(-0.00983436121333382,0.00725516673964103,0.036));
#7393=CARTESIAN_POINT('',(-0.00983436121333382,0.00725516673964103,0.036));
#7394=CARTESIAN_POINT('',(-0.00983436121333382,0.00725516673964103,0.036));
#7395=CARTESIAN_POINT('',(-0.00912288517182992,0.00725516673964103,0.036));
#7396=CARTESIAN_POINT('',(-0.00873580459418352,0.00676831235588065,0.036));
#7397=CARTESIAN_POINT('',(-0.00873580459418352,0.00676831235588065,0.036));
#7398=CARTESIAN_POINT('',(-0.00873580459418352,0.00676831235588065,0.036));
#7399=CARTESIAN_POINT('',(-0.00834872401653712,0.00628145797212027,0.036));
#7400=CARTESIAN_POINT('',(-0.00834872401653712,0.0054038663790758,0.036));
#7401=CARTESIAN_POINT('',(-0.00834872401653712,0.0054038663790758,0.036));
#7402=CARTESIAN_POINT('',(-0.00834872401653712,0.0054038663790758,0.036));
#7403=CARTESIAN_POINT('',(-0.00834872401653712,0.00452209577844541,0.036));
#7404=CARTESIAN_POINT('',(-0.00874207310556241,0.00403367426684031,0.036));
#7405=CARTESIAN_POINT('',(0.00385899432085305,0.00671485222707973,0.036));
#7406=CARTESIAN_POINT('',(0.00436442967952611,0.00614377591273486,0.036));
#7407=CARTESIAN_POINT('',(0.00436442967952611,0.00517109629687054,0.036));
#7408=CARTESIAN_POINT('',(0.00385899432085305,0.00671485222707973,0.036));
#7409=CARTESIAN_POINT('',(0.00436442967952611,0.00517109629687054,0.036));
#7410=CARTESIAN_POINT('',(0.00436442967952611,0.00517109629687054,0.036));
#7411=CARTESIAN_POINT('',(0.00436442967952611,0.0041709668268162,0.036));
#7412=CARTESIAN_POINT('',(0.00386138126469566,0.00360943828784177,0.036));
#7413=CARTESIAN_POINT('',(0.00386138126469566,0.00360943828784177,0.036));
#7414=CARTESIAN_POINT('',(0.00386138126469566,0.00360943828784177,0.036));
#7415=CARTESIAN_POINT('',(0.00335833284986522,0.00304790974886734,0.036));
#7416=CARTESIAN_POINT('',(0.00247038974041363,0.00304790974886734,0.036));
#7417=CARTESIAN_POINT('',(0.00247038974041363,0.00304790974886734,0.036));
#7418=CARTESIAN_POINT('',(0.00247038974041363,0.00304790974886734,0.036));
#7419=CARTESIAN_POINT('',(0.00192139265661292,0.00304790974886734,0.036));
#7420=CARTESIAN_POINT('',(0.00149651665262801,0.00330569968386941,0.036));
#7421=CARTESIAN_POINT('',(0.00149651665262801,0.00330569968386941,0.036));
#7422=CARTESIAN_POINT('',(0.00149651665262801,0.00330569968386941,0.036));
#7423=CARTESIAN_POINT('',(0.00107164064864311,0.00356348961887149,0.036));
#7424=CARTESIAN_POINT('',(0.000840107095909762,0.00404445880315777,0.036));
#7425=CARTESIAN_POINT('',(0.000840107095909762,0.00404445880315777,0.036));
#7426=CARTESIAN_POINT('',(0.000840107095909762,0.00404445880315777,0.036));
#7427=CARTESIAN_POINT('',(0.000608573543176416,0.00452542798744405,0.036));
#7428=CARTESIAN_POINT('',(0.000608573543176416,0.00517109629687054,0.036));
#7429=CARTESIAN_POINT('',(0.000608573543176416,0.00517109629687054,0.036));
#7430=CARTESIAN_POINT('',(0.000608573543176416,0.00517109629687054,0.036));
#7431=CARTESIAN_POINT('',(0.000608573543176416,0.00617003229500359,0.036));
#7432=CARTESIAN_POINT('',(0.00110863827820359,0.0067279804182141,0.036));
#7433=CARTESIAN_POINT('',(0.00110863827820359,0.0067279804182141,0.036));
#7434=CARTESIAN_POINT('',(0.00110863827820359,0.0067279804182141,0.036));
#7435=CARTESIAN_POINT('',(0.00160870301323076,0.00728592854142461,0.036));
#7436=CARTESIAN_POINT('',(0.00249664612268236,0.00728592854142461,0.036));
#7437=CARTESIAN_POINT('',(0.00249664612268236,0.00728592854142461,0.036));
#7438=CARTESIAN_POINT('',(0.00249664612268236,0.00728592854142461,0.036));
#7439=CARTESIAN_POINT('',(0.00335355896218,0.00728592854142461,0.036));
#7440=CARTESIAN_POINT('',(0.00385899432085305,0.00671485222707973,0.036));
#7441=CARTESIAN_POINT('',(0.0335026837615511,0.00645360355270575,0.036));
#7442=CARTESIAN_POINT('',(0.0339794431392412,0.00591492737271819,0.036));
#7443=CARTESIAN_POINT('',(0.0339794431392412,0.0049974329386746,0.036));
#7444=CARTESIAN_POINT('',(0.0335026837615511,0.00645360355270575,0.036));
#7445=CARTESIAN_POINT('',(0.0339794431392412,0.0049974329386746,0.036));
#7446=CARTESIAN_POINT('',(0.0339794431392412,0.0049974329386746,0.036));
#7447=CARTESIAN_POINT('',(0.0339794431392412,0.00405404602367026,0.036));
#7448=CARTESIAN_POINT('',(0.0335049352816347,0.00352437592401687,0.036));
#7449=CARTESIAN_POINT('',(0.0335049352816347,0.00352437592401687,0.036));
#7450=CARTESIAN_POINT('',(0.0335049352816347,0.00352437592401687,0.036));
#7451=CARTESIAN_POINT('',(0.033030427424028,0.00299470582436349,0.036));
#7452=CARTESIAN_POINT('',(0.0321928619529502,0.00299470582436349,0.036));
#7453=CARTESIAN_POINT('',(0.0321928619529502,0.00299470582436349,0.036));
#7454=CARTESIAN_POINT('',(0.0321928619529502,0.00299470582436349,0.036));
#7455=CARTESIAN_POINT('',(0.0316750123337355,0.00299470582436349,0.036));
#7456=CARTESIAN_POINT('',(0.0312742417588648,0.00323786999338608,0.036));
#7457=CARTESIAN_POINT('',(0.0312742417588648,0.00323786999338608,0.036));
#7458=CARTESIAN_POINT('',(0.0312742417588648,0.00323786999338608,0.036));
#7459=CARTESIAN_POINT('',(0.0308734711839943,0.00348103416240868,0.036));
#7460=CARTESIAN_POINT('',(0.0306550737358907,0.00393471545924251,0.036));
#7461=CARTESIAN_POINT('',(0.0306550737358907,0.00393471545924251,0.036));
#7462=CARTESIAN_POINT('',(0.0306550737358907,0.00393471545924251,0.036));
#7463=CARTESIAN_POINT('',(0.030436676287787,0.00438839675607633,0.036));
#7464=CARTESIAN_POINT('',(0.030436676287787,0.0049974329386746,0.036));
#7465=CARTESIAN_POINT('',(0.030436676287787,0.0049974329386746,0.036));
#7466=CARTESIAN_POINT('',(0.030436676287787,0.0049974329386746,0.036));
#7467=CARTESIAN_POINT('',(0.030436676287787,0.00593969409363716,0.036));
#7468=CARTESIAN_POINT('',(0.0309083697452892,0.00646598691316524,0.036));
#7469=CARTESIAN_POINT('',(0.0309083697452892,0.00646598691316524,0.036));
#7470=CARTESIAN_POINT('',(0.0309083697452892,0.00646598691316524,0.036));
#7471=CARTESIAN_POINT('',(0.0313800632027914,0.00699227973269331,0.036));
#7472=CARTESIAN_POINT('',(0.0322176286738692,0.00699227973269331,0.036));
#7473=CARTESIAN_POINT('',(0.0322176286738692,0.00699227973269331,0.036));
#7474=CARTESIAN_POINT('',(0.0322176286738692,0.00699227973269331,0.036));
#7475=CARTESIAN_POINT('',(0.033025924383861,0.00699227973269331,0.036));
#7476=CARTESIAN_POINT('',(0.0335026837615511,0.00645360355270575,0.036));
#7477=CARTESIAN_POINT('',(0.0542359874933981,-0.00383108708127282,0.036));
#7478=CARTESIAN_POINT('',(0.0542359874933981,0.032609408685586,0.036));
#7479=CARTESIAN_POINT('',(0.0542359874933981,-0.0402715828481316,0.036));
#7480=CARTESIAN_POINT('',(0.00198598749339635,0.032609408685586,0.036));
#7481=CARTESIAN_POINT('',(-0.0502640125066054,0.032609408685586,0.036));
#7482=CARTESIAN_POINT('',(-0.0502640125066053,-0.00383108708127284,0.036));
#7483=CARTESIAN_POINT('',(-0.0502640125066053,-0.0402715828481316,0.036));
#7484=CARTESIAN_POINT('',(0.00198598749339636,-0.0402715828481316,0.036));
#7485=CARTESIAN_POINT('',(-0.0429841151788836,-0.00803464466094058,0.036));
#7486=CARTESIAN_POINT('',(-0.0429841151788836,0.00175071067811884,0.036));
#7487=CARTESIAN_POINT('',(-0.0429841151788836,-0.01782,0.036));
#7488=CARTESIAN_POINT('',(-0.00258205758944181,0.00175071067811884,0.036));
#7489=CARTESIAN_POINT('',(0.03782,0.00175071067811885,0.036));
#7490=CARTESIAN_POINT('',(0.03782,-0.00803464466094057,0.036));
#7491=CARTESIAN_POINT('',(0.03782,-0.01782,0.036));
#7492=CARTESIAN_POINT('',(-0.00258205758944181,-0.01782,0.036));
#7493=CARTESIAN_POINT('',(-0.0462427581832837,0.027874386421425,0.036));
#7494=CARTESIAN_POINT('',(-0.0446427581832837,0.027874386421425,0.036));
#7495=CARTESIAN_POINT('',(0.0500448476721699,0.0288273308607234,0.036));
#7496=CARTESIAN_POINT('',(0.0516448476721699,0.0288273308607234,0.036));
#7497=CARTESIAN_POINT('',(-0.0462427581832837,-0.0362677433829385,0.036));
#7498=CARTESIAN_POINT('',(-0.0446427581832837,-0.0362677433829385,0.036));
#7499=CARTESIAN_POINT('',(0.0500448476721699,-0.036642292694115,0.036));
#7500=CARTESIAN_POINT('',(0.0516448476721699,-0.036642292694115,0.036));
#7501=CARTESIAN_POINT('',(-0.0251484434651668,0.00477049766243843,0.036));
#7502=CARTESIAN_POINT('',(-0.0251484434651668,0.00370159143594542,0.036));
#7503=CARTESIAN_POINT('',(-0.0251484434651668,0.00583940388893144,0.036));
#7504=CARTESIAN_POINT('',(-0.0251484434651668,0.00583940388893144,0.036));
#7505=CARTESIAN_POINT('',(-0.0251484434651668,0.00624265551589361,0.036));
#7506=CARTESIAN_POINT('',(-0.0253322220176459,0.00644186953734741,0.036));
#7507=CARTESIAN_POINT('',(-0.0253322220176459,0.00644186953734741,0.036));
#7508=CARTESIAN_POINT('',(-0.0253322220176459,0.00644186953734741,0.036));
#7509=CARTESIAN_POINT('',(-0.0255160005701251,0.0066410835588012,0.036));
#7510=CARTESIAN_POINT('',(-0.0259086403121672,0.0066410835588012,0.036));
#7511=CARTESIAN_POINT('',(-0.0259086403121672,0.0066410835588012,0.036));
#7512=CARTESIAN_POINT('',(-0.0259086403121672,0.0066410835588012,0.036));
#7513=CARTESIAN_POINT('',(-0.0264266932396282,0.0066410835588012,0.036));
#7514=CARTESIAN_POINT('',(-0.0266678724423567,0.00636083332523061,0.036));
#7515=CARTESIAN_POINT('',(-0.0266678724423567,0.00636083332523061,0.036));
#7516=CARTESIAN_POINT('',(-0.0266678724423567,0.00636083332523061,0.036));
#7517=CARTESIAN_POINT('',(-0.0269090516450853,0.00608058309166001,0.036));
#7518=CARTESIAN_POINT('',(-0.0269090516450853,0.00543518754515836,0.036));
#7519=CARTESIAN_POINT('',(-0.0269090516450853,0.00543518754515836,0.036));
#7520=CARTESIAN_POINT('',(-0.0269090516450853,0.00456838949055189,0.036));
#7521=CARTESIAN_POINT('',(-0.0269090516450853,0.00370159143594542,0.036));
#7522=CARTESIAN_POINT('',(-0.0271593956575176,0.00370159143594542,0.036));
#7523=CARTESIAN_POINT('',(-0.0274097396699498,0.00370159143594542,0.036));
#7524=CARTESIAN_POINT('',(-0.0274097396699498,0.00535366897463611,0.036));
#7525=CARTESIAN_POINT('',(-0.0274097396699498,0.0070057465133268,0.036));
#7526=CARTESIAN_POINT('',(-0.0272061844228468,0.0070057465133268,0.036));
#7527=CARTESIAN_POINT('',(-0.027002629175744,0.0070057465133268,0.036));
#7528=CARTESIAN_POINT('',(-0.0269621110696855,0.0067795204211674,0.036));
#7529=CARTESIAN_POINT('',(-0.0269215929636271,0.006553294329008,0.036));
#7530=CARTESIAN_POINT('',(-0.0269095340034907,0.006553294329008,0.036));
#7531=CARTESIAN_POINT('',(-0.026897896148599,0.006553294329008,0.036));
#7532=CARTESIAN_POINT('',(-0.0260317859855221,0.00599912022647194,0.036));
#7533=CARTESIAN_POINT('',(-0.0264657586054555,0.00693192989782121,0.036));
#7534=CARTESIAN_POINT('',(-0.0258699174237805,0.00566878973473794,0.036));
#7535=CARTESIAN_POINT('',(-0.0258478631530796,0.0070665236724144,0.036));
#7536=CARTESIAN_POINT('',(-0.0258478631530796,0.0070665236724144,0.036));
#7537=CARTESIAN_POINT('',(-0.0252507034471236,0.0070665236724144,0.036));
#7538=CARTESIAN_POINT('',(-0.024949229443713,0.00677855570435649,0.036));
#7539=CARTESIAN_POINT('',(-0.024949229443713,0.00677855570435649,0.036));
#7540=CARTESIAN_POINT('',(-0.024949229443713,0.00677855570435649,0.036));
#7541=CARTESIAN_POINT('',(-0.0246477554403022,0.00649058773629858,0.036));
#7542=CARTESIAN_POINT('',(-0.0246477554403022,0.0058567687915279,0.036));
#7543=CARTESIAN_POINT('',(-0.0246477554403022,0.0058567687915279,0.036));
#7544=CARTESIAN_POINT('',(-0.0246477554403022,0.00477918011373666,0.036));
#7545=CARTESIAN_POINT('',(-0.0246477554403022,0.00370159143594542,0.036));
#7546=CARTESIAN_POINT('',(-0.0248980994527345,0.00370159143594542,0.036));
#7547=CARTESIAN_POINT('',(-0.0351699216969442,0.00565514297804682,0.036));
#7548=CARTESIAN_POINT('',(-0.0344222661684856,0.00370159143594542,0.036));
#7549=CARTESIAN_POINT('',(-0.0359175772254028,0.00760869452014822,0.036));
#7550=CARTESIAN_POINT('',(-0.0359296361855392,0.00760869452014822,0.036));
#7551=CARTESIAN_POINT('',(-0.0359409982572781,0.00760869452014822,0.036));
#7552=CARTESIAN_POINT('',(-0.0483673364782327,0.00659293926303203,0.036));
#7553=CARTESIAN_POINT('',(-0.0358995548393081,0.00650506065398274,0.036));
#7554=CARTESIAN_POINT('',(-0.0358992476059954,0.00510332496220385,0.036));
#7555=CARTESIAN_POINT('',(-0.0358992476059954,0.00370159143594542,0.036));
#7556=CARTESIAN_POINT('',(-0.0361360855830749,0.00370159143594542,0.036));
#7557=CARTESIAN_POINT('',(-0.0363729235601543,0.00370159143594542,0.036));
#7558=CARTESIAN_POINT('',(-0.0363729235601543,0.00590548699047907,0.036));
#7559=CARTESIAN_POINT('',(-0.0363729235601543,0.00810938254501273,0.036));
#7560=CARTESIAN_POINT('',(-0.0359870368357886,0.00810938254501273,0.036));
#7561=CARTESIAN_POINT('',(-0.0356011501114228,0.00810938254501273,0.036));
#7562=CARTESIAN_POINT('',(-0.0349031774987264,0.00629137371484478,0.036));
#7563=CARTESIAN_POINT('',(-0.0342052048860299,0.00447336488467684,0.036));
#7564=CARTESIAN_POINT('',(-0.0341931459258935,0.00447336488467683,0.036));
#7565=CARTESIAN_POINT('',(-0.0341810869657571,0.00447336488467683,0.036));
#7566=CARTESIAN_POINT('',(-0.0334773260521951,0.00629137371484478,0.036));
#7567=CARTESIAN_POINT('',(-0.0327735651386332,0.00810938254501273,0.036));
#7568=CARTESIAN_POINT('',(-0.0323905725647001,0.00810938254501273,0.036));
#7569=CARTESIAN_POINT('',(-0.0320075799907672,0.00810938254501273,0.036));
#7570=CARTESIAN_POINT('',(-0.0320075799907672,0.00590548699047907,0.036));
#7571=CARTESIAN_POINT('',(-0.0320075799907672,0.00370159143594542,0.036));
#7572=CARTESIAN_POINT('',(-0.0322637123040649,0.00370159143594542,0.036));
#7573=CARTESIAN_POINT('',(-0.0325198446173627,0.00370159143594542,0.036));
#7574=CARTESIAN_POINT('',(-0.0325198446173627,0.00512165458161122,0.036));
#7575=CARTESIAN_POINT('',(-0.0325199833508353,0.00654171825337893,0.036));
#7576=CARTESIAN_POINT('',(-0.0180451457226416,0.00648682710520812,0.036));
#7577=CARTESIAN_POINT('',(-0.0324773970776824,0.00760290621928273,0.036));
#7578=CARTESIAN_POINT('',(-0.0324894560378189,0.00760290621928273,0.036));
#7579=CARTESIAN_POINT('',(-0.0325015149979553,0.00760290621928273,0.036));
#7580=CARTESIAN_POINT('',(-0.0332554411856848,0.00565224882761408,0.036));
#7581=CARTESIAN_POINT('',(-0.0340093673734143,0.00370159143594542,0.036));
#7582=CARTESIAN_POINT('',(-0.03421581677095,0.00370159143594542,0.036));
#7583=CARTESIAN_POINT('',(0.040669835067488,0.00305324534653559,0.036));
#7584=CARTESIAN_POINT('',(0.040394023857254,0.00299470582436349,0.036));
#7585=CARTESIAN_POINT('',(0.0400033851227594,0.00299470582436349,0.036));
#7586=CARTESIAN_POINT('',(0.040669835067488,0.00305324534653559,0.036));
#7587=CARTESIAN_POINT('',(0.0400033851227594,0.00299470582436349,0.036));
#7588=CARTESIAN_POINT('',(0.0400033851227594,0.00299470582436349,0.036));
#7589=CARTESIAN_POINT('',(0.039148933251055,0.00299470582436349,0.036));
#7590=CARTESIAN_POINT('',(0.0386541617126965,0.0035159327237036,0.036));
#7591=CARTESIAN_POINT('',(0.0386541617126965,0.0035159327237036,0.036));
#7592=CARTESIAN_POINT('',(0.0386541617126965,0.0035159327237036,0.036));
#7593=CARTESIAN_POINT('',(0.0381593901743381,0.00403715962304369,0.036));
#7594=CARTESIAN_POINT('',(0.0381593901743381,0.00496140861733792,0.036));
#7595=CARTESIAN_POINT('',(0.0381593901743381,0.00496140861733792,0.036));
#7596=CARTESIAN_POINT('',(0.0381593901743381,0.00496140861733792,0.036));
#7597=CARTESIAN_POINT('',(0.0381593901743381,0.00589466369196631,0.036));
#7598=CARTESIAN_POINT('',(0.0386187002713807,0.00644347171232981,0.036));
#7599=CARTESIAN_POINT('',(0.0386187002713807,0.00644347171232981,0.036));
#7600=CARTESIAN_POINT('',(0.0386187002713807,0.00644347171232981,0.036));
#7601=CARTESIAN_POINT('',(0.0390780103684234,0.00699227973269331,0.036));
#7602=CARTESIAN_POINT('',(0.039852533277162,0.00699227973269331,0.036));
#7603=CARTESIAN_POINT('',(0.039852533277162,0.00699227973269331,0.036));
#7604=CARTESIAN_POINT('',(0.039852533277162,0.00699227973269331,0.036));
#7605=CARTESIAN_POINT('',(0.040576396984021,0.00699227973269331,0.036));
#7606=CARTESIAN_POINT('',(0.0409985569996852,0.00651552035500318,0.036));
#7607=CARTESIAN_POINT('',(0.0409985569996852,0.00651552035500318,0.036));
#7608=CARTESIAN_POINT('',(0.0409985569996852,0.00651552035500318,0.036));
#7609=CARTESIAN_POINT('',(0.0414207170153495,0.00603876097731304,0.036));
#7610=CARTESIAN_POINT('',(0.0414207170153495,0.00525748350832377,0.036));
#7611=CARTESIAN_POINT('',(0.0414207170153495,0.00525748350832377,0.036));
#7612=CARTESIAN_POINT('',(0.0414207170153495,0.00507285886147328,0.036));
#7613=CARTESIAN_POINT('',(0.0414207170153495,0.00488823421462279,0.036));
#7614=CARTESIAN_POINT('',(0.0400928830460802,0.00488823421462279,0.036));
#7615=CARTESIAN_POINT('',(0.038765049076811,0.00488823421462279,0.036));
#7616=CARTESIAN_POINT('',(0.038765049076811,0.00488823421462279,0.036));
#7617=CARTESIAN_POINT('',(0.0387830612374793,0.0042094009094347,0.036));
#7618=CARTESIAN_POINT('',(0.0391084058895513,0.00385760089638118,0.036));
#7619=CARTESIAN_POINT('',(0.0391084058895513,0.00385760089638118,0.036));
#7620=CARTESIAN_POINT('',(0.0391084058895513,0.00385760089638118,0.036));
#7621=CARTESIAN_POINT('',(0.0394337505416232,0.00350580088332765,0.036));
#7622=CARTESIAN_POINT('',(0.0400247745635531,0.00350580088332765,0.036));
#7623=CARTESIAN_POINT('',(0.0400247745635531,0.00350580088332765,0.036));
#7624=CARTESIAN_POINT('',(0.040008517938953,0.00660758328228557,0.036));
#7625=CARTESIAN_POINT('',(0.041255230289209,0.00376585145297682,0.036));
#7626=CARTESIAN_POINT('',(0.041255230289209,0.00350523800330676,0.036));
#7627=CARTESIAN_POINT('',(0.041255230289209,0.00324511091081998,0.036));
#7628=CARTESIAN_POINT('',(0.0399789793748387,0.00614238190121373,0.036));
#7629=CARTESIAN_POINT('',(0.037470425028774,0.003292469355412,0.036));
#7630=CARTESIAN_POINT('',(0.037470425028774,0.0035193100038289,0.036));
#7631=CARTESIAN_POINT('',(0.037470425028774,0.00306562870699508,0.036));
#7632=CARTESIAN_POINT('',(0.0360716681768732,0.00306562870699508,0.036));
#7633=CARTESIAN_POINT('',(0.0346729113249723,0.00306562870699508,0.036));
#7634=CARTESIAN_POINT('',(0.0346729113249723,0.00326432535436771,0.036));
#7635=CARTESIAN_POINT('',(0.0346729113249723,0.00346302200174034,0.036));
#7636=CARTESIAN_POINT('',(0.0357249340840076,0.00496534877748412,0.036));
#7637=CARTESIAN_POINT('',(0.0367769568430429,0.00646767555322789,0.036));
#7638=CARTESIAN_POINT('',(0.0357902281664303,0.00646767555322789,0.036));
#7639=CARTESIAN_POINT('',(0.0348034994898178,0.00646767555322789,0.036));
#7640=CARTESIAN_POINT('',(0.0348034994898178,0.00669451620164481,0.036));
#7641=CARTESIAN_POINT('',(0.0348034994898178,0.00692135685006172,0.036));
#7642=CARTESIAN_POINT('',(0.0361105068983143,0.00692135685006172,0.036));
#7643=CARTESIAN_POINT('',(0.0374175143068108,0.00692135685006172,0.036));
#7644=CARTESIAN_POINT('',(0.0374175143068108,0.00669451620164481,0.036));
#7645=CARTESIAN_POINT('',(0.0374175143068108,0.0064676755532279,0.036));
#7646=CARTESIAN_POINT('',(0.0363795635482977,0.0049934927785284,0.036));
#7647=CARTESIAN_POINT('',(0.0353416127897845,0.0035193100038289,0.036));
#7648=CARTESIAN_POINT('',(0.0364060189092793,0.0035193100038289,0.036));
#7649=CARTESIAN_POINT('',(0.0291504954400633,0.00645360355270575,0.036));
#7650=CARTESIAN_POINT('',(0.0296272548177535,0.00591492737271819,0.036));
#7651=CARTESIAN_POINT('',(0.0296272548177535,0.0049974329386746,0.036));
#7652=CARTESIAN_POINT('',(0.0291504954400633,0.00645360355270575,0.036));
#7653=CARTESIAN_POINT('',(0.0296272548177535,0.0049974329386746,0.036));
#7654=CARTESIAN_POINT('',(0.0296272548177535,0.0049974329386746,0.036));
#7655=CARTESIAN_POINT('',(0.0296272548177535,0.00405404602367026,0.036));
#7656=CARTESIAN_POINT('',(0.0291527469601469,0.00352437592401687,0.036));
#7657=CARTESIAN_POINT('',(0.0291527469601469,0.00352437592401687,0.036));
#7658=CARTESIAN_POINT('',(0.0291527469601469,0.00352437592401687,0.036));
#7659=CARTESIAN_POINT('',(0.0286782391025403,0.00299470582436349,0.036));
#7660=CARTESIAN_POINT('',(0.0278406736314625,0.00299470582436349,0.036));
#7661=CARTESIAN_POINT('',(0.0278406736314625,0.00299470582436349,0.036));
#7662=CARTESIAN_POINT('',(0.0278406736314625,0.00299470582436349,0.036));
#7663=CARTESIAN_POINT('',(0.0273228240122476,0.00299470582436349,0.036));
#7664=CARTESIAN_POINT('',(0.0269220534373771,0.00323786999338608,0.036));
#7665=CARTESIAN_POINT('',(0.0269220534373771,0.00323786999338608,0.036));
#7666=CARTESIAN_POINT('',(0.0269220534373771,0.00323786999338608,0.036));
#7667=CARTESIAN_POINT('',(0.0265212828625065,0.00348103416240868,0.036));
#7668=CARTESIAN_POINT('',(0.0263028854144029,0.00393471545924251,0.036));
#7669=CARTESIAN_POINT('',(0.0263028854144029,0.00393471545924251,0.036));
#7670=CARTESIAN_POINT('',(0.0263028854144029,0.00393471545924251,0.036));
#7671=CARTESIAN_POINT('',(0.0260844879662993,0.00438839675607633,0.036));
#7672=CARTESIAN_POINT('',(0.0260844879662993,0.0049974329386746,0.036));
#7673=CARTESIAN_POINT('',(0.0260844879662993,0.0049974329386746,0.036));
#7674=CARTESIAN_POINT('',(0.0260844879662993,0.0049974329386746,0.036));
#7675=CARTESIAN_POINT('',(0.0260844879662993,0.00593969409363716,0.036));
#7676=CARTESIAN_POINT('',(0.0265561814238015,0.00646598691316524,0.036));
#7677=CARTESIAN_POINT('',(0.0265561814238015,0.00646598691316524,0.036));
#7678=CARTESIAN_POINT('',(0.0265561814238015,0.00646598691316524,0.036));
#7679=CARTESIAN_POINT('',(0.0270278748813036,0.00699227973269331,0.036));
#7680=CARTESIAN_POINT('',(0.0278654403523814,0.00699227973269331,0.036));
#7681=CARTESIAN_POINT('',(0.0278654403523814,0.00699227973269331,0.036));
#7682=CARTESIAN_POINT('',(0.0278654403523814,0.00699227973269331,0.036));
#7683=CARTESIAN_POINT('',(0.0286737360623732,0.00699227973269331,0.036));
#7684=CARTESIAN_POINT('',(0.0291504954400633,0.00645360355270575,0.036));
#7685=CARTESIAN_POINT('',(0.0248084389589515,0.00306562870699508,0.036));
#7686=CARTESIAN_POINT('',(0.0251005736897911,0.00306562870699508,0.036));
#7687=CARTESIAN_POINT('',(0.0245163042281118,0.00306562870699508,0.036));
#7688=CARTESIAN_POINT('',(0.0245163042281118,0.00431297083327766,0.036));
#7689=CARTESIAN_POINT('',(0.0245163042281118,0.00556031295956024,0.036));
#7690=CARTESIAN_POINT('',(0.0245163042281118,0.00556031295956024,0.036));
#7691=CARTESIAN_POINT('',(0.0245163042281118,0.00603088065702064,0.036));
#7692=CARTESIAN_POINT('',(0.0243018469401544,0.0062633501056464,0.036));
#7693=CARTESIAN_POINT('',(0.0243018469401544,0.0062633501056464,0.036));
#7694=CARTESIAN_POINT('',(0.0243018469401544,0.0062633501056464,0.036));
#7695=CARTESIAN_POINT('',(0.024087389652197,0.00649581955427217,0.036));
#7696=CARTESIAN_POINT('',(0.0236292053151961,0.00649581955427217,0.036));
#7697=CARTESIAN_POINT('',(0.0236292053151961,0.00649581955427217,0.036));
#7698=CARTESIAN_POINT('',(0.0236292053151961,0.00649581955427217,0.036));
#7699=CARTESIAN_POINT('',(0.0230246721727649,0.00649581955427217,0.036));
#7700=CARTESIAN_POINT('',(0.0227432321623221,0.00616878626213762,0.036));
#7701=CARTESIAN_POINT('',(0.0227432321623221,0.00616878626213762,0.036));
#7702=CARTESIAN_POINT('',(0.0227432321623221,0.00616878626213762,0.036));
#7703=CARTESIAN_POINT('',(0.0224617921518793,0.00584175297000306,0.036));
#7704=CARTESIAN_POINT('',(0.0224617921518793,0.00508861950205807,0.036));
#7705=CARTESIAN_POINT('',(0.0224617921518793,0.00508861950205807,0.036));
#7706=CARTESIAN_POINT('',(0.0224617921518793,0.00407712410452658,0.036));
#7707=CARTESIAN_POINT('',(0.0224617921518793,0.00306562870699508,0.036));
#7708=CARTESIAN_POINT('',(0.0221696574210396,0.00306562870699508,0.036));
#7709=CARTESIAN_POINT('',(0.0218775226902,0.00306562870699508,0.036));
#7710=CARTESIAN_POINT('',(0.0218775226902,0.0049934927785284,0.036));
#7711=CARTESIAN_POINT('',(0.0218775226902,0.00692135685006172,0.036));
#7712=CARTESIAN_POINT('',(0.0221150580590137,0.00692135685006172,0.036));
#7713=CARTESIAN_POINT('',(0.0223525934278274,0.00692135685006172,0.036));
#7714=CARTESIAN_POINT('',(0.0223998753495818,0.00665736612026635,0.036));
#7715=CARTESIAN_POINT('',(0.0224471572713363,0.00639337539047099,0.036));
#7716=CARTESIAN_POINT('',(0.0224612292718584,0.00639337539047099,0.036));
#7717=CARTESIAN_POINT('',(0.0224748098707044,0.00639337539047099,0.036));
#7718=CARTESIAN_POINT('',(0.0234855025447958,0.00574669125087541,0.036));
#7719=CARTESIAN_POINT('',(0.0229790855017667,0.00683521779327858,0.036));
#7720=CARTESIAN_POINT('',(0.0236743923379105,0.00536121764456332,0.036));
#7721=CARTESIAN_POINT('',(0.0237001281978277,0.00699227973269331,0.036));
#7722=CARTESIAN_POINT('',(0.0237001281978277,0.00699227973269331,0.036));
#7723=CARTESIAN_POINT('',(0.0243969736636841,0.00699227973269331,0.036));
#7724=CARTESIAN_POINT('',(0.0247487736767377,0.00665624036022458,0.036));
#7725=CARTESIAN_POINT('',(0.0247487736767377,0.00665624036022458,0.036));
#7726=CARTESIAN_POINT('',(0.0247487736767377,0.00665624036022458,0.036));
#7727=CARTESIAN_POINT('',(0.0251005736897911,0.00632020098775585,0.036));
#7728=CARTESIAN_POINT('',(0.0251005736897911,0.00558057664031212,0.036));
#7729=CARTESIAN_POINT('',(0.0251005736897911,0.00558057664031212,0.036));
#7730=CARTESIAN_POINT('',(0.0251005736897911,0.0043231026736536,0.036));
#7731=CARTESIAN_POINT('',(0.0206087911231238,0.00529238206961867,0.036));
#7732=CARTESIAN_POINT('',(0.020912746334402,0.00496140861733792,0.036));
#7733=CARTESIAN_POINT('',(0.020912746334402,0.00443455291778896,0.036));
#7734=CARTESIAN_POINT('',(0.0206087911231238,0.00529238206961867,0.036));
#7735=CARTESIAN_POINT('',(0.020912746334402,0.00443455291778896,0.036));
#7736=CARTESIAN_POINT('',(0.020912746334402,0.00443455291778896,0.036));
#7737=CARTESIAN_POINT('',(0.020912746334402,0.00375571961260087,0.036));
#7738=CARTESIAN_POINT('',(0.0204202263161271,0.00337521271848218,0.036));
#7739=CARTESIAN_POINT('',(0.0204202263161271,0.00337521271848218,0.036));
#7740=CARTESIAN_POINT('',(0.0204202263161271,0.00337521271848218,0.036));
#7741=CARTESIAN_POINT('',(0.0199277062978521,0.00299470582436348,0.036));
#7742=CARTESIAN_POINT('',(0.0190833862665237,0.00299470582436348,0.036));
#7743=CARTESIAN_POINT('',(0.0190833862665237,0.00299470582436348,0.036));
#7744=CARTESIAN_POINT('',(0.0190833862665237,0.00299470582436348,0.036));
#7745=CARTESIAN_POINT('',(0.0181692691126054,0.00299470582436348,0.036));
#7746=CARTESIAN_POINT('',(0.0176761862143095,0.00323111543313546,0.036));
#7747=CARTESIAN_POINT('',(0.0176761862143095,0.00323111543313546,0.036));
#7748=CARTESIAN_POINT('',(0.0176761862143095,0.0035193100038289,0.036));
#7749=CARTESIAN_POINT('',(0.0176761862143095,0.00380718496960993,0.036));
#7750=CARTESIAN_POINT('',(0.0191190128784058,0.0073115101301469,0.036));
#7751=CARTESIAN_POINT('',(0.018366307113305,0.00359713255841475,0.036));
#7752=CARTESIAN_POINT('',(0.0191125243923384,0.00713033314629826,0.036));
#7753=CARTESIAN_POINT('',(0.0191047757073173,0.0035193100038289,0.036));
#7754=CARTESIAN_POINT('',(0.0191047757073173,0.0035193100038289,0.036));
#7755=CARTESIAN_POINT('',(0.0197025542894978,0.0035193100038289,0.036));
#7756=CARTESIAN_POINT('',(0.0200053837407344,0.00374615065224582,0.036));
#7757=CARTESIAN_POINT('',(0.0200053837407344,0.00374615065224582,0.036));
#7758=CARTESIAN_POINT('',(0.0200053837407344,0.00374615065224582,0.036));
#7759=CARTESIAN_POINT('',(0.0203082131919708,0.00397299130066273,0.036));
#7760=CARTESIAN_POINT('',(0.0203082131919708,0.00437826491570039,0.036));
#7761=CARTESIAN_POINT('',(0.0203082131919708,0.00437826491570039,0.036));
#7762=CARTESIAN_POINT('',(0.0203082131919708,0.00437826491570039,0.036));
#7763=CARTESIAN_POINT('',(0.0203082131919708,0.00464507004560019,0.036));
#7764=CARTESIAN_POINT('',(0.0202007031079816,0.00481562269192854,0.036));
#7765=CARTESIAN_POINT('',(0.0202007031079816,0.00481562269192854,0.036));
#7766=CARTESIAN_POINT('',(0.0202007031079816,0.00481562269192854,0.036));
#7767=CARTESIAN_POINT('',(0.0200931930239925,0.00498617533825688,0.036));
#7768=CARTESIAN_POINT('',(0.0198415856546566,0.00513083550362449,0.036));
#7769=CARTESIAN_POINT('',(0.0198415856546566,0.00513083550362449,0.036));
#7770=CARTESIAN_POINT('',(0.0198415856546566,0.00513083550362449,0.036));
#7771=CARTESIAN_POINT('',(0.0195899782853208,0.0052754956689921,0.036));
#7772=CARTESIAN_POINT('',(0.0190766317062731,0.00545786879575905,0.036));
#7773=CARTESIAN_POINT('',(0.0190766317062731,0.00545786879575905,0.036));
#7774=CARTESIAN_POINT('',(0.0190766317062731,0.00545786879575905,0.036));
#7775=CARTESIAN_POINT('',(0.0183595225596648,0.0057145420852829,0.036));
#7776=CARTESIAN_POINT('',(0.0180516271882403,0.00606634209833643,0.036));
#7777=CARTESIAN_POINT('',(0.0180516271882403,0.00606634209833643,0.036));
#7778=CARTESIAN_POINT('',(0.0180516271882403,0.00606634209833643,0.036));
#7779=CARTESIAN_POINT('',(0.0177437318168158,0.00641814211138995,0.036));
#7780=CARTESIAN_POINT('',(0.0177437318168158,0.00698439941240091,0.036));
#7781=CARTESIAN_POINT('',(0.0177437318168158,0.00698439941240091,0.036));
#7782=CARTESIAN_POINT('',(0.0177437318168158,0.00698439941240091,0.036));
#7783=CARTESIAN_POINT('',(0.0177437318168158,0.00757880071445615,0.036));
#7784=CARTESIAN_POINT('',(0.0181900956733781,0.00793060072750967,0.036));
#7785=CARTESIAN_POINT('',(0.0181900956733781,0.00793060072750967,0.036));
#7786=CARTESIAN_POINT('',(0.0181900956733781,0.00793060072750967,0.036));
#7787=CARTESIAN_POINT('',(0.0186364595299405,0.0082824007405632,0.036));
#7788=CARTESIAN_POINT('',(0.0193727065972589,0.0082824007405632,0.036));
#7789=CARTESIAN_POINT('',(0.0193727065972589,0.0082824007405632,0.036));
#7790=CARTESIAN_POINT('',(0.0193727065972589,0.0082824007405632,0.036));
#7791=CARTESIAN_POINT('',(0.0201393491857051,0.0082824007405632,0.036));
#7792=CARTESIAN_POINT('',(0.0207832839295983,0.00800096073012038,0.036));
#7793=CARTESIAN_POINT('',(0.0207832839295983,0.00800096073012038,0.036));
#7794=CARTESIAN_POINT('',(0.0206898458461313,0.00774091016047121,0.036));
#7795=CARTESIAN_POINT('',(0.0205964077626643,0.00748085959082205,0.036));
#7796=CARTESIAN_POINT('',(0.0205964077626643,0.00748085959082205,0.036));
#7797=CARTESIAN_POINT('',(0.0199592275790217,0.00774766472072184,0.036));
#7798=CARTESIAN_POINT('',(0.0193580717167159,0.00774766472072184,0.036));
#7799=CARTESIAN_POINT('',(0.0193580717167159,0.00774766472072184,0.036));
#7800=CARTESIAN_POINT('',(0.0193580717167159,0.00774766472072184,0.036));
#7801=CARTESIAN_POINT('',(0.0188830009790884,0.00774766472072184,0.036));
#7802=CARTESIAN_POINT('',(0.0186156329691677,0.00754390215316124,0.036));
#7803=CARTESIAN_POINT('',(0.0186156329691677,0.00754390215316124,0.036));
#7804=CARTESIAN_POINT('',(0.0186156329691677,0.00754390215316124,0.036));
#7805=CARTESIAN_POINT('',(0.018348264959247,0.00734013958560063,0.036));
#7806=CARTESIAN_POINT('',(0.018348264959247,0.00697764485215028,0.036));
#7807=CARTESIAN_POINT('',(0.018348264959247,0.00697764485215028,0.036));
#7808=CARTESIAN_POINT('',(0.018348264959247,0.00697764485215028,0.036));
#7809=CARTESIAN_POINT('',(0.018348264959247,0.00671083972225049,0.036));
#7810=CARTESIAN_POINT('',(0.018446768962902,0.00653972419590125,0.036));
#7811=CARTESIAN_POINT('',(0.018446768962902,0.00653972419590125,0.036));
#7812=CARTESIAN_POINT('',(0.018446768962902,0.00653972419590125,0.036));
#7813=CARTESIAN_POINT('',(0.018545272966557,0.00636860866955202,0.036));
#7814=CARTESIAN_POINT('',(0.0187794310552454,0.00622620002426795,0.036));
#7815=CARTESIAN_POINT('',(0.0187794310552454,0.00622620002426795,0.036));
#7816=CARTESIAN_POINT('',(0.0187794310552454,0.00622620002426795,0.036));
#7817=CARTESIAN_POINT('',(0.0190135891439338,0.00608379137898388,0.036));
#7818=CARTESIAN_POINT('',(0.019495414441812,0.00591155009259288,0.036));
#7819=CARTESIAN_POINT('',(0.019495414441812,0.00591155009259288,0.036));
#7820=CARTESIAN_POINT('',(0.019495414441812,0.00591155009259288,0.036));
#7821=CARTESIAN_POINT('',(0.0203048359118455,0.00562335552189943,0.036));
#7822=CARTESIAN_POINT('',(0.0206087911231238,0.00529238206961867,0.036));
#7823=CARTESIAN_POINT('',(0.0144987964992952,0.00312309847990961,0.036));
#7824=CARTESIAN_POINT('',(0.0148085024628741,0.00312309847990961,0.036));
#7825=CARTESIAN_POINT('',(0.0141890905357163,0.00312309847990961,0.036));
#7826=CARTESIAN_POINT('',(0.0141890905357163,0.00444546536871656,0.036));
#7827=CARTESIAN_POINT('',(0.0141890905357163,0.0057678322575235,0.036));
#7828=CARTESIAN_POINT('',(0.0141890905357163,0.0057678322575235,0.036));
#7829=CARTESIAN_POINT('',(0.0141890905357163,0.00626670352062937,0.036));
#7830=CARTESIAN_POINT('',(0.0139617341347075,0.00651315547237904,0.036));
#7831=CARTESIAN_POINT('',(0.0139617341347075,0.00651315547237904,0.036));
#7832=CARTESIAN_POINT('',(0.0139617341347075,0.00651315547237904,0.036));
#7833=CARTESIAN_POINT('',(0.0137343777336988,0.00675960742412871,0.036));
#7834=CARTESIAN_POINT('',(0.0132486346617273,0.00675960742412871,0.036));
#7835=CARTESIAN_POINT('',(0.0132486346617273,0.00675960742412871,0.036));
#7836=CARTESIAN_POINT('',(0.0132486346617273,0.00675960742412871,0.036));
#7837=CARTESIAN_POINT('',(0.012607740239986,0.00675960742412871,0.036));
#7838=CARTESIAN_POINT('',(0.0123093722596595,0.00641290383098934,0.036));
#7839=CARTESIAN_POINT('',(0.0123093722596595,0.00641290383098934,0.036));
#7840=CARTESIAN_POINT('',(0.0123093722596595,0.00641290383098934,0.036));
#7841=CARTESIAN_POINT('',(0.012011004279333,0.00606620023784997,0.036));
#7842=CARTESIAN_POINT('',(0.012011004279333,0.00526776752249632,0.036));
#7843=CARTESIAN_POINT('',(0.012011004279333,0.00526776752249632,0.036));
#7844=CARTESIAN_POINT('',(0.012011004279333,0.00419543300120296,0.036));
#7845=CARTESIAN_POINT('',(0.012011004279333,0.00312309847990961,0.036));
#7846=CARTESIAN_POINT('',(0.0117012983157542,0.00312309847990961,0.036));
#7847=CARTESIAN_POINT('',(0.0113915923521753,0.00312309847990961,0.036));
#7848=CARTESIAN_POINT('',(0.0113915923521753,0.00516691914514597,0.036));
#7849=CARTESIAN_POINT('',(0.0113915923521753,0.00721073981038234,0.036));
#7850=CARTESIAN_POINT('',(0.0116434149275708,0.00721073981038234,0.036));
#7851=CARTESIAN_POINT('',(0.0118952375029664,0.00721073981038234,0.036));
#7852=CARTESIAN_POINT('',(0.0119453633236612,0.0069308706448361,0.036));
#7853=CARTESIAN_POINT('',(0.0119954891443561,0.00665100147928987,0.036));
#7854=CARTESIAN_POINT('',(0.0120104075433724,0.00665100147928987,0.036));
#7855=CARTESIAN_POINT('',(0.012024804984031,0.00665100147928987,0.036));
#7856=CARTESIAN_POINT('',(0.0130962884999141,0.00596542077476693,0.036));
#7857=CARTESIAN_POINT('',(0.0125594116354846,0.00711941968727982,0.036));
#7858=CARTESIAN_POINT('',(0.0132965395800188,0.00555676181684725,0.036));
#7859=CARTESIAN_POINT('',(0.0133238233927695,0.00728592854142461,0.036));
#7860=CARTESIAN_POINT('',(0.0133238233927695,0.00728592854142461,0.036));
#7861=CARTESIAN_POINT('',(0.0140625825120579,0.00728592854142461,0.036));
#7862=CARTESIAN_POINT('',(0.014435542487466,0.0069296771729148,0.036));
#7863=CARTESIAN_POINT('',(0.014435542487466,0.0069296771729148,0.036));
#7864=CARTESIAN_POINT('',(0.014435542487466,0.0069296771729148,0.036));
#7865=CARTESIAN_POINT('',(0.0148085024628741,0.00657342580440498,0.036));
#7866=CARTESIAN_POINT('',(0.0148085024628741,0.005789314752107,0.036));
#7867=CARTESIAN_POINT('',(0.0148085024628741,0.005789314752107,0.036));
#7868=CARTESIAN_POINT('',(0.0148085024628741,0.00445620661600831,0.036));
#7869=CARTESIAN_POINT('',(0.00915621944356932,0.00312309847990961,0.036));
#7870=CARTESIAN_POINT('',(0.00952380879533153,0.00312309847990961,0.036));
#7871=CARTESIAN_POINT('',(0.0087886300918071,0.00312309847990961,0.036));
#7872=CARTESIAN_POINT('',(0.00841387990851704,0.00432194102486139,0.036));
#7873=CARTESIAN_POINT('',(0.00803912972522699,0.00552078356981317,0.036));
#7874=CARTESIAN_POINT('',(0.00803912972522699,0.00552078356981317,0.036));
#7875=CARTESIAN_POINT('',(0.00796752140994863,0.00574157587525477,0.036));
#7876=CARTESIAN_POINT('',(0.00777417895869708,0.00652091303986752,0.036));
#7877=CARTESIAN_POINT('',(0.00777417895869708,0.00652091303986752,0.036));
#7878=CARTESIAN_POINT('',(0.00775926055968075,0.00652091303986752,0.036));
#7879=CARTESIAN_POINT('',(0.00774434216066443,0.00652091303986752,0.036));
#7880=CARTESIAN_POINT('',(0.00774434216066443,0.00652091303986752,0.036));
#7881=CARTESIAN_POINT('',(0.00759515817050119,0.00586808389891319,0.036));
#7882=CARTESIAN_POINT('',(0.00748297180989843,0.00551362273828534,0.036));
#7883=CARTESIAN_POINT('',(0.00748297180989843,0.00551362273828534,0.036));
#7884=CARTESIAN_POINT('',(0.00709688364335597,0.00431836060909747,0.036));
#7885=CARTESIAN_POINT('',(0.00671079547681351,0.00312309847990961,0.036));
#7886=CARTESIAN_POINT('',(0.00635275390042174,0.00312309847990961,0.036));
#7887=CARTESIAN_POINT('',(0.00599471232402997,0.0031230984799096,0.036));
#7888=CARTESIAN_POINT('',(0.00543736093678011,0.00516691914514597,0.036));
#7889=CARTESIAN_POINT('',(0.00488000954953025,0.00721073981038234,0.036));
#7890=CARTESIAN_POINT('',(0.00520463391212546,0.00721073981038234,0.036));
#7891=CARTESIAN_POINT('',(0.00552915880117151,0.00721073981038234,0.036));
#7892=CARTESIAN_POINT('',(0.0058599913291236,0.00592147606381373,0.036));
#7893=CARTESIAN_POINT('',(0.0061313648590195,0.00486437401309493,0.036));
#7894=CARTESIAN_POINT('',(0.0061313648590195,0.00486437401309493,0.036));
#7895=CARTESIAN_POINT('',(0.00633843223736607,0.00405878046621344,0.036));
#7896=CARTESIAN_POINT('',(0.00636826903539872,0.00377950803662785,0.036));
#7897=CARTESIAN_POINT('',(0.00636826903539872,0.00377950803662785,0.036));
#7898=CARTESIAN_POINT('',(0.00638318743441504,0.00377950803662785,0.036));
#7899=CARTESIAN_POINT('',(0.00639765788278097,0.00377950803662785,0.036));
#7900=CARTESIAN_POINT('',(0.0142764666193001,0.00217026335660473,0.036));
#7901=CARTESIAN_POINT('',(0.00653016061983313,0.00432965161265529,0.036));
#7902=CARTESIAN_POINT('',(0.0150361915088468,0.00209862454447462,0.036));
#7903=CARTESIAN_POINT('',(0.00668911248907697,0.00486444044677187,0.036));
#7904=CARTESIAN_POINT('',(0.00706406316552006,0.00603755691173863,0.036));
#7905=CARTESIAN_POINT('',(0.00743881334881012,0.00721073981038234,0.036));
#7906=CARTESIAN_POINT('',(0.00777417895869708,0.00721073981038234,0.036));
#7907=CARTESIAN_POINT('',(0.00810954456858404,0.00721073981038234,0.036));
#7908=CARTESIAN_POINT('',(0.0084753437124643,0.00603755691173863,0.036));
#7909=CARTESIAN_POINT('',(0.00884114285634456,0.00486437401309493,0.036));
#7910=CARTESIAN_POINT('',(0.00884114285634456,0.00486437401309493,0.036));
#7911=CARTESIAN_POINT('',(0.00905000044257309,0.00422347959135365,0.036));
#7912=CARTESIAN_POINT('',(0.00912399570169406,0.00378666886815569,0.036));
#7913=CARTESIAN_POINT('',(0.00912399570169406,0.00378666886815569,0.036));
#7914=CARTESIAN_POINT('',(0.00913891410071038,0.00378666886815569,0.036));
#7915=CARTESIAN_POINT('',(0.00915310155259881,0.00378666886815569,0.036));
#7916=CARTESIAN_POINT('',(0.0134687140670745,0.00315040364371753,0.036));
#7917=CARTESIAN_POINT('',(0.00923439185441485,0.0042014003608095,0.036));
#7918=CARTESIAN_POINT('',(0.00923439185441485,0.0042014003608095,0.036));
#7919=CARTESIAN_POINT('',(0.00929943607412602,0.00448126952635573,0.036));
#7920=CARTESIAN_POINT('',(0.0100119388111456,0.00721073981038234,0.036));
#7921=CARTESIAN_POINT('',(0.0100119388111456,0.00721073981038234,0.036));
#7922=CARTESIAN_POINT('',(0.0103323860220163,0.00721073981038234,0.036));
#7923=CARTESIAN_POINT('',(0.0106528332328869,0.00721073981038234,0.036));
#7924=CARTESIAN_POINT('',(0.0100883210141092,0.00516691914514597,0.036));
#7925=CARTESIAN_POINT('',(-0.000991275567334151,0.00787132651882515,0.036));
#7926=CARTESIAN_POINT('',(-0.000286530397803014,0.00716658134929402,0.036));
#7927=CARTESIAN_POINT('',(-0.000286530397803014,0.00590150111270976,0.036));
#7928=CARTESIAN_POINT('',(-0.000991275567334151,0.00787132651882515,0.036));
#7929=CARTESIAN_POINT('',(-0.000286530397803014,0.00590150111270976,0.036));
#7930=CARTESIAN_POINT('',(-0.000286530397803014,0.00590150111270976,0.036));
#7931=CARTESIAN_POINT('',(-0.000286530397803013,0.00455168436971278,0.036));
#7932=CARTESIAN_POINT('',(-0.00101932215748484,0.00383739142481119,0.036));
#7933=CARTESIAN_POINT('',(-0.00101932215748484,0.00383739142481119,0.036));
#7934=CARTESIAN_POINT('',(-0.00101932215748484,0.00383739142481119,0.036));
#7935=CARTESIAN_POINT('',(-0.00175211391716667,0.0031230984799096,0.036));
#7936=CARTESIAN_POINT('',(-0.00312818704243238,0.0031230984799096,0.036));
#7937=CARTESIAN_POINT('',(-0.00312818704243238,0.0031230984799096,0.036));
#7938=CARTESIAN_POINT('',(-0.00388365476861901,0.0031230984799096,0.036));
#7939=CARTESIAN_POINT('',(-0.00463912249480565,0.0031230984799096,0.036));
#7940=CARTESIAN_POINT('',(-0.00463912249480565,0.00584958508413295,0.036));
#7941=CARTESIAN_POINT('',(-0.00463912249480565,0.00857607168835629,0.036));
#7942=CARTESIAN_POINT('',(-0.00380369214989152,0.00857607168835629,0.036));
#7943=CARTESIAN_POINT('',(-0.00296826180497738,0.00857607168835629,0.036));
#7944=CARTESIAN_POINT('',(-0.00296826180497738,0.00857607168835629,0.036));
#7945=CARTESIAN_POINT('',(-0.00169602073686529,0.00857607168835629,0.036));
#7946=CARTESIAN_POINT('',(-0.000991275567334151,0.00787132651882515,0.036));
#7947=CARTESIAN_POINT('',(-0.0294305882945456,0.00646702120087019,0.036));
#7948=CARTESIAN_POINT('',(-0.0289069012574632,0.00369055953297626,0.036));
#7949=CARTESIAN_POINT('',(-0.02947809251255,0.00364081427685781,0.036));
#7950=CARTESIAN_POINT('',(-0.02947809251255,0.00364081427685781,0.036));
#7951=CARTESIAN_POINT('',(-0.0302103125720339,0.00364081427685781,0.036));
#7952=CARTESIAN_POINT('',(-0.0306343056104308,0.00408747816031112,0.036));
#7953=CARTESIAN_POINT('',(-0.0306343056104308,0.00408747816031112,0.036));
#7954=CARTESIAN_POINT('',(-0.0306343056104308,0.00408747816031112,0.036));
#7955=CARTESIAN_POINT('',(-0.0310582986488275,0.00453414204376443,0.036));
#7956=CARTESIAN_POINT('',(-0.0310582986488275,0.00532617454552505,0.036));
#7957=CARTESIAN_POINT('',(-0.0310582986488275,0.00532617454552505,0.036));
#7958=CARTESIAN_POINT('',(-0.0310582986488275,0.00532617454552505,0.036));
#7959=CARTESIAN_POINT('',(-0.0310582986488275,0.00612592478177298,0.036));
#7960=CARTESIAN_POINT('',(-0.0306646941899745,0.00659622422709369,0.036));
#7961=CARTESIAN_POINT('',(-0.0306646941899745,0.00659622422709369,0.036));
#7962=CARTESIAN_POINT('',(-0.0306646941899745,0.00659622422709369,0.036));
#7963=CARTESIAN_POINT('',(-0.0302710897311215,0.0070665236724144,0.036));
#7964=CARTESIAN_POINT('',(-0.0296073645652125,0.0070665236724144,0.036));
#7965=CARTESIAN_POINT('',(-0.0296073645652125,0.0070665236724144,0.036));
#7966=CARTESIAN_POINT('',(-0.0296073645652125,0.0070665236724144,0.036));
#7967=CARTESIAN_POINT('',(-0.0289870516557946,0.0070665236724144,0.036));
#7968=CARTESIAN_POINT('',(-0.0286252828517017,0.0066579661029922,0.036));
#7969=CARTESIAN_POINT('',(-0.0286252828517017,0.0066579661029922,0.036));
#7970=CARTESIAN_POINT('',(-0.0286252828517017,0.0066579661029922,0.036));
#7971=CARTESIAN_POINT('',(-0.0282635140476089,0.00624940853357001,0.036));
#7972=CARTESIAN_POINT('',(-0.0282635140476089,0.00557989506679551,0.036));
#7973=CARTESIAN_POINT('',(-0.0282635140476089,0.00557989506679551,0.036));
#7974=CARTESIAN_POINT('',(-0.0282635140476089,0.00542168150980556,0.036));
#7975=CARTESIAN_POINT('',(-0.0282635140476089,0.00526346795281562,0.036));
#7976=CARTESIAN_POINT('',(-0.0294013975260823,0.00526346795281562,0.036));
#7977=CARTESIAN_POINT('',(-0.0305392810045557,0.00526346795281562,0.036));
#7978=CARTESIAN_POINT('',(-0.0305392810045557,0.00526346795281562,0.036));
#7979=CARTESIAN_POINT('',(-0.030523845535581,0.00468174371583432,0.036));
#7980=CARTESIAN_POINT('',(-0.0302450423772269,0.0043802697124236,0.036));
#7981=CARTESIAN_POINT('',(-0.0302450423772269,0.0043802697124236,0.036));
#7982=CARTESIAN_POINT('',(-0.0302450423772269,0.0043802697124236,0.036));
#7983=CARTESIAN_POINT('',(-0.0299662392188726,0.00407879570901289,0.036));
#7984=CARTESIAN_POINT('',(-0.0294597628931426,0.00407879570901289,0.036));
#7985=CARTESIAN_POINT('',(-0.0294597628931426,0.00407879570901289,0.036));
#7986=CARTESIAN_POINT('',(-0.0294736939605628,0.00673685916218654,0.036));
#7987=CARTESIAN_POINT('',(-0.0284053274188133,0.0043016452923341,0.036));
#7988=CARTESIAN_POINT('',(-0.0284053274188133,0.00407831335060744,0.036));
#7989=CARTESIAN_POINT('',(-0.0284053274188133,0.00385539819126193,0.036));
#7990=CARTESIAN_POINT('',(-0.0294990069476233,0.00633820618452575,0.036));
#7991=CARTESIAN_POINT('',(0.0542359874933981,-0.00383108708127282,0.036));
#7992=CARTESIAN_POINT('',(0.0542359874933981,-0.00383108708127282,0.033));
#7993=CARTESIAN_POINT('',(0.0542359874933981,0.032609408685586,0.033));
#7994=CARTESIAN_POINT('',(0.0542359874933981,-0.0402715828481316,0.033));
#7995=CARTESIAN_POINT('',(0.0542359874933981,0.032609408685586,0.036));
#7996=CARTESIAN_POINT('',(0.0542359874933981,-0.0402715828481316,0.036));
#7997=CARTESIAN_POINT('',(0.00198598749339635,0.032609408685586,0.036));
#7998=CARTESIAN_POINT('',(0.00198598749339635,0.032609408685586,0.033));
#7999=CARTESIAN_POINT('',(-0.0502640125066054,0.032609408685586,0.033));
#8000=CARTESIAN_POINT('',(-0.0502640125066054,0.032609408685586,0.036));
#8001=CARTESIAN_POINT('',(-0.0502640125066053,-0.00383108708127284,0.036));
#8002=CARTESIAN_POINT('',(-0.0502640125066053,-0.00383108708127284,0.033));
#8003=CARTESIAN_POINT('',(-0.0502640125066053,-0.0402715828481316,0.033));
#8004=CARTESIAN_POINT('',(-0.0502640125066053,-0.0402715828481316,0.036));
#8005=CARTESIAN_POINT('',(-0.0429841151788836,-0.00803464466094058,0.036));
#8006=CARTESIAN_POINT('',(-0.0429841151788836,-0.00803464466094058,0.033));
#8007=CARTESIAN_POINT('',(-0.0429841151788836,0.00175071067811884,0.033));
#8008=CARTESIAN_POINT('',(-0.0429841151788836,-0.01782,0.033));
#8009=CARTESIAN_POINT('',(-0.0429841151788836,0.00175071067811884,0.036));
#8010=CARTESIAN_POINT('',(-0.0429841151788836,-0.01782,0.036));
#8011=CARTESIAN_POINT('',(-0.00258205758944181,0.00175071067811884,0.036));
#8012=CARTESIAN_POINT('',(-0.00258205758944181,0.00175071067811884,0.033));
#8013=CARTESIAN_POINT('',(0.03782,0.00175071067811885,0.033));
#8014=CARTESIAN_POINT('',(0.03782,0.00175071067811885,0.036));
#8015=CARTESIAN_POINT('',(0.03782,-0.00803464466094057,0.036));
#8016=CARTESIAN_POINT('',(0.03782,-0.00803464466094057,0.033));
#8017=CARTESIAN_POINT('',(0.03782,-0.01782,0.033));
#8018=CARTESIAN_POINT('',(0.03782,-0.01782,0.036));
#8019=CARTESIAN_POINT('',(-0.00258205758944181,-0.01782,0.036));
#8020=CARTESIAN_POINT('',(-0.00258205758944181,-0.01782,0.033));
#8021=CARTESIAN_POINT('',(-0.0462427581832837,0.027874386421425,0.036));
#8022=CARTESIAN_POINT('',(-0.0462427581832837,0.027874386421425,0.033));
#8023=CARTESIAN_POINT('',(-0.0446427581832837,0.027874386421425,0.033));
#8024=CARTESIAN_POINT('',(0.0500448476721699,0.0288273308607234,0.036));
#8025=CARTESIAN_POINT('',(0.0500448476721699,0.0288273308607234,0.033));
#8026=CARTESIAN_POINT('',(0.0516448476721699,0.0288273308607234,0.033));
#8027=CARTESIAN_POINT('',(-0.0462427581832837,-0.0362677433829385,0.036));
#8028=CARTESIAN_POINT('',(-0.0462427581832837,-0.0362677433829385,0.033));
#8029=CARTESIAN_POINT('',(-0.0446427581832837,-0.0362677433829385,0.033));
#8030=CARTESIAN_POINT('',(0.0500448476721699,-0.036642292694115,0.036));
#8031=CARTESIAN_POINT('',(0.0500448476721699,-0.036642292694115,0.033));
#8032=CARTESIAN_POINT('',(0.0516448476721699,-0.036642292694115,0.033));
#8033=CARTESIAN_POINT('',(0.00198598749339636,-0.0402715828481316,0.036));
#8034=CARTESIAN_POINT('',(0.00198598749339636,-0.0402715828481316,0.033));
#8035=CARTESIAN_POINT('',(0.00198598749339636,-0.00383108708127283,0.033));
#8036=CARTESIAN_POINT('',(-0.0251484434651668,0.00477049766243843,0.039));
#8037=CARTESIAN_POINT('',(-0.0251484434651668,0.00370159143594542,0.039));
#8038=CARTESIAN_POINT('',(-0.0251484434651668,0.00370159143594542,0.039));
#8039=CARTESIAN_POINT('',(-0.0251484434651668,0.00477049766243843,0.039));
#8040=CARTESIAN_POINT('',(-0.0251484434651668,0.00583940388893144,0.039));
#8041=CARTESIAN_POINT('',(-0.0251484434651668,0.00583940388893144,0.039));
#8042=CARTESIAN_POINT('',(-0.0248980994527345,0.00370159143594542,0.039));
#8043=CARTESIAN_POINT('',(-0.0246477554403022,0.00370159143594542,0.039));
#8044=CARTESIAN_POINT('',(-0.0246477554403022,0.00370159143594542,0.039));
#8045=CARTESIAN_POINT('',(-0.0248980994527345,0.00370159143594542,0.039));
#8046=CARTESIAN_POINT('',(-0.0246477554403022,0.00477918011373666,0.039));
#8047=CARTESIAN_POINT('',(-0.0246477554403022,0.0058567687915279,0.039));
#8048=CARTESIAN_POINT('',(-0.0246477554403022,0.0058567687915279,0.039));
#8049=CARTESIAN_POINT('',(-0.0246477554403022,0.00477918011373666,0.039));
#8050=CARTESIAN_POINT('',(-0.024949229443713,0.00677855570435649,0.039));
#8051=CARTESIAN_POINT('',(-0.024949229443713,0.00677855570435649,0.036));
#8052=CARTESIAN_POINT('',(-0.0247482467747725,0.00658657705898455,0.039));
#8053=CARTESIAN_POINT('',(-0.0247482467747725,0.00658657705898455,0.036));
#8054=CARTESIAN_POINT('',(-0.0246477554403022,0.00627931475470835,0.039));
#8055=CARTESIAN_POINT('',(-0.0246477554403022,0.00627931475470835,0.036));
#8056=CARTESIAN_POINT('',(-0.0246477554403022,0.0058567687915279,0.039));
#8057=CARTESIAN_POINT('',(-0.0246477554403022,0.0058567687915279,0.036));
#8058=CARTESIAN_POINT('',(-0.024949229443713,0.00677855570435649,0.039));
#8059=CARTESIAN_POINT('',(-0.024949229443713,0.00677855570435649,0.039));
#8060=CARTESIAN_POINT('',(-0.024949229443713,0.00677855570435649,0.039));
#8061=CARTESIAN_POINT('',(-0.0246477554403022,0.00649058773629858,0.039));
#8062=CARTESIAN_POINT('',(-0.0246477554403022,0.0058567687915279,0.039));
#8063=CARTESIAN_POINT('',(-0.0258478631530796,0.0070665236724144,0.039));
#8064=CARTESIAN_POINT('',(-0.0258478631530796,0.0070665236724144,0.036));
#8065=CARTESIAN_POINT('',(-0.0254497566824423,0.0070665236724144,0.039));
#8066=CARTESIAN_POINT('',(-0.0254497566824423,0.0070665236724144,0.036));
#8067=CARTESIAN_POINT('',(-0.0251502121126534,0.00697053434972843,0.039));
#8068=CARTESIAN_POINT('',(-0.0251502121126534,0.00697053434972843,0.036));
#8069=CARTESIAN_POINT('',(-0.024949229443713,0.00677855570435649,0.039));
#8070=CARTESIAN_POINT('',(-0.024949229443713,0.00677855570435649,0.036));
#8071=CARTESIAN_POINT('',(-0.0258478631530796,0.0070665236724144,0.039));
#8072=CARTESIAN_POINT('',(-0.0258478631530796,0.0070665236724144,0.039));
#8073=CARTESIAN_POINT('',(-0.0258478631530796,0.0070665236724144,0.039));
#8074=CARTESIAN_POINT('',(-0.0252507034471236,0.0070665236724144,0.039));
#8075=CARTESIAN_POINT('',(-0.024949229443713,0.00677855570435649,0.039));
#8076=CARTESIAN_POINT('',(-0.0258699174237805,0.00566878973473794,0.039));
#8077=CARTESIAN_POINT('',(-0.0264657642704701,0.00693194567729186,0.039));
#8078=CARTESIAN_POINT('',(-0.0264657586054555,0.00693192989782121,0.039));
#8079=CARTESIAN_POINT('',(-0.0258699174237805,0.00566878973473794,0.039));
#8080=CARTESIAN_POINT('',(-0.0260317859855221,0.00599912022647194,0.039));
#8081=CARTESIAN_POINT('',(-0.026897896148599,0.006553294329008,0.039));
#8082=CARTESIAN_POINT('',(-0.026897896148599,0.006553294329008,0.039));
#8083=CARTESIAN_POINT('',(-0.0260317859855221,0.00599912022647194,0.039));
#8084=CARTESIAN_POINT('',(-0.0269095340034907,0.006553294329008,0.039));
#8085=CARTESIAN_POINT('',(-0.0269215929636271,0.006553294329008,0.039));
#8086=CARTESIAN_POINT('',(-0.0269215929636271,0.006553294329008,0.039));
#8087=CARTESIAN_POINT('',(-0.0269095340034907,0.006553294329008,0.039));
#8088=CARTESIAN_POINT('',(-0.0269621110696855,0.0067795204211674,0.039));
#8089=CARTESIAN_POINT('',(-0.027002629175744,0.0070057465133268,0.039));
#8090=CARTESIAN_POINT('',(-0.027002629175744,0.0070057465133268,0.039));
#8091=CARTESIAN_POINT('',(-0.0269621110696855,0.0067795204211674,0.039));
#8092=CARTESIAN_POINT('',(-0.0272061844228468,0.0070057465133268,0.039));
#8093=CARTESIAN_POINT('',(-0.0274097396699498,0.0070057465133268,0.039));
#8094=CARTESIAN_POINT('',(-0.0274097396699498,0.0070057465133268,0.039));
#8095=CARTESIAN_POINT('',(-0.0272061844228468,0.0070057465133268,0.039));
#8096=CARTESIAN_POINT('',(-0.0274097396699498,0.00535366897463611,0.039));
#8097=CARTESIAN_POINT('',(-0.0274097396699498,0.00370159143594542,0.039));
#8098=CARTESIAN_POINT('',(-0.0274097396699498,0.00370159143594542,0.039));
#8099=CARTESIAN_POINT('',(-0.0274097396699498,0.00535366897463611,0.039));
#8100=CARTESIAN_POINT('',(-0.0271593956575176,0.00370159143594542,0.039));
#8101=CARTESIAN_POINT('',(-0.0269090516450853,0.00370159143594542,0.039));
#8102=CARTESIAN_POINT('',(-0.0269090516450853,0.00370159143594542,0.039));
#8103=CARTESIAN_POINT('',(-0.0271593956575176,0.00370159143594542,0.039));
#8104=CARTESIAN_POINT('',(-0.0269090516450853,0.00456838949055189,0.039));
#8105=CARTESIAN_POINT('',(-0.0269090516450853,0.00543518754515836,0.039));
#8106=CARTESIAN_POINT('',(-0.0269090516450853,0.00543518754515836,0.039));
#8107=CARTESIAN_POINT('',(-0.0269090516450853,0.00456838949055189,0.039));
#8108=CARTESIAN_POINT('',(-0.0266678724423567,0.00636083332523061,0.039));
#8109=CARTESIAN_POINT('',(-0.0266678724423567,0.00636083332523061,0.036));
#8110=CARTESIAN_POINT('',(-0.0268286585775091,0.00617399983618354,0.039));
#8111=CARTESIAN_POINT('',(-0.0268286585775091,0.00617399983618354,0.036));
#8112=CARTESIAN_POINT('',(-0.0269090516450853,0.00586545124282613,0.039));
#8113=CARTESIAN_POINT('',(-0.0269090516450853,0.00586545124282613,0.036));
#8114=CARTESIAN_POINT('',(-0.0269090516450853,0.00543518754515836,0.039));
#8115=CARTESIAN_POINT('',(-0.0269090516450853,0.00543518754515836,0.036));
#8116=CARTESIAN_POINT('',(-0.0266678724423567,0.00636083332523061,0.039));
#8117=CARTESIAN_POINT('',(-0.0266678724423567,0.00636083332523061,0.039));
#8118=CARTESIAN_POINT('',(-0.0266678724423567,0.00636083332523061,0.039));
#8119=CARTESIAN_POINT('',(-0.0269090516450853,0.00608058309166001,0.039));
#8120=CARTESIAN_POINT('',(-0.0269090516450853,0.00543518754515836,0.039));
#8121=CARTESIAN_POINT('',(-0.0259086403121672,0.0066410835588012,0.039));
#8122=CARTESIAN_POINT('',(-0.0259086403121672,0.0066410835588012,0.036));
#8123=CARTESIAN_POINT('',(-0.0262540089304745,0.0066410835588012,0.039));
#8124=CARTESIAN_POINT('',(-0.0262540089304745,0.0066410835588012,0.036));
#8125=CARTESIAN_POINT('',(-0.0265070863072043,0.00654766681427767,0.039));
#8126=CARTESIAN_POINT('',(-0.0265070863072043,0.00654766681427767,0.036));
#8127=CARTESIAN_POINT('',(-0.0266678724423567,0.00636083332523061,0.039));
#8128=CARTESIAN_POINT('',(-0.0266678724423567,0.00636083332523061,0.036));
#8129=CARTESIAN_POINT('',(-0.0259086403121672,0.0066410835588012,0.039));
#8130=CARTESIAN_POINT('',(-0.0259086403121672,0.0066410835588012,0.039));
#8131=CARTESIAN_POINT('',(-0.0259086403121672,0.0066410835588012,0.039));
#8132=CARTESIAN_POINT('',(-0.0264266932396282,0.0066410835588012,0.039));
#8133=CARTESIAN_POINT('',(-0.0266678724423567,0.00636083332523061,0.039));
#8134=CARTESIAN_POINT('',(-0.0253322220176459,0.00644186953734741,0.039));
#8135=CARTESIAN_POINT('',(-0.0253322220176459,0.00644186953734741,0.036));
#8136=CARTESIAN_POINT('',(-0.025454741052632,0.00657467888498327,0.039));
#8137=CARTESIAN_POINT('',(-0.025454741052632,0.00657467888498327,0.036));
#8138=CARTESIAN_POINT('',(-0.0256468804841391,0.0066410835588012,0.039));
#8139=CARTESIAN_POINT('',(-0.0256468804841391,0.0066410835588012,0.036));
#8140=CARTESIAN_POINT('',(-0.0259086403121672,0.0066410835588012,0.039));
#8141=CARTESIAN_POINT('',(-0.0259086403121672,0.0066410835588012,0.036));
#8142=CARTESIAN_POINT('',(-0.0253322220176459,0.00644186953734741,0.039));
#8143=CARTESIAN_POINT('',(-0.0253322220176459,0.00644186953734741,0.039));
#8144=CARTESIAN_POINT('',(-0.0253322220176459,0.00644186953734741,0.039));
#8145=CARTESIAN_POINT('',(-0.0255160005701251,0.0066410835588012,0.039));
#8146=CARTESIAN_POINT('',(-0.0259086403121672,0.0066410835588012,0.039));
#8147=CARTESIAN_POINT('',(-0.0251484434651668,0.00583940388893144,0.039));
#8148=CARTESIAN_POINT('',(-0.0251484434651668,0.00583940388893144,0.036));
#8149=CARTESIAN_POINT('',(-0.0251484434651667,0.00610823830690622,0.039));
#8150=CARTESIAN_POINT('',(-0.0251484434651667,0.00610823830690622,0.036));
#8151=CARTESIAN_POINT('',(-0.0252097029826598,0.00630906018971154,0.039));
#8152=CARTESIAN_POINT('',(-0.0252097029826598,0.00630906018971154,0.036));
#8153=CARTESIAN_POINT('',(-0.0253322220176459,0.00644186953734741,0.039));
#8154=CARTESIAN_POINT('',(-0.0253322220176459,0.00644186953734741,0.036));
#8155=CARTESIAN_POINT('',(-0.0251484434651668,0.00583940388893144,0.039));
#8156=CARTESIAN_POINT('',(-0.0251484434651668,0.00624265551589361,0.039));
#8157=CARTESIAN_POINT('',(-0.0253322220176459,0.00644186953734741,0.039));
#8158=CARTESIAN_POINT('',(0.00198598749339636,-0.00383108708127283,0.039));
#8159=CARTESIAN_POINT('',(-0.0351699216969442,0.00565514297804682,0.039));
#8160=CARTESIAN_POINT('',(-0.0344222661684856,0.00370159143594542,0.039));
#8161=CARTESIAN_POINT('',(-0.0344222661684856,0.00370159143594542,0.039));
#8162=CARTESIAN_POINT('',(-0.0351699216969442,0.00565514297804682,0.039));
#8163=CARTESIAN_POINT('',(-0.0359175772254028,0.00760869452014822,0.039));
#8164=CARTESIAN_POINT('',(-0.0359175772254028,0.00760869452014822,0.039));
#8165=CARTESIAN_POINT('',(-0.03421581677095,0.00370159143594542,0.039));
#8166=CARTESIAN_POINT('',(-0.0340093673734143,0.00370159143594542,0.039));
#8167=CARTESIAN_POINT('',(-0.0340093673734143,0.00370159143594542,0.039));
#8168=CARTESIAN_POINT('',(-0.03421581677095,0.00370159143594542,0.039));
#8169=CARTESIAN_POINT('',(-0.0332554411856848,0.00565224882761408,0.039));
#8170=CARTESIAN_POINT('',(-0.0325015149979553,0.00760290621928273,0.039));
#8171=CARTESIAN_POINT('',(-0.0325015149979553,0.00760290621928273,0.039));
#8172=CARTESIAN_POINT('',(-0.0332554411856848,0.00565224882761408,0.039));
#8173=CARTESIAN_POINT('',(-0.0324894560378189,0.00760290621928273,0.039));
#8174=CARTESIAN_POINT('',(-0.0324771352312931,0.00760290621928273,0.039));
#8175=CARTESIAN_POINT('',(-0.0324773970776824,0.00760290621928273,0.039));
#8176=CARTESIAN_POINT('',(-0.0324894560378189,0.00760290621928273,0.039));
#8177=CARTESIAN_POINT('',(-0.0180451457226416,0.00648682710520812,0.038999999999999));
#8178=CARTESIAN_POINT('',(-0.0325198446173627,0.00654171772727703,0.039));
#8179=CARTESIAN_POINT('',(-0.0325199833508354,0.00654171825337893,0.03899999975));
#8180=CARTESIAN_POINT('',(-0.0180451457226416,0.00648682710520812,0.039));
#8181=CARTESIAN_POINT('',(-0.0325198446173627,0.00512165458161122,0.039));
#8182=CARTESIAN_POINT('',(-0.0325198446173627,0.00370159143594542,0.039));
#8183=CARTESIAN_POINT('',(-0.0325198446173627,0.00370159143594542,0.039));
#8184=CARTESIAN_POINT('',(-0.0325198446173627,0.00512165458161122,0.039));
#8185=CARTESIAN_POINT('',(-0.0322637123040649,0.00370159143594542,0.039));
#8186=CARTESIAN_POINT('',(-0.0320075799907672,0.00370159143594542,0.039));
#8187=CARTESIAN_POINT('',(-0.0320075799907672,0.00370159143594542,0.039));
#8188=CARTESIAN_POINT('',(-0.0322637123040649,0.00370159143594542,0.039));
#8189=CARTESIAN_POINT('',(-0.0320075799907672,0.00590548699047907,0.039));
#8190=CARTESIAN_POINT('',(-0.0320075799907672,0.00810938254501273,0.039));
#8191=CARTESIAN_POINT('',(-0.0320075799907672,0.00810938254501273,0.039));
#8192=CARTESIAN_POINT('',(-0.0320075799907672,0.00590548699047907,0.039));
#8193=CARTESIAN_POINT('',(-0.0323905725647001,0.00810938254501273,0.039));
#8194=CARTESIAN_POINT('',(-0.0327735651386332,0.00810938254501273,0.039));
#8195=CARTESIAN_POINT('',(-0.0327735651386332,0.00810938254501273,0.039));
#8196=CARTESIAN_POINT('',(-0.0323905725647001,0.00810938254501273,0.039));
#8197=CARTESIAN_POINT('',(-0.0334773260521951,0.00629137371484478,0.039));
#8198=CARTESIAN_POINT('',(-0.0341810869657571,0.00447336488467683,0.039));
#8199=CARTESIAN_POINT('',(-0.0341810869657571,0.00447336488467683,0.039));
#8200=CARTESIAN_POINT('',(-0.0334773260521951,0.00629137371484478,0.039));
#8201=CARTESIAN_POINT('',(-0.0341931459258935,0.00447336488467683,0.039));
#8202=CARTESIAN_POINT('',(-0.0342052048860299,0.00447336488467683,0.039));
#8203=CARTESIAN_POINT('',(-0.0342052048860299,0.00447336488467683,0.039));
#8204=CARTESIAN_POINT('',(-0.0341931459258935,0.00447336488467683,0.039));
#8205=CARTESIAN_POINT('',(-0.0349031774987264,0.00629137371484478,0.039));
#8206=CARTESIAN_POINT('',(-0.0356011501114228,0.00810938254501273,0.039));
#8207=CARTESIAN_POINT('',(-0.0356011501114228,0.00810938254501273,0.039));
#8208=CARTESIAN_POINT('',(-0.0349031774987264,0.00629137371484478,0.039));
#8209=CARTESIAN_POINT('',(-0.0359870368357886,0.00810938254501273,0.039));
#8210=CARTESIAN_POINT('',(-0.0363729235601543,0.00810938254501273,0.039));
#8211=CARTESIAN_POINT('',(-0.0363729235601543,0.00810938254501273,0.039));
#8212=CARTESIAN_POINT('',(-0.0359870368357886,0.00810938254501273,0.039));
#8213=CARTESIAN_POINT('',(-0.0363729235601543,0.00590548699047907,0.039));
#8214=CARTESIAN_POINT('',(-0.0363729235601543,0.00370159143594542,0.039));
#8215=CARTESIAN_POINT('',(-0.0363729235601543,0.00370159143594542,0.039));
#8216=CARTESIAN_POINT('',(-0.0363729235601543,0.00590548699047907,0.039));
#8217=CARTESIAN_POINT('',(-0.0361360855830749,0.00370159143594542,0.039));
#8218=CARTESIAN_POINT('',(-0.0358992476059954,0.00370159143594542,0.039));
#8219=CARTESIAN_POINT('',(-0.0358992476059954,0.00370159143594542,0.039));
#8220=CARTESIAN_POINT('',(-0.0361360855830749,0.00370159143594542,0.039));
#8221=CARTESIAN_POINT('',(-0.0358992476059954,0.00510332496220385,0.039));
#8222=CARTESIAN_POINT('',(-0.0358992476059954,0.00650505848846229,0.039));
#8223=CARTESIAN_POINT('',(-0.0358995548393081,0.00650506065398275,0.039));
#8224=CARTESIAN_POINT('',(-0.0358992476059954,0.00510332496220385,0.039));
#8225=CARTESIAN_POINT('',(-0.0483673364782327,0.00659293926303203,0.0389999999999993));
#8226=CARTESIAN_POINT('',(-0.0359409982572781,0.00760869452014822,0.039));
#8227=CARTESIAN_POINT('',(-0.0359409982572781,0.00760869452014822,0.039));
#8228=CARTESIAN_POINT('',(-0.0483673364782327,0.00659293926303203,0.039));
#8229=CARTESIAN_POINT('',(-0.0359296361855392,0.00760869452014822,0.039));
#8230=CARTESIAN_POINT('',(-0.0359296361855392,0.00760869452014822,0.039));
#8231=CARTESIAN_POINT('',(0.00198598749339636,-0.00383108708127283,0.039));
#8232=CARTESIAN_POINT('',(0.0398446529568696,0.0065025741145228,0.039));
#8233=CARTESIAN_POINT('',(0.0398446529568696,0.0065025741145228,0.036));
#8234=CARTESIAN_POINT('',(0.0395354441987298,0.0065025741145228,0.039));
#8235=CARTESIAN_POINT('',(0.0395354441987298,0.0065025741145228,0.036));
#8236=CARTESIAN_POINT('',(0.0392887151229082,0.00640181859078427,0.039));
#8237=CARTESIAN_POINT('',(0.0392887151229082,0.00640181859078427,0.036));
#8238=CARTESIAN_POINT('',(0.039104465729405,0.00620030754330722,0.039));
#8239=CARTESIAN_POINT('',(0.039104465729405,0.00620030754330722,0.036));
#8240=CARTESIAN_POINT('',(0.0398446529568696,0.0065025741145228,0.036));
#8241=CARTESIAN_POINT('',(0.0393808398196598,0.0065025741145228,0.036));
#8242=CARTESIAN_POINT('',(0.039104465729405,0.00620030754330722,0.036));
#8243=CARTESIAN_POINT('',(0.0398446529568696,0.0065025741145228,0.036));
#8244=CARTESIAN_POINT('',(0.039104465729405,0.00620030754330722,0.036));
#8245=CARTESIAN_POINT('',(0.0398446529568696,0.0065025741145228,0.039));
#8246=CARTESIAN_POINT('',(0.0398446529568696,0.0065025741145228,0.039));
#8247=CARTESIAN_POINT('',(0.0398446529568696,0.0065025741145228,0.039));
#8248=CARTESIAN_POINT('',(0.0393808398196598,0.0065025741145228,0.039));
#8249=CARTESIAN_POINT('',(0.039104465729405,0.00620030754330722,0.039));
#8250=CARTESIAN_POINT('',(0.039104465729405,0.00620030754330722,0.039));
#8251=CARTESIAN_POINT('',(0.039104465729405,0.00620030754330722,0.039));
#8252=CARTESIAN_POINT('',(0.0405488158629976,0.0062087507436205,0.039));
#8253=CARTESIAN_POINT('',(0.0405488158629976,0.0062087507436205,0.036));
#8254=CARTESIAN_POINT('',(0.0403848301502462,0.0064046329908887,0.039));
#8255=CARTESIAN_POINT('',(0.0403848301502462,0.0064046329908887,0.036));
#8256=CARTESIAN_POINT('',(0.0401501091815369,0.0065025741145228,0.039));
#8257=CARTESIAN_POINT('',(0.0401501091815369,0.0065025741145228,0.036));
#8258=CARTESIAN_POINT('',(0.0398446529568696,0.0065025741145228,0.039));
#8259=CARTESIAN_POINT('',(0.0398446529568696,0.0065025741145228,0.036));
#8260=CARTESIAN_POINT('',(0.0405488158629976,0.0062087507436205,0.036));
#8261=CARTESIAN_POINT('',(0.0403028372938705,0.0065025741145228,0.036));
#8262=CARTESIAN_POINT('',(0.0398446529568696,0.0065025741145228,0.036));
#8263=CARTESIAN_POINT('',(0.0405488158629976,0.0062087507436205,0.036));
#8264=CARTESIAN_POINT('',(0.0405488158629976,0.0062087507436205,0.039));
#8265=CARTESIAN_POINT('',(0.0405488158629976,0.0062087507436205,0.039));
#8266=CARTESIAN_POINT('',(0.0405488158629976,0.0062087507436205,0.039));
#8267=CARTESIAN_POINT('',(0.0403028372938705,0.0065025741145228,0.039));
#8268=CARTESIAN_POINT('',(0.0398446529568696,0.0065025741145228,0.039));
#8269=CARTESIAN_POINT('',(0.0407947944321246,0.00536330495225027,0.039));
#8270=CARTESIAN_POINT('',(0.0407947944321246,0.00536330495225027,0.036));
#8271=CARTESIAN_POINT('',(0.0407947944321246,0.00573105323256222,0.039));
#8272=CARTESIAN_POINT('',(0.0407947944321246,0.00573105323256222,0.036));
#8273=CARTESIAN_POINT('',(0.0407128015757489,0.0060128684963523,0.039));
#8274=CARTESIAN_POINT('',(0.0407128015757489,0.0060128684963523,0.036));
#8275=CARTESIAN_POINT('',(0.0405488158629976,0.0062087507436205,0.039));
#8276=CARTESIAN_POINT('',(0.0405488158629976,0.0062087507436205,0.036));
#8277=CARTESIAN_POINT('',(0.0407947944321246,0.00536330495225027,0.036));
#8278=CARTESIAN_POINT('',(0.0407947944321246,0.0059149273727182,0.036));
#8279=CARTESIAN_POINT('',(0.0405488158629976,0.0062087507436205,0.036));
#8280=CARTESIAN_POINT('',(0.0407947944321246,0.00536330495225027,0.036));
#8281=CARTESIAN_POINT('',(0.0407947944321246,0.00536330495225027,0.039));
#8282=CARTESIAN_POINT('',(0.0407947944321246,0.00536330495225027,0.039));
#8283=CARTESIAN_POINT('',(0.0407947944321246,0.00536330495225027,0.039));
#8284=CARTESIAN_POINT('',(0.0407947944321246,0.0059149273727182,0.039));
#8285=CARTESIAN_POINT('',(0.0405488158629976,0.0062087507436205,0.039));
#8286=CARTESIAN_POINT('',(0.0397866763147184,0.00536330495225027,0.039));
#8287=CARTESIAN_POINT('',(0.0397866763147184,0.00536330495225027,0.036));
#8288=CARTESIAN_POINT('',(0.0387785581973122,0.00536330495225027,0.036));
#8289=CARTESIAN_POINT('',(0.0387785581973122,0.00536330495225027,0.039));
#8290=CARTESIAN_POINT('',(0.0387785581973122,0.00536330495225027,0.039));
#8291=CARTESIAN_POINT('',(0.0397866763147184,0.00536330495225027,0.039));
#8292=CARTESIAN_POINT('',(0.0400033851227594,0.00299470582436349,0.039));
#8293=CARTESIAN_POINT('',(0.0400033851227594,0.00299470582436349,0.036));
#8294=CARTESIAN_POINT('',(0.0394337505416231,0.00299470582436349,0.039));
#8295=CARTESIAN_POINT('',(0.0394337505416231,0.00299470582436349,0.036));
#8296=CARTESIAN_POINT('',(0.0389840094049355,0.00316844812414352,0.039));
#8297=CARTESIAN_POINT('',(0.0389840094049355,0.00316844812414352,0.036));
#8298=CARTESIAN_POINT('',(0.0386541617126965,0.0035159327237036,0.039));
#8299=CARTESIAN_POINT('',(0.0386541617126965,0.0035159327237036,0.036));
#8300=CARTESIAN_POINT('',(0.0400033851227594,0.00299470582436349,0.039));
#8301=CARTESIAN_POINT('',(0.0400033851227594,0.00299470582436349,0.039));
#8302=CARTESIAN_POINT('',(0.0400033851227594,0.00299470582436349,0.039));
#8303=CARTESIAN_POINT('',(0.039148933251055,0.00299470582436349,0.039));
#8304=CARTESIAN_POINT('',(0.0386541617126965,0.0035159327237036,0.039));
#8305=CARTESIAN_POINT('',(0.0386541617126965,0.0035159327237036,0.039));
#8306=CARTESIAN_POINT('',(0.0386541617126965,0.0035159327237036,0.039));
#8307=CARTESIAN_POINT('',(0.040669835067488,0.00305324534653559,0.039));
#8308=CARTESIAN_POINT('',(0.040669835067488,0.00305324534653559,0.036));
#8309=CARTESIAN_POINT('',(0.040485960927332,0.00301421899842086,0.039));
#8310=CARTESIAN_POINT('',(0.040485960927332,0.00301421899842086,0.036));
#8311=CARTESIAN_POINT('',(0.0402638109457558,0.00299470582436349,0.039));
#8312=CARTESIAN_POINT('',(0.0402638109457558,0.00299470582436349,0.036));
#8313=CARTESIAN_POINT('',(0.0400033851227594,0.00299470582436349,0.039));
#8314=CARTESIAN_POINT('',(0.0400033851227594,0.00299470582436349,0.036));
#8315=CARTESIAN_POINT('',(0.040669835067488,0.00305324534653559,0.039));
#8316=CARTESIAN_POINT('',(0.040669835067488,0.00305324534653559,0.039));
#8317=CARTESIAN_POINT('',(0.040669835067488,0.00305324534653559,0.039));
#8318=CARTESIAN_POINT('',(0.040394023857254,0.00299470582436349,0.039));
#8319=CARTESIAN_POINT('',(0.0400033851227594,0.00299470582436349,0.039));
#8320=CARTESIAN_POINT('',(0.0399789793748387,0.00614238190121373,0.0389999999999998));
#8321=CARTESIAN_POINT('',(0.041255230289209,0.00324511091081998,0.039));
#8322=CARTESIAN_POINT('',(0.041255230289209,0.00324511091081998,0.039));
#8323=CARTESIAN_POINT('',(0.0399789793748387,0.00614238190121373,0.039));
#8324=CARTESIAN_POINT('',(0.041255230289209,0.00350523800330676,0.039));
#8325=CARTESIAN_POINT('',(0.041255230289209,0.00376670132121507,0.039));
#8326=CARTESIAN_POINT('',(0.041255230289209,0.00376585145297682,0.039));
#8327=CARTESIAN_POINT('',(0.041255230289209,0.00350523800330676,0.039));
#8328=CARTESIAN_POINT('',(0.040008517938953,0.00660758328228557,0.039));
#8329=CARTESIAN_POINT('',(0.0400247745635531,0.00350580088332765,0.039));
#8330=CARTESIAN_POINT('',(0.0400247745635531,0.00350580088332765,0.039));
#8331=CARTESIAN_POINT('',(0.040008517938953,0.00660758328228557,0.039));
#8332=CARTESIAN_POINT('',(0.0391084058895513,0.00385760089638118,0.039));
#8333=CARTESIAN_POINT('',(0.0391084058895513,0.00385760089638118,0.036));
#8334=CARTESIAN_POINT('',(0.0393253023242658,0.00362306755434549,0.039));
#8335=CARTESIAN_POINT('',(0.0393253023242658,0.00362306755434549,0.036));
#8336=CARTESIAN_POINT('',(0.0396307585489331,0.00350580088332765,0.039));
#8337=CARTESIAN_POINT('',(0.0396307585489331,0.00350580088332765,0.036));
#8338=CARTESIAN_POINT('',(0.0400247745635531,0.00350580088332765,0.039));
#8339=CARTESIAN_POINT('',(0.0400247745635531,0.00350580088332765,0.036));
#8340=CARTESIAN_POINT('',(0.0391084058895513,0.00385760089638118,0.039));
#8341=CARTESIAN_POINT('',(0.0391084058895513,0.00385760089638118,0.039));
#8342=CARTESIAN_POINT('',(0.0391084058895513,0.00385760089638118,0.039));
#8343=CARTESIAN_POINT('',(0.0394337505416232,0.00350580088332765,0.039));
#8344=CARTESIAN_POINT('',(0.0400247745635531,0.00350580088332765,0.039));
#8345=CARTESIAN_POINT('',(0.038765049076811,0.00488823421462279,0.039));
#8346=CARTESIAN_POINT('',(0.038765049076811,0.00488823421462279,0.036));
#8347=CARTESIAN_POINT('',(0.0387770571839232,0.00443567867783073,0.039));
#8348=CARTESIAN_POINT('',(0.0387770571839232,0.00443567867783073,0.036));
#8349=CARTESIAN_POINT('',(0.0388915094548366,0.00409213423841686,0.039));
#8350=CARTESIAN_POINT('',(0.0388915094548366,0.00409213423841686,0.036));
#8351=CARTESIAN_POINT('',(0.0391084058895513,0.00385760089638118,0.039));
#8352=CARTESIAN_POINT('',(0.0391084058895513,0.00385760089638118,0.036));
#8353=CARTESIAN_POINT('',(0.038765049076811,0.00488823421462279,0.039));
#8354=CARTESIAN_POINT('',(0.038765049076811,0.00488823421462279,0.039));
#8355=CARTESIAN_POINT('',(0.038765049076811,0.00488823421462279,0.039));
#8356=CARTESIAN_POINT('',(0.0387830612374793,0.0042094009094347,0.039));
#8357=CARTESIAN_POINT('',(0.0391084058895513,0.00385760089638118,0.039));
#8358=CARTESIAN_POINT('',(0.0400928830460802,0.00488823421462279,0.039));
#8359=CARTESIAN_POINT('',(0.0414207170153495,0.00488823421462279,0.039));
#8360=CARTESIAN_POINT('',(0.0414207170153495,0.00488823421462279,0.039));
#8361=CARTESIAN_POINT('',(0.0400928830460802,0.00488823421462279,0.039));
#8362=CARTESIAN_POINT('',(0.0414207170153495,0.00507285886147328,0.039));
#8363=CARTESIAN_POINT('',(0.0414207170153495,0.00525748350832377,0.039));
#8364=CARTESIAN_POINT('',(0.0414207170153495,0.00525748350832377,0.039));
#8365=CARTESIAN_POINT('',(0.0414207170153495,0.00507285886147328,0.039));
#8366=CARTESIAN_POINT('',(0.0409985569996852,0.00651552035500318,0.039));
#8367=CARTESIAN_POINT('',(0.0409985569996852,0.00651552035500318,0.036));
#8368=CARTESIAN_POINT('',(0.041279997010128,0.00619768076987642,0.039));
#8369=CARTESIAN_POINT('',(0.041279997010128,0.00619768076987642,0.036));
#8370=CARTESIAN_POINT('',(0.0414207170153495,0.00577833515431662,0.039));
#8371=CARTESIAN_POINT('',(0.0414207170153495,0.00577833515431662,0.036));
#8372=CARTESIAN_POINT('',(0.0414207170153495,0.00525748350832377,0.039));
#8373=CARTESIAN_POINT('',(0.0414207170153495,0.00525748350832377,0.036));
#8374=CARTESIAN_POINT('',(0.0409985569996852,0.00651552035500318,0.039));
#8375=CARTESIAN_POINT('',(0.0409985569996852,0.00651552035500318,0.039));
#8376=CARTESIAN_POINT('',(0.0409985569996852,0.00651552035500318,0.039));
#8377=CARTESIAN_POINT('',(0.0414207170153495,0.00603876097731304,0.039));
#8378=CARTESIAN_POINT('',(0.0414207170153495,0.00525748350832377,0.039));
#8379=CARTESIAN_POINT('',(0.039852533277162,0.00699227973269331,0.039));
#8380=CARTESIAN_POINT('',(0.039852533277162,0.00699227973269331,0.036));
#8381=CARTESIAN_POINT('',(0.0403351090817347,0.00699227973269331,0.039));
#8382=CARTESIAN_POINT('',(0.0403351090817347,0.00699227973269331,0.036));
#8383=CARTESIAN_POINT('',(0.0407171169892424,0.00683335994012993,0.039));
#8384=CARTESIAN_POINT('',(0.0407171169892424,0.00683335994012993,0.036));
#8385=CARTESIAN_POINT('',(0.0409985569996852,0.00651552035500318,0.039));
#8386=CARTESIAN_POINT('',(0.0409985569996852,0.00651552035500318,0.036));
#8387=CARTESIAN_POINT('',(0.039852533277162,0.00699227973269331,0.039));
#8388=CARTESIAN_POINT('',(0.039852533277162,0.00699227973269331,0.039));
#8389=CARTESIAN_POINT('',(0.039852533277162,0.00699227973269331,0.039));
#8390=CARTESIAN_POINT('',(0.040576396984021,0.00699227973269331,0.039));
#8391=CARTESIAN_POINT('',(0.0409985569996852,0.00651552035500318,0.039));
#8392=CARTESIAN_POINT('',(0.0386187002713807,0.00644347171232981,0.039));
#8393=CARTESIAN_POINT('',(0.0386187002713807,0.00644347171232981,0.036));
#8394=CARTESIAN_POINT('',(0.0389249070027425,0.00680934372590548,0.039));
#8395=CARTESIAN_POINT('',(0.0389249070027425,0.00680934372590548,0.036));
#8396=CARTESIAN_POINT('',(0.0393361846713363,0.00699227973269331,0.039));
#8397=CARTESIAN_POINT('',(0.0393361846713363,0.00699227973269331,0.036));
#8398=CARTESIAN_POINT('',(0.039852533277162,0.00699227973269331,0.039));
#8399=CARTESIAN_POINT('',(0.039852533277162,0.00699227973269331,0.036));
#8400=CARTESIAN_POINT('',(0.0386187002713807,0.00644347171232981,0.039));
#8401=CARTESIAN_POINT('',(0.0386187002713807,0.00644347171232981,0.039));
#8402=CARTESIAN_POINT('',(0.0386187002713807,0.00644347171232981,0.039));
#8403=CARTESIAN_POINT('',(0.0390780103684234,0.00699227973269331,0.039));
#8404=CARTESIAN_POINT('',(0.039852533277162,0.00699227973269331,0.039));
#8405=CARTESIAN_POINT('',(0.0381593901743381,0.00496140861733792,0.039));
#8406=CARTESIAN_POINT('',(0.0381593901743381,0.00496140861733792,0.036));
#8407=CARTESIAN_POINT('',(0.0381593901743381,0.00558357866709018,0.039));
#8408=CARTESIAN_POINT('',(0.0381593901743381,0.00558357866709018,0.036));
#8409=CARTESIAN_POINT('',(0.0383124935400189,0.00607759969875414,0.039));
#8410=CARTESIAN_POINT('',(0.0383124935400189,0.00607759969875414,0.036));
#8411=CARTESIAN_POINT('',(0.0386187002713807,0.00644347171232981,0.039));
#8412=CARTESIAN_POINT('',(0.0386187002713807,0.00644347171232981,0.036));
#8413=CARTESIAN_POINT('',(0.0381593901743381,0.00496140861733792,0.039));
#8414=CARTESIAN_POINT('',(0.0381593901743381,0.00496140861733792,0.039));
#8415=CARTESIAN_POINT('',(0.0381593901743381,0.00496140861733792,0.039));
#8416=CARTESIAN_POINT('',(0.0381593901743381,0.00589466369196631,0.039));
#8417=CARTESIAN_POINT('',(0.0386187002713807,0.00644347171232981,0.039));
#8418=CARTESIAN_POINT('',(0.0386541617126965,0.0035159327237036,0.039));
#8419=CARTESIAN_POINT('',(0.0386541617126965,0.0035159327237036,0.036));
#8420=CARTESIAN_POINT('',(0.0383243140204575,0.00386341732326366,0.039));
#8421=CARTESIAN_POINT('',(0.0383243140204575,0.00386341732326366,0.036));
#8422=CARTESIAN_POINT('',(0.0381593901743381,0.00434524262114177,0.039));
#8423=CARTESIAN_POINT('',(0.0381593901743381,0.00434524262114177,0.036));
#8424=CARTESIAN_POINT('',(0.0381593901743381,0.00496140861733792,0.039));
#8425=CARTESIAN_POINT('',(0.0381593901743381,0.00496140861733792,0.036));
#8426=CARTESIAN_POINT('',(0.0386541617126965,0.0035159327237036,0.039));
#8427=CARTESIAN_POINT('',(0.0381593901743381,0.00403715962304369,0.039));
#8428=CARTESIAN_POINT('',(0.0381593901743381,0.00496140861733792,0.039));
#8429=CARTESIAN_POINT('',(0.039104465729405,0.00620030754330722,0.039));
#8430=CARTESIAN_POINT('',(0.039104465729405,0.00620030754330722,0.036));
#8431=CARTESIAN_POINT('',(0.0389202163359018,0.00599879649583016,0.039));
#8432=CARTESIAN_POINT('',(0.0389202163359018,0.00599879649583016,0.036));
#8433=CARTESIAN_POINT('',(0.0388115804918709,0.00571979563214451,0.039));
#8434=CARTESIAN_POINT('',(0.0388115804918709,0.00571979563214451,0.036));
#8435=CARTESIAN_POINT('',(0.0387785581973122,0.00536330495225027,0.039));
#8436=CARTESIAN_POINT('',(0.0387785581973122,0.00536330495225027,0.036));
#8437=CARTESIAN_POINT('',(0.039104465729405,0.00620030754330722,0.036));
#8438=CARTESIAN_POINT('',(0.0388280916391502,0.00589804097209163,0.036));
#8439=CARTESIAN_POINT('',(0.0387785581973122,0.00536330495225027,0.036));
#8440=CARTESIAN_POINT('',(0.039104465729405,0.00620030754330722,0.039));
#8441=CARTESIAN_POINT('',(0.0388280916391502,0.00589804097209163,0.039));
#8442=CARTESIAN_POINT('',(0.0387785581973122,0.00536330495225027,0.039));
#8443=CARTESIAN_POINT('',(0.00198598749339636,-0.00383108708127283,0.039));
#8444=CARTESIAN_POINT('',(0.0360716681768732,0.00306562870699508,0.039));
#8445=CARTESIAN_POINT('',(0.037470425028774,0.00306562870699508,0.039));
#8446=CARTESIAN_POINT('',(0.037470425028774,0.00306562870699508,0.039));
#8447=CARTESIAN_POINT('',(0.0360716681768732,0.00306562870699508,0.039));
#8448=CARTESIAN_POINT('',(0.0346729113249723,0.00306562870699508,0.039));
#8449=CARTESIAN_POINT('',(0.0346729113249723,0.00306562870699508,0.039));
#8450=CARTESIAN_POINT('',(0.037470425028774,0.003292469355412,0.039));
#8451=CARTESIAN_POINT('',(0.037470425028774,0.0035193100038289,0.039));
#8452=CARTESIAN_POINT('',(0.037470425028774,0.0035193100038289,0.039));
#8453=CARTESIAN_POINT('',(0.037470425028774,0.003292469355412,0.039));
#8454=CARTESIAN_POINT('',(0.0364060189092793,0.0035193100038289,0.039));
#8455=CARTESIAN_POINT('',(0.0353416127897845,0.0035193100038289,0.039));
#8456=CARTESIAN_POINT('',(0.0353416127897845,0.0035193100038289,0.039));
#8457=CARTESIAN_POINT('',(0.0364060189092793,0.0035193100038289,0.039));
#8458=CARTESIAN_POINT('',(0.0363795635482977,0.0049934927785284,0.039));
#8459=CARTESIAN_POINT('',(0.0374175143068108,0.0064676755532279,0.039));
#8460=CARTESIAN_POINT('',(0.0374175143068108,0.0064676755532279,0.039));
#8461=CARTESIAN_POINT('',(0.0363795635482977,0.0049934927785284,0.039));
#8462=CARTESIAN_POINT('',(0.0374175143068108,0.00669451620164481,0.039));
#8463=CARTESIAN_POINT('',(0.0374175143068108,0.00692135685006172,0.039));
#8464=CARTESIAN_POINT('',(0.0374175143068108,0.00692135685006172,0.039));
#8465=CARTESIAN_POINT('',(0.0374175143068108,0.00669451620164481,0.039));
#8466=CARTESIAN_POINT('',(0.0361105068983143,0.00692135685006172,0.039));
#8467=CARTESIAN_POINT('',(0.0348034994898178,0.00692135685006172,0.039));
#8468=CARTESIAN_POINT('',(0.0348034994898178,0.00692135685006172,0.039));
#8469=CARTESIAN_POINT('',(0.0361105068983143,0.00692135685006172,0.039));
#8470=CARTESIAN_POINT('',(0.0348034994898178,0.00669451620164481,0.039));
#8471=CARTESIAN_POINT('',(0.0348034994898178,0.00646767555322789,0.039));
#8472=CARTESIAN_POINT('',(0.0348034994898178,0.00646767555322789,0.039));
#8473=CARTESIAN_POINT('',(0.0348034994898178,0.00669451620164481,0.039));
#8474=CARTESIAN_POINT('',(0.0357902281664303,0.00646767555322789,0.039));
#8475=CARTESIAN_POINT('',(0.0367769568430429,0.00646767555322789,0.039));
#8476=CARTESIAN_POINT('',(0.0367769568430429,0.00646767555322789,0.039));
#8477=CARTESIAN_POINT('',(0.0357902281664303,0.00646767555322789,0.039));
#8478=CARTESIAN_POINT('',(0.0357249340840076,0.00496534877748412,0.039));
#8479=CARTESIAN_POINT('',(0.0346729113249723,0.00346302200174034,0.039));
#8480=CARTESIAN_POINT('',(0.0346729113249723,0.00346302200174034,0.039));
#8481=CARTESIAN_POINT('',(0.0357249340840076,0.00496534877748412,0.039));
#8482=CARTESIAN_POINT('',(0.0346729113249723,0.00326432535436771,0.039));
#8483=CARTESIAN_POINT('',(0.0346729113249723,0.00326432535436771,0.039));
#8484=CARTESIAN_POINT('',(0.00198598749339636,-0.00383108708127283,0.039));
#8485=CARTESIAN_POINT('',(0.03104233519026,0.0049974329386746,0.039));
#8486=CARTESIAN_POINT('',(0.03104233519026,0.0049974329386746,0.036));
#8487=CARTESIAN_POINT('',(0.03104233519026,0.00450435004037878,0.039));
#8488=CARTESIAN_POINT('',(0.03104233519026,0.00450435004037878,0.036));
#8489=CARTESIAN_POINT('',(0.031140839193915,0.00412890906644805,0.039));
#8490=CARTESIAN_POINT('',(0.031140839193915,0.00412890906644805,0.036));
#8491=CARTESIAN_POINT('',(0.0313378472012249,0.00387111001688243,0.039));
#8492=CARTESIAN_POINT('',(0.0313378472012249,0.00387111001688243,0.036));
#8493=CARTESIAN_POINT('',(0.03104233519026,0.0049974329386746,0.036));
#8494=CARTESIAN_POINT('',(0.03104233519026,0.00425780859123087,0.036));
#8495=CARTESIAN_POINT('',(0.0313378472012249,0.00387111001688243,0.036));
#8496=CARTESIAN_POINT('',(0.03104233519026,0.0049974329386746,0.036));
#8497=CARTESIAN_POINT('',(0.0313378472012249,0.00387111001688243,0.036));
#8498=CARTESIAN_POINT('',(0.03104233519026,0.0049974329386746,0.039));
#8499=CARTESIAN_POINT('',(0.03104233519026,0.0049974329386746,0.039));
#8500=CARTESIAN_POINT('',(0.03104233519026,0.0049974329386746,0.039));
#8501=CARTESIAN_POINT('',(0.03104233519026,0.00425780859123087,0.039));
#8502=CARTESIAN_POINT('',(0.0313378472012249,0.00387111001688243,0.039));
#8503=CARTESIAN_POINT('',(0.0313378472012249,0.00387111001688243,0.039));
#8504=CARTESIAN_POINT('',(0.0313378472012249,0.00387111001688243,0.039));
#8505=CARTESIAN_POINT('',(0.0313344699210997,0.00611925282029968,0.039));
#8506=CARTESIAN_POINT('',(0.0313344699210997,0.00611925282029968,0.036));
#8507=CARTESIAN_POINT('',(0.0311397134338732,0.00586820833098469,0.039));
#8508=CARTESIAN_POINT('',(0.0311397134338732,0.00586820833098469,0.036));
#8509=CARTESIAN_POINT('',(0.03104233519026,0.00549426837044299,0.039));
#8510=CARTESIAN_POINT('',(0.03104233519026,0.00549426837044299,0.036));
#8511=CARTESIAN_POINT('',(0.03104233519026,0.0049974329386746,0.039));
#8512=CARTESIAN_POINT('',(0.03104233519026,0.0049974329386746,0.036));
#8513=CARTESIAN_POINT('',(0.0313344699210997,0.00611925282029968,0.036));
#8514=CARTESIAN_POINT('',(0.03104233519026,0.00574268608632719,0.036));
#8515=CARTESIAN_POINT('',(0.03104233519026,0.0049974329386746,0.036));
#8516=CARTESIAN_POINT('',(0.0313344699210997,0.00611925282029968,0.036));
#8517=CARTESIAN_POINT('',(0.0313344699210997,0.00611925282029968,0.039));
#8518=CARTESIAN_POINT('',(0.0313344699210997,0.00611925282029968,0.039));
#8519=CARTESIAN_POINT('',(0.0313344699210997,0.00611925282029968,0.039));
#8520=CARTESIAN_POINT('',(0.03104233519026,0.00574268608632719,0.039));
#8521=CARTESIAN_POINT('',(0.03104233519026,0.0049974329386746,0.039));
#8522=CARTESIAN_POINT('',(0.0321996165132009,0.00649581955427218,0.039));
#8523=CARTESIAN_POINT('',(0.0321996165132009,0.00649581955427218,0.036));
#8524=CARTESIAN_POINT('',(0.0318176086056931,0.00649581955427218,0.039));
#8525=CARTESIAN_POINT('',(0.0318176086056931,0.00649581955427218,0.036));
#8526=CARTESIAN_POINT('',(0.0315292264083261,0.00637029730961468,0.039));
#8527=CARTESIAN_POINT('',(0.0315292264083261,0.00637029730961468,0.036));
#8528=CARTESIAN_POINT('',(0.0313344699210997,0.00611925282029968,0.039));
#8529=CARTESIAN_POINT('',(0.0313344699210997,0.00611925282029968,0.036));
#8530=CARTESIAN_POINT('',(0.0321996165132009,0.00649581955427218,0.036));
#8531=CARTESIAN_POINT('',(0.0316266046519393,0.00649581955427218,0.036));
#8532=CARTESIAN_POINT('',(0.0313344699210997,0.00611925282029968,0.036));
#8533=CARTESIAN_POINT('',(0.0321996165132009,0.00649581955427218,0.036));
#8534=CARTESIAN_POINT('',(0.0321996165132009,0.00649581955427218,0.039));
#8535=CARTESIAN_POINT('',(0.0321996165132009,0.00649581955427218,0.039));
#8536=CARTESIAN_POINT('',(0.0321996165132009,0.00649581955427218,0.039));
#8537=CARTESIAN_POINT('',(0.0316266046519393,0.00649581955427218,0.039));
#8538=CARTESIAN_POINT('',(0.0313344699210997,0.00611925282029968,0.039));
#8539=CARTESIAN_POINT('',(0.0330777093457824,0.00611418690011171,0.039));
#8540=CARTESIAN_POINT('',(0.0330777093457824,0.00611418690011171,0.036));
#8541=CARTESIAN_POINT('',(0.0328795755784307,0.00636860866955202,0.039));
#8542=CARTESIAN_POINT('',(0.0328795755784307,0.00636860866955202,0.036));
#8543=CARTESIAN_POINT('',(0.0325868779675702,0.00649581955427218,0.039));
#8544=CARTESIAN_POINT('',(0.0325868779675702,0.00649581955427218,0.036));
#8545=CARTESIAN_POINT('',(0.0321996165132009,0.00649581955427218,0.039));
#8546=CARTESIAN_POINT('',(0.0321996165132009,0.00649581955427218,0.036));
#8547=CARTESIAN_POINT('',(0.0330777093457824,0.00611418690011171,0.036));
#8548=CARTESIAN_POINT('',(0.0327805086947549,0.00649581955427218,0.036));
#8549=CARTESIAN_POINT('',(0.0321996165132009,0.00649581955427218,0.036));
#8550=CARTESIAN_POINT('',(0.0330777093457824,0.00611418690011171,0.036));
#8551=CARTESIAN_POINT('',(0.0330777093457824,0.00611418690011171,0.039));
#8552=CARTESIAN_POINT('',(0.0330777093457824,0.00611418690011171,0.039));
#8553=CARTESIAN_POINT('',(0.0330777093457824,0.00611418690011171,0.039));
#8554=CARTESIAN_POINT('',(0.0327805086947549,0.00649581955427218,0.039));
#8555=CARTESIAN_POINT('',(0.0321996165132009,0.00649581955427218,0.039));
#8556=CARTESIAN_POINT('',(0.0333749099968101,0.0049974329386746,0.039));
#8557=CARTESIAN_POINT('',(0.0333749099968101,0.0049974329386746,0.036));
#8558=CARTESIAN_POINT('',(0.0333749099968101,0.00548751381019237,0.039));
#8559=CARTESIAN_POINT('',(0.0333749099968101,0.00548751381019237,0.036));
#8560=CARTESIAN_POINT('',(0.0332758431131342,0.0058597651306714,0.039));
#8561=CARTESIAN_POINT('',(0.0332758431131342,0.0058597651306714,0.036));
#8562=CARTESIAN_POINT('',(0.0330777093457824,0.00611418690011171,0.039));
#8563=CARTESIAN_POINT('',(0.0330777093457824,0.00611418690011171,0.036));
#8564=CARTESIAN_POINT('',(0.0333749099968101,0.0049974329386746,0.036));
#8565=CARTESIAN_POINT('',(0.0333749099968101,0.00573255424595125,0.036));
#8566=CARTESIAN_POINT('',(0.0330777093457824,0.00611418690011171,0.036));
#8567=CARTESIAN_POINT('',(0.0333749099968101,0.0049974329386746,0.036));
#8568=CARTESIAN_POINT('',(0.0333749099968101,0.0049974329386746,0.039));
#8569=CARTESIAN_POINT('',(0.0333749099968101,0.0049974329386746,0.039));
#8570=CARTESIAN_POINT('',(0.0333749099968101,0.0049974329386746,0.039));
#8571=CARTESIAN_POINT('',(0.0333749099968101,0.00573255424595125,0.039));
#8572=CARTESIAN_POINT('',(0.0330777093457824,0.00611418690011171,0.039));
#8573=CARTESIAN_POINT('',(0.0330777093457824,0.00386942137681978,0.039));
#8574=CARTESIAN_POINT('',(0.0330777093457824,0.00386942137681978,0.036));
#8575=CARTESIAN_POINT('',(0.0332758431131342,0.00412609466634363,0.039));
#8576=CARTESIAN_POINT('',(0.0332758431131342,0.00412609466634363,0.036));
#8577=CARTESIAN_POINT('',(0.0333749099968101,0.00450209852029524,0.039));
#8578=CARTESIAN_POINT('',(0.0333749099968101,0.00450209852029524,0.036));
#8579=CARTESIAN_POINT('',(0.0333749099968101,0.0049974329386746,0.039));
#8580=CARTESIAN_POINT('',(0.0333749099968101,0.0049974329386746,0.036));
#8581=CARTESIAN_POINT('',(0.0330777093457824,0.00386942137681978,0.036));
#8582=CARTESIAN_POINT('',(0.0333749099968101,0.00425443131110555,0.036));
#8583=CARTESIAN_POINT('',(0.0333749099968101,0.0049974329386746,0.036));
#8584=CARTESIAN_POINT('',(0.0330777093457824,0.00386942137681978,0.036));
#8585=CARTESIAN_POINT('',(0.0330777093457824,0.00386942137681978,0.039));
#8586=CARTESIAN_POINT('',(0.0330777093457824,0.00386942137681978,0.039));
#8587=CARTESIAN_POINT('',(0.0330777093457824,0.00386942137681978,0.039));
#8588=CARTESIAN_POINT('',(0.0333749099968101,0.00425443131110555,0.039));
#8589=CARTESIAN_POINT('',(0.0333749099968101,0.0049974329386746,0.039));
#8590=CARTESIAN_POINT('',(0.0322063710734515,0.003484411442534,0.039));
#8591=CARTESIAN_POINT('',(0.0322063710734515,0.003484411442534,0.036));
#8592=CARTESIAN_POINT('',(0.0325891294876537,0.003484411442534,0.039));
#8593=CARTESIAN_POINT('',(0.0325891294876537,0.003484411442534,0.036));
#8594=CARTESIAN_POINT('',(0.0328795755784307,0.00361274808729592,0.039));
#8595=CARTESIAN_POINT('',(0.0328795755784307,0.00361274808729592,0.036));
#8596=CARTESIAN_POINT('',(0.0330777093457824,0.00386942137681978,0.039));
#8597=CARTESIAN_POINT('',(0.0330777093457824,0.00386942137681978,0.036));
#8598=CARTESIAN_POINT('',(0.0322063710734515,0.003484411442534,0.036));
#8599=CARTESIAN_POINT('',(0.0327805086947549,0.003484411442534,0.036));
#8600=CARTESIAN_POINT('',(0.0330777093457824,0.00386942137681978,0.036));
#8601=CARTESIAN_POINT('',(0.0322063710734515,0.003484411442534,0.036));
#8602=CARTESIAN_POINT('',(0.0322063710734515,0.003484411442534,0.039));
#8603=CARTESIAN_POINT('',(0.0322063710734515,0.003484411442534,0.039));
#8604=CARTESIAN_POINT('',(0.0322063710734515,0.003484411442534,0.039));
#8605=CARTESIAN_POINT('',(0.0327805086947549,0.003484411442534,0.039));
#8606=CARTESIAN_POINT('',(0.0330777093457824,0.00386942137681978,0.039));
#8607=CARTESIAN_POINT('',(0.0339794431392412,0.0049974329386746,0.039));
#8608=CARTESIAN_POINT('',(0.0339794431392412,0.0049974329386746,0.036));
#8609=CARTESIAN_POINT('',(0.0339794431392412,0.00436850832867171,0.039));
#8610=CARTESIAN_POINT('',(0.0339794431392412,0.00436850832867171,0.036));
#8611=CARTESIAN_POINT('',(0.0338212738533724,0.0038774893237858,0.039));
#8612=CARTESIAN_POINT('',(0.0338212738533724,0.0038774893237858,0.036));
#8613=CARTESIAN_POINT('',(0.0335049352816347,0.00352437592401687,0.039));
#8614=CARTESIAN_POINT('',(0.0335049352816347,0.00352437592401687,0.036));
#8615=CARTESIAN_POINT('',(0.0339794431392412,0.0049974329386746,0.039));
#8616=CARTESIAN_POINT('',(0.0339794431392412,0.0049974329386746,0.039));
#8617=CARTESIAN_POINT('',(0.0339794431392412,0.0049974329386746,0.039));
#8618=CARTESIAN_POINT('',(0.0339794431392412,0.00405404602367026,0.039));
#8619=CARTESIAN_POINT('',(0.0335049352816347,0.00352437592401687,0.039));
#8620=CARTESIAN_POINT('',(0.0335049352816347,0.00352437592401687,0.039));
#8621=CARTESIAN_POINT('',(0.0335049352816347,0.00352437592401687,0.039));
#8622=CARTESIAN_POINT('',(0.0335026837615511,0.00645360355270575,0.039));
#8623=CARTESIAN_POINT('',(0.0335026837615511,0.00645360355270575,0.036));
#8624=CARTESIAN_POINT('',(0.0338205233466779,0.00609448609938071,0.039));
#8625=CARTESIAN_POINT('',(0.0338205233466779,0.00609448609938071,0.036));
#8626=CARTESIAN_POINT('',(0.0339794431392412,0.00560909589470366,0.039));
#8627=CARTESIAN_POINT('',(0.0339794431392412,0.00560909589470366,0.036));
#8628=CARTESIAN_POINT('',(0.0339794431392412,0.0049974329386746,0.039));
#8629=CARTESIAN_POINT('',(0.0339794431392412,0.0049974329386746,0.036));
#8630=CARTESIAN_POINT('',(0.0335026837615511,0.00645360355270575,0.039));
#8631=CARTESIAN_POINT('',(0.0335026837615511,0.00645360355270575,0.039));
#8632=CARTESIAN_POINT('',(0.0335026837615511,0.00645360355270575,0.039));
#8633=CARTESIAN_POINT('',(0.0339794431392412,0.00591492737271819,0.039));
#8634=CARTESIAN_POINT('',(0.0339794431392412,0.0049974329386746,0.039));
#8635=CARTESIAN_POINT('',(0.0322176286738692,0.00699227973269331,0.039));
#8636=CARTESIAN_POINT('',(0.0322176286738692,0.00699227973269331,0.036));
#8637=CARTESIAN_POINT('',(0.0327564924805304,0.00699227973269331,0.039));
#8638=CARTESIAN_POINT('',(0.0327564924805304,0.00699227973269331,0.036));
#8639=CARTESIAN_POINT('',(0.0331848441764244,0.00681272100603079,0.039));
#8640=CARTESIAN_POINT('',(0.0331848441764244,0.00681272100603079,0.036));
#8641=CARTESIAN_POINT('',(0.0335026837615511,0.00645360355270575,0.039));
#8642=CARTESIAN_POINT('',(0.0335026837615511,0.00645360355270575,0.036));
#8643=CARTESIAN_POINT('',(0.0322176286738692,0.00699227973269331,0.039));
#8644=CARTESIAN_POINT('',(0.0322176286738692,0.00699227973269331,0.039));
#8645=CARTESIAN_POINT('',(0.0322176286738692,0.00699227973269331,0.039));
#8646=CARTESIAN_POINT('',(0.033025924383861,0.00699227973269331,0.039));
#8647=CARTESIAN_POINT('',(0.0335026837615511,0.00645360355270575,0.039));
#8648=CARTESIAN_POINT('',(0.0309083697452892,0.00646598691316524,0.039));
#8649=CARTESIAN_POINT('',(0.0309083697452892,0.00646598691316524,0.036));
#8650=CARTESIAN_POINT('',(0.0312228320502907,0.00681684879285062,0.039));
#8651=CARTESIAN_POINT('',(0.0312228320502907,0.00681684879285062,0.036));
#8652=CARTESIAN_POINT('',(0.0316592516931507,0.00699227973269331,0.039));
#8653=CARTESIAN_POINT('',(0.0316592516931507,0.00699227973269331,0.036));
#8654=CARTESIAN_POINT('',(0.0322176286738692,0.00699227973269331,0.039));
#8655=CARTESIAN_POINT('',(0.0322176286738692,0.00699227973269331,0.036));
#8656=CARTESIAN_POINT('',(0.0309083697452892,0.00646598691316524,0.039));
#8657=CARTESIAN_POINT('',(0.0309083697452892,0.00646598691316524,0.039));
#8658=CARTESIAN_POINT('',(0.0309083697452892,0.00646598691316524,0.039));
#8659=CARTESIAN_POINT('',(0.0313800632027914,0.00699227973269331,0.039));
#8660=CARTESIAN_POINT('',(0.0322176286738692,0.00699227973269331,0.039));
#8661=CARTESIAN_POINT('',(0.030436676287787,0.0049974329386746,0.039));
#8662=CARTESIAN_POINT('',(0.030436676287787,0.0049974329386746,0.036));
#8663=CARTESIAN_POINT('',(0.0304366762877871,0.00562560704198297,0.039));
#8664=CARTESIAN_POINT('',(0.0304366762877871,0.00562560704198297,0.036));
#8665=CARTESIAN_POINT('',(0.0305939074402878,0.00611512503347985,0.039));
#8666=CARTESIAN_POINT('',(0.0305939074402878,0.00611512503347985,0.036));
#8667=CARTESIAN_POINT('',(0.0309083697452892,0.00646598691316524,0.039));
#8668=CARTESIAN_POINT('',(0.0309083697452892,0.00646598691316524,0.036));
#8669=CARTESIAN_POINT('',(0.030436676287787,0.0049974329386746,0.039));
#8670=CARTESIAN_POINT('',(0.030436676287787,0.0049974329386746,0.039));
#8671=CARTESIAN_POINT('',(0.030436676287787,0.0049974329386746,0.039));
#8672=CARTESIAN_POINT('',(0.030436676287787,0.00593969409363716,0.039));
#8673=CARTESIAN_POINT('',(0.0309083697452892,0.00646598691316524,0.039));
#8674=CARTESIAN_POINT('',(0.0306550737358907,0.00393471545924251,0.039));
#8675=CARTESIAN_POINT('',(0.0306550737358907,0.00393471545924251,0.036));
#8676=CARTESIAN_POINT('',(0.0305094754371549,0.00423716965713173,0.039));
#8677=CARTESIAN_POINT('',(0.0305094754371549,0.00423716965713173,0.036));
#8678=CARTESIAN_POINT('',(0.0304366762877871,0.00459140881694242,0.039));
#8679=CARTESIAN_POINT('',(0.0304366762877871,0.00459140881694242,0.036));
#8680=CARTESIAN_POINT('',(0.030436676287787,0.0049974329386746,0.039));
#8681=CARTESIAN_POINT('',(0.030436676287787,0.0049974329386746,0.036));
#8682=CARTESIAN_POINT('',(0.0306550737358907,0.00393471545924251,0.039));
#8683=CARTESIAN_POINT('',(0.0306550737358907,0.00393471545924251,0.039));
#8684=CARTESIAN_POINT('',(0.0306550737358907,0.00393471545924251,0.039));
#8685=CARTESIAN_POINT('',(0.030436676287787,0.00438839675607633,0.039));
#8686=CARTESIAN_POINT('',(0.030436676287787,0.0049974329386746,0.039));
#8687=CARTESIAN_POINT('',(0.0312742417588648,0.00323786999338608,0.039));
#8688=CARTESIAN_POINT('',(0.0312742417588648,0.00323786999338608,0.036));
#8689=CARTESIAN_POINT('',(0.0310070613756178,0.00339997943940115,0.039));
#8690=CARTESIAN_POINT('',(0.0310070613756178,0.00339997943940115,0.036));
#8691=CARTESIAN_POINT('',(0.0308006720346264,0.00363226126135329,0.039));
#8692=CARTESIAN_POINT('',(0.0308006720346264,0.00363226126135329,0.036));
#8693=CARTESIAN_POINT('',(0.0306550737358907,0.00393471545924251,0.039));
#8694=CARTESIAN_POINT('',(0.0306550737358907,0.00393471545924251,0.036));
#8695=CARTESIAN_POINT('',(0.0312742417588648,0.00323786999338608,0.039));
#8696=CARTESIAN_POINT('',(0.0312742417588648,0.00323786999338608,0.039));
#8697=CARTESIAN_POINT('',(0.0312742417588648,0.00323786999338608,0.039));
#8698=CARTESIAN_POINT('',(0.0308734711839943,0.00348103416240868,0.039));
#8699=CARTESIAN_POINT('',(0.0306550737358907,0.00393471545924251,0.039));
#8700=CARTESIAN_POINT('',(0.0321928619529502,0.00299470582436349,0.039));
#8701=CARTESIAN_POINT('',(0.0321928619529502,0.00299470582436349,0.036));
#8702=CARTESIAN_POINT('',(0.0318476288734737,0.00299470582436349,0.039));
#8703=CARTESIAN_POINT('',(0.0318476288734737,0.00299470582436349,0.036));
#8704=CARTESIAN_POINT('',(0.0315414221421119,0.00307576054737102,0.039));
#8705=CARTESIAN_POINT('',(0.0315414221421119,0.00307576054737102,0.036));
#8706=CARTESIAN_POINT('',(0.0312742417588648,0.00323786999338608,0.039));
#8707=CARTESIAN_POINT('',(0.0312742417588648,0.00323786999338608,0.036));
#8708=CARTESIAN_POINT('',(0.0321928619529502,0.00299470582436349,0.039));
#8709=CARTESIAN_POINT('',(0.0321928619529502,0.00299470582436349,0.039));
#8710=CARTESIAN_POINT('',(0.0321928619529502,0.00299470582436349,0.039));
#8711=CARTESIAN_POINT('',(0.0316750123337355,0.00299470582436349,0.039));
#8712=CARTESIAN_POINT('',(0.0312742417588648,0.00323786999338608,0.039));
#8713=CARTESIAN_POINT('',(0.0335049352816347,0.00352437592401687,0.039));
#8714=CARTESIAN_POINT('',(0.0335049352816347,0.00352437592401687,0.036));
#8715=CARTESIAN_POINT('',(0.0331885967098969,0.00317126252424795,0.039));
#8716=CARTESIAN_POINT('',(0.0331885967098969,0.00317126252424795,0.036));
#8717=CARTESIAN_POINT('',(0.0327512389336688,0.00299470582436349,0.039));
#8718=CARTESIAN_POINT('',(0.0327512389336688,0.00299470582436349,0.036));
#8719=CARTESIAN_POINT('',(0.0321928619529502,0.00299470582436349,0.039));
#8720=CARTESIAN_POINT('',(0.0321928619529502,0.00299470582436349,0.036));
#8721=CARTESIAN_POINT('',(0.0335049352816347,0.00352437592401687,0.039));
#8722=CARTESIAN_POINT('',(0.033030427424028,0.00299470582436349,0.039));
#8723=CARTESIAN_POINT('',(0.0321928619529502,0.00299470582436349,0.039));
#8724=CARTESIAN_POINT('',(0.0313378472012249,0.00387111001688243,0.039));
#8725=CARTESIAN_POINT('',(0.0313378472012249,0.00387111001688243,0.036));
#8726=CARTESIAN_POINT('',(0.0315348552085349,0.00361331096731681,0.039));
#8727=CARTESIAN_POINT('',(0.0315348552085349,0.00361331096731681,0.036));
#8728=CARTESIAN_POINT('',(0.0318243631659438,0.003484411442534,0.039));
#8729=CARTESIAN_POINT('',(0.0318243631659438,0.003484411442534,0.036));
#8730=CARTESIAN_POINT('',(0.0322063710734515,0.003484411442534,0.039));
#8731=CARTESIAN_POINT('',(0.0322063710734515,0.003484411442534,0.036));
#8732=CARTESIAN_POINT('',(0.0313378472012249,0.00387111001688243,0.036));
#8733=CARTESIAN_POINT('',(0.0316333592121899,0.003484411442534,0.036));
#8734=CARTESIAN_POINT('',(0.0322063710734515,0.003484411442534,0.036));
#8735=CARTESIAN_POINT('',(0.0313378472012249,0.00387111001688243,0.039));
#8736=CARTESIAN_POINT('',(0.0316333592121899,0.003484411442534,0.039));
#8737=CARTESIAN_POINT('',(0.0322063710734515,0.003484411442534,0.039));
#8738=CARTESIAN_POINT('',(0.00198598749339636,-0.00383108708127283,0.039));
#8739=CARTESIAN_POINT('',(0.0266901468687722,0.0049974329386746,0.039));
#8740=CARTESIAN_POINT('',(0.0266901468687722,0.0049974329386746,0.036));
#8741=CARTESIAN_POINT('',(0.0266901468687722,0.00450435004037878,0.039));
#8742=CARTESIAN_POINT('',(0.0266901468687722,0.00450435004037878,0.036));
#8743=CARTESIAN_POINT('',(0.0267886508724272,0.00412890906644805,0.039));
#8744=CARTESIAN_POINT('',(0.0267886508724272,0.00412890906644805,0.036));
#8745=CARTESIAN_POINT('',(0.0269856588797372,0.00387111001688243,0.039));
#8746=CARTESIAN_POINT('',(0.0269856588797372,0.00387111001688243,0.036));
#8747=CARTESIAN_POINT('',(0.0266901468687722,0.0049974329386746,0.036));
#8748=CARTESIAN_POINT('',(0.0266901468687722,0.00425780859123087,0.036));
#8749=CARTESIAN_POINT('',(0.0269856588797372,0.00387111001688243,0.036));
#8750=CARTESIAN_POINT('',(0.0266901468687722,0.0049974329386746,0.036));
#8751=CARTESIAN_POINT('',(0.0269856588797372,0.00387111001688243,0.036));
#8752=CARTESIAN_POINT('',(0.0266901468687722,0.0049974329386746,0.039));
#8753=CARTESIAN_POINT('',(0.0266901468687722,0.0049974329386746,0.039));
#8754=CARTESIAN_POINT('',(0.0266901468687722,0.0049974329386746,0.039));
#8755=CARTESIAN_POINT('',(0.0266901468687722,0.00425780859123087,0.039));
#8756=CARTESIAN_POINT('',(0.0269856588797372,0.00387111001688243,0.039));
#8757=CARTESIAN_POINT('',(0.0269856588797372,0.00387111001688243,0.039));
#8758=CARTESIAN_POINT('',(0.0269856588797372,0.00387111001688243,0.039));
#8759=CARTESIAN_POINT('',(0.0269822815996119,0.00611925282029968,0.039));
#8760=CARTESIAN_POINT('',(0.0269822815996119,0.00611925282029968,0.036));
#8761=CARTESIAN_POINT('',(0.0267875251123854,0.00586820833098469,0.039));
#8762=CARTESIAN_POINT('',(0.0267875251123854,0.00586820833098469,0.036));
#8763=CARTESIAN_POINT('',(0.0266901468687722,0.00549426837044299,0.039));
#8764=CARTESIAN_POINT('',(0.0266901468687722,0.00549426837044299,0.036));
#8765=CARTESIAN_POINT('',(0.0266901468687722,0.0049974329386746,0.039));
#8766=CARTESIAN_POINT('',(0.0266901468687722,0.0049974329386746,0.036));
#8767=CARTESIAN_POINT('',(0.0269822815996119,0.00611925282029968,0.036));
#8768=CARTESIAN_POINT('',(0.0266901468687722,0.00574268608632719,0.036));
#8769=CARTESIAN_POINT('',(0.0266901468687722,0.0049974329386746,0.036));
#8770=CARTESIAN_POINT('',(0.0269822815996119,0.00611925282029968,0.036));
#8771=CARTESIAN_POINT('',(0.0269822815996119,0.00611925282029968,0.039));
#8772=CARTESIAN_POINT('',(0.0269822815996119,0.00611925282029968,0.039));
#8773=CARTESIAN_POINT('',(0.0269822815996119,0.00611925282029968,0.039));
#8774=CARTESIAN_POINT('',(0.0266901468687722,0.00574268608632719,0.039));
#8775=CARTESIAN_POINT('',(0.0266901468687722,0.0049974329386746,0.039));
#8776=CARTESIAN_POINT('',(0.0278474281917131,0.00649581955427218,0.039));
#8777=CARTESIAN_POINT('',(0.0278474281917131,0.00649581955427218,0.036));
#8778=CARTESIAN_POINT('',(0.0274654202842054,0.00649581955427217,0.039));
#8779=CARTESIAN_POINT('',(0.0274654202842054,0.00649581955427217,0.036));
#8780=CARTESIAN_POINT('',(0.0271770380868383,0.00637029730961467,0.039));
#8781=CARTESIAN_POINT('',(0.0271770380868383,0.00637029730961467,0.036));
#8782=CARTESIAN_POINT('',(0.0269822815996119,0.00611925282029968,0.039));
#8783=CARTESIAN_POINT('',(0.0269822815996119,0.00611925282029968,0.036));
#8784=CARTESIAN_POINT('',(0.0278474281917131,0.00649581955427218,0.036));
#8785=CARTESIAN_POINT('',(0.0272744163304515,0.00649581955427217,0.036));
#8786=CARTESIAN_POINT('',(0.0269822815996119,0.00611925282029968,0.036));
#8787=CARTESIAN_POINT('',(0.0278474281917131,0.00649581955427218,0.036));
#8788=CARTESIAN_POINT('',(0.0278474281917131,0.00649581955427218,0.039));
#8789=CARTESIAN_POINT('',(0.0278474281917131,0.00649581955427218,0.039));
#8790=CARTESIAN_POINT('',(0.0278474281917131,0.00649581955427218,0.039));
#8791=CARTESIAN_POINT('',(0.0272744163304515,0.00649581955427217,0.039));
#8792=CARTESIAN_POINT('',(0.0269822815996119,0.00611925282029968,0.039));
#8793=CARTESIAN_POINT('',(0.0287255210242947,0.00611418690011171,0.039));
#8794=CARTESIAN_POINT('',(0.0287255210242947,0.00611418690011171,0.036));
#8795=CARTESIAN_POINT('',(0.0285273872569429,0.00636860866955202,0.039));
#8796=CARTESIAN_POINT('',(0.0285273872569429,0.00636860866955202,0.036));
#8797=CARTESIAN_POINT('',(0.0282346896460824,0.00649581955427218,0.039));
#8798=CARTESIAN_POINT('',(0.0282346896460824,0.00649581955427218,0.036));
#8799=CARTESIAN_POINT('',(0.0278474281917131,0.00649581955427218,0.039));
#8800=CARTESIAN_POINT('',(0.0278474281917131,0.00649581955427218,0.036));
#8801=CARTESIAN_POINT('',(0.0287255210242947,0.00611418690011171,0.036));
#8802=CARTESIAN_POINT('',(0.028428320373267,0.00649581955427218,0.036));
#8803=CARTESIAN_POINT('',(0.0278474281917131,0.00649581955427218,0.036));
#8804=CARTESIAN_POINT('',(0.0287255210242947,0.00611418690011171,0.036));
#8805=CARTESIAN_POINT('',(0.0287255210242947,0.00611418690011171,0.039));
#8806=CARTESIAN_POINT('',(0.0287255210242947,0.00611418690011171,0.039));
#8807=CARTESIAN_POINT('',(0.0287255210242947,0.00611418690011171,0.039));
#8808=CARTESIAN_POINT('',(0.028428320373267,0.00649581955427218,0.039));
#8809=CARTESIAN_POINT('',(0.0278474281917131,0.00649581955427218,0.039));
#8810=CARTESIAN_POINT('',(0.0290227216753223,0.0049974329386746,0.039));
#8811=CARTESIAN_POINT('',(0.0290227216753223,0.0049974329386746,0.036));
#8812=CARTESIAN_POINT('',(0.0290227216753223,0.00548751381019237,0.039));
#8813=CARTESIAN_POINT('',(0.0290227216753223,0.00548751381019237,0.036));
#8814=CARTESIAN_POINT('',(0.0289236547916464,0.0058597651306714,0.039));
#8815=CARTESIAN_POINT('',(0.0289236547916464,0.0058597651306714,0.036));
#8816=CARTESIAN_POINT('',(0.0287255210242947,0.00611418690011171,0.039));
#8817=CARTESIAN_POINT('',(0.0287255210242947,0.00611418690011171,0.036));
#8818=CARTESIAN_POINT('',(0.0290227216753223,0.0049974329386746,0.036));
#8819=CARTESIAN_POINT('',(0.0290227216753223,0.00573255424595125,0.036));
#8820=CARTESIAN_POINT('',(0.0287255210242947,0.00611418690011171,0.036));
#8821=CARTESIAN_POINT('',(0.0290227216753223,0.0049974329386746,0.036));
#8822=CARTESIAN_POINT('',(0.0290227216753223,0.0049974329386746,0.039));
#8823=CARTESIAN_POINT('',(0.0290227216753223,0.0049974329386746,0.039));
#8824=CARTESIAN_POINT('',(0.0290227216753223,0.0049974329386746,0.039));
#8825=CARTESIAN_POINT('',(0.0290227216753223,0.00573255424595125,0.039));
#8826=CARTESIAN_POINT('',(0.0287255210242947,0.00611418690011171,0.039));
#8827=CARTESIAN_POINT('',(0.0287255210242947,0.00386942137681978,0.039));
#8828=CARTESIAN_POINT('',(0.0287255210242947,0.00386942137681978,0.036));
#8829=CARTESIAN_POINT('',(0.0289236547916464,0.00412609466634363,0.039));
#8830=CARTESIAN_POINT('',(0.0289236547916464,0.00412609466634363,0.036));
#8831=CARTESIAN_POINT('',(0.0290227216753223,0.00450209852029524,0.039));
#8832=CARTESIAN_POINT('',(0.0290227216753223,0.00450209852029524,0.036));
#8833=CARTESIAN_POINT('',(0.0290227216753223,0.0049974329386746,0.039));
#8834=CARTESIAN_POINT('',(0.0290227216753223,0.0049974329386746,0.036));
#8835=CARTESIAN_POINT('',(0.0287255210242947,0.00386942137681978,0.036));
#8836=CARTESIAN_POINT('',(0.0290227216753223,0.00425443131110555,0.036));
#8837=CARTESIAN_POINT('',(0.0290227216753223,0.0049974329386746,0.036));
#8838=CARTESIAN_POINT('',(0.0287255210242947,0.00386942137681978,0.036));
#8839=CARTESIAN_POINT('',(0.0287255210242947,0.00386942137681978,0.039));
#8840=CARTESIAN_POINT('',(0.0287255210242947,0.00386942137681978,0.039));
#8841=CARTESIAN_POINT('',(0.0287255210242947,0.00386942137681978,0.039));
#8842=CARTESIAN_POINT('',(0.0290227216753223,0.00425443131110555,0.039));
#8843=CARTESIAN_POINT('',(0.0290227216753223,0.0049974329386746,0.039));
#8844=CARTESIAN_POINT('',(0.0278541827519637,0.003484411442534,0.039));
#8845=CARTESIAN_POINT('',(0.0278541827519637,0.003484411442534,0.036));
#8846=CARTESIAN_POINT('',(0.0282369411661659,0.003484411442534,0.039));
#8847=CARTESIAN_POINT('',(0.0282369411661659,0.003484411442534,0.036));
#8848=CARTESIAN_POINT('',(0.0285273872569429,0.00361274808729592,0.039));
#8849=CARTESIAN_POINT('',(0.0285273872569429,0.00361274808729592,0.036));
#8850=CARTESIAN_POINT('',(0.0287255210242947,0.00386942137681978,0.039));
#8851=CARTESIAN_POINT('',(0.0287255210242947,0.00386942137681978,0.036));
#8852=CARTESIAN_POINT('',(0.0278541827519637,0.003484411442534,0.036));
#8853=CARTESIAN_POINT('',(0.028428320373267,0.003484411442534,0.036));
#8854=CARTESIAN_POINT('',(0.0287255210242947,0.00386942137681978,0.036));
#8855=CARTESIAN_POINT('',(0.0278541827519637,0.003484411442534,0.036));
#8856=CARTESIAN_POINT('',(0.0278541827519637,0.003484411442534,0.039));
#8857=CARTESIAN_POINT('',(0.0278541827519637,0.003484411442534,0.039));
#8858=CARTESIAN_POINT('',(0.0278541827519637,0.003484411442534,0.039));
#8859=CARTESIAN_POINT('',(0.028428320373267,0.003484411442534,0.039));
#8860=CARTESIAN_POINT('',(0.0287255210242947,0.00386942137681978,0.039));
#8861=CARTESIAN_POINT('',(0.0296272548177535,0.0049974329386746,0.039));
#8862=CARTESIAN_POINT('',(0.0296272548177535,0.0049974329386746,0.036));
#8863=CARTESIAN_POINT('',(0.0296272548177535,0.00436850832867171,0.039));
#8864=CARTESIAN_POINT('',(0.0296272548177535,0.00436850832867171,0.036));
#8865=CARTESIAN_POINT('',(0.0294690855318846,0.0038774893237858,0.039));
#8866=CARTESIAN_POINT('',(0.0294690855318846,0.0038774893237858,0.036));
#8867=CARTESIAN_POINT('',(0.0291527469601469,0.00352437592401687,0.039));
#8868=CARTESIAN_POINT('',(0.0291527469601469,0.00352437592401687,0.036));
#8869=CARTESIAN_POINT('',(0.0296272548177535,0.0049974329386746,0.039));
#8870=CARTESIAN_POINT('',(0.0296272548177535,0.0049974329386746,0.039));
#8871=CARTESIAN_POINT('',(0.0296272548177535,0.0049974329386746,0.039));
#8872=CARTESIAN_POINT('',(0.0296272548177535,0.00405404602367026,0.039));
#8873=CARTESIAN_POINT('',(0.0291527469601469,0.00352437592401687,0.039));
#8874=CARTESIAN_POINT('',(0.0291527469601469,0.00352437592401687,0.039));
#8875=CARTESIAN_POINT('',(0.0291527469601469,0.00352437592401687,0.039));
#8876=CARTESIAN_POINT('',(0.0291504954400633,0.00645360355270575,0.039));
#8877=CARTESIAN_POINT('',(0.0291504954400633,0.00645360355270575,0.036));
#8878=CARTESIAN_POINT('',(0.0294683350251901,0.00609448609938071,0.039));
#8879=CARTESIAN_POINT('',(0.0294683350251901,0.00609448609938071,0.036));
#8880=CARTESIAN_POINT('',(0.0296272548177535,0.00560909589470366,0.039));
#8881=CARTESIAN_POINT('',(0.0296272548177535,0.00560909589470366,0.036));
#8882=CARTESIAN_POINT('',(0.0296272548177535,0.0049974329386746,0.039));
#8883=CARTESIAN_POINT('',(0.0296272548177535,0.0049974329386746,0.036));
#8884=CARTESIAN_POINT('',(0.0291504954400633,0.00645360355270575,0.039));
#8885=CARTESIAN_POINT('',(0.0291504954400633,0.00645360355270575,0.039));
#8886=CARTESIAN_POINT('',(0.0291504954400633,0.00645360355270575,0.039));
#8887=CARTESIAN_POINT('',(0.0296272548177535,0.00591492737271819,0.039));
#8888=CARTESIAN_POINT('',(0.0296272548177535,0.0049974329386746,0.039));
#8889=CARTESIAN_POINT('',(0.0278654403523814,0.00699227973269331,0.039));
#8890=CARTESIAN_POINT('',(0.0278654403523814,0.00699227973269331,0.036));
#8891=CARTESIAN_POINT('',(0.0284043041590426,0.00699227973269331,0.039));
#8892=CARTESIAN_POINT('',(0.0284043041590426,0.00699227973269331,0.036));
#8893=CARTESIAN_POINT('',(0.0288326558549366,0.00681272100603079,0.039));
#8894=CARTESIAN_POINT('',(0.0288326558549366,0.00681272100603079,0.036));
#8895=CARTESIAN_POINT('',(0.0291504954400633,0.00645360355270575,0.039));
#8896=CARTESIAN_POINT('',(0.0291504954400633,0.00645360355270575,0.036));
#8897=CARTESIAN_POINT('',(0.0278654403523814,0.00699227973269331,0.039));
#8898=CARTESIAN_POINT('',(0.0278654403523814,0.00699227973269331,0.039));
#8899=CARTESIAN_POINT('',(0.0278654403523814,0.00699227973269331,0.039));
#8900=CARTESIAN_POINT('',(0.0286737360623732,0.00699227973269331,0.039));
#8901=CARTESIAN_POINT('',(0.0291504954400633,0.00645360355270575,0.039));
#8902=CARTESIAN_POINT('',(0.0265561814238015,0.00646598691316524,0.039));
#8903=CARTESIAN_POINT('',(0.0265561814238015,0.00646598691316524,0.036));
#8904=CARTESIAN_POINT('',(0.0268706437288029,0.00681684879285062,0.039));
#8905=CARTESIAN_POINT('',(0.0268706437288029,0.00681684879285062,0.036));
#8906=CARTESIAN_POINT('',(0.0273070633716629,0.00699227973269331,0.039));
#8907=CARTESIAN_POINT('',(0.0273070633716629,0.00699227973269331,0.036));
#8908=CARTESIAN_POINT('',(0.0278654403523814,0.00699227973269331,0.039));
#8909=CARTESIAN_POINT('',(0.0278654403523814,0.00699227973269331,0.036));
#8910=CARTESIAN_POINT('',(0.0265561814238015,0.00646598691316524,0.039));
#8911=CARTESIAN_POINT('',(0.0265561814238015,0.00646598691316524,0.039));
#8912=CARTESIAN_POINT('',(0.0265561814238015,0.00646598691316524,0.039));
#8913=CARTESIAN_POINT('',(0.0270278748813036,0.00699227973269331,0.039));
#8914=CARTESIAN_POINT('',(0.0278654403523814,0.00699227973269331,0.039));
#8915=CARTESIAN_POINT('',(0.0260844879662993,0.0049974329386746,0.039));
#8916=CARTESIAN_POINT('',(0.0260844879662993,0.0049974329386746,0.036));
#8917=CARTESIAN_POINT('',(0.0260844879662993,0.00562560704198297,0.039));
#8918=CARTESIAN_POINT('',(0.0260844879662993,0.00562560704198297,0.036));
#8919=CARTESIAN_POINT('',(0.0262417191188,0.00611512503347985,0.039));
#8920=CARTESIAN_POINT('',(0.0262417191188,0.00611512503347985,0.036));
#8921=CARTESIAN_POINT('',(0.0265561814238015,0.00646598691316524,0.039));
#8922=CARTESIAN_POINT('',(0.0265561814238015,0.00646598691316524,0.036));
#8923=CARTESIAN_POINT('',(0.0260844879662993,0.0049974329386746,0.039));
#8924=CARTESIAN_POINT('',(0.0260844879662993,0.0049974329386746,0.039));
#8925=CARTESIAN_POINT('',(0.0260844879662993,0.0049974329386746,0.039));
#8926=CARTESIAN_POINT('',(0.0260844879662993,0.00593969409363716,0.039));
#8927=CARTESIAN_POINT('',(0.0265561814238015,0.00646598691316524,0.039));
#8928=CARTESIAN_POINT('',(0.0263028854144029,0.00393471545924251,0.039));
#8929=CARTESIAN_POINT('',(0.0263028854144029,0.00393471545924251,0.036));
#8930=CARTESIAN_POINT('',(0.0261572871156671,0.00423716965713173,0.039));
#8931=CARTESIAN_POINT('',(0.0261572871156671,0.00423716965713173,0.036));
#8932=CARTESIAN_POINT('',(0.0260844879662993,0.00459140881694242,0.039));
#8933=CARTESIAN_POINT('',(0.0260844879662993,0.00459140881694242,0.036));
#8934=CARTESIAN_POINT('',(0.0260844879662993,0.0049974329386746,0.039));
#8935=CARTESIAN_POINT('',(0.0260844879662993,0.0049974329386746,0.036));
#8936=CARTESIAN_POINT('',(0.0263028854144029,0.00393471545924251,0.039));
#8937=CARTESIAN_POINT('',(0.0263028854144029,0.00393471545924251,0.039));
#8938=CARTESIAN_POINT('',(0.0263028854144029,0.00393471545924251,0.039));
#8939=CARTESIAN_POINT('',(0.0260844879662993,0.00438839675607633,0.039));
#8940=CARTESIAN_POINT('',(0.0260844879662993,0.0049974329386746,0.039));
#8941=CARTESIAN_POINT('',(0.0269220534373771,0.00323786999338608,0.039));
#8942=CARTESIAN_POINT('',(0.0269220534373771,0.00323786999338608,0.036));
#8943=CARTESIAN_POINT('',(0.02665487305413,0.00339997943940115,0.039));
#8944=CARTESIAN_POINT('',(0.02665487305413,0.00339997943940115,0.036));
#8945=CARTESIAN_POINT('',(0.0264484837131386,0.00363226126135329,0.039));
#8946=CARTESIAN_POINT('',(0.0264484837131386,0.00363226126135329,0.036));
#8947=CARTESIAN_POINT('',(0.0263028854144029,0.00393471545924251,0.039));
#8948=CARTESIAN_POINT('',(0.0263028854144029,0.00393471545924251,0.036));
#8949=CARTESIAN_POINT('',(0.0269220534373771,0.00323786999338608,0.039));
#8950=CARTESIAN_POINT('',(0.0269220534373771,0.00323786999338608,0.039));
#8951=CARTESIAN_POINT('',(0.0269220534373771,0.00323786999338608,0.039));
#8952=CARTESIAN_POINT('',(0.0265212828625065,0.00348103416240868,0.039));
#8953=CARTESIAN_POINT('',(0.0263028854144029,0.00393471545924251,0.039));
#8954=CARTESIAN_POINT('',(0.0278406736314625,0.00299470582436349,0.039));
#8955=CARTESIAN_POINT('',(0.0278406736314625,0.00299470582436349,0.036));
#8956=CARTESIAN_POINT('',(0.0274954405519859,0.00299470582436349,0.039));
#8957=CARTESIAN_POINT('',(0.0274954405519859,0.00299470582436349,0.036));
#8958=CARTESIAN_POINT('',(0.0271892338206241,0.00307576054737102,0.039));
#8959=CARTESIAN_POINT('',(0.0271892338206241,0.00307576054737102,0.036));
#8960=CARTESIAN_POINT('',(0.0269220534373771,0.00323786999338608,0.039));
#8961=CARTESIAN_POINT('',(0.0269220534373771,0.00323786999338608,0.036));
#8962=CARTESIAN_POINT('',(0.0278406736314625,0.00299470582436349,0.039));
#8963=CARTESIAN_POINT('',(0.0278406736314625,0.00299470582436349,0.039));
#8964=CARTESIAN_POINT('',(0.0278406736314625,0.00299470582436349,0.039));
#8965=CARTESIAN_POINT('',(0.0273228240122476,0.00299470582436349,0.039));
#8966=CARTESIAN_POINT('',(0.0269220534373771,0.00323786999338608,0.039));
#8967=CARTESIAN_POINT('',(0.0291527469601469,0.00352437592401687,0.039));
#8968=CARTESIAN_POINT('',(0.0291527469601469,0.00352437592401687,0.036));
#8969=CARTESIAN_POINT('',(0.0288364083884092,0.00317126252424795,0.039));
#8970=CARTESIAN_POINT('',(0.0288364083884092,0.00317126252424795,0.036));
#8971=CARTESIAN_POINT('',(0.028399050612181,0.00299470582436349,0.039));
#8972=CARTESIAN_POINT('',(0.028399050612181,0.00299470582436349,0.036));
#8973=CARTESIAN_POINT('',(0.0278406736314625,0.00299470582436349,0.039));
#8974=CARTESIAN_POINT('',(0.0278406736314625,0.00299470582436349,0.036));
#8975=CARTESIAN_POINT('',(0.0291527469601469,0.00352437592401687,0.039));
#8976=CARTESIAN_POINT('',(0.0286782391025403,0.00299470582436349,0.039));
#8977=CARTESIAN_POINT('',(0.0278406736314625,0.00299470582436349,0.039));
#8978=CARTESIAN_POINT('',(0.0269856588797372,0.00387111001688243,0.039));
#8979=CARTESIAN_POINT('',(0.0269856588797372,0.00387111001688243,0.036));
#8980=CARTESIAN_POINT('',(0.0271826668870472,0.00361331096731681,0.039));
#8981=CARTESIAN_POINT('',(0.0271826668870472,0.00361331096731681,0.036));
#8982=CARTESIAN_POINT('',(0.027472174844456,0.003484411442534,0.039));
#8983=CARTESIAN_POINT('',(0.027472174844456,0.003484411442534,0.036));
#8984=CARTESIAN_POINT('',(0.0278541827519637,0.003484411442534,0.039));
#8985=CARTESIAN_POINT('',(0.0278541827519637,0.003484411442534,0.036));
#8986=CARTESIAN_POINT('',(0.0269856588797372,0.00387111001688243,0.036));
#8987=CARTESIAN_POINT('',(0.0272811708907022,0.003484411442534,0.036));
#8988=CARTESIAN_POINT('',(0.0278541827519637,0.003484411442534,0.036));
#8989=CARTESIAN_POINT('',(0.0269856588797372,0.00387111001688243,0.039));
#8990=CARTESIAN_POINT('',(0.0272811708907022,0.003484411442534,0.039));
#8991=CARTESIAN_POINT('',(0.0278541827519637,0.003484411442534,0.039));
#8992=CARTESIAN_POINT('',(0.00198598749339636,-0.00383108708127283,0.039));
#8993=CARTESIAN_POINT('',(0.0245163042281118,0.00431297083327766,0.039));
#8994=CARTESIAN_POINT('',(0.0245163042281118,0.00306562870699508,0.039));
#8995=CARTESIAN_POINT('',(0.0245163042281118,0.00306562870699508,0.039));
#8996=CARTESIAN_POINT('',(0.0245163042281118,0.00431297083327766,0.039));
#8997=CARTESIAN_POINT('',(0.0245163042281118,0.00556031295956024,0.039));
#8998=CARTESIAN_POINT('',(0.0245163042281118,0.00556031295956024,0.039));
#8999=CARTESIAN_POINT('',(0.0248084389589515,0.00306562870699508,0.039));
#9000=CARTESIAN_POINT('',(0.0251005736897911,0.00306562870699508,0.039));
#9001=CARTESIAN_POINT('',(0.0251005736897911,0.00306562870699508,0.039));
#9002=CARTESIAN_POINT('',(0.0248084389589515,0.00306562870699508,0.039));
#9003=CARTESIAN_POINT('',(0.0251005736897911,0.0043231026736536,0.039));
#9004=CARTESIAN_POINT('',(0.0251005736897911,0.00558057664031212,0.039));
#9005=CARTESIAN_POINT('',(0.0251005736897911,0.00558057664031212,0.039));
#9006=CARTESIAN_POINT('',(0.0251005736897911,0.0043231026736536,0.039));
#9007=CARTESIAN_POINT('',(0.0247487736767377,0.00665624036022458,0.039));
#9008=CARTESIAN_POINT('',(0.0247487736767377,0.00665624036022458,0.036));
#9009=CARTESIAN_POINT('',(0.0249833070187733,0.00643221411191209,0.039));
#9010=CARTESIAN_POINT('',(0.0249833070187733,0.00643221411191209,0.036));
#9011=CARTESIAN_POINT('',(0.0251005736897911,0.00607365953860794,0.039));
#9012=CARTESIAN_POINT('',(0.0251005736897911,0.00607365953860794,0.036));
#9013=CARTESIAN_POINT('',(0.0251005736897911,0.00558057664031212,0.039));
#9014=CARTESIAN_POINT('',(0.0251005736897911,0.00558057664031212,0.036));
#9015=CARTESIAN_POINT('',(0.0247487736767377,0.00665624036022458,0.039));
#9016=CARTESIAN_POINT('',(0.0247487736767377,0.00665624036022458,0.039));
#9017=CARTESIAN_POINT('',(0.0247487736767377,0.00665624036022458,0.039));
#9018=CARTESIAN_POINT('',(0.0251005736897911,0.00632020098775585,0.039));
#9019=CARTESIAN_POINT('',(0.0251005736897911,0.00558057664031212,0.039));
#9020=CARTESIAN_POINT('',(0.0237001281978277,0.00699227973269331,0.039));
#9021=CARTESIAN_POINT('',(0.0237001281978277,0.00699227973269331,0.036));
#9022=CARTESIAN_POINT('',(0.024164691841732,0.00699227973269331,0.039));
#9023=CARTESIAN_POINT('',(0.024164691841732,0.00699227973269331,0.036));
#9024=CARTESIAN_POINT('',(0.0245142403347019,0.00688026660853707,0.039));
#9025=CARTESIAN_POINT('',(0.0245142403347019,0.00688026660853707,0.036));
#9026=CARTESIAN_POINT('',(0.0247487736767377,0.00665624036022458,0.039));
#9027=CARTESIAN_POINT('',(0.0247487736767377,0.00665624036022458,0.036));
#9028=CARTESIAN_POINT('',(0.0237001281978277,0.00699227973269331,0.039));
#9029=CARTESIAN_POINT('',(0.0237001281978277,0.00699227973269331,0.039));
#9030=CARTESIAN_POINT('',(0.0237001281978277,0.00699227973269331,0.039));
#9031=CARTESIAN_POINT('',(0.0243969736636841,0.00699227973269331,0.039));
#9032=CARTESIAN_POINT('',(0.0247487736767377,0.00665624036022458,0.039));
#9033=CARTESIAN_POINT('',(0.0236743923379105,0.00536121764456332,0.039));
#9034=CARTESIAN_POINT('',(0.0229790788910732,0.00683523620686622,0.039));
#9035=CARTESIAN_POINT('',(0.0229790855017667,0.00683521779327858,0.039));
#9036=CARTESIAN_POINT('',(0.0236743923379105,0.00536121764456332,0.039));
#9037=CARTESIAN_POINT('',(0.0234855025447958,0.00574669125087541,0.039));
#9038=CARTESIAN_POINT('',(0.0224748098707044,0.00639337539047099,0.039));
#9039=CARTESIAN_POINT('',(0.0224748098707044,0.00639337539047099,0.039));
#9040=CARTESIAN_POINT('',(0.0234855025447958,0.00574669125087541,0.039));
#9041=CARTESIAN_POINT('',(0.0224612292718584,0.00639337539047099,0.039));
#9042=CARTESIAN_POINT('',(0.0224471572713363,0.00639337539047099,0.039));
#9043=CARTESIAN_POINT('',(0.0224471572713363,0.00639337539047099,0.039));
#9044=CARTESIAN_POINT('',(0.0224612292718584,0.00639337539047099,0.039));
#9045=CARTESIAN_POINT('',(0.0223998753495818,0.00665736612026635,0.039));
#9046=CARTESIAN_POINT('',(0.0223525934278274,0.00692135685006172,0.039));
#9047=CARTESIAN_POINT('',(0.0223525934278274,0.00692135685006172,0.039));
#9048=CARTESIAN_POINT('',(0.0223998753495818,0.00665736612026635,0.039));
#9049=CARTESIAN_POINT('',(0.0221150580590137,0.00692135685006172,0.039));
#9050=CARTESIAN_POINT('',(0.0218775226902,0.00692135685006172,0.039));
#9051=CARTESIAN_POINT('',(0.0218775226902,0.00692135685006172,0.039));
#9052=CARTESIAN_POINT('',(0.0221150580590137,0.00692135685006172,0.039));
#9053=CARTESIAN_POINT('',(0.0218775226902,0.0049934927785284,0.039));
#9054=CARTESIAN_POINT('',(0.0218775226902,0.00306562870699508,0.039));
#9055=CARTESIAN_POINT('',(0.0218775226902,0.00306562870699508,0.039));
#9056=CARTESIAN_POINT('',(0.0218775226902,0.0049934927785284,0.039));
#9057=CARTESIAN_POINT('',(0.0221696574210396,0.00306562870699508,0.039));
#9058=CARTESIAN_POINT('',(0.0224617921518793,0.00306562870699508,0.039));
#9059=CARTESIAN_POINT('',(0.0224617921518793,0.00306562870699508,0.039));
#9060=CARTESIAN_POINT('',(0.0221696574210396,0.00306562870699508,0.039));
#9061=CARTESIAN_POINT('',(0.0224617921518793,0.00407712410452658,0.039));
#9062=CARTESIAN_POINT('',(0.0224617921518793,0.00508861950205807,0.039));
#9063=CARTESIAN_POINT('',(0.0224617921518793,0.00508861950205807,0.039));
#9064=CARTESIAN_POINT('',(0.0224617921518793,0.00407712410452658,0.039));
#9065=CARTESIAN_POINT('',(0.0227432321623221,0.00616878626213762,0.039));
#9066=CARTESIAN_POINT('',(0.0227432321623221,0.00616878626213762,0.036));
#9067=CARTESIAN_POINT('',(0.0225556054886936,0.00595076406738125,0.039));
#9068=CARTESIAN_POINT('',(0.0225556054886936,0.00595076406738125,0.036));
#9069=CARTESIAN_POINT('',(0.0224617921518793,0.00559070848068806,0.039));
#9070=CARTESIAN_POINT('',(0.0224617921518793,0.00559070848068806,0.036));
#9071=CARTESIAN_POINT('',(0.0224617921518793,0.00508861950205807,0.039));
#9072=CARTESIAN_POINT('',(0.0224617921518793,0.00508861950205807,0.036));
#9073=CARTESIAN_POINT('',(0.0227432321623221,0.00616878626213762,0.039));
#9074=CARTESIAN_POINT('',(0.0227432321623221,0.00616878626213762,0.039));
#9075=CARTESIAN_POINT('',(0.0227432321623221,0.00616878626213762,0.039));
#9076=CARTESIAN_POINT('',(0.0224617921518793,0.00584175297000306,0.039));
#9077=CARTESIAN_POINT('',(0.0224617921518793,0.00508861950205807,0.039));
#9078=CARTESIAN_POINT('',(0.0236292053151961,0.00649581955427217,0.039));
#9079=CARTESIAN_POINT('',(0.0236292053151961,0.00649581955427217,0.036));
#9080=CARTESIAN_POINT('',(0.023226183220242,0.00649581955427217,0.039));
#9081=CARTESIAN_POINT('',(0.023226183220242,0.00649581955427217,0.036));
#9082=CARTESIAN_POINT('',(0.0229308588359506,0.00638680845689399,0.039));
#9083=CARTESIAN_POINT('',(0.0229308588359506,0.00638680845689399,0.036));
#9084=CARTESIAN_POINT('',(0.0227432321623221,0.00616878626213762,0.039));
#9085=CARTESIAN_POINT('',(0.0227432321623221,0.00616878626213762,0.036));
#9086=CARTESIAN_POINT('',(0.0236292053151961,0.00649581955427217,0.039));
#9087=CARTESIAN_POINT('',(0.0236292053151961,0.00649581955427217,0.039));
#9088=CARTESIAN_POINT('',(0.0236292053151961,0.00649581955427217,0.039));
#9089=CARTESIAN_POINT('',(0.0230246721727649,0.00649581955427217,0.039));
#9090=CARTESIAN_POINT('',(0.0227432321623221,0.00616878626213762,0.039));
#9091=CARTESIAN_POINT('',(0.0243018469401544,0.0062633501056464,0.039));
#9092=CARTESIAN_POINT('',(0.0243018469401544,0.0062633501056464,0.036));
#9093=CARTESIAN_POINT('',(0.0241588754148495,0.00641832973806358,0.039));
#9094=CARTESIAN_POINT('',(0.0241588754148495,0.00641832973806358,0.036));
#9095=CARTESIAN_POINT('',(0.0239346615398634,0.00649581955427217,0.039));
#9096=CARTESIAN_POINT('',(0.0239346615398634,0.00649581955427217,0.036));
#9097=CARTESIAN_POINT('',(0.0236292053151961,0.00649581955427217,0.039));
#9098=CARTESIAN_POINT('',(0.0236292053151961,0.00649581955427217,0.036));
#9099=CARTESIAN_POINT('',(0.0243018469401544,0.0062633501056464,0.039));
#9100=CARTESIAN_POINT('',(0.0243018469401544,0.0062633501056464,0.039));
#9101=CARTESIAN_POINT('',(0.0243018469401544,0.0062633501056464,0.039));
#9102=CARTESIAN_POINT('',(0.024087389652197,0.00649581955427217,0.039));
#9103=CARTESIAN_POINT('',(0.0236292053151961,0.00649581955427217,0.039));
#9104=CARTESIAN_POINT('',(0.0245163042281118,0.00556031295956024,0.039));
#9105=CARTESIAN_POINT('',(0.0245163042281118,0.00556031295956024,0.036));
#9106=CARTESIAN_POINT('',(0.0245163042281118,0.00587402475786717,0.039));
#9107=CARTESIAN_POINT('',(0.0245163042281118,0.00587402475786717,0.036));
#9108=CARTESIAN_POINT('',(0.0244448184654594,0.00610837047322923,0.039));
#9109=CARTESIAN_POINT('',(0.0244448184654594,0.00610837047322923,0.036));
#9110=CARTESIAN_POINT('',(0.0243018469401544,0.0062633501056464,0.039));
#9111=CARTESIAN_POINT('',(0.0243018469401544,0.0062633501056464,0.036));
#9112=CARTESIAN_POINT('',(0.0245163042281118,0.00556031295956024,0.039));
#9113=CARTESIAN_POINT('',(0.0245163042281118,0.00603088065702064,0.039));
#9114=CARTESIAN_POINT('',(0.0243018469401544,0.0062633501056464,0.039));
#9115=CARTESIAN_POINT('',(0.00198598749339636,-0.00383108708127283,0.039));
#9116=CARTESIAN_POINT('',(0.020912746334402,0.00443455291778896,0.039));
#9117=CARTESIAN_POINT('',(0.020912746334402,0.00443455291778896,0.036));
#9118=CARTESIAN_POINT('',(0.020912746334402,0.0039819973809969,0.039));
#9119=CARTESIAN_POINT('',(0.020912746334402,0.0039819973809969,0.036));
#9120=CARTESIAN_POINT('',(0.020748572994977,0.00362888398122798,0.039));
#9121=CARTESIAN_POINT('',(0.020748572994977,0.00362888398122798,0.036));
#9122=CARTESIAN_POINT('',(0.0204202263161271,0.00337521271848218,0.039));
#9123=CARTESIAN_POINT('',(0.0204202263161271,0.00337521271848218,0.036));
#9124=CARTESIAN_POINT('',(0.020912746334402,0.00443455291778896,0.039));
#9125=CARTESIAN_POINT('',(0.020912746334402,0.00443455291778896,0.039));
#9126=CARTESIAN_POINT('',(0.020912746334402,0.00443455291778896,0.039));
#9127=CARTESIAN_POINT('',(0.020912746334402,0.00375571961260087,0.039));
#9128=CARTESIAN_POINT('',(0.0204202263161271,0.00337521271848218,0.039));
#9129=CARTESIAN_POINT('',(0.0204202263161271,0.00337521271848218,0.039));
#9130=CARTESIAN_POINT('',(0.0204202263161271,0.00337521271848218,0.039));
#9131=CARTESIAN_POINT('',(0.0206087911231238,0.00529238206961867,0.039));
#9132=CARTESIAN_POINT('',(0.0206087911231238,0.00529238206961867,0.036));
#9133=CARTESIAN_POINT('',(0.0208114279306426,0.0050717331014315,0.039));
#9134=CARTESIAN_POINT('',(0.0208114279306426,0.0050717331014315,0.036));
#9135=CARTESIAN_POINT('',(0.020912746334402,0.0047857900508216,0.039));
#9136=CARTESIAN_POINT('',(0.020912746334402,0.0047857900508216,0.036));
#9137=CARTESIAN_POINT('',(0.020912746334402,0.00443455291778896,0.039));
#9138=CARTESIAN_POINT('',(0.020912746334402,0.00443455291778896,0.036));
#9139=CARTESIAN_POINT('',(0.0206087911231238,0.00529238206961867,0.039));
#9140=CARTESIAN_POINT('',(0.0206087911231238,0.00529238206961867,0.039));
#9141=CARTESIAN_POINT('',(0.0206087911231238,0.00529238206961867,0.039));
#9142=CARTESIAN_POINT('',(0.020912746334402,0.00496140861733792,0.039));
#9143=CARTESIAN_POINT('',(0.020912746334402,0.00443455291778896,0.039));
#9144=CARTESIAN_POINT('',(0.019495414441812,0.00591155009259288,0.039));
#9145=CARTESIAN_POINT('',(0.019495414441812,0.00591155009259288,0.036));
#9146=CARTESIAN_POINT('',(0.0200350287551677,0.00571942037879725,0.039));
#9147=CARTESIAN_POINT('',(0.0200350287551677,0.00571942037879725,0.036));
#9148=CARTESIAN_POINT('',(0.0204061543156049,0.00551303103780584,0.039));
#9149=CARTESIAN_POINT('',(0.0204061543156049,0.00551303103780584,0.036));
#9150=CARTESIAN_POINT('',(0.0206087911231238,0.00529238206961867,0.039));
#9151=CARTESIAN_POINT('',(0.0206087911231238,0.00529238206961867,0.036));
#9152=CARTESIAN_POINT('',(0.019495414441812,0.00591155009259288,0.039));
#9153=CARTESIAN_POINT('',(0.019495414441812,0.00591155009259288,0.039));
#9154=CARTESIAN_POINT('',(0.019495414441812,0.00591155009259288,0.039));
#9155=CARTESIAN_POINT('',(0.0203048359118455,0.00562335552189943,0.039));
#9156=CARTESIAN_POINT('',(0.0206087911231238,0.00529238206961867,0.039));
#9157=CARTESIAN_POINT('',(0.0187794310552454,0.00622620002426795,0.039));
#9158=CARTESIAN_POINT('',(0.0187794310552454,0.00622620002426795,0.036));
#9159=CARTESIAN_POINT('',(0.0189355364477044,0.0061312609274119,0.039));
#9160=CARTESIAN_POINT('',(0.0189355364477044,0.0061312609274119,0.036));
#9161=CARTESIAN_POINT('',(0.0191741975765599,0.00602637761685355,0.039));
#9162=CARTESIAN_POINT('',(0.0191741975765599,0.00602637761685355,0.036));
#9163=CARTESIAN_POINT('',(0.019495414441812,0.00591155009259288,0.039));
#9164=CARTESIAN_POINT('',(0.019495414441812,0.00591155009259288,0.036));
#9165=CARTESIAN_POINT('',(0.0187794310552454,0.00622620002426795,0.039));
#9166=CARTESIAN_POINT('',(0.0187794310552454,0.00622620002426795,0.039));
#9167=CARTESIAN_POINT('',(0.0187794310552454,0.00622620002426795,0.039));
#9168=CARTESIAN_POINT('',(0.0190135891439338,0.00608379137898388,0.039));
#9169=CARTESIAN_POINT('',(0.019495414441812,0.00591155009259288,0.039));
#9170=CARTESIAN_POINT('',(0.018446768962902,0.00653972419590125,0.039));
#9171=CARTESIAN_POINT('',(0.018446768962902,0.00653972419590125,0.036));
#9172=CARTESIAN_POINT('',(0.018512438298672,0.0064256471783351,0.039));
#9173=CARTESIAN_POINT('',(0.018512438298672,0.0064256471783351,0.036));
#9174=CARTESIAN_POINT('',(0.0186233256627865,0.006321139121124,0.039));
#9175=CARTESIAN_POINT('',(0.0186233256627865,0.006321139121124,0.036));
#9176=CARTESIAN_POINT('',(0.0187794310552454,0.00622620002426795,0.039));
#9177=CARTESIAN_POINT('',(0.0187794310552454,0.00622620002426795,0.036));
#9178=CARTESIAN_POINT('',(0.018446768962902,0.00653972419590125,0.039));
#9179=CARTESIAN_POINT('',(0.018446768962902,0.00653972419590125,0.039));
#9180=CARTESIAN_POINT('',(0.018446768962902,0.00653972419590125,0.039));
#9181=CARTESIAN_POINT('',(0.018545272966557,0.00636860866955202,0.039));
#9182=CARTESIAN_POINT('',(0.0187794310552454,0.00622620002426795,0.039));
#9183=CARTESIAN_POINT('',(0.018348264959247,0.00697764485215028,0.039));
#9184=CARTESIAN_POINT('',(0.018348264959247,0.00697764485215028,0.036));
#9185=CARTESIAN_POINT('',(0.018348264959247,0.00679977476555042,0.039));
#9186=CARTESIAN_POINT('',(0.018348264959247,0.00679977476555042,0.036));
#9187=CARTESIAN_POINT('',(0.018381099627132,0.00665380121346741,0.039));
#9188=CARTESIAN_POINT('',(0.018381099627132,0.00665380121346741,0.036));
#9189=CARTESIAN_POINT('',(0.018446768962902,0.00653972419590125,0.039));
#9190=CARTESIAN_POINT('',(0.018446768962902,0.00653972419590125,0.036));
#9191=CARTESIAN_POINT('',(0.018348264959247,0.00697764485215028,0.039));
#9192=CARTESIAN_POINT('',(0.018348264959247,0.00697764485215028,0.039));
#9193=CARTESIAN_POINT('',(0.018348264959247,0.00697764485215028,0.039));
#9194=CARTESIAN_POINT('',(0.018348264959247,0.00671083972225049,0.039));
#9195=CARTESIAN_POINT('',(0.018446768962902,0.00653972419590125,0.039));
#9196=CARTESIAN_POINT('',(0.0186156329691677,0.00754390215316124,0.039));
#9197=CARTESIAN_POINT('',(0.0186156329691677,0.00754390215316124,0.036));
#9198=CARTESIAN_POINT('',(0.0184373876292206,0.00740806044145417,0.039));
#9199=CARTESIAN_POINT('',(0.0184373876292206,0.00740806044145417,0.036));
#9200=CARTESIAN_POINT('',(0.018348264959247,0.00721930800778385,0.039));
#9201=CARTESIAN_POINT('',(0.018348264959247,0.00721930800778385,0.036));
#9202=CARTESIAN_POINT('',(0.018348264959247,0.00697764485215028,0.039));
#9203=CARTESIAN_POINT('',(0.018348264959247,0.00697764485215028,0.036));
#9204=CARTESIAN_POINT('',(0.0186156329691677,0.00754390215316124,0.039));
#9205=CARTESIAN_POINT('',(0.0186156329691677,0.00754390215316124,0.039));
#9206=CARTESIAN_POINT('',(0.0186156329691677,0.00754390215316124,0.039));
#9207=CARTESIAN_POINT('',(0.018348264959247,0.00734013958560063,0.039));
#9208=CARTESIAN_POINT('',(0.018348264959247,0.00697764485215028,0.039));
#9209=CARTESIAN_POINT('',(0.0193580717167159,0.00774766472072184,0.039));
#9210=CARTESIAN_POINT('',(0.0193580717167159,0.00774766472072184,0.036));
#9211=CARTESIAN_POINT('',(0.0190413578916309,0.00774766472072184,0.039));
#9212=CARTESIAN_POINT('',(0.0190413578916309,0.00774766472072184,0.036));
#9213=CARTESIAN_POINT('',(0.0187938783091148,0.00767974386486831,0.039));
#9214=CARTESIAN_POINT('',(0.0187938783091148,0.00767974386486831,0.036));
#9215=CARTESIAN_POINT('',(0.0186156329691677,0.00754390215316124,0.039));
#9216=CARTESIAN_POINT('',(0.0186156329691677,0.00754390215316124,0.036));
#9217=CARTESIAN_POINT('',(0.0193580717167159,0.00774766472072184,0.039));
#9218=CARTESIAN_POINT('',(0.0193580717167159,0.00774766472072184,0.039));
#9219=CARTESIAN_POINT('',(0.0193580717167159,0.00774766472072184,0.039));
#9220=CARTESIAN_POINT('',(0.0188830009790884,0.00774766472072184,0.039));
#9221=CARTESIAN_POINT('',(0.0186156329691677,0.00754390215316124,0.039));
#9222=CARTESIAN_POINT('',(0.0205964077626643,0.00748085959082205,0.039));
#9223=CARTESIAN_POINT('',(0.0205964077626643,0.00748085959082205,0.036));
#9224=CARTESIAN_POINT('',(0.0201716209735692,0.00765872967742191,0.039));
#9225=CARTESIAN_POINT('',(0.0201716209735692,0.00765872967742191,0.036));
#9226=CARTESIAN_POINT('',(0.0197588422915864,0.00774766472072184,0.039));
#9227=CARTESIAN_POINT('',(0.0197588422915864,0.00774766472072184,0.036));
#9228=CARTESIAN_POINT('',(0.0193580717167159,0.00774766472072184,0.039));
#9229=CARTESIAN_POINT('',(0.0193580717167159,0.00774766472072184,0.036));
#9230=CARTESIAN_POINT('',(0.0205964077626643,0.00748085959082205,0.039));
#9231=CARTESIAN_POINT('',(0.0205964077626643,0.00748085959082205,0.039));
#9232=CARTESIAN_POINT('',(0.0205964077626643,0.00748085959082205,0.039));
#9233=CARTESIAN_POINT('',(0.0199592275790217,0.00774766472072184,0.039));
#9234=CARTESIAN_POINT('',(0.0193580717167159,0.00774766472072184,0.039));
#9235=CARTESIAN_POINT('',(0.0206898458461313,0.00774091016047121,0.039));
#9236=CARTESIAN_POINT('',(0.0207832839295983,0.00800096073012038,0.039));
#9237=CARTESIAN_POINT('',(0.0207832839295983,0.00800096073012038,0.039));
#9238=CARTESIAN_POINT('',(0.0206898458461313,0.00774091016047121,0.039));
#9239=CARTESIAN_POINT('',(0.0193727065972589,0.0082824007405632,0.039));
#9240=CARTESIAN_POINT('',(0.0193727065972589,0.0082824007405632,0.036));
#9241=CARTESIAN_POINT('',(0.019883801656223,0.0082824007405632,0.039));
#9242=CARTESIAN_POINT('',(0.019883801656223,0.0082824007405632,0.036));
#9243=CARTESIAN_POINT('',(0.0203539941003362,0.00818858740374893,0.039));
#9244=CARTESIAN_POINT('',(0.0203539941003362,0.00818858740374893,0.036));
#9245=CARTESIAN_POINT('',(0.0207832839295983,0.00800096073012038,0.039));
#9246=CARTESIAN_POINT('',(0.0207832839295983,0.00800096073012038,0.036));
#9247=CARTESIAN_POINT('',(0.0193727065972589,0.0082824007405632,0.039));
#9248=CARTESIAN_POINT('',(0.0193727065972589,0.0082824007405632,0.039));
#9249=CARTESIAN_POINT('',(0.0193727065972589,0.0082824007405632,0.039));
#9250=CARTESIAN_POINT('',(0.0201393491857051,0.0082824007405632,0.039));
#9251=CARTESIAN_POINT('',(0.0207832839295983,0.00800096073012038,0.039));
#9252=CARTESIAN_POINT('',(0.0181900956733781,0.00793060072750967,0.039));
#9253=CARTESIAN_POINT('',(0.0181900956733781,0.00793060072750967,0.036));
#9254=CARTESIAN_POINT('',(0.018487671577753,0.00816513406954536,0.039));
#9255=CARTESIAN_POINT('',(0.018487671577753,0.00816513406954536,0.036));
#9256=CARTESIAN_POINT('',(0.0188818752190466,0.0082824007405632,0.039));
#9257=CARTESIAN_POINT('',(0.0188818752190466,0.0082824007405632,0.036));
#9258=CARTESIAN_POINT('',(0.0193727065972589,0.0082824007405632,0.039));
#9259=CARTESIAN_POINT('',(0.0193727065972589,0.0082824007405632,0.036));
#9260=CARTESIAN_POINT('',(0.0181900956733781,0.00793060072750967,0.039));
#9261=CARTESIAN_POINT('',(0.0181900956733781,0.00793060072750967,0.039));
#9262=CARTESIAN_POINT('',(0.0181900956733781,0.00793060072750967,0.039));
#9263=CARTESIAN_POINT('',(0.0186364595299405,0.0082824007405632,0.039));
#9264=CARTESIAN_POINT('',(0.0193727065972589,0.0082824007405632,0.039));
#9265=CARTESIAN_POINT('',(0.0177437318168158,0.00698439941240091,0.039));
#9266=CARTESIAN_POINT('',(0.0177437318168158,0.00698439941240091,0.036));
#9267=CARTESIAN_POINT('',(0.0177437318168158,0.0073806669471044,0.039));
#9268=CARTESIAN_POINT('',(0.0177437318168158,0.0073806669471044,0.036));
#9269=CARTESIAN_POINT('',(0.0178925197690033,0.00769606738547399,0.039));
#9270=CARTESIAN_POINT('',(0.0178925197690033,0.00769606738547399,0.036));
#9271=CARTESIAN_POINT('',(0.0181900956733781,0.00793060072750967,0.039));
#9272=CARTESIAN_POINT('',(0.0181900956733781,0.00793060072750967,0.036));
#9273=CARTESIAN_POINT('',(0.0177437318168158,0.00698439941240091,0.039));
#9274=CARTESIAN_POINT('',(0.0177437318168158,0.00698439941240091,0.039));
#9275=CARTESIAN_POINT('',(0.0177437318168158,0.00698439941240091,0.039));
#9276=CARTESIAN_POINT('',(0.0177437318168158,0.00757880071445615,0.039));
#9277=CARTESIAN_POINT('',(0.0181900956733781,0.00793060072750967,0.039));
#9278=CARTESIAN_POINT('',(0.0180516271882403,0.00606634209833643,0.039));
#9279=CARTESIAN_POINT('',(0.0180516271882403,0.00606634209833643,0.036));
#9280=CARTESIAN_POINT('',(0.0178463636072907,0.00630087544037211,0.039));
#9281=CARTESIAN_POINT('',(0.0178463636072907,0.00630087544037211,0.036));
#9282=CARTESIAN_POINT('',(0.0177437318168158,0.00660689454506027,0.039));
#9283=CARTESIAN_POINT('',(0.0177437318168158,0.00660689454506027,0.036));
#9284=CARTESIAN_POINT('',(0.0177437318168158,0.00698439941240091,0.039));
#9285=CARTESIAN_POINT('',(0.0177437318168158,0.00698439941240091,0.036));
#9286=CARTESIAN_POINT('',(0.0180516271882403,0.00606634209833643,0.039));
#9287=CARTESIAN_POINT('',(0.0180516271882403,0.00606634209833643,0.039));
#9288=CARTESIAN_POINT('',(0.0180516271882403,0.00606634209833643,0.039));
#9289=CARTESIAN_POINT('',(0.0177437318168158,0.00641814211138995,0.039));
#9290=CARTESIAN_POINT('',(0.0177437318168158,0.00698439941240091,0.039));
#9291=CARTESIAN_POINT('',(0.0190766317062731,0.00545786879575905,0.039));
#9292=CARTESIAN_POINT('',(0.0190766317062731,0.00545786879575905,0.036));
#9293=CARTESIAN_POINT('',(0.0185985589418675,0.00562898432210828,0.039));
#9294=CARTESIAN_POINT('',(0.0185985589418675,0.00562898432210828,0.036));
#9295=CARTESIAN_POINT('',(0.0182568907691899,0.00583180875630074,0.039));
#9296=CARTESIAN_POINT('',(0.0182568907691899,0.00583180875630074,0.036));
#9297=CARTESIAN_POINT('',(0.0180516271882403,0.00606634209833643,0.039));
#9298=CARTESIAN_POINT('',(0.0180516271882403,0.00606634209833643,0.036));
#9299=CARTESIAN_POINT('',(0.0190766317062731,0.00545786879575905,0.039));
#9300=CARTESIAN_POINT('',(0.0190766317062731,0.00545786879575905,0.039));
#9301=CARTESIAN_POINT('',(0.0190766317062731,0.00545786879575905,0.039));
#9302=CARTESIAN_POINT('',(0.0183595225596648,0.0057145420852829,0.039));
#9303=CARTESIAN_POINT('',(0.0180516271882403,0.00606634209833643,0.039));
#9304=CARTESIAN_POINT('',(0.0198415856546566,0.00513083550362449,0.039));
#9305=CARTESIAN_POINT('',(0.0198415856546566,0.00513083550362449,0.036));
#9306=CARTESIAN_POINT('',(0.0196738474084327,0.00522727561386956,0.039));
#9307=CARTESIAN_POINT('',(0.0196738474084327,0.00522727561386956,0.036));
#9308=CARTESIAN_POINT('',(0.0194188627589715,0.00533628671124775,0.039));
#9309=CARTESIAN_POINT('',(0.0194188627589715,0.00533628671124775,0.036));
#9310=CARTESIAN_POINT('',(0.0190766317062731,0.00545786879575905,0.039));
#9311=CARTESIAN_POINT('',(0.0190766317062731,0.00545786879575905,0.036));
#9312=CARTESIAN_POINT('',(0.0198415856546566,0.00513083550362449,0.039));
#9313=CARTESIAN_POINT('',(0.0198415856546566,0.00513083550362449,0.039));
#9314=CARTESIAN_POINT('',(0.0198415856546566,0.00513083550362449,0.039));
#9315=CARTESIAN_POINT('',(0.0195899782853208,0.0052754956689921,0.039));
#9316=CARTESIAN_POINT('',(0.0190766317062731,0.00545786879575905,0.039));
#9317=CARTESIAN_POINT('',(0.0202007031079816,0.00481562269192854,0.039));
#9318=CARTESIAN_POINT('',(0.0202007031079816,0.00481562269192854,0.036));
#9319=CARTESIAN_POINT('',(0.0201290297186555,0.00492932445614743,0.039));
#9320=CARTESIAN_POINT('',(0.0201290297186555,0.00492932445614743,0.036));
#9321=CARTESIAN_POINT('',(0.0200093239008805,0.00503439539337942,0.039));
#9322=CARTESIAN_POINT('',(0.0200093239008805,0.00503439539337942,0.036));
#9323=CARTESIAN_POINT('',(0.0198415856546566,0.00513083550362449,0.039));
#9324=CARTESIAN_POINT('',(0.0198415856546566,0.00513083550362449,0.036));
#9325=CARTESIAN_POINT('',(0.0202007031079816,0.00481562269192854,0.039));
#9326=CARTESIAN_POINT('',(0.0202007031079816,0.00481562269192854,0.039));
#9327=CARTESIAN_POINT('',(0.0202007031079816,0.00481562269192854,0.039));
#9328=CARTESIAN_POINT('',(0.0200931930239925,0.00498617533825688,0.039));
#9329=CARTESIAN_POINT('',(0.0198415856546566,0.00513083550362449,0.039));
#9330=CARTESIAN_POINT('',(0.0203082131919708,0.00437826491570039,0.039));
#9331=CARTESIAN_POINT('',(0.0203082131919708,0.00437826491570039,0.036));
#9332=CARTESIAN_POINT('',(0.0203082131919708,0.00455613500230026,0.039));
#9333=CARTESIAN_POINT('',(0.0203082131919708,0.00455613500230026,0.036));
#9334=CARTESIAN_POINT('',(0.0202723764973077,0.00470192092770964,0.039));
#9335=CARTESIAN_POINT('',(0.0202723764973077,0.00470192092770964,0.036));
#9336=CARTESIAN_POINT('',(0.0202007031079816,0.00481562269192854,0.039));
#9337=CARTESIAN_POINT('',(0.0202007031079816,0.00481562269192854,0.036));
#9338=CARTESIAN_POINT('',(0.0203082131919708,0.00437826491570039,0.039));
#9339=CARTESIAN_POINT('',(0.0203082131919708,0.00437826491570039,0.039));
#9340=CARTESIAN_POINT('',(0.0203082131919708,0.00437826491570039,0.039));
#9341=CARTESIAN_POINT('',(0.0203082131919708,0.00464507004560019,0.039));
#9342=CARTESIAN_POINT('',(0.0202007031079816,0.00481562269192854,0.039));
#9343=CARTESIAN_POINT('',(0.0200053837407344,0.00374615065224582,0.039));
#9344=CARTESIAN_POINT('',(0.0200053837407344,0.00374615065224582,0.036));
#9345=CARTESIAN_POINT('',(0.0202072700415586,0.00389737775119043,0.039));
#9346=CARTESIAN_POINT('',(0.0202072700415586,0.00389737775119043,0.036));
#9347=CARTESIAN_POINT('',(0.0203082131919708,0.00410808250567528,0.039));
#9348=CARTESIAN_POINT('',(0.0203082131919708,0.00410808250567528,0.036));
#9349=CARTESIAN_POINT('',(0.0203082131919708,0.00437826491570039,0.039));
#9350=CARTESIAN_POINT('',(0.0203082131919708,0.00437826491570039,0.036));
#9351=CARTESIAN_POINT('',(0.0200053837407344,0.00374615065224582,0.039));
#9352=CARTESIAN_POINT('',(0.0200053837407344,0.00374615065224582,0.039));
#9353=CARTESIAN_POINT('',(0.0200053837407344,0.00374615065224582,0.039));
#9354=CARTESIAN_POINT('',(0.0203082131919708,0.00397299130066273,0.039));
#9355=CARTESIAN_POINT('',(0.0203082131919708,0.00437826491570039,0.039));
#9356=CARTESIAN_POINT('',(0.0191047757073173,0.0035193100038289,0.039));
#9357=CARTESIAN_POINT('',(0.0191047757073173,0.0035193100038289,0.036));
#9358=CARTESIAN_POINT('',(0.0195032947621043,0.0035193100038289,0.039));
#9359=CARTESIAN_POINT('',(0.0195032947621043,0.0035193100038289,0.036));
#9360=CARTESIAN_POINT('',(0.01980349743991,0.00359492355330121,0.039));
#9361=CARTESIAN_POINT('',(0.01980349743991,0.00359492355330121,0.036));
#9362=CARTESIAN_POINT('',(0.0200053837407344,0.00374615065224582,0.039));
#9363=CARTESIAN_POINT('',(0.0200053837407344,0.00374615065224582,0.036));
#9364=CARTESIAN_POINT('',(0.0191047757073173,0.0035193100038289,0.039));
#9365=CARTESIAN_POINT('',(0.0191047757073173,0.0035193100038289,0.039));
#9366=CARTESIAN_POINT('',(0.0191047757073173,0.0035193100038289,0.039));
#9367=CARTESIAN_POINT('',(0.0197025542894978,0.0035193100038289,0.039));
#9368=CARTESIAN_POINT('',(0.0200053837407344,0.00374615065224582,0.039));
#9369=CARTESIAN_POINT('',(0.0191125243923384,0.00713033314629826,0.0389999999999999));
#9370=CARTESIAN_POINT('',(0.0183662771199153,0.00359698744671112,0.039));
#9371=CARTESIAN_POINT('',(0.018366307113305,0.00359713255841474,0.039));
#9372=CARTESIAN_POINT('',(0.0191125243923384,0.00713033314629826,0.039));
#9373=CARTESIAN_POINT('',(0.0191190128784058,0.0073115101301469,0.0389999999999999));
#9374=CARTESIAN_POINT('',(0.0176761862143095,0.00380718496960993,0.039));
#9375=CARTESIAN_POINT('',(0.0176761862143095,0.00380718496960993,0.039));
#9376=CARTESIAN_POINT('',(0.0191190128784058,0.0073115101301469,0.039));
#9377=CARTESIAN_POINT('',(0.0176761862143095,0.0035193100038289,0.039));
#9378=CARTESIAN_POINT('',(0.0176761862143095,0.00323111543313546,0.039));
#9379=CARTESIAN_POINT('',(0.0176761862143095,0.00323111543313546,0.039));
#9380=CARTESIAN_POINT('',(0.0176761862143095,0.0035193100038289,0.039));
#9381=CARTESIAN_POINT('',(0.0190833862665237,0.00299470582436348,0.039));
#9382=CARTESIAN_POINT('',(0.0190833862665237,0.00299470582436348,0.036));
#9383=CARTESIAN_POINT('',(0.0184739748305781,0.00299470582436349,0.039));
#9384=CARTESIAN_POINT('',(0.0184739748305781,0.00299470582436349,0.036));
#9385=CARTESIAN_POINT('',(0.0180049081465068,0.00307350902728748,0.039));
#9386=CARTESIAN_POINT('',(0.0180049081465068,0.00307350902728748,0.036));
#9387=CARTESIAN_POINT('',(0.0176761862143095,0.00323111543313546,0.039));
#9388=CARTESIAN_POINT('',(0.0176761862143095,0.00323111543313546,0.036));
#9389=CARTESIAN_POINT('',(0.0190833862665237,0.00299470582436348,0.039));
#9390=CARTESIAN_POINT('',(0.0190833862665237,0.00299470582436348,0.039));
#9391=CARTESIAN_POINT('',(0.0190833862665237,0.00299470582436348,0.039));
#9392=CARTESIAN_POINT('',(0.0181692691126054,0.00299470582436348,0.039));
#9393=CARTESIAN_POINT('',(0.0176761862143095,0.00323111543313546,0.039));
#9394=CARTESIAN_POINT('',(0.0204202263161271,0.00337521271848218,0.039));
#9395=CARTESIAN_POINT('',(0.0204202263161271,0.00337521271848218,0.036));
#9396=CARTESIAN_POINT('',(0.0200918796372771,0.00312154145573638,0.039));
#9397=CARTESIAN_POINT('',(0.0200918796372771,0.00312154145573638,0.036));
#9398=CARTESIAN_POINT('',(0.0196462662874093,0.00299470582436349,0.039));
#9399=CARTESIAN_POINT('',(0.0196462662874093,0.00299470582436349,0.036));
#9400=CARTESIAN_POINT('',(0.0190833862665237,0.00299470582436348,0.039));
#9401=CARTESIAN_POINT('',(0.0190833862665237,0.00299470582436348,0.036));
#9402=CARTESIAN_POINT('',(0.0204202263161271,0.00337521271848218,0.039));
#9403=CARTESIAN_POINT('',(0.0199277062978521,0.00299470582436348,0.039));
#9404=CARTESIAN_POINT('',(0.0190833862665237,0.00299470582436348,0.039));
#9405=CARTESIAN_POINT('',(0.00198598749339636,-0.00383108708127283,0.039));
#9406=CARTESIAN_POINT('',(0.0141890905357163,0.00444546536871656,0.039));
#9407=CARTESIAN_POINT('',(0.0141890905357163,0.00312309847990961,0.039));
#9408=CARTESIAN_POINT('',(0.0141890905357163,0.00312309847990961,0.039));
#9409=CARTESIAN_POINT('',(0.0141890905357163,0.00444546536871656,0.039));
#9410=CARTESIAN_POINT('',(0.0141890905357163,0.0057678322575235,0.039));
#9411=CARTESIAN_POINT('',(0.0141890905357163,0.0057678322575235,0.039));
#9412=CARTESIAN_POINT('',(0.0144987964992952,0.00312309847990961,0.039));
#9413=CARTESIAN_POINT('',(0.0148085024628741,0.00312309847990961,0.039));
#9414=CARTESIAN_POINT('',(0.0148085024628741,0.00312309847990961,0.039));
#9415=CARTESIAN_POINT('',(0.0144987964992952,0.00312309847990961,0.039));
#9416=CARTESIAN_POINT('',(0.0148085024628741,0.00445620661600831,0.039));
#9417=CARTESIAN_POINT('',(0.0148085024628741,0.005789314752107,0.039));
#9418=CARTESIAN_POINT('',(0.0148085024628741,0.005789314752107,0.039));
#9419=CARTESIAN_POINT('',(0.0148085024628741,0.00445620661600831,0.039));
#9420=CARTESIAN_POINT('',(0.014435542487466,0.0069296771729148,0.039));
#9421=CARTESIAN_POINT('',(0.014435542487466,0.0069296771729148,0.036));
#9422=CARTESIAN_POINT('',(0.0146841824710714,0.00669217626057492,0.039));
#9423=CARTESIAN_POINT('',(0.0146841824710714,0.00669217626057492,0.036));
#9424=CARTESIAN_POINT('',(0.0148085024628741,0.00631205545363899,0.039));
#9425=CARTESIAN_POINT('',(0.0148085024628741,0.00631205545363899,0.036));
#9426=CARTESIAN_POINT('',(0.0148085024628741,0.005789314752107,0.039));
#9427=CARTESIAN_POINT('',(0.0148085024628741,0.005789314752107,0.036));
#9428=CARTESIAN_POINT('',(0.014435542487466,0.0069296771729148,0.039));
#9429=CARTESIAN_POINT('',(0.014435542487466,0.0069296771729148,0.039));
#9430=CARTESIAN_POINT('',(0.014435542487466,0.0069296771729148,0.039));
#9431=CARTESIAN_POINT('',(0.0148085024628741,0.00657342580440498,0.039));
#9432=CARTESIAN_POINT('',(0.0148085024628741,0.005789314752107,0.039));
#9433=CARTESIAN_POINT('',(0.0133238233927695,0.00728592854142461,0.039));
#9434=CARTESIAN_POINT('',(0.0133238233927695,0.00728592854142461,0.036));
#9435=CARTESIAN_POINT('',(0.0138163294722951,0.00728592854142461,0.039));
#9436=CARTESIAN_POINT('',(0.0138163294722951,0.00728592854142461,0.036));
#9437=CARTESIAN_POINT('',(0.0141869025038606,0.00716717808525467,0.039));
#9438=CARTESIAN_POINT('',(0.0141869025038606,0.00716717808525467,0.036));
#9439=CARTESIAN_POINT('',(0.014435542487466,0.0069296771729148,0.039));
#9440=CARTESIAN_POINT('',(0.014435542487466,0.0069296771729148,0.036));
#9441=CARTESIAN_POINT('',(0.0133238233927695,0.00728592854142461,0.039));
#9442=CARTESIAN_POINT('',(0.0133238233927695,0.00728592854142461,0.039));
#9443=CARTESIAN_POINT('',(0.0133238233927695,0.00728592854142461,0.039));
#9444=CARTESIAN_POINT('',(0.0140625825120579,0.00728592854142461,0.039));
#9445=CARTESIAN_POINT('',(0.014435542487466,0.0069296771729148,0.039));
#9446=CARTESIAN_POINT('',(0.0132965395800188,0.00555676181684725,0.039));
#9447=CARTESIAN_POINT('',(0.0125594046271731,0.00711943920840244,0.039));
#9448=CARTESIAN_POINT('',(0.0125594116354846,0.00711941968727982,0.039));
#9449=CARTESIAN_POINT('',(0.0132965395800188,0.00555676181684725,0.039));
#9450=CARTESIAN_POINT('',(0.0130962884999141,0.00596542077476693,0.039));
#9451=CARTESIAN_POINT('',(0.012024804984031,0.00665100147928987,0.039));
#9452=CARTESIAN_POINT('',(0.012024804984031,0.00665100147928987,0.039));
#9453=CARTESIAN_POINT('',(0.0130962884999141,0.00596542077476693,0.039));
#9454=CARTESIAN_POINT('',(0.0120104075433724,0.00665100147928987,0.039));
#9455=CARTESIAN_POINT('',(0.0119954891443561,0.00665100147928987,0.039));
#9456=CARTESIAN_POINT('',(0.0119954891443561,0.00665100147928987,0.039));
#9457=CARTESIAN_POINT('',(0.0120104075433724,0.00665100147928987,0.039));
#9458=CARTESIAN_POINT('',(0.0119453633236612,0.0069308706448361,0.039));
#9459=CARTESIAN_POINT('',(0.0118952375029664,0.00721073981038234,0.039));
#9460=CARTESIAN_POINT('',(0.0118952375029664,0.00721073981038234,0.039));
#9461=CARTESIAN_POINT('',(0.0119453633236612,0.0069308706448361,0.039));
#9462=CARTESIAN_POINT('',(0.0116434149275708,0.00721073981038234,0.039));
#9463=CARTESIAN_POINT('',(0.0113915923521753,0.00721073981038234,0.039));
#9464=CARTESIAN_POINT('',(0.0113915923521753,0.00721073981038234,0.039));
#9465=CARTESIAN_POINT('',(0.0116434149275708,0.00721073981038234,0.039));
#9466=CARTESIAN_POINT('',(0.0113915923521753,0.00516691914514597,0.039));
#9467=CARTESIAN_POINT('',(0.0113915923521753,0.00312309847990961,0.039));
#9468=CARTESIAN_POINT('',(0.0113915923521753,0.00312309847990961,0.039));
#9469=CARTESIAN_POINT('',(0.0113915923521753,0.00516691914514597,0.039));
#9470=CARTESIAN_POINT('',(0.0117012983157542,0.00312309847990961,0.039));
#9471=CARTESIAN_POINT('',(0.012011004279333,0.00312309847990961,0.039));
#9472=CARTESIAN_POINT('',(0.012011004279333,0.00312309847990961,0.039));
#9473=CARTESIAN_POINT('',(0.0117012983157542,0.00312309847990961,0.039));
#9474=CARTESIAN_POINT('',(0.012011004279333,0.00419543300120296,0.039));
#9475=CARTESIAN_POINT('',(0.012011004279333,0.00526776752249632,0.039));
#9476=CARTESIAN_POINT('',(0.012011004279333,0.00526776752249632,0.039));
#9477=CARTESIAN_POINT('',(0.012011004279333,0.00419543300120296,0.039));
#9478=CARTESIAN_POINT('',(0.0123093722596595,0.00641290383098934,0.039));
#9479=CARTESIAN_POINT('',(0.0123093722596595,0.00641290383098934,0.036));
#9480=CARTESIAN_POINT('',(0.0121104602727752,0.00618176810222976,0.039));
#9481=CARTESIAN_POINT('',(0.0121104602727752,0.00618176810222976,0.036));
#9482=CARTESIAN_POINT('',(0.012011004279333,0.00580005599939875,0.039));
#9483=CARTESIAN_POINT('',(0.012011004279333,0.00580005599939875,0.036));
#9484=CARTESIAN_POINT('',(0.012011004279333,0.00526776752249632,0.039));
#9485=CARTESIAN_POINT('',(0.012011004279333,0.00526776752249632,0.036));
#9486=CARTESIAN_POINT('',(0.0123093722596595,0.00641290383098934,0.039));
#9487=CARTESIAN_POINT('',(0.0123093722596595,0.00641290383098934,0.039));
#9488=CARTESIAN_POINT('',(0.0123093722596595,0.00641290383098934,0.039));
#9489=CARTESIAN_POINT('',(0.012011004279333,0.00606620023784997,0.039));
#9490=CARTESIAN_POINT('',(0.012011004279333,0.00526776752249632,0.039));
#9491=CARTESIAN_POINT('',(0.0132486346617273,0.00675960742412871,0.039));
#9492=CARTESIAN_POINT('',(0.0132486346617273,0.00675960742412871,0.036));
#9493=CARTESIAN_POINT('',(0.0128213717138998,0.00675960742412871,0.039));
#9494=CARTESIAN_POINT('',(0.0128213717138998,0.00675960742412871,0.036));
#9495=CARTESIAN_POINT('',(0.0125082842465438,0.00664403955974892,0.039));
#9496=CARTESIAN_POINT('',(0.0125082842465438,0.00664403955974892,0.036));
#9497=CARTESIAN_POINT('',(0.0123093722596595,0.00641290383098934,0.039));
#9498=CARTESIAN_POINT('',(0.0123093722596595,0.00641290383098934,0.036));
#9499=CARTESIAN_POINT('',(0.0132486346617273,0.00675960742412871,0.039));
#9500=CARTESIAN_POINT('',(0.0132486346617273,0.00675960742412871,0.039));
#9501=CARTESIAN_POINT('',(0.0132486346617273,0.00675960742412871,0.039));
#9502=CARTESIAN_POINT('',(0.012607740239986,0.00675960742412871,0.039));
#9503=CARTESIAN_POINT('',(0.0123093722596595,0.00641290383098934,0.039));
#9504=CARTESIAN_POINT('',(0.0139617341347075,0.00651315547237904,0.039));
#9505=CARTESIAN_POINT('',(0.0139617341347075,0.00651315547237904,0.036));
#9506=CARTESIAN_POINT('',(0.0138101632007017,0.00667745677354549,0.039));
#9507=CARTESIAN_POINT('',(0.0138101632007017,0.00667745677354549,0.036));
#9508=CARTESIAN_POINT('',(0.0135724633763749,0.00675960742412871,0.039));
#9509=CARTESIAN_POINT('',(0.0135724633763749,0.00675960742412871,0.036));
#9510=CARTESIAN_POINT('',(0.0132486346617273,0.00675960742412871,0.039));
#9511=CARTESIAN_POINT('',(0.0132486346617273,0.00675960742412871,0.036));
#9512=CARTESIAN_POINT('',(0.0139617341347075,0.00651315547237904,0.039));
#9513=CARTESIAN_POINT('',(0.0139617341347075,0.00651315547237904,0.039));
#9514=CARTESIAN_POINT('',(0.0139617341347075,0.00651315547237904,0.039));
#9515=CARTESIAN_POINT('',(0.0137343777336988,0.00675960742412871,0.039));
#9516=CARTESIAN_POINT('',(0.0132486346617273,0.00675960742412871,0.039));
#9517=CARTESIAN_POINT('',(0.0141890905357163,0.0057678322575235,0.039));
#9518=CARTESIAN_POINT('',(0.0141890905357163,0.0057678322575235,0.036));
#9519=CARTESIAN_POINT('',(0.0141890905357163,0.00610041309959408,0.039));
#9520=CARTESIAN_POINT('',(0.0141890905357163,0.00610041309959408,0.036));
#9521=CARTESIAN_POINT('',(0.0141133050687134,0.00634885417121259,0.039));
#9522=CARTESIAN_POINT('',(0.0141133050687134,0.00634885417121259,0.036));
#9523=CARTESIAN_POINT('',(0.0139617341347075,0.00651315547237904,0.039));
#9524=CARTESIAN_POINT('',(0.0139617341347075,0.00651315547237904,0.036));
#9525=CARTESIAN_POINT('',(0.0141890905357163,0.0057678322575235,0.039));
#9526=CARTESIAN_POINT('',(0.0141890905357163,0.00626670352062937,0.039));
#9527=CARTESIAN_POINT('',(0.0139617341347075,0.00651315547237904,0.039));
#9528=CARTESIAN_POINT('',(0.00198598749339636,-0.00383108708127283,0.039));
#9529=CARTESIAN_POINT('',(0.00841387990851704,0.00432194102486139,0.039));
#9530=CARTESIAN_POINT('',(0.0087886300918071,0.00312309847990961,0.039));
#9531=CARTESIAN_POINT('',(0.0087886300918071,0.00312309847990961,0.039));
#9532=CARTESIAN_POINT('',(0.00841387990851704,0.00432194102486139,0.039));
#9533=CARTESIAN_POINT('',(0.00803912972522699,0.00552078356981317,0.039));
#9534=CARTESIAN_POINT('',(0.00803912972522699,0.00552078356981317,0.039));
#9535=CARTESIAN_POINT('',(0.00915621944356932,0.00312309847990961,0.039));
#9536=CARTESIAN_POINT('',(0.00952380879533153,0.00312309847990961,0.039));
#9537=CARTESIAN_POINT('',(0.00952380879533153,0.00312309847990961,0.039));
#9538=CARTESIAN_POINT('',(0.00915621944356932,0.00312309847990961,0.039));
#9539=CARTESIAN_POINT('',(0.0100883210141092,0.00516691914514597,0.039));
#9540=CARTESIAN_POINT('',(0.0106528332328869,0.00721073981038234,0.039));
#9541=CARTESIAN_POINT('',(0.0106528332328869,0.00721073981038234,0.039));
#9542=CARTESIAN_POINT('',(0.0100883210141092,0.00516691914514597,0.039));
#9543=CARTESIAN_POINT('',(0.0103323860220163,0.00721073981038234,0.039));
#9544=CARTESIAN_POINT('',(0.0100119388111456,0.00721073981038234,0.039));
#9545=CARTESIAN_POINT('',(0.0100119388111456,0.00721073981038234,0.039));
#9546=CARTESIAN_POINT('',(0.0103323860220163,0.00721073981038234,0.039));
#9547=CARTESIAN_POINT('',(0.00923439185441485,0.0042014003608095,0.039));
#9548=CARTESIAN_POINT('',(0.00923439185441485,0.0042014003608095,0.036));
#9549=CARTESIAN_POINT('',(0.00927775466755563,0.00438797980450699,0.039));
#9550=CARTESIAN_POINT('',(0.00927775466755563,0.00438797980450699,0.036));
#9551=CARTESIAN_POINT('',(0.00953693698646589,0.0053910929543646,0.039));
#9552=CARTESIAN_POINT('',(0.00953693698646589,0.0053910929543646,0.036));
#9553=CARTESIAN_POINT('',(0.0100119388111456,0.00721073981038234,0.039));
#9554=CARTESIAN_POINT('',(0.0100119388111456,0.00721073981038234,0.036));
#9555=CARTESIAN_POINT('',(0.00923439185441485,0.0042014003608095,0.039));
#9556=CARTESIAN_POINT('',(0.00923439185441485,0.0042014003608095,0.039));
#9557=CARTESIAN_POINT('',(0.00923439185441485,0.0042014003608095,0.039));
#9558=CARTESIAN_POINT('',(0.00929943607412602,0.00448126952635573,0.039));
#9559=CARTESIAN_POINT('',(0.0100119388111456,0.00721073981038234,0.039));
#9560=CARTESIAN_POINT('',(0.0134687140670745,0.00315040364371753,0.039));
#9561=CARTESIAN_POINT('',(0.00915310155259881,0.00378666886815569,0.039));
#9562=CARTESIAN_POINT('',(0.00915310155259881,0.00378666886815569,0.039));
#9563=CARTESIAN_POINT('',(0.0134687140670745,0.00315040364371753,0.039));
#9564=CARTESIAN_POINT('',(0.00913891410071038,0.00378666886815569,0.039));
#9565=CARTESIAN_POINT('',(0.00912399570169406,0.00378666886815569,0.039));
#9566=CARTESIAN_POINT('',(0.00912399570169406,0.00378666886815569,0.039));
#9567=CARTESIAN_POINT('',(0.00913891410071038,0.00378666886815569,0.039));
#9568=CARTESIAN_POINT('',(0.00884114285634456,0.00486437401309493,0.039));
#9569=CARTESIAN_POINT('',(0.00884114285634456,0.00486437401309493,0.036));
#9570=CARTESIAN_POINT('',(0.00898038124716358,0.00443711106526741,0.039));
#9571=CARTESIAN_POINT('',(0.00898038124716358,0.00443711106526741,0.036));
#9572=CARTESIAN_POINT('',(0.00907466552894675,0.00407787601695433,0.039));
#9573=CARTESIAN_POINT('',(0.00907466552894675,0.00407787601695433,0.036));
#9574=CARTESIAN_POINT('',(0.00912399570169406,0.00378666886815569,0.039));
#9575=CARTESIAN_POINT('',(0.00912399570169406,0.00378666886815569,0.036));
#9576=CARTESIAN_POINT('',(0.00884114285634456,0.00486437401309493,0.039));
#9577=CARTESIAN_POINT('',(0.00884114285634456,0.00486437401309493,0.039));
#9578=CARTESIAN_POINT('',(0.00884114285634456,0.00486437401309493,0.039));
#9579=CARTESIAN_POINT('',(0.00905000044257309,0.00422347959135365,0.039));
#9580=CARTESIAN_POINT('',(0.00912399570169406,0.00378666886815569,0.039));
#9581=CARTESIAN_POINT('',(0.0084753437124643,0.00603755691173863,0.039));
#9582=CARTESIAN_POINT('',(0.00810954456858404,0.00721073981038234,0.039));
#9583=CARTESIAN_POINT('',(0.00810954456858404,0.00721073981038234,0.039));
#9584=CARTESIAN_POINT('',(0.0084753437124643,0.00603755691173863,0.039));
#9585=CARTESIAN_POINT('',(0.00777417895869708,0.00721073981038234,0.039));
#9586=CARTESIAN_POINT('',(0.00743881334881012,0.00721073981038234,0.039));
#9587=CARTESIAN_POINT('',(0.00743881334881012,0.00721073981038234,0.039));
#9588=CARTESIAN_POINT('',(0.00777417895869708,0.00721073981038234,0.039));
#9589=CARTESIAN_POINT('',(0.00706406316552006,0.00603755691173863,0.039));
#9590=CARTESIAN_POINT('',(0.00668931298223001,0.00486437401309493,0.039));
#9591=CARTESIAN_POINT('',(0.00668911248907697,0.00486444044677187,0.039));
#9592=CARTESIAN_POINT('',(0.00706406316552006,0.00603755691173863,0.039));
#9593=CARTESIAN_POINT('',(0.0150361915088468,0.00209862454447462,0.039));
#9594=CARTESIAN_POINT('',(0.00652998448073567,0.00432969859234988,0.039));
#9595=CARTESIAN_POINT('',(0.00653016061983313,0.00432965161265529,0.039));
#9596=CARTESIAN_POINT('',(0.0150361915088468,0.00209862454447462,0.039));
#9597=CARTESIAN_POINT('',(0.0142764666193001,0.00217026335660473,0.039));
#9598=CARTESIAN_POINT('',(0.00639765788278096,0.00377950803662785,0.039));
#9599=CARTESIAN_POINT('',(0.00639765788278097,0.00377950803662785,0.039));
#9600=CARTESIAN_POINT('',(0.0142764666193001,0.00217026335660473,0.039));
#9601=CARTESIAN_POINT('',(0.00638318743441504,0.00377950803662785,0.039));
#9602=CARTESIAN_POINT('',(0.00636826903539872,0.00377950803662785,0.039));
#9603=CARTESIAN_POINT('',(0.00636826903539872,0.00377950803662785,0.039));
#9604=CARTESIAN_POINT('',(0.00638318743441504,0.00377950803662785,0.039));
#9605=CARTESIAN_POINT('',(0.0061313648590195,0.00486437401309493,0.039));
#9606=CARTESIAN_POINT('',(0.0061313648590195,0.00486437401309493,0.036));
#9607=CARTESIAN_POINT('',(0.00626940977791721,0.00432731164850727,0.039));
#9608=CARTESIAN_POINT('',(0.00626940977791721,0.00432731164850727,0.036));
#9609=CARTESIAN_POINT('',(0.00634837783671029,0.00396568965635158,0.039));
#9610=CARTESIAN_POINT('',(0.00634837783671029,0.00396568965635158,0.036));
#9611=CARTESIAN_POINT('',(0.00636826903539872,0.00377950803662785,0.039));
#9612=CARTESIAN_POINT('',(0.00636826903539872,0.00377950803662785,0.036));
#9613=CARTESIAN_POINT('',(0.0061313648590195,0.00486437401309493,0.039));
#9614=CARTESIAN_POINT('',(0.0061313648590195,0.00486437401309493,0.039));
#9615=CARTESIAN_POINT('',(0.0061313648590195,0.00486437401309493,0.039));
#9616=CARTESIAN_POINT('',(0.00633843223736607,0.00405878046621344,0.039));
#9617=CARTESIAN_POINT('',(0.00636826903539872,0.00377950803662785,0.039));
#9618=CARTESIAN_POINT('',(0.0058599913291236,0.00592147606381373,0.0389999999996417));
#9619=CARTESIAN_POINT('',(0.00552915880117151,0.00721073981038234,0.039));
#9620=CARTESIAN_POINT('',(0.00552915880117151,0.00721073981038234,0.039));
#9621=CARTESIAN_POINT('',(0.0058599913291236,0.00592147606381373,0.039));
#9622=CARTESIAN_POINT('',(0.00520463391212546,0.00721073981038234,0.039));
#9623=CARTESIAN_POINT('',(0.00488000954953025,0.00721073981038234,0.039));
#9624=CARTESIAN_POINT('',(0.00488000954953025,0.00721073981038234,0.039));
#9625=CARTESIAN_POINT('',(0.00520463391212546,0.00721073981038234,0.039));
#9626=CARTESIAN_POINT('',(0.00543736093678011,0.00516691914514597,0.039));
#9627=CARTESIAN_POINT('',(0.00599471232402997,0.0031230984799096,0.039));
#9628=CARTESIAN_POINT('',(0.00599471232402997,0.0031230984799096,0.039));
#9629=CARTESIAN_POINT('',(0.00543736093678011,0.00516691914514597,0.039));
#9630=CARTESIAN_POINT('',(0.00635275390042174,0.00312309847990961,0.039));
#9631=CARTESIAN_POINT('',(0.00671079547681351,0.00312309847990961,0.039));
#9632=CARTESIAN_POINT('',(0.00671079547681351,0.00312309847990961,0.039));
#9633=CARTESIAN_POINT('',(0.00635275390042174,0.00312309847990961,0.039));
#9634=CARTESIAN_POINT('',(0.00709688364335597,0.00431836060909747,0.039));
#9635=CARTESIAN_POINT('',(0.00748297180989843,0.00551362273828534,0.039));
#9636=CARTESIAN_POINT('',(0.00748297180989843,0.00551362273828534,0.039));
#9637=CARTESIAN_POINT('',(0.00709688364335597,0.00431836060909747,0.039));
#9638=CARTESIAN_POINT('',(0.00774434216066443,0.00652091303986752,0.039));
#9639=CARTESIAN_POINT('',(0.00774434216066443,0.00652091303986752,0.036));
#9640=CARTESIAN_POINT('',(0.00764488616722227,0.00608569361256463,0.039));
#9641=CARTESIAN_POINT('',(0.00764488616722227,0.00608569361256463,0.036));
#9642=CARTESIAN_POINT('',(0.00755776271696694,0.00574993017870391,0.039));
#9643=CARTESIAN_POINT('',(0.00755776271696694,0.00574993017870391,0.036));
#9644=CARTESIAN_POINT('',(0.00748297180989843,0.00551362273828534,0.039));
#9645=CARTESIAN_POINT('',(0.00748297180989843,0.00551362273828534,0.036));
#9646=CARTESIAN_POINT('',(0.00774434216066443,0.00652091303986752,0.039));
#9647=CARTESIAN_POINT('',(0.00774434216066443,0.00652091303986752,0.039));
#9648=CARTESIAN_POINT('',(0.00774434216066443,0.00652091303986752,0.039));
#9649=CARTESIAN_POINT('',(0.00759515817050119,0.00586808389891319,0.039));
#9650=CARTESIAN_POINT('',(0.00748297180989843,0.00551362273828534,0.039));
#9651=CARTESIAN_POINT('',(0.00775926055968075,0.00652091303986752,0.039));
#9652=CARTESIAN_POINT('',(0.00777417895869708,0.00652091303986752,0.039));
#9653=CARTESIAN_POINT('',(0.00777417895869708,0.00652091303986752,0.039));
#9654=CARTESIAN_POINT('',(0.00775926055968075,0.00652091303986752,0.039));
#9655=CARTESIAN_POINT('',(0.00803912972522699,0.00552078356981317,0.039));
#9656=CARTESIAN_POINT('',(0.00803912972522699,0.00552078356981317,0.036));
#9657=CARTESIAN_POINT('',(0.00799139084837475,0.00566797844010757,0.039));
#9658=CARTESIAN_POINT('',(0.00799139084837475,0.00566797844010757,0.036));
#9659=CARTESIAN_POINT('',(0.00790307392619811,0.00600135493012569,0.039));
#9660=CARTESIAN_POINT('',(0.00790307392619811,0.00600135493012569,0.036));
#9661=CARTESIAN_POINT('',(0.00777417895869708,0.00652091303986752,0.039));
#9662=CARTESIAN_POINT('',(0.00777417895869708,0.00652091303986752,0.036));
#9663=CARTESIAN_POINT('',(0.00803912972522699,0.00552078356981317,0.039));
#9664=CARTESIAN_POINT('',(0.00796752140994863,0.00574157587525477,0.039));
#9665=CARTESIAN_POINT('',(0.00777417895869708,0.00652091303986752,0.039));
#9666=CARTESIAN_POINT('',(0.00198598749339636,-0.00383108708127283,0.039));
#9667=CARTESIAN_POINT('',(0.00125066143683899,0.00517109629687054,0.039));
#9668=CARTESIAN_POINT('',(0.00125066143683899,0.00517109629687054,0.036));
#9669=CARTESIAN_POINT('',(0.00125066143683899,0.00464835559533855,0.039));
#9670=CARTESIAN_POINT('',(0.00125066143683899,0.00464835559533855,0.036));
#9671=CARTESIAN_POINT('',(0.00135509022995326,0.00425033270958304,0.039));
#9672=CARTESIAN_POINT('',(0.00135509022995326,0.00425033270958304,0.036));
#9673=CARTESIAN_POINT('',(0.00156394781618179,0.00397702763960399,0.039));
#9674=CARTESIAN_POINT('',(0.00156394781618179,0.00397702763960399,0.036));
#9675=CARTESIAN_POINT('',(0.00125066143683899,0.00517109629687054,0.036));
#9676=CARTESIAN_POINT('',(0.00125066143683899,0.00438698524457256,0.036));
#9677=CARTESIAN_POINT('',(0.00156394781618179,0.00397702763960399,0.036));
#9678=CARTESIAN_POINT('',(0.00125066143683899,0.00517109629687054,0.036));
#9679=CARTESIAN_POINT('',(0.00156394781618179,0.00397702763960399,0.036));
#9680=CARTESIAN_POINT('',(0.00125066143683899,0.00517109629687054,0.039));
#9681=CARTESIAN_POINT('',(0.00125066143683899,0.00517109629687054,0.039));
#9682=CARTESIAN_POINT('',(0.00125066143683899,0.00517109629687054,0.039));
#9683=CARTESIAN_POINT('',(0.00125066143683899,0.00438698524457256,0.039));
#9684=CARTESIAN_POINT('',(0.00156394781618179,0.00397702763960399,0.039));
#9685=CARTESIAN_POINT('',(0.00156394781618179,0.00397702763960399,0.039));
#9686=CARTESIAN_POINT('',(0.00156394781618179,0.00397702763960399,0.039));
#9687=CARTESIAN_POINT('',(0.00156036740041787,0.00636039106645188,0.039));
#9688=CARTESIAN_POINT('',(0.00156036740041787,0.00636039106645188,0.036));
#9689=CARTESIAN_POINT('',(0.00135389675803195,0.00609424682800066,0.039));
#9690=CARTESIAN_POINT('',(0.00135389675803195,0.00609424682800066,0.036));
#9691=CARTESIAN_POINT('',(0.00125066143683899,0.00569781523814021,0.039));
#9692=CARTESIAN_POINT('',(0.00125066143683899,0.00569781523814021,0.036));
#9693=CARTESIAN_POINT('',(0.00125066143683899,0.00517109629687054,0.039));
#9694=CARTESIAN_POINT('',(0.00125066143683899,0.00517109629687054,0.036));
#9695=CARTESIAN_POINT('',(0.00156036740041787,0.00636039106645188,0.036));
#9696=CARTESIAN_POINT('',(0.00125066143683899,0.00596117470877505,0.036));
#9697=CARTESIAN_POINT('',(0.00125066143683899,0.00517109629687054,0.036));
#9698=CARTESIAN_POINT('',(0.00156036740041787,0.00636039106645188,0.036));
#9699=CARTESIAN_POINT('',(0.00156036740041787,0.00636039106645188,0.039));
#9700=CARTESIAN_POINT('',(0.00156036740041787,0.00636039106645188,0.039));
#9701=CARTESIAN_POINT('',(0.00156036740041787,0.00636039106645188,0.039));
#9702=CARTESIAN_POINT('',(0.00125066143683899,0.00596117470877505,0.039));
#9703=CARTESIAN_POINT('',(0.00125066143683899,0.00517109629687054,0.039));
#9704=CARTESIAN_POINT('',(0.00247755057194146,0.0067596074241287,0.039));
#9705=CARTESIAN_POINT('',(0.00247755057194146,0.0067596074241287,0.036));
#9706=CARTESIAN_POINT('',(0.00207256576664499,0.0067596074241287,0.039));
#9707=CARTESIAN_POINT('',(0.00207256576664499,0.0067596074241287,0.036));
#9708=CARTESIAN_POINT('',(0.0017668380428038,0.00662653530490309,0.039));
#9709=CARTESIAN_POINT('',(0.0017668380428038,0.00662653530490309,0.036));
#9710=CARTESIAN_POINT('',(0.00156036740041787,0.00636039106645188,0.039));
#9711=CARTESIAN_POINT('',(0.00156036740041787,0.00636039106645188,0.036));
#9712=CARTESIAN_POINT('',(0.00247755057194146,0.0067596074241287,0.036));
#9713=CARTESIAN_POINT('',(0.00187007336399676,0.0067596074241287,0.036));
#9714=CARTESIAN_POINT('',(0.00156036740041787,0.00636039106645188,0.036));
#9715=CARTESIAN_POINT('',(0.00247755057194146,0.0067596074241287,0.036));
#9716=CARTESIAN_POINT('',(0.00247755057194146,0.0067596074241287,0.039));
#9717=CARTESIAN_POINT('',(0.00247755057194146,0.0067596074241287,0.039));
#9718=CARTESIAN_POINT('',(0.00247755057194146,0.0067596074241287,0.039));
#9719=CARTESIAN_POINT('',(0.00187007336399676,0.0067596074241287,0.039));
#9720=CARTESIAN_POINT('',(0.00156036740041787,0.00636039106645188,0.039));
#9721=CARTESIAN_POINT('',(0.00340845867056007,0.006355020442806,0.039));
#9722=CARTESIAN_POINT('',(0.00340845867056007,0.006355020442806,0.036));
#9723=CARTESIAN_POINT('',(0.00319840761241024,0.00662474509702113,0.039));
#9724=CARTESIAN_POINT('',(0.00319840761241024,0.00662474509702113,0.036));
#9725=CARTESIAN_POINT('',(0.0028881049128707,0.0067596074241287,0.039));
#9726=CARTESIAN_POINT('',(0.0028881049128707,0.0067596074241287,0.036));
#9727=CARTESIAN_POINT('',(0.00247755057194146,0.0067596074241287,0.039));
#9728=CARTESIAN_POINT('',(0.00247755057194146,0.0067596074241287,0.036));
#9729=CARTESIAN_POINT('',(0.00340845867056007,0.006355020442806,0.036));
#9730=CARTESIAN_POINT('',(0.00309338208333532,0.0067596074241287,0.036));
#9731=CARTESIAN_POINT('',(0.00247755057194146,0.0067596074241287,0.036));
#9732=CARTESIAN_POINT('',(0.00340845867056007,0.006355020442806,0.036));
#9733=CARTESIAN_POINT('',(0.00340845867056007,0.006355020442806,0.039));
#9734=CARTESIAN_POINT('',(0.00340845867056007,0.006355020442806,0.039));
#9735=CARTESIAN_POINT('',(0.00340845867056007,0.006355020442806,0.039));
#9736=CARTESIAN_POINT('',(0.00309338208333532,0.0067596074241287,0.039));
#9737=CARTESIAN_POINT('',(0.00247755057194146,0.0067596074241287,0.039));
#9738=CARTESIAN_POINT('',(0.00372353525778483,0.00517109629687054,0.039));
#9739=CARTESIAN_POINT('',(0.00372353525778483,0.00517109629687054,0.036));
#9740=CARTESIAN_POINT('',(0.00372353525778483,0.00569065440661238,0.039));
#9741=CARTESIAN_POINT('',(0.00372353525778483,0.00569065440661238,0.036));
#9742=CARTESIAN_POINT('',(0.00361850972870991,0.00608529578859087,0.039));
#9743=CARTESIAN_POINT('',(0.00361850972870991,0.00608529578859087,0.036));
#9744=CARTESIAN_POINT('',(0.00340845867056007,0.006355020442806,0.039));
#9745=CARTESIAN_POINT('',(0.00340845867056007,0.006355020442806,0.036));
#9746=CARTESIAN_POINT('',(0.00372353525778483,0.00517109629687054,0.036));
#9747=CARTESIAN_POINT('',(0.00372353525778483,0.0059504334614833,0.036));
#9748=CARTESIAN_POINT('',(0.00340845867056007,0.006355020442806,0.036));
#9749=CARTESIAN_POINT('',(0.00372353525778483,0.00517109629687054,0.036));
#9750=CARTESIAN_POINT('',(0.00372353525778483,0.00517109629687054,0.039));
#9751=CARTESIAN_POINT('',(0.00372353525778483,0.00517109629687054,0.039));
#9752=CARTESIAN_POINT('',(0.00372353525778483,0.00517109629687054,0.039));
#9753=CARTESIAN_POINT('',(0.00372353525778483,0.0059504334614833,0.039));
#9754=CARTESIAN_POINT('',(0.00340845867056007,0.006355020442806,0.039));
#9755=CARTESIAN_POINT('',(0.00340845867056007,0.00397523743172203,0.039));
#9756=CARTESIAN_POINT('',(0.00340845867056007,0.00397523743172203,0.036));
#9757=CARTESIAN_POINT('',(0.00361850972870991,0.00424734902977977,0.039));
#9758=CARTESIAN_POINT('',(0.00361850972870991,0.00424734902977977,0.036));
#9759=CARTESIAN_POINT('',(0.00372353525778483,0.00464596865149594,0.039));
#9760=CARTESIAN_POINT('',(0.00372353525778483,0.00464596865149594,0.036));
#9761=CARTESIAN_POINT('',(0.00372353525778483,0.00517109629687054,0.039));
#9762=CARTESIAN_POINT('',(0.00372353525778483,0.00517109629687054,0.036));
#9763=CARTESIAN_POINT('',(0.00340845867056007,0.00397523743172203,0.036));
#9764=CARTESIAN_POINT('',(0.00372353525778483,0.00438340482880864,0.036));
#9765=CARTESIAN_POINT('',(0.00372353525778483,0.00517109629687054,0.036));
#9766=CARTESIAN_POINT('',(0.00340845867056007,0.00397523743172203,0.036));
#9767=CARTESIAN_POINT('',(0.00340845867056007,0.00397523743172203,0.039));
#9768=CARTESIAN_POINT('',(0.00340845867056007,0.00397523743172203,0.039));
#9769=CARTESIAN_POINT('',(0.00340845867056007,0.00397523743172203,0.039));
#9770=CARTESIAN_POINT('',(0.00372353525778483,0.00438340482880864,0.039));
#9771=CARTESIAN_POINT('',(0.00372353525778483,0.00517109629687054,0.039));
#9772=CARTESIAN_POINT('',(0.0024847114034693,0.00356707003463541,0.039));
#9773=CARTESIAN_POINT('',(0.0024847114034693,0.00356707003463541,0.036));
#9774=CARTESIAN_POINT('',(0.00289049185671331,0.00356707003463541,0.039));
#9775=CARTESIAN_POINT('',(0.00289049185671331,0.00356707003463541,0.036));
#9776=CARTESIAN_POINT('',(0.00319840761241024,0.00370312583366428,0.039));
#9777=CARTESIAN_POINT('',(0.00319840761241024,0.00370312583366428,0.036));
#9778=CARTESIAN_POINT('',(0.00340845867056007,0.00397523743172203,0.039));
#9779=CARTESIAN_POINT('',(0.00340845867056007,0.00397523743172203,0.036));
#9780=CARTESIAN_POINT('',(0.0024847114034693,0.00356707003463541,0.036));
#9781=CARTESIAN_POINT('',(0.00309338208333532,0.00356707003463541,0.036));
#9782=CARTESIAN_POINT('',(0.00340845867056007,0.00397523743172203,0.036));
#9783=CARTESIAN_POINT('',(0.0024847114034693,0.00356707003463541,0.036));
#9784=CARTESIAN_POINT('',(0.0024847114034693,0.00356707003463541,0.039));
#9785=CARTESIAN_POINT('',(0.0024847114034693,0.00356707003463541,0.039));
#9786=CARTESIAN_POINT('',(0.0024847114034693,0.00356707003463541,0.039));
#9787=CARTESIAN_POINT('',(0.00309338208333532,0.00356707003463541,0.039));
#9788=CARTESIAN_POINT('',(0.00340845867056007,0.00397523743172203,0.039));
#9789=CARTESIAN_POINT('',(0.00436442967952611,0.00517109629687054,0.039));
#9790=CARTESIAN_POINT('',(0.00436442967952611,0.00517109629687054,0.036));
#9791=CARTESIAN_POINT('',(0.00436442967952611,0.00450434331683431,0.039));
#9792=CARTESIAN_POINT('',(0.00436442967952611,0.00450434331683431,0.036));
#9793=CARTESIAN_POINT('',(0.00419674687458263,0.00398379064715805,0.039));
#9794=CARTESIAN_POINT('',(0.00419674687458263,0.00398379064715805,0.036));
#9795=CARTESIAN_POINT('',(0.00386138126469566,0.00360943828784177,0.039));
#9796=CARTESIAN_POINT('',(0.00386138126469566,0.00360943828784177,0.036));
#9797=CARTESIAN_POINT('',(0.00436442967952611,0.00517109629687054,0.039));
#9798=CARTESIAN_POINT('',(0.00436442967952611,0.00517109629687054,0.039));
#9799=CARTESIAN_POINT('',(0.00436442967952611,0.00517109629687054,0.039));
#9800=CARTESIAN_POINT('',(0.00436442967952611,0.0041709668268162,0.039));
#9801=CARTESIAN_POINT('',(0.00386138126469566,0.00360943828784177,0.039));
#9802=CARTESIAN_POINT('',(0.00386138126469566,0.00360943828784177,0.039));
#9803=CARTESIAN_POINT('',(0.00386138126469566,0.00360943828784177,0.039));
#9804=CARTESIAN_POINT('',(0.00385899432085305,0.00671485222707973,0.039));
#9805=CARTESIAN_POINT('',(0.00385899432085305,0.00671485222707973,0.036));
#9806=CARTESIAN_POINT('',(0.00419595122663509,0.00633413468418315,0.039));
#9807=CARTESIAN_POINT('',(0.00419595122663509,0.00633413468418315,0.036));
#9808=CARTESIAN_POINT('',(0.00436442967952611,0.00581954937411342,0.039));
#9809=CARTESIAN_POINT('',(0.00436442967952611,0.00581954937411342,0.036));
#9810=CARTESIAN_POINT('',(0.00436442967952611,0.00517109629687054,0.039));
#9811=CARTESIAN_POINT('',(0.00436442967952611,0.00517109629687054,0.036));
#9812=CARTESIAN_POINT('',(0.00385899432085305,0.00671485222707973,0.039));
#9813=CARTESIAN_POINT('',(0.00385899432085305,0.00671485222707973,0.039));
#9814=CARTESIAN_POINT('',(0.00385899432085305,0.00671485222707973,0.039));
#9815=CARTESIAN_POINT('',(0.00436442967952611,0.00614377591273486,0.039));
#9816=CARTESIAN_POINT('',(0.00436442967952611,0.00517109629687054,0.039));
#9817=CARTESIAN_POINT('',(0.00249664612268236,0.00728592854142461,0.039));
#9818=CARTESIAN_POINT('',(0.00249664612268236,0.00728592854142461,0.036));
#9819=CARTESIAN_POINT('',(0.00306792134901412,0.00728592854142461,0.039));
#9820=CARTESIAN_POINT('',(0.00306792134901412,0.00728592854142461,0.036));
#9821=CARTESIAN_POINT('',(0.00352203741507102,0.00709556976997632,0.039));
#9822=CARTESIAN_POINT('',(0.00352203741507102,0.00709556976997632,0.036));
#9823=CARTESIAN_POINT('',(0.00385899432085305,0.00671485222707973,0.039));
#9824=CARTESIAN_POINT('',(0.00385899432085305,0.00671485222707973,0.036));
#9825=CARTESIAN_POINT('',(0.00249664612268236,0.00728592854142461,0.039));
#9826=CARTESIAN_POINT('',(0.00249664612268236,0.00728592854142461,0.039));
#9827=CARTESIAN_POINT('',(0.00249664612268236,0.00728592854142461,0.039));
#9828=CARTESIAN_POINT('',(0.00335355896218,0.00728592854142461,0.039));
#9829=CARTESIAN_POINT('',(0.00385899432085305,0.00671485222707973,0.039));
#9830=CARTESIAN_POINT('',(0.00110863827820359,0.0067279804182141,0.039));
#9831=CARTESIAN_POINT('',(0.00110863827820359,0.0067279804182141,0.036));
#9832=CARTESIAN_POINT('',(0.00144201476822171,0.00709994583368777,0.039));
#9833=CARTESIAN_POINT('',(0.00144201476822171,0.00709994583368777,0.036));
#9834=CARTESIAN_POINT('',(0.00190468404971463,0.00728592854142461,0.039));
#9835=CARTESIAN_POINT('',(0.00190468404971463,0.00728592854142461,0.036));
#9836=CARTESIAN_POINT('',(0.00249664612268236,0.00728592854142461,0.039));
#9837=CARTESIAN_POINT('',(0.00249664612268236,0.00728592854142461,0.036));
#9838=CARTESIAN_POINT('',(0.00110863827820359,0.0067279804182141,0.039));
#9839=CARTESIAN_POINT('',(0.00110863827820359,0.0067279804182141,0.039));
#9840=CARTESIAN_POINT('',(0.00110863827820359,0.0067279804182141,0.039));
#9841=CARTESIAN_POINT('',(0.00160870301323076,0.00728592854142461,0.039));
#9842=CARTESIAN_POINT('',(0.00249664612268236,0.00728592854142461,0.039));
#9843=CARTESIAN_POINT('',(0.000608573543176416,0.00517109629687054,0.039));
#9844=CARTESIAN_POINT('',(0.000608573543176416,0.00517109629687054,0.036));
#9845=CARTESIAN_POINT('',(0.000608573543176416,0.00583705362895924,0.039));
#9846=CARTESIAN_POINT('',(0.000608573543176416,0.00583705362895924,0.036));
#9847=CARTESIAN_POINT('',(0.000775261788185474,0.00635601500274043,0.039));
#9848=CARTESIAN_POINT('',(0.000775261788185474,0.00635601500274043,0.036));
#9849=CARTESIAN_POINT('',(0.00110863827820359,0.0067279804182141,0.039));
#9850=CARTESIAN_POINT('',(0.00110863827820359,0.0067279804182141,0.036));
#9851=CARTESIAN_POINT('',(0.000608573543176416,0.00517109629687054,0.039));
#9852=CARTESIAN_POINT('',(0.000608573543176416,0.00517109629687054,0.039));
#9853=CARTESIAN_POINT('',(0.000608573543176416,0.00517109629687054,0.039));
#9854=CARTESIAN_POINT('',(0.000608573543176416,0.00617003229500359,0.039));
#9855=CARTESIAN_POINT('',(0.00110863827820359,0.0067279804182141,0.039));
#9856=CARTESIAN_POINT('',(0.000840107095909762,0.00404445880315777,0.039));
#9857=CARTESIAN_POINT('',(0.000840107095909762,0.00404445880315777,0.036));
#9858=CARTESIAN_POINT('',(0.000685751394087531,0.00436510492601529,0.039));
#9859=CARTESIAN_POINT('',(0.000685751394087531,0.00436510492601529,0.036));
#9860=CARTESIAN_POINT('',(0.000608573543176416,0.00474065075725288,0.039));
#9861=CARTESIAN_POINT('',(0.000608573543176416,0.00474065075725288,0.036));
#9862=CARTESIAN_POINT('',(0.000608573543176416,0.00517109629687054,0.039));
#9863=CARTESIAN_POINT('',(0.000608573543176416,0.00517109629687054,0.036));
#9864=CARTESIAN_POINT('',(0.000840107095909762,0.00404445880315777,0.039));
#9865=CARTESIAN_POINT('',(0.000840107095909762,0.00404445880315777,0.039));
#9866=CARTESIAN_POINT('',(0.000840107095909762,0.00404445880315777,0.039));
#9867=CARTESIAN_POINT('',(0.000608573543176416,0.00452542798744405,0.039));
#9868=CARTESIAN_POINT('',(0.000608573543176416,0.00517109629687054,0.039));
#9869=CARTESIAN_POINT('',(0.00149651665262801,0.00330569968386941,0.039));
#9870=CARTESIAN_POINT('',(0.00149651665262801,0.00330569968386941,0.036));
#9871=CARTESIAN_POINT('',(0.00121326598330474,0.00347755964053746,0.039));
#9872=CARTESIAN_POINT('',(0.00121326598330474,0.00347755964053746,0.036));
#9873=CARTESIAN_POINT('',(0.000994462797731993,0.00372381268030025,0.039));
#9874=CARTESIAN_POINT('',(0.000994462797731993,0.00372381268030025,0.036));
#9875=CARTESIAN_POINT('',(0.000840107095909762,0.00404445880315777,0.039));
#9876=CARTESIAN_POINT('',(0.000840107095909762,0.00404445880315777,0.036));
#9877=CARTESIAN_POINT('',(0.00149651665262801,0.00330569968386941,0.039));
#9878=CARTESIAN_POINT('',(0.00149651665262801,0.00330569968386941,0.039));
#9879=CARTESIAN_POINT('',(0.00149651665262801,0.00330569968386941,0.039));
#9880=CARTESIAN_POINT('',(0.00107164064864311,0.00356348961887149,0.039));
#9881=CARTESIAN_POINT('',(0.000840107095909762,0.00404445880315777,0.039));
#9882=CARTESIAN_POINT('',(0.00247038974041363,0.00304790974886734,0.039));
#9883=CARTESIAN_POINT('',(0.00247038974041363,0.00304790974886734,0.036));
#9884=CARTESIAN_POINT('',(0.00210439168454649,0.00304790974886734,0.039));
#9885=CARTESIAN_POINT('',(0.00210439168454649,0.00304790974886734,0.036));
#9886=CARTESIAN_POINT('',(0.00177976732195128,0.00313383972720136,0.039));
#9887=CARTESIAN_POINT('',(0.00177976732195128,0.00313383972720136,0.036));
#9888=CARTESIAN_POINT('',(0.00149651665262801,0.00330569968386941,0.039));
#9889=CARTESIAN_POINT('',(0.00149651665262801,0.00330569968386941,0.036));
#9890=CARTESIAN_POINT('',(0.00247038974041363,0.00304790974886734,0.039));
#9891=CARTESIAN_POINT('',(0.00247038974041363,0.00304790974886734,0.039));
#9892=CARTESIAN_POINT('',(0.00247038974041363,0.00304790974886734,0.039));
#9893=CARTESIAN_POINT('',(0.00192139265661292,0.00304790974886734,0.039));
#9894=CARTESIAN_POINT('',(0.00149651665262801,0.00330569968386941,0.039));
#9895=CARTESIAN_POINT('',(0.00386138126469566,0.00360943828784177,0.039));
#9896=CARTESIAN_POINT('',(0.00386138126469566,0.00360943828784177,0.036));
#9897=CARTESIAN_POINT('',(0.0035260156548087,0.00323508592852548,0.039));
#9898=CARTESIAN_POINT('',(0.0035260156548087,0.00323508592852548,0.036));
#9899=CARTESIAN_POINT('',(0.00306235181338136,0.00304790974886734,0.039));
#9900=CARTESIAN_POINT('',(0.00306235181338136,0.00304790974886734,0.036));
#9901=CARTESIAN_POINT('',(0.00247038974041363,0.00304790974886734,0.039));
#9902=CARTESIAN_POINT('',(0.00247038974041363,0.00304790974886734,0.036));
#9903=CARTESIAN_POINT('',(0.00386138126469566,0.00360943828784177,0.039));
#9904=CARTESIAN_POINT('',(0.00335833284986522,0.00304790974886734,0.039));
#9905=CARTESIAN_POINT('',(0.00247038974041363,0.00304790974886734,0.039));
#9906=CARTESIAN_POINT('',(0.00156394781618179,0.00397702763960399,0.039));
#9907=CARTESIAN_POINT('',(0.00156394781618179,0.00397702763960399,0.036));
#9908=CARTESIAN_POINT('',(0.00177280540241033,0.00370372256962493,0.039));
#9909=CARTESIAN_POINT('',(0.00177280540241033,0.00370372256962493,0.036));
#9910=CARTESIAN_POINT('',(0.00207972659817283,0.00356707003463541,0.039));
#9911=CARTESIAN_POINT('',(0.00207972659817283,0.00356707003463541,0.036));
#9912=CARTESIAN_POINT('',(0.0024847114034693,0.00356707003463541,0.039));
#9913=CARTESIAN_POINT('',(0.0024847114034693,0.00356707003463541,0.036));
#9914=CARTESIAN_POINT('',(0.00156394781618179,0.00397702763960399,0.036));
#9915=CARTESIAN_POINT('',(0.00187723419552459,0.00356707003463541,0.036));
#9916=CARTESIAN_POINT('',(0.0024847114034693,0.00356707003463541,0.036));
#9917=CARTESIAN_POINT('',(0.00156394781618179,0.00397702763960399,0.039));
#9918=CARTESIAN_POINT('',(0.00187723419552459,0.00356707003463541,0.039));
#9919=CARTESIAN_POINT('',(0.0024847114034693,0.00356707003463541,0.039));
#9920=CARTESIAN_POINT('',(0.00198598749339636,-0.00383108708127283,0.039));
#9921=CARTESIAN_POINT('',(-0.000957261617576932,0.00587882514620494,0.039));
#9922=CARTESIAN_POINT('',(-0.000957261617576932,0.00587882514620494,0.036));
#9923=CARTESIAN_POINT('',(-0.000957261617576932,0.00659013441130326,0.039));
#9924=CARTESIAN_POINT('',(-0.000957261617576932,0.00659013441130326,0.036));
#9925=CARTESIAN_POINT('',(-0.00113568566981217,0.00712600330396961,0.039));
#9926=CARTESIAN_POINT('',(-0.00113568566981217,0.00712600330396961,0.036));
#9927=CARTESIAN_POINT('',(-0.00149253377428263,0.007486431824204,0.039));
#9928=CARTESIAN_POINT('',(-0.00149253377428263,0.007486431824204,0.036));
#9929=CARTESIAN_POINT('',(-0.000957261617576932,0.00587882514620494,0.036));
#9930=CARTESIAN_POINT('',(-0.000957261617576932,0.00694578904385242,0.036));
#9931=CARTESIAN_POINT('',(-0.00149253377428263,0.007486431824204,0.036));
#9932=CARTESIAN_POINT('',(-0.000957261617576932,0.00587882514620494,0.036));
#9933=CARTESIAN_POINT('',(-0.00149253377428263,0.007486431824204,0.036));
#9934=CARTESIAN_POINT('',(-0.000957261617576932,0.00587882514620494,0.039));
#9935=CARTESIAN_POINT('',(-0.000957261617576932,0.00587882514620494,0.039));
#9936=CARTESIAN_POINT('',(-0.000957261617576932,0.00587882514620494,0.039));
#9937=CARTESIAN_POINT('',(-0.000957261617576932,0.00694578904385242,0.039));
#9938=CARTESIAN_POINT('',(-0.00149253377428263,0.007486431824204,0.039));
#9939=CARTESIAN_POINT('',(-0.00149253377428263,0.007486431824204,0.039));
#9940=CARTESIAN_POINT('',(-0.00149253377428263,0.007486431824204,0.039));
#9941=CARTESIAN_POINT('',(-0.00152833793192181,0.00422885021499953,0.039));
#9942=CARTESIAN_POINT('',(-0.00152833793192181,0.00422885021499953,0.036));
#9943=CARTESIAN_POINT('',(-0.00114762038902522,0.0046008156304732,0.039));
#9944=CARTESIAN_POINT('',(-0.00114762038902522,0.0046008156304732,0.036));
#9945=CARTESIAN_POINT('',(-0.000957261617576931,0.00515080727420834,0.039));
#9946=CARTESIAN_POINT('',(-0.000957261617576931,0.00515080727420834,0.036));
#9947=CARTESIAN_POINT('',(-0.000957261617576932,0.00587882514620494,0.039));
#9948=CARTESIAN_POINT('',(-0.000957261617576932,0.00587882514620494,0.036));
#9949=CARTESIAN_POINT('',(-0.00152833793192181,0.00422885021499953,0.036));
#9950=CARTESIAN_POINT('',(-0.000957261617576931,0.00478679833821004,0.036));
#9951=CARTESIAN_POINT('',(-0.000957261617576932,0.00587882514620494,0.036));
#9952=CARTESIAN_POINT('',(-0.00152833793192181,0.00422885021499953,0.036));
#9953=CARTESIAN_POINT('',(-0.00152833793192181,0.00422885021499953,0.039));
#9954=CARTESIAN_POINT('',(-0.00152833793192181,0.00422885021499953,0.039));
#9955=CARTESIAN_POINT('',(-0.00152833793192181,0.00422885021499953,0.039));
#9956=CARTESIAN_POINT('',(-0.000957261617576931,0.00478679833821004,0.039));
#9957=CARTESIAN_POINT('',(-0.000957261617576932,0.00587882514620494,0.039));
#9958=CARTESIAN_POINT('',(-0.0032332125715073,0.00367090209178902,0.039));
#9959=CARTESIAN_POINT('',(-0.0032332125715073,0.00367090209178902,0.036));
#9960=CARTESIAN_POINT('',(-0.00247734702134689,0.00367090209178902,0.039));
#9961=CARTESIAN_POINT('',(-0.00247734702134689,0.00367090209178902,0.036));
#9962=CARTESIAN_POINT('',(-0.00190905547481839,0.00385688479952586,0.039));
#9963=CARTESIAN_POINT('',(-0.00190905547481839,0.00385688479952586,0.036));
#9964=CARTESIAN_POINT('',(-0.00152833793192181,0.00422885021499953,0.039));
#9965=CARTESIAN_POINT('',(-0.00152833793192181,0.00422885021499953,0.036));
#9966=CARTESIAN_POINT('',(-0.0032332125715073,0.00367090209178902,0.036));
#9967=CARTESIAN_POINT('',(-0.00209941424626668,0.00367090209178902,0.036));
#9968=CARTESIAN_POINT('',(-0.00152833793192181,0.00422885021499953,0.036));
#9969=CARTESIAN_POINT('',(-0.0032332125715073,0.00367090209178902,0.036));
#9970=CARTESIAN_POINT('',(-0.0032332125715073,0.00367090209178902,0.039));
#9971=CARTESIAN_POINT('',(-0.0032332125715073,0.00367090209178902,0.039));
#9972=CARTESIAN_POINT('',(-0.0032332125715073,0.00367090209178902,0.039));
#9973=CARTESIAN_POINT('',(-0.00209941424626668,0.00367090209178902,0.039));
#9974=CARTESIAN_POINT('',(-0.00152833793192181,0.00422885021499953,0.039));
#9975=CARTESIAN_POINT('',(-0.00361930073804975,0.00367090209178902,0.039));
#9976=CARTESIAN_POINT('',(-0.00361930073804975,0.00367090209178902,0.036));
#9977=CARTESIAN_POINT('',(-0.00400538890459221,0.00367090209178902,0.036));
#9978=CARTESIAN_POINT('',(-0.00400538890459221,0.00367090209178902,0.039));
#9979=CARTESIAN_POINT('',(-0.00400538890459221,0.00367090209178902,0.039));
#9980=CARTESIAN_POINT('',(-0.00361930073804975,0.00367090209178902,0.039));
#9981=CARTESIAN_POINT('',(-0.00400538890459221,0.0058489883481723,0.039));
#9982=CARTESIAN_POINT('',(-0.00400538890459221,0.0058489883481723,0.036));
#9983=CARTESIAN_POINT('',(-0.00400538890459221,0.00802707460455557,0.036));
#9984=CARTESIAN_POINT('',(-0.00400538890459221,0.00802707460455557,0.039));
#9985=CARTESIAN_POINT('',(-0.00400538890459221,0.00802707460455557,0.039));
#9986=CARTESIAN_POINT('',(-0.00400538890459221,0.0058489883481723,0.039));
#9987=CARTESIAN_POINT('',(-0.00354470874296813,0.00802707460455557,0.039));
#9988=CARTESIAN_POINT('',(-0.00354470874296813,0.00802707460455557,0.036));
#9989=CARTESIAN_POINT('',(-0.00308402858134405,0.00802707460455557,0.036));
#9990=CARTESIAN_POINT('',(-0.00308402858134405,0.00802707460455557,0.039));
#9991=CARTESIAN_POINT('',(-0.00308402858134405,0.00802707460455557,0.039));
#9992=CARTESIAN_POINT('',(-0.00354470874296813,0.00802707460455557,0.039));
#9993=CARTESIAN_POINT('',(-0.000286530397803014,0.00590150111270976,0.039));
#9994=CARTESIAN_POINT('',(-0.000286530397803014,0.00590150111270976,0.036));
#9995=CARTESIAN_POINT('',(-0.000286530397803013,0.00500162328404511,0.039));
#9996=CARTESIAN_POINT('',(-0.000286530397803013,0.00500162328404511,0.036));
#9997=CARTESIAN_POINT('',(-0.000530794317696955,0.00431358672141225,0.039));
#9998=CARTESIAN_POINT('',(-0.000530794317696955,0.00431358672141225,0.036));
#9999=CARTESIAN_POINT('',(-0.00101932215748484,0.00383739142481119,0.039));
#10000=CARTESIAN_POINT('',(-0.00101932215748484,0.00383739142481119,0.036));
#10001=CARTESIAN_POINT('',(-0.000286530397803014,0.00590150111270976,0.039));
#10002=CARTESIAN_POINT('',(-0.000286530397803014,0.00590150111270976,0.039));
#10003=CARTESIAN_POINT('',(-0.000286530397803014,0.00590150111270976,0.039));
#10004=CARTESIAN_POINT('',(-0.000286530397803013,0.00455168436971278,0.039));
#10005=CARTESIAN_POINT('',(-0.00101932215748484,0.00383739142481119,0.039));
#10006=CARTESIAN_POINT('',(-0.00101932215748484,0.00383739142481119,0.039));
#10007=CARTESIAN_POINT('',(-0.00101932215748484,0.00383739142481119,0.039));
#10008=CARTESIAN_POINT('',(-0.000991275567334151,0.00787132651882515,0.039));
#10009=CARTESIAN_POINT('',(-0.000991275567334151,0.00787132651882515,0.036));
#10010=CARTESIAN_POINT('',(-0.000521445454313393,0.0074014964058044,0.039));
#10011=CARTESIAN_POINT('',(-0.000521445454313393,0.0074014964058044,0.036));
#10012=CARTESIAN_POINT('',(-0.000286530397803014,0.00674488793709927,0.039));
#10013=CARTESIAN_POINT('',(-0.000286530397803014,0.00674488793709927,0.036));
#10014=CARTESIAN_POINT('',(-0.000286530397803014,0.00590150111270976,0.039));
#10015=CARTESIAN_POINT('',(-0.000286530397803014,0.00590150111270976,0.036));
#10016=CARTESIAN_POINT('',(-0.000991275567334151,0.00787132651882515,0.039));
#10017=CARTESIAN_POINT('',(-0.000991275567334151,0.00787132651882515,0.039));
#10018=CARTESIAN_POINT('',(-0.000991275567334151,0.00787132651882515,0.039));
#10019=CARTESIAN_POINT('',(-0.000286530397803014,0.00716658134929402,0.039));
#10020=CARTESIAN_POINT('',(-0.000286530397803014,0.00590150111270976,0.039));
#10021=CARTESIAN_POINT('',(-0.00296826180497738,0.00857607168835629,0.039));
#10022=CARTESIAN_POINT('',(-0.00296826180497738,0.00857607168835629,0.036));
#10023=CARTESIAN_POINT('',(-0.00212010109290265,0.00857607168835629,0.039));
#10024=CARTESIAN_POINT('',(-0.00212010109290265,0.00857607168835629,0.036));
#10025=CARTESIAN_POINT('',(-0.00146110568035491,0.00834115663184591,0.039));
#10026=CARTESIAN_POINT('',(-0.00146110568035491,0.00834115663184591,0.036));
#10027=CARTESIAN_POINT('',(-0.000991275567334151,0.00787132651882515,0.039));
#10028=CARTESIAN_POINT('',(-0.000991275567334151,0.00787132651882515,0.036));
#10029=CARTESIAN_POINT('',(-0.00296826180497738,0.00857607168835629,0.039));
#10030=CARTESIAN_POINT('',(-0.00296826180497738,0.00857607168835629,0.039));
#10031=CARTESIAN_POINT('',(-0.00296826180497738,0.00857607168835629,0.039));
#10032=CARTESIAN_POINT('',(-0.00169602073686529,0.00857607168835629,0.039));
#10033=CARTESIAN_POINT('',(-0.000991275567334151,0.00787132651882515,0.039));
#10034=CARTESIAN_POINT('',(-0.00380369214989152,0.00857607168835629,0.039));
#10035=CARTESIAN_POINT('',(-0.00463912249480565,0.00857607168835629,0.039));
#10036=CARTESIAN_POINT('',(-0.00463912249480565,0.00857607168835629,0.039));
#10037=CARTESIAN_POINT('',(-0.00380369214989152,0.00857607168835629,0.039));
#10038=CARTESIAN_POINT('',(-0.00463912249480565,0.00584958508413295,0.039));
#10039=CARTESIAN_POINT('',(-0.00463912249480565,0.0031230984799096,0.039));
#10040=CARTESIAN_POINT('',(-0.00463912249480565,0.0031230984799096,0.039));
#10041=CARTESIAN_POINT('',(-0.00463912249480565,0.00584958508413295,0.039));
#10042=CARTESIAN_POINT('',(-0.00388365476861901,0.0031230984799096,0.039));
#10043=CARTESIAN_POINT('',(-0.00312818704243238,0.0031230984799096,0.039));
#10044=CARTESIAN_POINT('',(-0.00312818704243238,0.0031230984799096,0.039));
#10045=CARTESIAN_POINT('',(-0.00388365476861901,0.0031230984799096,0.039));
#10046=CARTESIAN_POINT('',(-0.00101932215748484,0.00383739142481119,0.039));
#10047=CARTESIAN_POINT('',(-0.00101932215748484,0.00383739142481119,0.036));
#10048=CARTESIAN_POINT('',(-0.00150784999727272,0.00336119612821013,0.039));
#10049=CARTESIAN_POINT('',(-0.00150784999727272,0.00336119612821013,0.036));
#10050=CARTESIAN_POINT('',(-0.0022108049589219,0.0031230984799096,0.039));
#10051=CARTESIAN_POINT('',(-0.0022108049589219,0.0031230984799096,0.036));
#10052=CARTESIAN_POINT('',(-0.00312818704243238,0.0031230984799096,0.039));
#10053=CARTESIAN_POINT('',(-0.00312818704243238,0.0031230984799096,0.036));
#10054=CARTESIAN_POINT('',(-0.00101932215748484,0.00383739142481119,0.039));
#10055=CARTESIAN_POINT('',(-0.00175211391716667,0.0031230984799096,0.039));
#10056=CARTESIAN_POINT('',(-0.00312818704243238,0.0031230984799096,0.039));
#10057=CARTESIAN_POINT('',(-0.00149253377428263,0.007486431824204,0.039));
#10058=CARTESIAN_POINT('',(-0.00149253377428263,0.007486431824204,0.036));
#10059=CARTESIAN_POINT('',(-0.0018493818787531,0.00784686034443838,0.039));
#10060=CARTESIAN_POINT('',(-0.0018493818787531,0.00784686034443838,0.036));
#10061=CARTESIAN_POINT('',(-0.00237988014777357,0.00802707460455557,0.039));
#10062=CARTESIAN_POINT('',(-0.00237988014777357,0.00802707460455557,0.036));
#10063=CARTESIAN_POINT('',(-0.00308402858134405,0.00802707460455557,0.039));
#10064=CARTESIAN_POINT('',(-0.00308402858134405,0.00802707460455557,0.036));
#10065=CARTESIAN_POINT('',(-0.00149253377428263,0.007486431824204,0.036));
#10066=CARTESIAN_POINT('',(-0.00202780593098833,0.00802707460455557,0.036));
#10067=CARTESIAN_POINT('',(-0.00308402858134405,0.00802707460455557,0.036));
#10068=CARTESIAN_POINT('',(-0.00149253377428263,0.007486431824204,0.039));
#10069=CARTESIAN_POINT('',(-0.00202780593098833,0.00802707460455557,0.039));
#10070=CARTESIAN_POINT('',(-0.00308402858134405,0.00802707460455557,0.039));
#10071=CARTESIAN_POINT('',(0.00198598749339636,-0.00383108708127283,0.039));
#10072=CARTESIAN_POINT('',(-0.00991271760556994,0.00679443115329269,0.039));
#10073=CARTESIAN_POINT('',(-0.00991271760556994,0.00679443115329269,0.036));
#10074=CARTESIAN_POINT('',(-0.0102783807693385,0.00679443115329269,0.039));
#10075=CARTESIAN_POINT('',(-0.0102783807693385,0.00679443115329269,0.036));
#10076=CARTESIAN_POINT('',(-0.0105428771244644,0.00669326434465006,0.039));
#10077=CARTESIAN_POINT('',(-0.0105428771244644,0.00669326434465006,0.036));
#10078=CARTESIAN_POINT('',(-0.0107062066709476,0.00649093072736481,0.039));
#10079=CARTESIAN_POINT('',(-0.0107062066709476,0.00649093072736481,0.036));
#10080=CARTESIAN_POINT('',(-0.00991271760556994,0.00679443115329269,0.036));
#10081=CARTESIAN_POINT('',(-0.0104612123512227,0.00679443115329269,0.036));
#10082=CARTESIAN_POINT('',(-0.0107062066709476,0.00649093072736481,0.036));
#10083=CARTESIAN_POINT('',(-0.00991271760556994,0.00679443115329269,0.036));
#10084=CARTESIAN_POINT('',(-0.0107062066709476,0.00649093072736481,0.036));
#10085=CARTESIAN_POINT('',(-0.00991271760556994,0.00679443115329269,0.039));
#10086=CARTESIAN_POINT('',(-0.00991271760556994,0.00679443115329269,0.039));
#10087=CARTESIAN_POINT('',(-0.00991271760556994,0.00679443115329269,0.039));
#10088=CARTESIAN_POINT('',(-0.0104612123512227,0.00679443115329269,0.039));
#10089=CARTESIAN_POINT('',(-0.0107062066709476,0.00649093072736481,0.039));
#10090=CARTESIAN_POINT('',(-0.0107062066709476,0.00649093072736481,0.039));
#10091=CARTESIAN_POINT('',(-0.0107062066709476,0.00649093072736481,0.039));
#10092=CARTESIAN_POINT('',(-0.00917355563880927,0.00643712600469601,0.039));
#10093=CARTESIAN_POINT('',(-0.00917355563880927,0.00643712600469601,0.036));
#10094=CARTESIAN_POINT('',(-0.009348725706786,0.0066753294370938,0.039));
#10095=CARTESIAN_POINT('',(-0.009348725706786,0.0066753294370938,0.036));
#10096=CARTESIAN_POINT('',(-0.00959511302903956,0.00679443115329269,0.039));
#10097=CARTESIAN_POINT('',(-0.00959511302903956,0.00679443115329269,0.036));
#10098=CARTESIAN_POINT('',(-0.00991271760556994,0.00679443115329269,0.039));
#10099=CARTESIAN_POINT('',(-0.00991271760556994,0.00679443115329269,0.036));
#10100=CARTESIAN_POINT('',(-0.00917355563880927,0.00643712600469601,0.036));
#10101=CARTESIAN_POINT('',(-0.00943631074077437,0.00679443115329269,0.036));
#10102=CARTESIAN_POINT('',(-0.00991271760556994,0.00679443115329269,0.036));
#10103=CARTESIAN_POINT('',(-0.00917355563880927,0.00643712600469601,0.036));
#10104=CARTESIAN_POINT('',(-0.00917355563880927,0.00643712600469601,0.039));
#10105=CARTESIAN_POINT('',(-0.00917355563880927,0.00643712600469601,0.039));
#10106=CARTESIAN_POINT('',(-0.00917355563880927,0.00643712600469601,0.039));
#10107=CARTESIAN_POINT('',(-0.00943631074077437,0.00679443115329269,0.039));
#10108=CARTESIAN_POINT('',(-0.00991271760556994,0.00679443115329269,0.039));
#10109=CARTESIAN_POINT('',(-0.00891080053684417,0.00541013489045469,0.039));
#10110=CARTESIAN_POINT('',(-0.00891080053684417,0.00541013489045469,0.036));
#10111=CARTESIAN_POINT('',(-0.00891080053684417,0.00585659220088446,0.039));
#10112=CARTESIAN_POINT('',(-0.00891080053684417,0.00585659220088446,0.036));
#10113=CARTESIAN_POINT('',(-0.00899838557083254,0.00619892257229823,0.039));
#10114=CARTESIAN_POINT('',(-0.00899838557083254,0.00619892257229823,0.036));
#10115=CARTESIAN_POINT('',(-0.00917355563880927,0.00643712600469601,0.039));
#10116=CARTESIAN_POINT('',(-0.00917355563880927,0.00643712600469601,0.036));
#10117=CARTESIAN_POINT('',(-0.00891080053684417,0.00541013489045469,0.036));
#10118=CARTESIAN_POINT('',(-0.00891080053684417,0.00607982085609934,0.036));
#10119=CARTESIAN_POINT('',(-0.00917355563880927,0.00643712600469601,0.036));
#10120=CARTESIAN_POINT('',(-0.00891080053684417,0.00541013489045469,0.036));
#10121=CARTESIAN_POINT('',(-0.00891080053684417,0.00541013489045469,0.039));
#10122=CARTESIAN_POINT('',(-0.00891080053684417,0.00541013489045469,0.039));
#10123=CARTESIAN_POINT('',(-0.00891080053684417,0.00541013489045469,0.039));
#10124=CARTESIAN_POINT('',(-0.00891080053684417,0.00607982085609934,0.039));
#10125=CARTESIAN_POINT('',(-0.00917355563880927,0.00643712600469601,0.039));
#10126=CARTESIAN_POINT('',(-0.00917355563880927,0.00437530813698976,0.039));
#10127=CARTESIAN_POINT('',(-0.00917355563880927,0.00437530813698976,0.036));
#10128=CARTESIAN_POINT('',(-0.00899838557083254,0.00462570034151316,0.039));
#10129=CARTESIAN_POINT('',(-0.00899838557083254,0.00462570034151316,0.036));
#10130=CARTESIAN_POINT('',(-0.00891080053684417,0.00497064259266814,0.039));
#10131=CARTESIAN_POINT('',(-0.00891080053684417,0.00497064259266814,0.036));
#10132=CARTESIAN_POINT('',(-0.00891080053684417,0.00541013489045469,0.039));
#10133=CARTESIAN_POINT('',(-0.00891080053684417,0.00541013489045469,0.036));
#10134=CARTESIAN_POINT('',(-0.00917355563880927,0.00437530813698976,0.036));
#10135=CARTESIAN_POINT('',(-0.00891080053684417,0.00475089644377486,0.036));
#10136=CARTESIAN_POINT('',(-0.00891080053684417,0.00541013489045469,0.036));
#10137=CARTESIAN_POINT('',(-0.00917355563880927,0.00437530813698976,0.036));
#10138=CARTESIAN_POINT('',(-0.00917355563880927,0.00437530813698976,0.039));
#10139=CARTESIAN_POINT('',(-0.00917355563880927,0.00437530813698976,0.039));
#10140=CARTESIAN_POINT('',(-0.00917355563880927,0.00437530813698976,0.039));
#10141=CARTESIAN_POINT('',(-0.00891080053684417,0.00475089644377486,0.039));
#10142=CARTESIAN_POINT('',(-0.00891080053684417,0.00541013489045469,0.039));
#10143=CARTESIAN_POINT('',(-0.00990018058281216,0.00399971983020466,0.039));
#10144=CARTESIAN_POINT('',(-0.00990018058281216,0.00399971983020466,0.036));
#10145=CARTESIAN_POINT('',(-0.00959093402145363,0.00399971983020466,0.039));
#10146=CARTESIAN_POINT('',(-0.00959093402145363,0.00399971983020466,0.036));
#10147=CARTESIAN_POINT('',(-0.009348725706786,0.00412491593246636,0.039));
#10148=CARTESIAN_POINT('',(-0.009348725706786,0.00412491593246636,0.036));
#10149=CARTESIAN_POINT('',(-0.00917355563880927,0.00437530813698976,0.039));
#10150=CARTESIAN_POINT('',(-0.00917355563880927,0.00437530813698976,0.036));
#10151=CARTESIAN_POINT('',(-0.00990018058281216,0.00399971983020466,0.036));
#10152=CARTESIAN_POINT('',(-0.00943631074077437,0.00399971983020466,0.036));
#10153=CARTESIAN_POINT('',(-0.00917355563880927,0.00437530813698976,0.036));
#10154=CARTESIAN_POINT('',(-0.00990018058281216,0.00399971983020466,0.036));
#10155=CARTESIAN_POINT('',(-0.00990018058281216,0.00399971983020466,0.039));
#10156=CARTESIAN_POINT('',(-0.00990018058281216,0.00399971983020466,0.039));
#10157=CARTESIAN_POINT('',(-0.00990018058281216,0.00399971983020466,0.039));
#10158=CARTESIAN_POINT('',(-0.00943631074077437,0.00399971983020466,0.039));
#10159=CARTESIAN_POINT('',(-0.00917355563880927,0.00437530813698976,0.039));
#10160=CARTESIAN_POINT('',(-0.0107062066709476,0.0043246376700104,0.039));
#10161=CARTESIAN_POINT('',(-0.0107062066709476,0.0043246376700104,0.036));
#10162=CARTESIAN_POINT('',(-0.0105386981168784,0.00410802577680658,0.039));
#10163=CARTESIAN_POINT('',(-0.0105386981168784,0.00410802577680658,0.036));
#10164=CARTESIAN_POINT('',(-0.0102700227541666,0.00399971983020466,0.039));
#10165=CARTESIAN_POINT('',(-0.0102700227541666,0.00399971983020466,0.036));
#10166=CARTESIAN_POINT('',(-0.00990018058281216,0.00399971983020466,0.039));
#10167=CARTESIAN_POINT('',(-0.00990018058281216,0.00399971983020466,0.036));
#10168=CARTESIAN_POINT('',(-0.0107062066709476,0.0043246376700104,0.036));
#10169=CARTESIAN_POINT('',(-0.0104549438398438,0.00399971983020466,0.036));
#10170=CARTESIAN_POINT('',(-0.00990018058281216,0.00399971983020466,0.036));
#10171=CARTESIAN_POINT('',(-0.0107062066709476,0.0043246376700104,0.036));
#10172=CARTESIAN_POINT('',(-0.0107062066709476,0.0043246376700104,0.039));
#10173=CARTESIAN_POINT('',(-0.0107062066709476,0.0043246376700104,0.039));
#10174=CARTESIAN_POINT('',(-0.0107062066709476,0.0043246376700104,0.039));
#10175=CARTESIAN_POINT('',(-0.0104549438398438,0.00399971983020466,0.039));
#10176=CARTESIAN_POINT('',(-0.00990018058281216,0.00399971983020466,0.039));
#10177=CARTESIAN_POINT('',(-0.0109574695020514,0.0054038663790758,0.039));
#10178=CARTESIAN_POINT('',(-0.0109574695020514,0.0054038663790758,0.036));
#10179=CARTESIAN_POINT('',(-0.0109574695020514,0.00490099246623603,0.039));
#10180=CARTESIAN_POINT('',(-0.0109574695020514,0.00490099246623603,0.036));
#10181=CARTESIAN_POINT('',(-0.0108737152250168,0.00454124956321424,0.039));
#10182=CARTESIAN_POINT('',(-0.0108737152250168,0.00454124956321424,0.036));
#10183=CARTESIAN_POINT('',(-0.0107062066709476,0.0043246376700104,0.039));
#10184=CARTESIAN_POINT('',(-0.0107062066709476,0.0043246376700104,0.036));
#10185=CARTESIAN_POINT('',(-0.0109574695020514,0.0054038663790758,0.036));
#10186=CARTESIAN_POINT('',(-0.0109574695020514,0.00464955550981615,0.036));
#10187=CARTESIAN_POINT('',(-0.0107062066709476,0.0043246376700104,0.036));
#10188=CARTESIAN_POINT('',(-0.0109574695020514,0.0054038663790758,0.036));
#10189=CARTESIAN_POINT('',(-0.0109574695020514,0.0054038663790758,0.039));
#10190=CARTESIAN_POINT('',(-0.0109574695020514,0.0054038663790758,0.039));
#10191=CARTESIAN_POINT('',(-0.0109574695020514,0.0054038663790758,0.039));
#10192=CARTESIAN_POINT('',(-0.0109574695020514,0.00464955550981615,0.039));
#10193=CARTESIAN_POINT('',(-0.0107062066709476,0.0043246376700104,0.039));
#10194=CARTESIAN_POINT('',(-0.0109574695020514,0.00546393961312349,0.039));
#10195=CARTESIAN_POINT('',(-0.0109574695020514,0.00546393961312349,0.036));
#10196=CARTESIAN_POINT('',(-0.0109574695020514,0.00552401284717117,0.036));
#10197=CARTESIAN_POINT('',(-0.0109574695020514,0.00552401284717117,0.039));
#10198=CARTESIAN_POINT('',(-0.0109574695020514,0.00552401284717117,0.039));
#10199=CARTESIAN_POINT('',(-0.0109574695020514,0.00546393961312349,0.039));
#10200=CARTESIAN_POINT('',(-0.00985670157372369,0.0050955152351946,0.039));
#10201=CARTESIAN_POINT('',(-0.00983436121333382,0.00354525275523521,0.039));
#10202=CARTESIAN_POINT('',(-0.00983436121333382,0.00354525275523521,0.039));
#10203=CARTESIAN_POINT('',(-0.00985670157372369,0.0050955152351946,0.039));
#10204=CARTESIAN_POINT('',(-0.0104733388961375,0.00367402166308851,0.039));
#10205=CARTESIAN_POINT('',(-0.0104732269980323,0.00367427961445067,0.039));
#10206=CARTESIAN_POINT('',(-0.00874207310556241,0.00403367426684031,0.039));
#10207=CARTESIAN_POINT('',(-0.00874207310556241,0.00403367426684031,0.036));
#10208=CARTESIAN_POINT('',(-0.00900430583157926,0.00370805992577024,0.039));
#10209=CARTESIAN_POINT('',(-0.00900430583157926,0.00370805992577024,0.036));
#10210=CARTESIAN_POINT('',(-0.00936840186750307,0.00354525275523521,0.039));
#10211=CARTESIAN_POINT('',(-0.00936840186750307,0.00354525275523521,0.036));
#10212=CARTESIAN_POINT('',(-0.00983436121333382,0.00354525275523521,0.039));
#10213=CARTESIAN_POINT('',(-0.00983436121333382,0.00354525275523521,0.036));
#10214=CARTESIAN_POINT('',(-0.00874207310556241,0.00403367426684031,0.039));
#10215=CARTESIAN_POINT('',(-0.00874207310556241,0.00403367426684031,0.039));
#10216=CARTESIAN_POINT('',(-0.00874207310556241,0.00403367426684031,0.039));
#10217=CARTESIAN_POINT('',(-0.00913542219458769,0.00354525275523521,0.039));
#10218=CARTESIAN_POINT('',(-0.00983436121333382,0.00354525275523521,0.039));
#10219=CARTESIAN_POINT('',(-0.00834872401653712,0.0054038663790758,0.039));
#10220=CARTESIAN_POINT('',(-0.00834872401653712,0.0054038663790758,0.036));
#10221=CARTESIAN_POINT('',(-0.00834872401653712,0.00481601931198887,0.039));
#10222=CARTESIAN_POINT('',(-0.00834872401653712,0.00481601931198887,0.036));
#10223=CARTESIAN_POINT('',(-0.00847984037954555,0.00435928860791038,0.039));
#10224=CARTESIAN_POINT('',(-0.00847984037954555,0.00435928860791038,0.036));
#10225=CARTESIAN_POINT('',(-0.00874207310556241,0.00403367426684031,0.039));
#10226=CARTESIAN_POINT('',(-0.00874207310556241,0.00403367426684031,0.036));
#10227=CARTESIAN_POINT('',(-0.00834872401653712,0.0054038663790758,0.039));
#10228=CARTESIAN_POINT('',(-0.00834872401653712,0.0054038663790758,0.039));
#10229=CARTESIAN_POINT('',(-0.00834872401653712,0.0054038663790758,0.039));
#10230=CARTESIAN_POINT('',(-0.00834872401653712,0.00452209577844541,0.039));
#10231=CARTESIAN_POINT('',(-0.00874207310556241,0.00403367426684031,0.039));
#10232=CARTESIAN_POINT('',(-0.00873580459418352,0.00676831235588065,0.039));
#10233=CARTESIAN_POINT('',(-0.00873580459418352,0.00676831235588065,0.036));
#10234=CARTESIAN_POINT('',(-0.00847775087575259,0.00644374276670706,0.039));
#10235=CARTESIAN_POINT('',(-0.00847775087575259,0.00644374276670706,0.036));
#10236=CARTESIAN_POINT('',(-0.00834872401653712,0.00598892744110545,0.039));
#10237=CARTESIAN_POINT('',(-0.00834872401653712,0.00598892744110545,0.036));
#10238=CARTESIAN_POINT('',(-0.00834872401653712,0.0054038663790758,0.039));
#10239=CARTESIAN_POINT('',(-0.00834872401653712,0.0054038663790758,0.036));
#10240=CARTESIAN_POINT('',(-0.00873580459418352,0.00676831235588065,0.039));
#10241=CARTESIAN_POINT('',(-0.00873580459418352,0.00676831235588065,0.039));
#10242=CARTESIAN_POINT('',(-0.00873580459418352,0.00676831235588065,0.039));
#10243=CARTESIAN_POINT('',(-0.00834872401653712,0.00628145797212027,0.039));
#10244=CARTESIAN_POINT('',(-0.00834872401653712,0.0054038663790758,0.039));
#10245=CARTESIAN_POINT('',(-0.00983436121333382,0.00725516673964103,0.039));
#10246=CARTESIAN_POINT('',(-0.00983436121333382,0.00725516673964103,0.036));
#10247=CARTESIAN_POINT('',(-0.00936004385233122,0.00725516673964103,0.039));
#10248=CARTESIAN_POINT('',(-0.00936004385233122,0.00725516673964103,0.036));
#10249=CARTESIAN_POINT('',(-0.00899385831261445,0.00709288194505424,0.039));
#10250=CARTESIAN_POINT('',(-0.00899385831261445,0.00709288194505424,0.036));
#10251=CARTESIAN_POINT('',(-0.00873580459418352,0.00676831235588065,0.039));
#10252=CARTESIAN_POINT('',(-0.00873580459418352,0.00676831235588065,0.036));
#10253=CARTESIAN_POINT('',(-0.00983436121333382,0.00725516673964103,0.039));
#10254=CARTESIAN_POINT('',(-0.00983436121333382,0.00725516673964103,0.039));
#10255=CARTESIAN_POINT('',(-0.00983436121333382,0.00725516673964103,0.039));
#10256=CARTESIAN_POINT('',(-0.00912288517182992,0.00725516673964103,0.039));
#10257=CARTESIAN_POINT('',(-0.00873580459418352,0.00676831235588065,0.039));
#10258=CARTESIAN_POINT('',(-0.0104711374942393,0.00712457275258084,0.039));
#10259=CARTESIAN_POINT('',(-0.0104711374942393,0.00712457275258084,0.036));
#10260=CARTESIAN_POINT('',(-0.0102862164085621,0.00721163541062097,0.039));
#10261=CARTESIAN_POINT('',(-0.0102862164085621,0.00721163541062097,0.036));
#10262=CARTESIAN_POINT('',(-0.0100739576482602,0.00725516673964103,0.039));
#10263=CARTESIAN_POINT('',(-0.0100739576482602,0.00725516673964103,0.036));
#10264=CARTESIAN_POINT('',(-0.00983436121333382,0.00725516673964103,0.039));
#10265=CARTESIAN_POINT('',(-0.00983436121333382,0.00725516673964103,0.036));
#10266=CARTESIAN_POINT('',(-0.0104711374942393,0.00712457275258084,0.039));
#10267=CARTESIAN_POINT('',(-0.0104711374942393,0.00712457275258084,0.039));
#10268=CARTESIAN_POINT('',(-0.0104711374942393,0.00712457275258084,0.039));
#10269=CARTESIAN_POINT('',(-0.0101937558657235,0.00725516673964103,0.039));
#10270=CARTESIAN_POINT('',(-0.00983436121333382,0.00725516673964103,0.039));
#10271=CARTESIAN_POINT('',(-0.0109574695020514,0.00669935873071287,0.039));
#10272=CARTESIAN_POINT('',(-0.0109574695020514,0.00669935873071287,0.036));
#10273=CARTESIAN_POINT('',(-0.0108181692491872,0.00689577208725139,0.039));
#10274=CARTESIAN_POINT('',(-0.0108181692491872,0.00689577208725139,0.036));
#10275=CARTESIAN_POINT('',(-0.0106560585799165,0.00703751009454071,0.039));
#10276=CARTESIAN_POINT('',(-0.0106560585799165,0.00703751009454071,0.036));
#10277=CARTESIAN_POINT('',(-0.0104711374942393,0.00712457275258084,0.039));
#10278=CARTESIAN_POINT('',(-0.0104711374942393,0.00712457275258084,0.036));
#10279=CARTESIAN_POINT('',(-0.0109574695020514,0.00669935873071287,0.039));
#10280=CARTESIAN_POINT('',(-0.0109574695020514,0.00669935873071287,0.039));
#10281=CARTESIAN_POINT('',(-0.0109574695020514,0.00669935873071287,0.039));
#10282=CARTESIAN_POINT('',(-0.0107485191227551,0.00699397876552065,0.039));
#10283=CARTESIAN_POINT('',(-0.0104711374942393,0.00712457275258084,0.039));
#10284=CARTESIAN_POINT('',(-0.0109705289007575,0.00669935873071287,0.039));
#10285=CARTESIAN_POINT('',(-0.0109835882994635,0.00669935873071287,0.039));
#10286=CARTESIAN_POINT('',(-0.0109835882994635,0.00669935873071287,0.039));
#10287=CARTESIAN_POINT('',(-0.0109705289007575,0.00669935873071287,0.039));
#10288=CARTESIAN_POINT('',(-0.0110211993677368,0.00694435305043778,0.039));
#10289=CARTESIAN_POINT('',(-0.0110588104360101,0.00718934737016269,0.039));
#10290=CARTESIAN_POINT('',(-0.0110588104360101,0.00718934737016269,0.039));
#10291=CARTESIAN_POINT('',(-0.0110211993677368,0.00694435305043778,0.039));
#10292=CARTESIAN_POINT('',(-0.0112792530861677,0.00718934737016269,0.039));
#10293=CARTESIAN_POINT('',(-0.0114996957363253,0.00718934737016269,0.039));
#10294=CARTESIAN_POINT('',(-0.0114996957363253,0.00718934737016269,0.039));
#10295=CARTESIAN_POINT('',(-0.0112792530861677,0.00718934737016269,0.039));
#10296=CARTESIAN_POINT('',(-0.0114996957363253,0.00459679553904384,0.039));
#10297=CARTESIAN_POINT('',(-0.0114996957363253,0.00200424370792498,0.039));
#10298=CARTESIAN_POINT('',(-0.0114996957363253,0.00200424370792498,0.039));
#10299=CARTESIAN_POINT('',(-0.0114996957363253,0.00459679553904384,0.039));
#10300=CARTESIAN_POINT('',(-0.0112285826191884,0.00200424370792498,0.039));
#10301=CARTESIAN_POINT('',(-0.0109574695020514,0.00200424370792498,0.039));
#10302=CARTESIAN_POINT('',(-0.0109574695020514,0.00200424370792498,0.039));
#10303=CARTESIAN_POINT('',(-0.0112285826191884,0.00200424370792498,0.039));
#10304=CARTESIAN_POINT('',(-0.0109574695020514,0.00274079379494444,0.039));
#10305=CARTESIAN_POINT('',(-0.0109574695020514,0.00347734388196391,0.039));
#10306=CARTESIAN_POINT('',(-0.0109573750431362,0.00347734430699931,0.039));
#10307=CARTESIAN_POINT('',(-0.0109574695020514,0.00274079379494444,0.039));
#10308=CARTESIAN_POINT('',(-0.0157032411168688,0.00345598940266997,0.0389999999999996));
#10309=CARTESIAN_POINT('',(-0.0109973548837994,0.00407180771106188,0.039));
#10310=CARTESIAN_POINT('',(-0.0109971700741177,0.00407180771106188,0.039));
#10311=CARTESIAN_POINT('',(-0.0157032411168688,0.00345598940266997,0.039));
#10312=CARTESIAN_POINT('',(-0.0109773197880846,0.00407180771106188,0.039));
#10313=CARTESIAN_POINT('',(-0.0109568859205798,0.00407180771106188,0.039));
#10314=CARTESIAN_POINT('',(-0.0109568859205798,0.00407180771106188,0.039));
#10315=CARTESIAN_POINT('',(-0.0109773197880846,0.00407180771106188,0.039));
#10316=CARTESIAN_POINT('',(-0.00998314922891423,0.00476279213818634,0.039));
#10317=CARTESIAN_POINT('',(-0.00998314922891423,0.00476279213818634,0.039));
#10318=CARTESIAN_POINT('',(-0.0107062066709476,0.00649093072736481,0.039));
#10319=CARTESIAN_POINT('',(-0.0107062066709476,0.00649093072736481,0.036));
#10320=CARTESIAN_POINT('',(-0.0108695362174309,0.00628859711007956,0.039));
#10321=CARTESIAN_POINT('',(-0.0108695362174309,0.00628859711007956,0.036));
#10322=CARTESIAN_POINT('',(-0.0109532904944655,0.00596629115001501,0.039));
#10323=CARTESIAN_POINT('',(-0.0109532904944655,0.00596629115001501,0.036));
#10324=CARTESIAN_POINT('',(-0.0109574695020514,0.00552401284717117,0.039));
#10325=CARTESIAN_POINT('',(-0.0109574695020514,0.00552401284717117,0.036));
#10326=CARTESIAN_POINT('',(-0.0107062066709476,0.00649093072736481,0.036));
#10327=CARTESIAN_POINT('',(-0.0109512009906725,0.00618743030143693,0.036));
#10328=CARTESIAN_POINT('',(-0.0109574695020514,0.00552401284717117,0.036));
#10329=CARTESIAN_POINT('',(-0.0107062066709476,0.00649093072736481,0.039));
#10330=CARTESIAN_POINT('',(-0.0109512009906725,0.00618743030143693,0.039));
#10331=CARTESIAN_POINT('',(-0.0109574695020514,0.00552401284717117,0.039));
#10332=CARTESIAN_POINT('',(0.00198598749339636,-0.00383108708127283,0.039));
#10333=CARTESIAN_POINT('',(-0.0126813101312459,0.00684040023673787,0.039));
#10334=CARTESIAN_POINT('',(-0.0126813101312459,0.00838454353973754,0.039));
#10335=CARTESIAN_POINT('',(-0.0126813101312459,0.00838454353973754,0.039));
#10336=CARTESIAN_POINT('',(-0.0126813101312459,0.00684040023673787,0.039));
#10337=CARTESIAN_POINT('',(-0.0126813101312459,0.00529625693373821,0.039));
#10338=CARTESIAN_POINT('',(-0.0126813101312459,0.00529625693373821,0.039));
#10339=CARTESIAN_POINT('',(-0.0129586917597618,0.00838454353973754,0.039));
#10340=CARTESIAN_POINT('',(-0.0132360733882776,0.00838454353973754,0.039));
#10341=CARTESIAN_POINT('',(-0.0132360733882776,0.00838454353973754,0.039));
#10342=CARTESIAN_POINT('',(-0.0129586917597618,0.00838454353973754,0.039));
#10343=CARTESIAN_POINT('',(-0.0132360733882776,0.0068304750937213,0.039));
#10344=CARTESIAN_POINT('',(-0.0132360733882776,0.00527640664770506,0.039));
#10345=CARTESIAN_POINT('',(-0.0132360733882776,0.00527640664770506,0.039));
#10346=CARTESIAN_POINT('',(-0.0132360733882776,0.0068304750937213,0.039));
#10347=CARTESIAN_POINT('',(-0.0135625583559281,0.00435389072311188,0.039));
#10348=CARTESIAN_POINT('',(-0.0135625583559281,0.00435389072311188,0.036));
#10349=CARTESIAN_POINT('',(-0.0133449017108278,0.00456841311252275,0.039));
#10350=CARTESIAN_POINT('',(-0.0133449017108278,0.00456841311252275,0.036));
#10351=CARTESIAN_POINT('',(-0.0132360733882776,0.00487591842072048,0.039));
#10352=CARTESIAN_POINT('',(-0.0132360733882776,0.00487591842072048,0.036));
#10353=CARTESIAN_POINT('',(-0.0132360733882776,0.00527640664770506,0.039));
#10354=CARTESIAN_POINT('',(-0.0132360733882776,0.00527640664770506,0.036));
#10355=CARTESIAN_POINT('',(-0.0135625583559281,0.00435389072311188,0.039));
#10356=CARTESIAN_POINT('',(-0.0135625583559281,0.00435389072311188,0.039));
#10357=CARTESIAN_POINT('',(-0.0135625583559281,0.00435389072311188,0.039));
#10358=CARTESIAN_POINT('',(-0.0132360733882776,0.00467567430722819,0.039));
#10359=CARTESIAN_POINT('',(-0.0132360733882776,0.00527640664770506,0.039));
#10360=CARTESIAN_POINT('',(-0.0144929099197449,0.00403210713899559,0.039));
#10361=CARTESIAN_POINT('',(-0.0144929099197449,0.00403210713899559,0.036));
#10362=CARTESIAN_POINT('',(-0.0140903321889673,0.00403210713899559,0.039));
#10363=CARTESIAN_POINT('',(-0.0140903321889673,0.00403210713899559,0.036));
#10364=CARTESIAN_POINT('',(-0.0137802150010284,0.00413936833370102,0.039));
#10365=CARTESIAN_POINT('',(-0.0137802150010284,0.00413936833370102,0.036));
#10366=CARTESIAN_POINT('',(-0.0135625583559281,0.00435389072311188,0.039));
#10367=CARTESIAN_POINT('',(-0.0135625583559281,0.00435389072311188,0.036));
#10368=CARTESIAN_POINT('',(-0.0144929099197449,0.00403210713899559,0.039));
#10369=CARTESIAN_POINT('',(-0.0144929099197449,0.00403210713899559,0.039));
#10370=CARTESIAN_POINT('',(-0.0144929099197449,0.00403210713899559,0.039));
#10371=CARTESIAN_POINT('',(-0.0138890433235785,0.00403210713899559,0.039));
#10372=CARTESIAN_POINT('',(-0.0135625583559281,0.00435389072311188,0.039));
#10373=CARTESIAN_POINT('',(-0.0154525145366631,0.00435232359526717,0.039));
#10374=CARTESIAN_POINT('',(-0.0154525145366631,0.00435232359526717,0.036));
#10375=CARTESIAN_POINT('',(-0.0152348578915628,0.00413884595775278,0.039));
#10376=CARTESIAN_POINT('',(-0.0152348578915628,0.00413884595775278,0.036));
#10377=CARTESIAN_POINT('',(-0.0149149896859234,0.00403210713899559,0.039));
#10378=CARTESIAN_POINT('',(-0.0149149896859234,0.00403210713899559,0.036));
#10379=CARTESIAN_POINT('',(-0.0144929099197449,0.00403210713899559,0.039));
#10380=CARTESIAN_POINT('',(-0.0144929099197449,0.00403210713899559,0.036));
#10381=CARTESIAN_POINT('',(-0.0154525145366631,0.00435232359526717,0.039));
#10382=CARTESIAN_POINT('',(-0.0154525145366631,0.00435232359526717,0.039));
#10383=CARTESIAN_POINT('',(-0.0154525145366631,0.00435232359526717,0.039));
#10384=CARTESIAN_POINT('',(-0.0151260295690127,0.00403210713899559,0.039));
#10385=CARTESIAN_POINT('',(-0.0144929099197449,0.00403210713899559,0.039));
#10386=CARTESIAN_POINT('',(-0.0157789995043136,0.00527013813632617,0.039));
#10387=CARTESIAN_POINT('',(-0.0157789995043136,0.00527013813632617,0.036));
#10388=CARTESIAN_POINT('',(-0.0157789995043136,0.00487173941313456,0.039));
#10389=CARTESIAN_POINT('',(-0.0157789995043136,0.00487173941313456,0.036));
#10390=CARTESIAN_POINT('',(-0.0156701711817634,0.00456580123278155,0.039));
#10391=CARTESIAN_POINT('',(-0.0156701711817634,0.00456580123278155,0.036));
#10392=CARTESIAN_POINT('',(-0.0154525145366631,0.00435232359526717,0.039));
#10393=CARTESIAN_POINT('',(-0.0154525145366631,0.00435232359526717,0.036));
#10394=CARTESIAN_POINT('',(-0.0157789995043136,0.00527013813632617,0.039));
#10395=CARTESIAN_POINT('',(-0.0157789995043136,0.00527013813632617,0.039));
#10396=CARTESIAN_POINT('',(-0.0157789995043136,0.00527013813632617,0.039));
#10397=CARTESIAN_POINT('',(-0.0157789995043136,0.00467254005153875,0.039));
#10398=CARTESIAN_POINT('',(-0.0154525145366631,0.00435232359526717,0.039));
#10399=CARTESIAN_POINT('',(-0.0157789995043136,0.00682734083803185,0.039));
#10400=CARTESIAN_POINT('',(-0.0157789995043136,0.00838454353973754,0.039));
#10401=CARTESIAN_POINT('',(-0.0157789995043136,0.00838454353973754,0.039));
#10402=CARTESIAN_POINT('',(-0.0157789995043136,0.00682734083803185,0.039));
#10403=CARTESIAN_POINT('',(-0.0160569035087776,0.00838454353973754,0.039));
#10404=CARTESIAN_POINT('',(-0.0163348075132418,0.00838454353973754,0.039));
#10405=CARTESIAN_POINT('',(-0.0163348075132418,0.00838454353973754,0.039));
#10406=CARTESIAN_POINT('',(-0.0160569035087776,0.00838454353973754,0.039));
#10407=CARTESIAN_POINT('',(-0.0163348075132418,0.00684666874811676,0.039));
#10408=CARTESIAN_POINT('',(-0.0163348075132418,0.00530879395649598,0.039));
#10409=CARTESIAN_POINT('',(-0.0163348075132418,0.00530879395649598,0.039));
#10410=CARTESIAN_POINT('',(-0.0163348075132418,0.00684666874811676,0.039));
#10411=CARTESIAN_POINT('',(-0.0158631020319803,0.00401591348460012,0.039));
#10412=CARTESIAN_POINT('',(-0.0158631020319803,0.00401591348460012,0.036));
#10413=CARTESIAN_POINT('',(-0.0161775723528213,0.00432968730417673,0.039));
#10414=CARTESIAN_POINT('',(-0.0161775723528213,0.00432968730417673,0.036));
#10415=CARTESIAN_POINT('',(-0.0163348075132418,0.00476064746147535,0.039));
#10416=CARTESIAN_POINT('',(-0.0163348075132418,0.00476064746147535,0.036));
#10417=CARTESIAN_POINT('',(-0.0163348075132418,0.00530879395649598,0.039));
#10418=CARTESIAN_POINT('',(-0.0163348075132418,0.00530879395649598,0.036));
#10419=CARTESIAN_POINT('',(-0.0158631020319803,0.00401591348460012,0.039));
#10420=CARTESIAN_POINT('',(-0.0158631020319803,0.00401591348460012,0.039));
#10421=CARTESIAN_POINT('',(-0.0158631020319803,0.00401591348460012,0.039));
#10422=CARTESIAN_POINT('',(-0.0163348075132418,0.00448657421396504,0.039));
#10423=CARTESIAN_POINT('',(-0.0163348075132418,0.00530879395649598,0.039));
#10424=CARTESIAN_POINT('',(-0.0145294762361217,0.0035452527552352,0.039));
#10425=CARTESIAN_POINT('',(-0.0145294762361217,0.0035452527552352,0.036));
#10426=CARTESIAN_POINT('',(-0.0151040897791865,0.0035452527552352,0.039));
#10427=CARTESIAN_POINT('',(-0.0151040897791865,0.0035452527552352,0.036));
#10428=CARTESIAN_POINT('',(-0.0155486317111394,0.00370213966502351,0.039));
#10429=CARTESIAN_POINT('',(-0.0155486317111394,0.00370213966502351,0.036));
#10430=CARTESIAN_POINT('',(-0.0158631020319803,0.00401591348460012,0.039));
#10431=CARTESIAN_POINT('',(-0.0158631020319803,0.00401591348460012,0.036));
#10432=CARTESIAN_POINT('',(-0.0145294762361217,0.0035452527552352,0.039));
#10433=CARTESIAN_POINT('',(-0.0145294762361217,0.0035452527552352,0.039));
#10434=CARTESIAN_POINT('',(-0.0145294762361217,0.0035452527552352,0.039));
#10435=CARTESIAN_POINT('',(-0.0153913965507189,0.0035452527552352,0.039));
#10436=CARTESIAN_POINT('',(-0.0158631020319803,0.00401591348460012,0.039));
#10437=CARTESIAN_POINT('',(-0.0131744330263852,0.00401225685296243,0.039));
#10438=CARTESIAN_POINT('',(-0.0131744330263852,0.00401225685296243,0.036));
#10439=CARTESIAN_POINT('',(-0.0135031816231447,0.00370092078781094,0.039));
#10440=CARTESIAN_POINT('',(-0.0135031816231447,0.00370092078781094,0.036));
#10441=CARTESIAN_POINT('',(-0.0139548626930569,0.0035452527552352,0.039));
#10442=CARTESIAN_POINT('',(-0.0139548626930569,0.0035452527552352,0.036));
#10443=CARTESIAN_POINT('',(-0.0145294762361217,0.0035452527552352,0.039));
#10444=CARTESIAN_POINT('',(-0.0145294762361217,0.0035452527552352,0.036));
#10445=CARTESIAN_POINT('',(-0.0131744330263852,0.00401225685296243,0.039));
#10446=CARTESIAN_POINT('',(-0.0131744330263852,0.00401225685296243,0.039));
#10447=CARTESIAN_POINT('',(-0.0131744330263852,0.00401225685296243,0.039));
#10448=CARTESIAN_POINT('',(-0.0136675559215245,0.0035452527552352,0.039));
#10449=CARTESIAN_POINT('',(-0.0145294762361217,0.0035452527552352,0.039));
#10450=CARTESIAN_POINT('',(-0.0126813101312459,0.00529625693373821,0.039));
#10451=CARTESIAN_POINT('',(-0.0126813101312459,0.00529625693373821,0.036));
#10452=CARTESIAN_POINT('',(-0.0126813101312459,0.00475159294503918,0.039));
#10453=CARTESIAN_POINT('',(-0.0126813101312459,0.00475159294503918,0.036));
#10454=CARTESIAN_POINT('',(-0.0128456844296257,0.00432359291811392,0.039));
#10455=CARTESIAN_POINT('',(-0.0128456844296257,0.00432359291811392,0.036));
#10456=CARTESIAN_POINT('',(-0.0131744330263852,0.00401225685296243,0.039));
#10457=CARTESIAN_POINT('',(-0.0131744330263852,0.00401225685296243,0.036));
#10458=CARTESIAN_POINT('',(-0.0126813101312459,0.00529625693373821,0.039));
#10459=CARTESIAN_POINT('',(-0.0126813101312459,0.00447926095068967,0.039));
#10460=CARTESIAN_POINT('',(-0.0131744330263852,0.00401225685296243,0.039));
#10461=CARTESIAN_POINT('',(0.00198598749339636,-0.00383108708127283,0.039));
#10462=CARTESIAN_POINT('',(-0.0231495502329523,0.00593394613640104,0.039));
#10463=CARTESIAN_POINT('',(-0.0231495502329523,0.0070057465133268,0.039));
#10464=CARTESIAN_POINT('',(-0.0231495502329523,0.0070057465133268,0.039));
#10465=CARTESIAN_POINT('',(-0.0231495502329523,0.00593394613640104,0.039));
#10466=CARTESIAN_POINT('',(-0.0231495502329523,0.00486214575947529,0.039));
#10467=CARTESIAN_POINT('',(-0.0231495502329523,0.00486214575947529,0.039));
#10468=CARTESIAN_POINT('',(-0.0234027883958174,0.0070057465133268,0.039));
#10469=CARTESIAN_POINT('',(-0.0236560265586824,0.0070057465133268,0.039));
#10470=CARTESIAN_POINT('',(-0.0236560265586824,0.0070057465133268,0.039));
#10471=CARTESIAN_POINT('',(-0.0234027883958174,0.0070057465133268,0.039));
#10472=CARTESIAN_POINT('',(-0.0236560265586824,0.00592478132669736,0.039));
#10473=CARTESIAN_POINT('',(-0.0236560265586824,0.00484381614006792,0.039));
#10474=CARTESIAN_POINT('',(-0.0236560265586824,0.00484381614006792,0.039));
#10475=CARTESIAN_POINT('',(-0.0236560265586824,0.00592478132669736,0.039));
#10476=CARTESIAN_POINT('',(-0.0233564819888935,0.00392733516969935,0.039));
#10477=CARTESIAN_POINT('',(-0.0233564819888935,0.00392733516969935,0.036));
#10478=CARTESIAN_POINT('',(-0.0235561783687527,0.00411834909826038,0.039));
#10479=CARTESIAN_POINT('',(-0.0235561783687527,0.00411834909826038,0.036));
#10480=CARTESIAN_POINT('',(-0.0236560265586824,0.0044238427550499,0.039));
#10481=CARTESIAN_POINT('',(-0.0236560265586824,0.0044238427550499,0.036));
#10482=CARTESIAN_POINT('',(-0.0236560265586824,0.00484381614006792,0.039));
#10483=CARTESIAN_POINT('',(-0.0236560265586824,0.00484381614006792,0.036));
#10484=CARTESIAN_POINT('',(-0.0233564819888935,0.00392733516969935,0.039));
#10485=CARTESIAN_POINT('',(-0.0233564819888935,0.00392733516969935,0.039));
#10486=CARTESIAN_POINT('',(-0.0233564819888935,0.00392733516969935,0.039));
#10487=CARTESIAN_POINT('',(-0.0236560265586824,0.00421385606254089,0.039));
#10488=CARTESIAN_POINT('',(-0.0236560265586824,0.00484381614006792,0.039));
#10489=CARTESIAN_POINT('',(-0.0224539894122831,0.00364081427685781,0.039));
#10490=CARTESIAN_POINT('',(-0.0224539894122831,0.00364081427685781,0.036));
#10491=CARTESIAN_POINT('',(-0.0228559547501641,0.00364081427685781,0.039));
#10492=CARTESIAN_POINT('',(-0.0228559547501641,0.00364081427685781,0.036));
#10493=CARTESIAN_POINT('',(-0.0231567856090342,0.00373632124113833,0.039));
#10494=CARTESIAN_POINT('',(-0.0231567856090342,0.00373632124113833,0.036));
#10495=CARTESIAN_POINT('',(-0.0233564819888935,0.00392733516969935,0.039));
#10496=CARTESIAN_POINT('',(-0.0233564819888935,0.00392733516969935,0.036));
#10497=CARTESIAN_POINT('',(-0.0224539894122831,0.00364081427685781,0.039));
#10498=CARTESIAN_POINT('',(-0.0224539894122831,0.00364081427685781,0.039));
#10499=CARTESIAN_POINT('',(-0.0224539894122831,0.00364081427685781,0.039));
#10500=CARTESIAN_POINT('',(-0.0230569374191046,0.00364081427685781,0.039));
#10501=CARTESIAN_POINT('',(-0.0233564819888935,0.00392733516969935,0.039));
#10502=CARTESIAN_POINT('',(-0.0224240426997831,0.00507891897011514,0.039));
#10503=CARTESIAN_POINT('',(-0.0218307823524326,0.00377056868792579,0.039));
#10504=CARTESIAN_POINT('',(-0.0218307025777773,0.00377039043325918,0.039));
#10505=CARTESIAN_POINT('',(-0.0224240426997831,0.00507891897011514,0.039));
#10506=CARTESIAN_POINT('',(-0.0222454184904676,0.00467549994110436,0.039));
#10507=CARTESIAN_POINT('',(-0.0214041202609776,0.00414439645215506,0.039));
#10508=CARTESIAN_POINT('',(-0.0214041202609776,0.00414439645215506,0.039));
#10509=CARTESIAN_POINT('',(-0.0222454184904676,0.00467549994110436,0.039));
#10510=CARTESIAN_POINT('',(-0.0213908714866557,0.00414439645215506,0.039));
#10511=CARTESIAN_POINT('',(-0.0213773654513029,0.00414439645215506,0.039));
#10512=CARTESIAN_POINT('',(-0.0213773654513029,0.00414439645215506,0.039));
#10513=CARTESIAN_POINT('',(-0.0213908714866557,0.00414439645215506,0.039));
#10514=CARTESIAN_POINT('',(-0.0213411885708935,0.00392299394405024,0.039));
#10515=CARTESIAN_POINT('',(-0.0213050116904843,0.00370159143594542,0.039));
#10516=CARTESIAN_POINT('',(-0.0213050116904843,0.00370159143594542,0.039));
#10517=CARTESIAN_POINT('',(-0.0213411885708935,0.00392299394405024,0.039));
#10518=CARTESIAN_POINT('',(-0.0210985622929486,0.00370159143594542,0.039));
#10519=CARTESIAN_POINT('',(-0.020892112895413,0.00370159143594542,0.039));
#10520=CARTESIAN_POINT('',(-0.020892112895413,0.00370159143594542,0.039));
#10521=CARTESIAN_POINT('',(-0.0210985622929486,0.00370159143594542,0.039));
#10522=CARTESIAN_POINT('',(-0.020892112895413,0.00535366897463611,0.039));
#10523=CARTESIAN_POINT('',(-0.020892112895413,0.0070057465133268,0.039));
#10524=CARTESIAN_POINT('',(-0.020892112895413,0.0070057465133268,0.039));
#10525=CARTESIAN_POINT('',(-0.020892112895413,0.00535366897463611,0.039));
#10526=CARTESIAN_POINT('',(-0.0211424569078452,0.0070057465133268,0.039));
#10527=CARTESIAN_POINT('',(-0.0213928009202775,0.0070057465133268,0.039));
#10528=CARTESIAN_POINT('',(-0.0213928009202775,0.0070057465133268,0.039));
#10529=CARTESIAN_POINT('',(-0.0211424569078452,0.0070057465133268,0.039));
#10530=CARTESIAN_POINT('',(-0.0213928009202775,0.00613750138350395,0.039));
#10531=CARTESIAN_POINT('',(-0.0213928009202775,0.00526925625368111,0.039));
#10532=CARTESIAN_POINT('',(-0.0213928009202775,0.00526925625368111,0.039));
#10533=CARTESIAN_POINT('',(-0.0213928009202775,0.00613750138350395,0.039));
#10534=CARTESIAN_POINT('',(-0.0216320506893842,0.00434361047360887,0.039));
#10535=CARTESIAN_POINT('',(-0.0216320506893842,0.00434361047360887,0.036));
#10536=CARTESIAN_POINT('',(-0.021472550843313,0.00453237339627776,0.039));
#10537=CARTESIAN_POINT('',(-0.021472550843313,0.00453237339627776,0.036));
#10538=CARTESIAN_POINT('',(-0.0213928009202775,0.00484092198963517,0.039));
#10539=CARTESIAN_POINT('',(-0.0213928009202775,0.00484092198963517,0.036));
#10540=CARTESIAN_POINT('',(-0.0213928009202775,0.00526925625368111,0.039));
#10541=CARTESIAN_POINT('',(-0.0213928009202775,0.00526925625368111,0.036));
#10542=CARTESIAN_POINT('',(-0.0216320506893842,0.00434361047360887,0.039));
#10543=CARTESIAN_POINT('',(-0.0216320506893842,0.00434361047360887,0.039));
#10544=CARTESIAN_POINT('',(-0.0216320506893842,0.00434361047360887,0.039));
#10545=CARTESIAN_POINT('',(-0.0213928009202775,0.0046267548576122,0.039));
#10546=CARTESIAN_POINT('',(-0.0213928009202775,0.00526925625368111,0.039));
#10547=CARTESIAN_POINT('',(-0.0223903181027628,0.00406046608960552,0.039));
#10548=CARTESIAN_POINT('',(-0.0223903181027628,0.00406046608960552,0.036));
#10549=CARTESIAN_POINT('',(-0.0220443063399149,0.00406046608960552,0.039));
#10550=CARTESIAN_POINT('',(-0.0220443063399149,0.00406046608960552,0.036));
#10551=CARTESIAN_POINT('',(-0.0217915505354554,0.00415484755093997,0.039));
#10552=CARTESIAN_POINT('',(-0.0217915505354554,0.00415484755093997,0.036));
#10553=CARTESIAN_POINT('',(-0.0216320506893842,0.00434361047360887,0.039));
#10554=CARTESIAN_POINT('',(-0.0216320506893842,0.00434361047360887,0.036));
#10555=CARTESIAN_POINT('',(-0.0223903181027628,0.00406046608960552,0.039));
#10556=CARTESIAN_POINT('',(-0.0223903181027628,0.00406046608960552,0.039));
#10557=CARTESIAN_POINT('',(-0.0223903181027628,0.00406046608960552,0.039));
#10558=CARTESIAN_POINT('',(-0.021871300458491,0.00406046608960552,0.039));
#10559=CARTESIAN_POINT('',(-0.0216320506893842,0.00434361047360887,0.039));
#10560=CARTESIAN_POINT('',(-0.0229657716804732,0.00425919775265386,0.039));
#10561=CARTESIAN_POINT('',(-0.0229657716804732,0.00425919775265386,0.036));
#10562=CARTESIAN_POINT('',(-0.0228432526454871,0.0041267099772883,0.039));
#10563=CARTESIAN_POINT('',(-0.0228432526454871,0.0041267099772883,0.036));
#10564=CARTESIAN_POINT('',(-0.0226514347862503,0.00406046608960552,0.039));
#10565=CARTESIAN_POINT('',(-0.0226514347862503,0.00406046608960552,0.036));
#10566=CARTESIAN_POINT('',(-0.0223903181027628,0.00406046608960552,0.039));
#10567=CARTESIAN_POINT('',(-0.0223903181027628,0.00406046608960552,0.036));
#10568=CARTESIAN_POINT('',(-0.0229657716804732,0.00425919775265386,0.039));
#10569=CARTESIAN_POINT('',(-0.0229657716804732,0.00425919775265386,0.039));
#10570=CARTESIAN_POINT('',(-0.0229657716804732,0.00425919775265386,0.039));
#10571=CARTESIAN_POINT('',(-0.022781993127994,0.00406046608960552,0.039));
#10572=CARTESIAN_POINT('',(-0.0223903181027628,0.00406046608960552,0.039));
#10573=CARTESIAN_POINT('',(-0.0231495502329523,0.00486214575947529,0.039));
#10574=CARTESIAN_POINT('',(-0.0231495502329523,0.00486214575947529,0.036));
#10575=CARTESIAN_POINT('',(-0.0231495502329524,0.0045926681969599,0.039));
#10576=CARTESIAN_POINT('',(-0.0231495502329524,0.0045926681969599,0.036));
#10577=CARTESIAN_POINT('',(-0.0230882907154593,0.00439168552801943,0.039));
#10578=CARTESIAN_POINT('',(-0.0230882907154593,0.00439168552801943,0.036));
#10579=CARTESIAN_POINT('',(-0.0229657716804732,0.00425919775265386,0.039));
#10580=CARTESIAN_POINT('',(-0.0229657716804732,0.00425919775265386,0.036));
#10581=CARTESIAN_POINT('',(-0.0231495502329523,0.00486214575947529,0.039));
#10582=CARTESIAN_POINT('',(-0.0231495502329523,0.00445792941570221,0.039));
#10583=CARTESIAN_POINT('',(-0.0229657716804732,0.00425919775265386,0.039));
#10584=CARTESIAN_POINT('',(0.00198598749339636,-0.00383108708127283,0.039));
#10585=CARTESIAN_POINT('',(-0.0296141175828889,0.00664687185966669,0.039));
#10586=CARTESIAN_POINT('',(-0.0296141175828889,0.00664687185966669,0.036));
#10587=CARTESIAN_POINT('',(-0.02987909313362,0.00664687185966669,0.039));
#10588=CARTESIAN_POINT('',(-0.02987909313362,0.00664687185966669,0.036));
#10589=CARTESIAN_POINT('',(-0.0300905269013454,0.00656052970508986,0.039));
#10590=CARTESIAN_POINT('',(-0.0300905269013454,0.00656052970508986,0.036));
#10591=CARTESIAN_POINT('',(-0.0302484188860651,0.00638784539593621,0.039));
#10592=CARTESIAN_POINT('',(-0.0302484188860651,0.00638784539593621,0.036));
#10593=CARTESIAN_POINT('',(-0.0296141175828889,0.00664687185966669,0.036));
#10594=CARTESIAN_POINT('',(-0.0300115809089856,0.00664687185966669,0.036));
#10595=CARTESIAN_POINT('',(-0.0302484188860651,0.00638784539593621,0.036));
#10596=CARTESIAN_POINT('',(-0.0296141175828889,0.00664687185966669,0.036));
#10597=CARTESIAN_POINT('',(-0.0302484188860651,0.00638784539593621,0.036));
#10598=CARTESIAN_POINT('',(-0.0296141175828889,0.00664687185966669,0.039));
#10599=CARTESIAN_POINT('',(-0.0296141175828889,0.00664687185966669,0.039));
#10600=CARTESIAN_POINT('',(-0.0296141175828889,0.00664687185966669,0.039));
#10601=CARTESIAN_POINT('',(-0.0300115809089856,0.00664687185966669,0.039));
#10602=CARTESIAN_POINT('',(-0.0302484188860651,0.00638784539593621,0.039));
#10603=CARTESIAN_POINT('',(-0.0302484188860651,0.00638784539593621,0.039));
#10604=CARTESIAN_POINT('',(-0.0302484188860651,0.00638784539593621,0.039));
#10605=CARTESIAN_POINT('',(-0.029010687217662,0.00639508077201806,0.039));
#10606=CARTESIAN_POINT('',(-0.029010687217662,0.00639508077201806,0.036));
#10607=CARTESIAN_POINT('',(-0.0291512142997852,0.00656294149711715,0.039));
#10608=CARTESIAN_POINT('',(-0.0291512142997852,0.00656294149711715,0.036));
#10609=CARTESIAN_POINT('',(-0.0293523577548608,0.00664687185966669,0.039));
#10610=CARTESIAN_POINT('',(-0.0293523577548608,0.00664687185966669,0.036));
#10611=CARTESIAN_POINT('',(-0.0296141175828889,0.00664687185966669,0.039));
#10612=CARTESIAN_POINT('',(-0.0296141175828889,0.00664687185966669,0.036));
#10613=CARTESIAN_POINT('',(-0.029010687217662,0.00639508077201806,0.036));
#10614=CARTESIAN_POINT('',(-0.0292214778408468,0.00664687185966669,0.036));
#10615=CARTESIAN_POINT('',(-0.0296141175828889,0.00664687185966669,0.036));
#10616=CARTESIAN_POINT('',(-0.029010687217662,0.00639508077201806,0.036));
#10617=CARTESIAN_POINT('',(-0.029010687217662,0.00639508077201806,0.039));
#10618=CARTESIAN_POINT('',(-0.029010687217662,0.00639508077201806,0.039));
#10619=CARTESIAN_POINT('',(-0.029010687217662,0.00639508077201806,0.039));
#10620=CARTESIAN_POINT('',(-0.0292214778408468,0.00664687185966669,0.039));
#10621=CARTESIAN_POINT('',(-0.0296141175828889,0.00664687185966669,0.039));
#10622=CARTESIAN_POINT('',(-0.0287998965944773,0.00567057844702145,0.039));
#10623=CARTESIAN_POINT('',(-0.0287998965944773,0.00567057844702145,0.036));
#10624=CARTESIAN_POINT('',(-0.0287998965944773,0.00598571927192011,0.039));
#10625=CARTESIAN_POINT('',(-0.0287998965944773,0.00598571927192011,0.036));
#10626=CARTESIAN_POINT('',(-0.0288701601355388,0.00622722004691898,0.039));
#10627=CARTESIAN_POINT('',(-0.0288701601355388,0.00622722004691898,0.036));
#10628=CARTESIAN_POINT('',(-0.029010687217662,0.00639508077201806,0.039));
#10629=CARTESIAN_POINT('',(-0.029010687217662,0.00639508077201806,0.036));
#10630=CARTESIAN_POINT('',(-0.0287998965944773,0.00567057844702145,0.036));
#10631=CARTESIAN_POINT('',(-0.0287998965944773,0.00614328968436944,0.036));
#10632=CARTESIAN_POINT('',(-0.029010687217662,0.00639508077201806,0.036));
#10633=CARTESIAN_POINT('',(-0.0287998965944773,0.00567057844702145,0.036));
#10634=CARTESIAN_POINT('',(-0.0287998965944773,0.00567057844702145,0.039));
#10635=CARTESIAN_POINT('',(-0.0287998965944773,0.00567057844702145,0.039));
#10636=CARTESIAN_POINT('',(-0.0287998965944773,0.00567057844702145,0.039));
#10637=CARTESIAN_POINT('',(-0.0287998965944773,0.00614328968436944,0.039));
#10638=CARTESIAN_POINT('',(-0.029010687217662,0.00639508077201806,0.039));
#10639=CARTESIAN_POINT('',(-0.029663800498651,0.00567057844702145,0.039));
#10640=CARTESIAN_POINT('',(-0.029663800498651,0.00567057844702145,0.036));
#10641=CARTESIAN_POINT('',(-0.0305277044028247,0.00567057844702145,0.036));
#10642=CARTESIAN_POINT('',(-0.0305277044028247,0.00567057844702145,0.039));
#10643=CARTESIAN_POINT('',(-0.0305277044028247,0.00567057844702145,0.039));
#10644=CARTESIAN_POINT('',(-0.029663800498651,0.00567057844702145,0.039));
#10645=CARTESIAN_POINT('',(-0.02947809251255,0.00364081427685781,0.039));
#10646=CARTESIAN_POINT('',(-0.02947809251255,0.00364081427685781,0.036));
#10647=CARTESIAN_POINT('',(-0.0299662392188726,0.00364081427685781,0.039));
#10648=CARTESIAN_POINT('',(-0.0299662392188726,0.00364081427685781,0.036));
#10649=CARTESIAN_POINT('',(-0.0303516435848328,0.00378970223800892,0.039));
#10650=CARTESIAN_POINT('',(-0.0303516435848328,0.00378970223800892,0.036));
#10651=CARTESIAN_POINT('',(-0.0306343056104308,0.00408747816031112,0.039));
#10652=CARTESIAN_POINT('',(-0.0306343056104308,0.00408747816031112,0.036));
#10653=CARTESIAN_POINT('',(-0.02947809251255,0.00364081427685781,0.039));
#10654=CARTESIAN_POINT('',(-0.02947809251255,0.00364081427685781,0.039));
#10655=CARTESIAN_POINT('',(-0.02947809251255,0.00364081427685781,0.039));
#10656=CARTESIAN_POINT('',(-0.0302103125720339,0.00364081427685781,0.039));
#10657=CARTESIAN_POINT('',(-0.0306343056104308,0.00408747816031112,0.039));
#10658=CARTESIAN_POINT('',(-0.0306343056104308,0.00408747816031112,0.039));
#10659=CARTESIAN_POINT('',(-0.0306343056104308,0.00408747816031112,0.039));
#10660=CARTESIAN_POINT('',(-0.0294305882945456,0.00646702120087019,0.0389999999999999));
#10661=CARTESIAN_POINT('',(-0.0289069801604887,0.00369097955102536,0.039));
#10662=CARTESIAN_POINT('',(-0.0289069012574632,0.00369055953297626,0.039));
#10663=CARTESIAN_POINT('',(-0.0294305882945456,0.00646702120087019,0.039));
#10664=CARTESIAN_POINT('',(-0.0294990069476233,0.00633820618452575,0.0389999999999998));
#10665=CARTESIAN_POINT('',(-0.0284053274188133,0.00385539819126193,0.039));
#10666=CARTESIAN_POINT('',(-0.0284053274188133,0.00385539819126193,0.039));
#10667=CARTESIAN_POINT('',(-0.0294990069476233,0.00633820618452575,0.039));
#10668=CARTESIAN_POINT('',(-0.0284053274188133,0.00407831335060744,0.039));
#10669=CARTESIAN_POINT('',(-0.0284053274188133,0.00430237358446212,0.039));
#10670=CARTESIAN_POINT('',(-0.0284053274188133,0.0043016452923341,0.039));
#10671=CARTESIAN_POINT('',(-0.0284053274188133,0.00407831335060744,0.039));
#10672=CARTESIAN_POINT('',(-0.0294736939605628,0.00673685916218654,0.039));
#10673=CARTESIAN_POINT('',(-0.0294597628931426,0.00407879570901289,0.039));
#10674=CARTESIAN_POINT('',(-0.0294597628931426,0.00407879570901289,0.039));
#10675=CARTESIAN_POINT('',(-0.0294736939605628,0.00673685916218654,0.039));
#10676=CARTESIAN_POINT('',(-0.0302450423772269,0.0043802697124236,0.039));
#10677=CARTESIAN_POINT('',(-0.0302450423772269,0.0043802697124236,0.036));
#10678=CARTESIAN_POINT('',(-0.0300591736049907,0.00417928704348313,0.039));
#10679=CARTESIAN_POINT('',(-0.0300591736049907,0.00417928704348313,0.036));
#10680=CARTESIAN_POINT('',(-0.0297974137769626,0.00407879570901289,0.039));
#10681=CARTESIAN_POINT('',(-0.0297974137769626,0.00407879570901289,0.036));
#10682=CARTESIAN_POINT('',(-0.0294597628931426,0.00407879570901289,0.039));
#10683=CARTESIAN_POINT('',(-0.0294597628931426,0.00407879570901289,0.036));
#10684=CARTESIAN_POINT('',(-0.0302450423772269,0.0043802697124236,0.039));
#10685=CARTESIAN_POINT('',(-0.0302450423772269,0.0043802697124236,0.039));
#10686=CARTESIAN_POINT('',(-0.0302450423772269,0.0043802697124236,0.039));
#10687=CARTESIAN_POINT('',(-0.0299662392188726,0.00407879570901289,0.039));
#10688=CARTESIAN_POINT('',(-0.0294597628931426,0.00407879570901289,0.039));
#10689=CARTESIAN_POINT('',(-0.0305392810045557,0.00526346795281562,0.039));
#10690=CARTESIAN_POINT('',(-0.0305392810045557,0.00526346795281562,0.036));
#10691=CARTESIAN_POINT('',(-0.0305289906919059,0.00487565179482809,0.039));
#10692=CARTESIAN_POINT('',(-0.0305289906919059,0.00487565179482809,0.036));
#10693=CARTESIAN_POINT('',(-0.030430911149463,0.00458125238136408,0.039));
#10694=CARTESIAN_POINT('',(-0.030430911149463,0.00458125238136408,0.036));
#10695=CARTESIAN_POINT('',(-0.0302450423772269,0.0043802697124236,0.039));
#10696=CARTESIAN_POINT('',(-0.0302450423772269,0.0043802697124236,0.036));
#10697=CARTESIAN_POINT('',(-0.0305392810045557,0.00526346795281562,0.039));
#10698=CARTESIAN_POINT('',(-0.0305392810045557,0.00526346795281562,0.039));
#10699=CARTESIAN_POINT('',(-0.0305392810045557,0.00526346795281562,0.039));
#10700=CARTESIAN_POINT('',(-0.030523845535581,0.00468174371583432,0.039));
#10701=CARTESIAN_POINT('',(-0.0302450423772269,0.0043802697124236,0.039));
#10702=CARTESIAN_POINT('',(-0.0294013975260823,0.00526346795281562,0.039));
#10703=CARTESIAN_POINT('',(-0.0282635140476089,0.00526346795281562,0.039));
#10704=CARTESIAN_POINT('',(-0.0282635140476089,0.00526346795281562,0.039));
#10705=CARTESIAN_POINT('',(-0.0294013975260823,0.00526346795281562,0.039));
#10706=CARTESIAN_POINT('',(-0.0282635140476089,0.00542168150980556,0.039));
#10707=CARTESIAN_POINT('',(-0.0282635140476089,0.00557989506679551,0.039));
#10708=CARTESIAN_POINT('',(-0.0282635140476089,0.00557989506679551,0.039));
#10709=CARTESIAN_POINT('',(-0.0282635140476089,0.00542168150980556,0.039));
#10710=CARTESIAN_POINT('',(-0.0286252828517017,0.0066579661029922,0.039));
#10711=CARTESIAN_POINT('',(-0.0286252828517017,0.0066579661029922,0.036));
#10712=CARTESIAN_POINT('',(-0.0283841036489732,0.00638559439004407,0.039));
#10713=CARTESIAN_POINT('',(-0.0283841036489732,0.00638559439004407,0.036));
#10714=CARTESIAN_POINT('',(-0.0282635140476089,0.00602623737797851,0.039));
#10715=CARTESIAN_POINT('',(-0.0282635140476089,0.00602623737797851,0.036));
#10716=CARTESIAN_POINT('',(-0.0282635140476089,0.00557989506679551,0.039));
#10717=CARTESIAN_POINT('',(-0.0282635140476089,0.00557989506679551,0.036));
#10718=CARTESIAN_POINT('',(-0.0286252828517017,0.0066579661029922,0.039));
#10719=CARTESIAN_POINT('',(-0.0286252828517017,0.0066579661029922,0.039));
#10720=CARTESIAN_POINT('',(-0.0286252828517017,0.0066579661029922,0.039));
#10721=CARTESIAN_POINT('',(-0.0282635140476089,0.00624940853357001,0.039));
#10722=CARTESIAN_POINT('',(-0.0282635140476089,0.00557989506679551,0.039));
#10723=CARTESIAN_POINT('',(-0.0296073645652125,0.0070665236724144,0.039));
#10724=CARTESIAN_POINT('',(-0.0296073645652125,0.0070665236724144,0.036));
#10725=CARTESIAN_POINT('',(-0.0291938226256006,0.0070665236724144,0.039));
#10726=CARTESIAN_POINT('',(-0.0291938226256006,0.0070665236724144,0.036));
#10727=CARTESIAN_POINT('',(-0.0288664620544303,0.00693033781594033,0.039));
#10728=CARTESIAN_POINT('',(-0.0288664620544303,0.00693033781594033,0.036));
#10729=CARTESIAN_POINT('',(-0.0286252828517017,0.0066579661029922,0.039));
#10730=CARTESIAN_POINT('',(-0.0286252828517017,0.0066579661029922,0.036));
#10731=CARTESIAN_POINT('',(-0.0296073645652125,0.0070665236724144,0.039));
#10732=CARTESIAN_POINT('',(-0.0296073645652125,0.0070665236724144,0.039));
#10733=CARTESIAN_POINT('',(-0.0296073645652125,0.0070665236724144,0.039));
#10734=CARTESIAN_POINT('',(-0.0289870516557946,0.0070665236724144,0.039));
#10735=CARTESIAN_POINT('',(-0.0286252828517017,0.0066579661029922,0.039));
#10736=CARTESIAN_POINT('',(-0.0306646941899745,0.00659622422709369,0.039));
#10737=CARTESIAN_POINT('',(-0.0306646941899745,0.00659622422709369,0.036));
#10738=CARTESIAN_POINT('',(-0.0304022912174059,0.00690975719064083,0.039));
#10739=CARTESIAN_POINT('',(-0.0304022912174059,0.00690975719064083,0.036));
#10740=CARTESIAN_POINT('',(-0.0300498480091518,0.0070665236724144,0.039));
#10741=CARTESIAN_POINT('',(-0.0300498480091518,0.0070665236724144,0.036));
#10742=CARTESIAN_POINT('',(-0.0296073645652125,0.0070665236724144,0.039));
#10743=CARTESIAN_POINT('',(-0.0296073645652125,0.0070665236724144,0.036));
#10744=CARTESIAN_POINT('',(-0.0306646941899745,0.00659622422709369,0.039));
#10745=CARTESIAN_POINT('',(-0.0306646941899745,0.00659622422709369,0.039));
#10746=CARTESIAN_POINT('',(-0.0306646941899745,0.00659622422709369,0.039));
#10747=CARTESIAN_POINT('',(-0.0302710897311215,0.0070665236724144,0.039));
#10748=CARTESIAN_POINT('',(-0.0296073645652125,0.0070665236724144,0.039));
#10749=CARTESIAN_POINT('',(-0.0310582986488275,0.00532617454552505,0.039));
#10750=CARTESIAN_POINT('',(-0.0310582986488275,0.00532617454552505,0.036));
#10751=CARTESIAN_POINT('',(-0.0310582986488275,0.00585934136969034,0.039));
#10752=CARTESIAN_POINT('',(-0.0310582986488275,0.00585934136969034,0.036));
#10753=CARTESIAN_POINT('',(-0.0309270971625432,0.00628269126354655,0.039));
#10754=CARTESIAN_POINT('',(-0.0309270971625432,0.00628269126354655,0.036));
#10755=CARTESIAN_POINT('',(-0.0306646941899745,0.00659622422709369,0.039));
#10756=CARTESIAN_POINT('',(-0.0306646941899745,0.00659622422709369,0.036));
#10757=CARTESIAN_POINT('',(-0.0310582986488275,0.00532617454552505,0.039));
#10758=CARTESIAN_POINT('',(-0.0310582986488275,0.00532617454552505,0.039));
#10759=CARTESIAN_POINT('',(-0.0310582986488275,0.00532617454552505,0.039));
#10760=CARTESIAN_POINT('',(-0.0310582986488275,0.00612592478177298,0.039));
#10761=CARTESIAN_POINT('',(-0.0306646941899745,0.00659622422709369,0.039));
#10762=CARTESIAN_POINT('',(-0.0306343056104308,0.00408747816031112,0.039));
#10763=CARTESIAN_POINT('',(-0.0306343056104308,0.00408747816031112,0.036));
#10764=CARTESIAN_POINT('',(-0.0309169676360286,0.00438525408261333,0.039));
#10765=CARTESIAN_POINT('',(-0.0309169676360286,0.00438525408261333,0.036));
#10766=CARTESIAN_POINT('',(-0.0310582986488275,0.00479815287768464,0.039));
#10767=CARTESIAN_POINT('',(-0.0310582986488275,0.00479815287768464,0.036));
#10768=CARTESIAN_POINT('',(-0.0310582986488275,0.00532617454552505,0.039));
#10769=CARTESIAN_POINT('',(-0.0310582986488275,0.00532617454552505,0.036));
#10770=CARTESIAN_POINT('',(-0.0306343056104308,0.00408747816031112,0.039));
#10771=CARTESIAN_POINT('',(-0.0310582986488275,0.00453414204376443,0.039));
#10772=CARTESIAN_POINT('',(-0.0310582986488275,0.00532617454552505,0.039));
#10773=CARTESIAN_POINT('',(-0.0302484188860651,0.00638784539593621,0.039));
#10774=CARTESIAN_POINT('',(-0.0302484188860651,0.00638784539593621,0.036));
#10775=CARTESIAN_POINT('',(-0.0304063108707847,0.00621516108678256,0.039));
#10776=CARTESIAN_POINT('',(-0.0304063108707847,0.00621516108678256,0.036));
#10777=CARTESIAN_POINT('',(-0.0304994060430379,0.00597607210381097,0.039));
#10778=CARTESIAN_POINT('',(-0.0304994060430379,0.00597607210381097,0.036));
#10779=CARTESIAN_POINT('',(-0.0305277044028247,0.00567057844702145,0.039));
#10780=CARTESIAN_POINT('',(-0.0305277044028247,0.00567057844702145,0.036));
#10781=CARTESIAN_POINT('',(-0.0302484188860651,0.00638784539593621,0.036));
#10782=CARTESIAN_POINT('',(-0.0304852568631445,0.00612881893220573,0.036));
#10783=CARTESIAN_POINT('',(-0.0305277044028247,0.00567057844702145,0.036));
#10784=CARTESIAN_POINT('',(-0.0302484188860651,0.00638784539593621,0.039));
#10785=CARTESIAN_POINT('',(-0.0304852568631445,0.00612881893220573,0.039));
#10786=CARTESIAN_POINT('',(-0.0305277044028247,0.00567057844702145,0.039));
#10787=CARTESIAN_POINT('',(0.00198598749339636,-0.00383108708127283,0.039));
#10788=CARTESIAN_POINT('',(0.00198598749339636,-0.00383108708127283,0.036));
#10789=CARTESIAN_POINT('',(0.00198598749339636,-0.00383108708127283,0.036));
#10790=CARTESIAN_POINT('',(0.00198598749339636,-0.00383108708127283,0.036));
#10791=CARTESIAN_POINT('',(0.00198598749339636,-0.00383108708127283,0.036));
#10792=CARTESIAN_POINT('',(0.00198598749339636,-0.00383108708127283,0.036));
#10793=CARTESIAN_POINT('',(0.00198598749339636,-0.00383108708127283,0.036));
#10794=CARTESIAN_POINT('',(0.00198598749339636,-0.00383108708127283,0.036));
#10795=CARTESIAN_POINT('',(-0.00229797889697421,0.0136033943207457,-0.0210713461637497));
#10796=MECHANICAL_DESIGN_GEOMETRIC_PRESENTATION_REPRESENTATION('',(#6063),
#10797);
#10797=(
GEOMETRIC_REPRESENTATION_CONTEXT(3)
GLOBAL_UNCERTAINTY_ASSIGNED_CONTEXT((#10799))
GLOBAL_UNIT_ASSIGNED_CONTEXT((#10803,#10802,#10801))
REPRESENTATION_CONTEXT('Lid','TOP_LEVEL_ASSEMBLY_PART')
);
#10798=(
GEOMETRIC_REPRESENTATION_CONTEXT(3)
GLOBAL_UNCERTAINTY_ASSIGNED_CONTEXT((#10800))
GLOBAL_UNIT_ASSIGNED_CONTEXT((#10803,#10802,#10801))
REPRESENTATION_CONTEXT('Part 9','COMPONENT_PART')
);
#10799=UNCERTAINTY_MEASURE_WITH_UNIT(LENGTH_MEASURE(1.E-8),#10803,
'DISTANCE_ACCURACY_VALUE','Maximum Tolerance applied to model');
#10800=UNCERTAINTY_MEASURE_WITH_UNIT(LENGTH_MEASURE(2.E-5),#10803,
'DISTANCE_ACCURACY_VALUE','Maximum Tolerance applied to model');
#10801=(
NAMED_UNIT(*)
SI_UNIT($,.STERADIAN.)
SOLID_ANGLE_UNIT()
);
#10802=(
NAMED_UNIT(*)
PLANE_ANGLE_UNIT()
SI_UNIT($,.RADIAN.)
);
#10803=(
LENGTH_UNIT()
NAMED_UNIT(*)
SI_UNIT($,.METRE.)
);
#10804=PRODUCT_DEFINITION_SHAPE('','',#10807);
#10805=PRODUCT_DEFINITION_SHAPE('','',#10808);
#10806=PRODUCT_DEFINITION_SHAPE(' ','NAUO PRDDFN',#11);
#10807=PRODUCT_DEFINITION('','',#10811,#10809);
#10808=PRODUCT_DEFINITION('','',#10812,#10810);
#10809=PRODUCT_DEFINITION_CONTEXT('',#10822,'design');
#10810=PRODUCT_DEFINITION_CONTEXT('',#10822,'design');
#10811=PRODUCT_DEFINITION_FORMATION_WITH_SPECIFIED_SOURCE('','',#10815,
 .NOT_KNOWN.);
#10812=PRODUCT_DEFINITION_FORMATION_WITH_SPECIFIED_SOURCE('','',#10816,
 .NOT_KNOWN.);
#10813=PRODUCT_RELATED_PRODUCT_CATEGORY('','',(#10815));
#10814=PRODUCT_RELATED_PRODUCT_CATEGORY('','',(#10816));
#10815=PRODUCT('Lid','Lid','Lid',(#10819));
#10816=PRODUCT('Part 9','Part 9','Part 9',(#10820));
#10817=PRODUCT_CATEGORY('','');
#10818=PRODUCT_CATEGORY('','');
#10819=PRODUCT_CONTEXT('',#10822,'mechanical');
#10820=PRODUCT_CONTEXT('',#10822,'mechanical');
#10821=APPLICATION_PROTOCOL_DEFINITION('international standard',
'ap242_managed_model_based_3d_engineering',2020,#10822);
#10822=APPLICATION_CONTEXT('managed model based 3d engineering');
ENDSEC;
END-ISO-10303-21;
