ISO-10303-21;
HEADER;
/* Generated by software containing ST-Developer
 * from STEP Tools, Inc. (www.steptools.com) 
 */
/* OPTION: using custom renumber hook */

FILE_DESCRIPTION(
/* description */ ('STEP AP242 Edition 2',
'CAx-IF Rec.Pracs.---Representation and Presentation of Product Manufa
cturing Information (PMI)---4.0---2014-10-13',
'CAx-IF Rec.Pracs.---3D Tessellated Geometry---0.4---2014-09-14','2;1',
'CAx-IF Rec.Pracs.---User Defined Attributes---1.5---2016-08-15'),
/* implementation_level */ '2;1');

FILE_NAME(
/* name */ 'Full thing',
/* time_stamp */ '2026-09-11T05:52:52Z',
/* author */ (''),
/* organization */ (''),
/* preprocessor_version */ 'ST-DEVELOPER v20',
/* originating_system */ 'ONSHAPE BY PTC INC, 1.220',
/* authorisation */ '  ');

FILE_SCHEMA (('AP242_MANAGED_MODEL_BASED_3D_ENGINEERING_MIM_LF { 1 0 10303 442 3 1 4 }'));
ENDSEC;

DATA;
#10=B_SPLINE_SURFACE_WITH_KNOTS('',3,1,((#10386,#10387),(#10388,#10389),
(#10390,#10391),(#10392,#10393)),.SURF_OF_LINEAR_EXTRUSION.,.F.,.F.,.F.,
(4,4),(2,2),(0.,1.),(0.,1.),.PIECEWISE_BEZIER_KNOTS.);
#11=B_SPLINE_SURFACE_WITH_KNOTS('',3,1,((#10399,#10400),(#10401,#10402),
(#10403,#10404),(#10405,#10406)),.SURF_OF_LINEAR_EXTRUSION.,.F.,.F.,.F.,
(4,4),(2,2),(0.,1.),(0.,1.),.PIECEWISE_BEZIER_KNOTS.);
#12=B_SPLINE_SURFACE_WITH_KNOTS('',3,1,((#10444,#10445),(#10446,#10447),
(#10448,#10449),(#10450,#10451)),.SURF_OF_LINEAR_EXTRUSION.,.F.,.F.,.F.,
(4,4),(2,2),(0.,1.),(0.,1.),.PIECEWISE_BEZIER_KNOTS.);
#13=B_SPLINE_SURFACE_WITH_KNOTS('',3,1,((#10457,#10458),(#10459,#10460),
(#10461,#10462),(#10463,#10464)),.SURF_OF_LINEAR_EXTRUSION.,.F.,.F.,.F.,
(4,4),(2,2),(0.,1.),(0.,1.),.PIECEWISE_BEZIER_KNOTS.);
#14=B_SPLINE_SURFACE_WITH_KNOTS('',3,1,((#10470,#10471),(#10472,#10473),
(#10474,#10475),(#10476,#10477)),.SURF_OF_LINEAR_EXTRUSION.,.F.,.F.,.F.,
(4,4),(2,2),(0.,1.),(0.,1.),.PIECEWISE_BEZIER_KNOTS.);
#15=B_SPLINE_SURFACE_WITH_KNOTS('',3,1,((#10483,#10484),(#10485,#10486),
(#10487,#10488),(#10489,#10490)),.SURF_OF_LINEAR_EXTRUSION.,.F.,.F.,.F.,
(4,4),(2,2),(0.,1.),(0.,1.),.PIECEWISE_BEZIER_KNOTS.);
#16=B_SPLINE_SURFACE_WITH_KNOTS('',3,1,((#10568,#10569),(#10570,#10571),
(#10572,#10573),(#10574,#10575)),.SURF_OF_LINEAR_EXTRUSION.,.F.,.F.,.F.,
(4,4),(2,2),(0.,1.),(0.,1.),.PIECEWISE_BEZIER_KNOTS.);
#17=B_SPLINE_SURFACE_WITH_KNOTS('',3,1,((#10588,#10589),(#10590,#10591),
(#10592,#10593),(#10594,#10595)),.SURF_OF_LINEAR_EXTRUSION.,.F.,.F.,.F.,
(4,4),(2,2),(0.,1.),(0.,1.),.PIECEWISE_BEZIER_KNOTS.);
#18=B_SPLINE_SURFACE_WITH_KNOTS('',3,1,((#10605,#10606),(#10607,#10608),
(#10609,#10610),(#10611,#10612)),.SURF_OF_LINEAR_EXTRUSION.,.F.,.F.,.F.,
(4,4),(2,2),(0.,1.),(0.,1.),.PIECEWISE_BEZIER_KNOTS.);
#19=B_SPLINE_SURFACE_WITH_KNOTS('',3,1,((#10628,#10629),(#10630,#10631),
(#10632,#10633),(#10634,#10635)),.SURF_OF_LINEAR_EXTRUSION.,.F.,.F.,.F.,
(4,4),(2,2),(0.,1.),(0.,1.),.PIECEWISE_BEZIER_KNOTS.);
#20=B_SPLINE_SURFACE_WITH_KNOTS('',3,1,((#10643,#10644),(#10645,#10646),
(#10647,#10648),(#10649,#10650)),.SURF_OF_LINEAR_EXTRUSION.,.F.,.F.,.F.,
(4,4),(2,2),(0.,1.),(0.,1.),.PIECEWISE_BEZIER_KNOTS.);
#21=B_SPLINE_SURFACE_WITH_KNOTS('',3,1,((#10668,#10669),(#10670,#10671),
(#10672,#10673),(#10674,#10675)),.SURF_OF_LINEAR_EXTRUSION.,.F.,.F.,.F.,
(4,4),(2,2),(0.,1.),(0.,1.),.PIECEWISE_BEZIER_KNOTS.);
#22=B_SPLINE_SURFACE_WITH_KNOTS('',3,1,((#10681,#10682),(#10683,#10684),
(#10685,#10686),(#10687,#10688)),.SURF_OF_LINEAR_EXTRUSION.,.F.,.F.,.F.,
(4,4),(2,2),(0.,1.),(0.,1.),.PIECEWISE_BEZIER_KNOTS.);
#23=B_SPLINE_SURFACE_WITH_KNOTS('',3,1,((#10702,#10703),(#10704,#10705),
(#10706,#10707),(#10708,#10709)),.SURF_OF_LINEAR_EXTRUSION.,.F.,.F.,.F.,
(4,4),(2,2),(0.,1.),(0.,1.),.PIECEWISE_BEZIER_KNOTS.);
#24=B_SPLINE_SURFACE_WITH_KNOTS('',3,1,((#10715,#10716),(#10717,#10718),
(#10719,#10720),(#10721,#10722)),.SURF_OF_LINEAR_EXTRUSION.,.F.,.F.,.F.,
(4,4),(2,2),(0.,1.),(0.,1.),.PIECEWISE_BEZIER_KNOTS.);
#25=B_SPLINE_SURFACE_WITH_KNOTS('',3,1,((#10728,#10729),(#10730,#10731),
(#10732,#10733),(#10734,#10735)),.SURF_OF_LINEAR_EXTRUSION.,.F.,.F.,.F.,
(4,4),(2,2),(0.,1.),(0.,1.),.PIECEWISE_BEZIER_KNOTS.);
#26=B_SPLINE_SURFACE_WITH_KNOTS('',3,1,((#10741,#10742),(#10743,#10744),
(#10745,#10746),(#10747,#10748)),.SURF_OF_LINEAR_EXTRUSION.,.F.,.F.,.F.,
(4,4),(2,2),(0.,1.),(0.,1.),.PIECEWISE_BEZIER_KNOTS.);
#27=B_SPLINE_SURFACE_WITH_KNOTS('',3,1,((#10754,#10755),(#10756,#10757),
(#10758,#10759),(#10760,#10761)),.SURF_OF_LINEAR_EXTRUSION.,.F.,.F.,.F.,
(4,4),(2,2),(0.,1.),(0.,1.),.PIECEWISE_BEZIER_KNOTS.);
#28=B_SPLINE_SURFACE_WITH_KNOTS('',3,1,((#10765,#10766),(#10767,#10768),
(#10769,#10770),(#10771,#10772)),.SURF_OF_LINEAR_EXTRUSION.,.F.,.F.,.F.,
(4,4),(2,2),(0.,1.),(0.,1.),.PIECEWISE_BEZIER_KNOTS.);
#29=B_SPLINE_SURFACE_WITH_KNOTS('',3,1,((#10821,#10822),(#10823,#10824),
(#10825,#10826),(#10827,#10828)),.SURF_OF_LINEAR_EXTRUSION.,.F.,.F.,.F.,
(4,4),(2,2),(0.,1.),(0.,1.),.PIECEWISE_BEZIER_KNOTS.);
#30=B_SPLINE_SURFACE_WITH_KNOTS('',3,1,((#10841,#10842),(#10843,#10844),
(#10845,#10846),(#10847,#10848)),.SURF_OF_LINEAR_EXTRUSION.,.F.,.F.,.F.,
(4,4),(2,2),(0.,1.),(0.,1.),.PIECEWISE_BEZIER_KNOTS.);
#31=B_SPLINE_SURFACE_WITH_KNOTS('',3,1,((#10858,#10859),(#10860,#10861),
(#10862,#10863),(#10864,#10865)),.SURF_OF_LINEAR_EXTRUSION.,.F.,.F.,.F.,
(4,4),(2,2),(0.,1.),(0.,1.),.PIECEWISE_BEZIER_KNOTS.);
#32=B_SPLINE_SURFACE_WITH_KNOTS('',3,1,((#10875,#10876),(#10877,#10878),
(#10879,#10880),(#10881,#10882)),.SURF_OF_LINEAR_EXTRUSION.,.F.,.F.,.F.,
(4,4),(2,2),(0.,1.),(0.,1.),.PIECEWISE_BEZIER_KNOTS.);
#33=B_SPLINE_SURFACE_WITH_KNOTS('',3,1,((#10892,#10893),(#10894,#10895),
(#10896,#10897),(#10898,#10899)),.SURF_OF_LINEAR_EXTRUSION.,.F.,.F.,.F.,
(4,4),(2,2),(0.,1.),(0.,1.),.PIECEWISE_BEZIER_KNOTS.);
#34=B_SPLINE_SURFACE_WITH_KNOTS('',3,1,((#10909,#10910),(#10911,#10912),
(#10913,#10914),(#10915,#10916)),.SURF_OF_LINEAR_EXTRUSION.,.F.,.F.,.F.,
(4,4),(2,2),(0.,1.),(0.,1.),.PIECEWISE_BEZIER_KNOTS.);
#35=B_SPLINE_SURFACE_WITH_KNOTS('',3,1,((#10926,#10927),(#10928,#10929),
(#10930,#10931),(#10932,#10933)),.SURF_OF_LINEAR_EXTRUSION.,.F.,.F.,.F.,
(4,4),(2,2),(0.,1.),(0.,1.),.PIECEWISE_BEZIER_KNOTS.);
#36=B_SPLINE_SURFACE_WITH_KNOTS('',3,1,((#10943,#10944),(#10945,#10946),
(#10947,#10948),(#10949,#10950)),.SURF_OF_LINEAR_EXTRUSION.,.F.,.F.,.F.,
(4,4),(2,2),(0.,1.),(0.,1.),.PIECEWISE_BEZIER_KNOTS.);
#37=B_SPLINE_SURFACE_WITH_KNOTS('',3,1,((#10958,#10959),(#10960,#10961),
(#10962,#10963),(#10964,#10965)),.SURF_OF_LINEAR_EXTRUSION.,.F.,.F.,.F.,
(4,4),(2,2),(0.,1.),(0.,1.),.PIECEWISE_BEZIER_KNOTS.);
#38=B_SPLINE_SURFACE_WITH_KNOTS('',3,1,((#10971,#10972),(#10973,#10974),
(#10975,#10976),(#10977,#10978)),.SURF_OF_LINEAR_EXTRUSION.,.F.,.F.,.F.,
(4,4),(2,2),(0.,1.),(0.,1.),.PIECEWISE_BEZIER_KNOTS.);
#39=B_SPLINE_SURFACE_WITH_KNOTS('',3,1,((#10984,#10985),(#10986,#10987),
(#10988,#10989),(#10990,#10991)),.SURF_OF_LINEAR_EXTRUSION.,.F.,.F.,.F.,
(4,4),(2,2),(0.,1.),(0.,1.),.PIECEWISE_BEZIER_KNOTS.);
#40=B_SPLINE_SURFACE_WITH_KNOTS('',3,1,((#10997,#10998),(#10999,#11000),
(#11001,#11002),(#11003,#11004)),.SURF_OF_LINEAR_EXTRUSION.,.F.,.F.,.F.,
(4,4),(2,2),(0.,1.),(0.,1.),.PIECEWISE_BEZIER_KNOTS.);
#41=B_SPLINE_SURFACE_WITH_KNOTS('',3,1,((#11010,#11011),(#11012,#11013),
(#11014,#11015),(#11016,#11017)),.SURF_OF_LINEAR_EXTRUSION.,.F.,.F.,.F.,
(4,4),(2,2),(0.,1.),(0.,1.),.PIECEWISE_BEZIER_KNOTS.);
#42=B_SPLINE_SURFACE_WITH_KNOTS('',3,1,((#11023,#11024),(#11025,#11026),
(#11027,#11028),(#11029,#11030)),.SURF_OF_LINEAR_EXTRUSION.,.F.,.F.,.F.,
(4,4),(2,2),(0.,1.),(0.,1.),.PIECEWISE_BEZIER_KNOTS.);
#43=B_SPLINE_SURFACE_WITH_KNOTS('',3,1,((#11036,#11037),(#11038,#11039),
(#11040,#11041),(#11042,#11043)),.SURF_OF_LINEAR_EXTRUSION.,.F.,.F.,.F.,
(4,4),(2,2),(0.,1.),(0.,1.),.PIECEWISE_BEZIER_KNOTS.);
#44=B_SPLINE_SURFACE_WITH_KNOTS('',3,1,((#11049,#11050),(#11051,#11052),
(#11053,#11054),(#11055,#11056)),.SURF_OF_LINEAR_EXTRUSION.,.F.,.F.,.F.,
(4,4),(2,2),(0.,1.),(0.,1.),.PIECEWISE_BEZIER_KNOTS.);
#45=B_SPLINE_SURFACE_WITH_KNOTS('',3,1,((#11060,#11061),(#11062,#11063),
(#11064,#11065),(#11066,#11067)),.SURF_OF_LINEAR_EXTRUSION.,.F.,.F.,.F.,
(4,4),(2,2),(0.,1.),(0.,1.),.PIECEWISE_BEZIER_KNOTS.);
#46=B_SPLINE_SURFACE_WITH_KNOTS('',3,1,((#11075,#11076),(#11077,#11078),
(#11079,#11080),(#11081,#11082)),.SURF_OF_LINEAR_EXTRUSION.,.F.,.F.,.F.,
(4,4),(2,2),(0.,1.),(0.,1.),.PIECEWISE_BEZIER_KNOTS.);
#47=B_SPLINE_SURFACE_WITH_KNOTS('',3,1,((#11095,#11096),(#11097,#11098),
(#11099,#11100),(#11101,#11102)),.SURF_OF_LINEAR_EXTRUSION.,.F.,.F.,.F.,
(4,4),(2,2),(0.,1.),(0.,1.),.PIECEWISE_BEZIER_KNOTS.);
#48=B_SPLINE_SURFACE_WITH_KNOTS('',3,1,((#11112,#11113),(#11114,#11115),
(#11116,#11117),(#11118,#11119)),.SURF_OF_LINEAR_EXTRUSION.,.F.,.F.,.F.,
(4,4),(2,2),(0.,1.),(0.,1.),.PIECEWISE_BEZIER_KNOTS.);
#49=B_SPLINE_SURFACE_WITH_KNOTS('',3,1,((#11129,#11130),(#11131,#11132),
(#11133,#11134),(#11135,#11136)),.SURF_OF_LINEAR_EXTRUSION.,.F.,.F.,.F.,
(4,4),(2,2),(0.,1.),(0.,1.),.PIECEWISE_BEZIER_KNOTS.);
#50=B_SPLINE_SURFACE_WITH_KNOTS('',3,1,((#11146,#11147),(#11148,#11149),
(#11150,#11151),(#11152,#11153)),.SURF_OF_LINEAR_EXTRUSION.,.F.,.F.,.F.,
(4,4),(2,2),(0.,1.),(0.,1.),.PIECEWISE_BEZIER_KNOTS.);
#51=B_SPLINE_SURFACE_WITH_KNOTS('',3,1,((#11163,#11164),(#11165,#11166),
(#11167,#11168),(#11169,#11170)),.SURF_OF_LINEAR_EXTRUSION.,.F.,.F.,.F.,
(4,4),(2,2),(0.,1.),(0.,1.),.PIECEWISE_BEZIER_KNOTS.);
#52=B_SPLINE_SURFACE_WITH_KNOTS('',3,1,((#11180,#11181),(#11182,#11183),
(#11184,#11185),(#11186,#11187)),.SURF_OF_LINEAR_EXTRUSION.,.F.,.F.,.F.,
(4,4),(2,2),(0.,1.),(0.,1.),.PIECEWISE_BEZIER_KNOTS.);
#53=B_SPLINE_SURFACE_WITH_KNOTS('',3,1,((#11197,#11198),(#11199,#11200),
(#11201,#11202),(#11203,#11204)),.SURF_OF_LINEAR_EXTRUSION.,.F.,.F.,.F.,
(4,4),(2,2),(0.,1.),(0.,1.),.PIECEWISE_BEZIER_KNOTS.);
#54=B_SPLINE_SURFACE_WITH_KNOTS('',3,1,((#11212,#11213),(#11214,#11215),
(#11216,#11217),(#11218,#11219)),.SURF_OF_LINEAR_EXTRUSION.,.F.,.F.,.F.,
(4,4),(2,2),(0.,1.),(0.,1.),.PIECEWISE_BEZIER_KNOTS.);
#55=B_SPLINE_SURFACE_WITH_KNOTS('',3,1,((#11225,#11226),(#11227,#11228),
(#11229,#11230),(#11231,#11232)),.SURF_OF_LINEAR_EXTRUSION.,.F.,.F.,.F.,
(4,4),(2,2),(0.,1.),(0.,1.),.PIECEWISE_BEZIER_KNOTS.);
#56=B_SPLINE_SURFACE_WITH_KNOTS('',3,1,((#11238,#11239),(#11240,#11241),
(#11242,#11243),(#11244,#11245)),.SURF_OF_LINEAR_EXTRUSION.,.F.,.F.,.F.,
(4,4),(2,2),(0.,1.),(0.,1.),.PIECEWISE_BEZIER_KNOTS.);
#57=B_SPLINE_SURFACE_WITH_KNOTS('',3,1,((#11251,#11252),(#11253,#11254),
(#11255,#11256),(#11257,#11258)),.SURF_OF_LINEAR_EXTRUSION.,.F.,.F.,.F.,
(4,4),(2,2),(0.,1.),(0.,1.),.PIECEWISE_BEZIER_KNOTS.);
#58=B_SPLINE_SURFACE_WITH_KNOTS('',3,1,((#11264,#11265),(#11266,#11267),
(#11268,#11269),(#11270,#11271)),.SURF_OF_LINEAR_EXTRUSION.,.F.,.F.,.F.,
(4,4),(2,2),(0.,1.),(0.,1.),.PIECEWISE_BEZIER_KNOTS.);
#59=B_SPLINE_SURFACE_WITH_KNOTS('',3,1,((#11277,#11278),(#11279,#11280),
(#11281,#11282),(#11283,#11284)),.SURF_OF_LINEAR_EXTRUSION.,.F.,.F.,.F.,
(4,4),(2,2),(0.,1.),(0.,1.),.PIECEWISE_BEZIER_KNOTS.);
#60=B_SPLINE_SURFACE_WITH_KNOTS('',3,1,((#11290,#11291),(#11292,#11293),
(#11294,#11295),(#11296,#11297)),.SURF_OF_LINEAR_EXTRUSION.,.F.,.F.,.F.,
(4,4),(2,2),(0.,1.),(0.,1.),.PIECEWISE_BEZIER_KNOTS.);
#61=B_SPLINE_SURFACE_WITH_KNOTS('',3,1,((#11303,#11304),(#11305,#11306),
(#11307,#11308),(#11309,#11310)),.SURF_OF_LINEAR_EXTRUSION.,.F.,.F.,.F.,
(4,4),(2,2),(0.,1.),(0.,1.),.PIECEWISE_BEZIER_KNOTS.);
#62=B_SPLINE_SURFACE_WITH_KNOTS('',3,1,((#11314,#11315),(#11316,#11317),
(#11318,#11319),(#11320,#11321)),.SURF_OF_LINEAR_EXTRUSION.,.F.,.F.,.F.,
(4,4),(2,2),(0.,1.),(0.,1.),.PIECEWISE_BEZIER_KNOTS.);
#63=B_SPLINE_SURFACE_WITH_KNOTS('',3,1,((#11343,#11344),(#11345,#11346),
(#11347,#11348),(#11349,#11350)),.SURF_OF_LINEAR_EXTRUSION.,.F.,.F.,.F.,
(4,4),(2,2),(0.,1.),(0.,1.),.PIECEWISE_BEZIER_KNOTS.);
#64=B_SPLINE_SURFACE_WITH_KNOTS('',3,1,((#11356,#11357),(#11358,#11359),
(#11360,#11361),(#11362,#11363)),.SURF_OF_LINEAR_EXTRUSION.,.F.,.F.,.F.,
(4,4),(2,2),(0.,1.),(0.,1.),.PIECEWISE_BEZIER_KNOTS.);
#65=B_SPLINE_SURFACE_WITH_KNOTS('',3,1,((#11401,#11402),(#11403,#11404),
(#11405,#11406),(#11407,#11408)),.SURF_OF_LINEAR_EXTRUSION.,.F.,.F.,.F.,
(4,4),(2,2),(0.,1.),(0.,1.),.PIECEWISE_BEZIER_KNOTS.);
#66=B_SPLINE_SURFACE_WITH_KNOTS('',3,1,((#11414,#11415),(#11416,#11417),
(#11418,#11419),(#11420,#11421)),.SURF_OF_LINEAR_EXTRUSION.,.F.,.F.,.F.,
(4,4),(2,2),(0.,1.),(0.,1.),.PIECEWISE_BEZIER_KNOTS.);
#67=B_SPLINE_SURFACE_WITH_KNOTS('',3,1,((#11427,#11428),(#11429,#11430),
(#11431,#11432),(#11433,#11434)),.SURF_OF_LINEAR_EXTRUSION.,.F.,.F.,.F.,
(4,4),(2,2),(0.,1.),(0.,1.),.PIECEWISE_BEZIER_KNOTS.);
#68=B_SPLINE_SURFACE_WITH_KNOTS('',3,1,((#11440,#11441),(#11442,#11443),
(#11444,#11445),(#11446,#11447)),.SURF_OF_LINEAR_EXTRUSION.,.F.,.F.,.F.,
(4,4),(2,2),(0.,1.),(0.,1.),.PIECEWISE_BEZIER_KNOTS.);
#69=B_SPLINE_SURFACE_WITH_KNOTS('',3,1,((#11452,#11453),(#11454,#11455),
(#11456,#11457),(#11458,#11459)),.SURF_OF_LINEAR_EXTRUSION.,.F.,.F.,.F.,
(4,4),(2,2),(0.,1.),(0.,1.),.PIECEWISE_BEZIER_KNOTS.);
#70=B_SPLINE_SURFACE_WITH_KNOTS('',3,1,((#11467,#11468),(#11469,#11470),
(#11471,#11472),(#11473,#11474)),.SURF_OF_LINEAR_EXTRUSION.,.F.,.F.,.F.,
(4,4),(2,2),(0.,1.),(0.,1.),.PIECEWISE_BEZIER_KNOTS.);
#71=B_SPLINE_SURFACE_WITH_KNOTS('',3,1,((#11480,#11481),(#11482,#11483),
(#11484,#11485),(#11486,#11487)),.SURF_OF_LINEAR_EXTRUSION.,.F.,.F.,.F.,
(4,4),(2,2),(0.,1.),(0.,1.),.PIECEWISE_BEZIER_KNOTS.);
#72=B_SPLINE_SURFACE_WITH_KNOTS('',3,1,((#11493,#11494),(#11495,#11496),
(#11497,#11498),(#11499,#11500)),.SURF_OF_LINEAR_EXTRUSION.,.F.,.F.,.F.,
(4,4),(2,2),(0.,1.),(0.,1.),.PIECEWISE_BEZIER_KNOTS.);
#73=B_SPLINE_SURFACE_WITH_KNOTS('',3,1,((#11506,#11507),(#11508,#11509),
(#11510,#11511),(#11512,#11513)),.SURF_OF_LINEAR_EXTRUSION.,.F.,.F.,.F.,
(4,4),(2,2),(0.,1.),(0.,1.),.PIECEWISE_BEZIER_KNOTS.);
#74=B_SPLINE_SURFACE_WITH_KNOTS('',3,1,((#11519,#11520),(#11521,#11522),
(#11523,#11524),(#11525,#11526)),.SURF_OF_LINEAR_EXTRUSION.,.F.,.F.,.F.,
(4,4),(2,2),(0.,1.),(0.,1.),.PIECEWISE_BEZIER_KNOTS.);
#75=B_SPLINE_SURFACE_WITH_KNOTS('',3,1,((#11532,#11533),(#11534,#11535),
(#11536,#11537),(#11538,#11539)),.SURF_OF_LINEAR_EXTRUSION.,.F.,.F.,.F.,
(4,4),(2,2),(0.,1.),(0.,1.),.PIECEWISE_BEZIER_KNOTS.);
#76=B_SPLINE_SURFACE_WITH_KNOTS('',3,1,((#11545,#11546),(#11547,#11548),
(#11549,#11550),(#11551,#11552)),.SURF_OF_LINEAR_EXTRUSION.,.F.,.F.,.F.,
(4,4),(2,2),(0.,1.),(0.,1.),.PIECEWISE_BEZIER_KNOTS.);
#77=B_SPLINE_SURFACE_WITH_KNOTS('',3,1,((#11558,#11559),(#11560,#11561),
(#11562,#11563),(#11564,#11565)),.SURF_OF_LINEAR_EXTRUSION.,.F.,.F.,.F.,
(4,4),(2,2),(0.,1.),(0.,1.),.PIECEWISE_BEZIER_KNOTS.);
#78=B_SPLINE_SURFACE_WITH_KNOTS('',3,1,((#11575,#11576),(#11577,#11578),
(#11579,#11580),(#11581,#11582)),.SURF_OF_LINEAR_EXTRUSION.,.F.,.F.,.F.,
(4,4),(2,2),(0.,1.),(0.,1.),.PIECEWISE_BEZIER_KNOTS.);
#79=B_SPLINE_SURFACE_WITH_KNOTS('',3,1,((#11588,#11589),(#11590,#11591),
(#11592,#11593),(#11594,#11595)),.SURF_OF_LINEAR_EXTRUSION.,.F.,.F.,.F.,
(4,4),(2,2),(0.,1.),(0.,1.),.PIECEWISE_BEZIER_KNOTS.);
#80=B_SPLINE_SURFACE_WITH_KNOTS('',3,1,((#11601,#11602),(#11603,#11604),
(#11605,#11606),(#11607,#11608)),.SURF_OF_LINEAR_EXTRUSION.,.F.,.F.,.F.,
(4,4),(2,2),(0.,1.),(0.,1.),.PIECEWISE_BEZIER_KNOTS.);
#81=B_SPLINE_SURFACE_WITH_KNOTS('',3,1,((#11614,#11615),(#11616,#11617),
(#11618,#11619),(#11620,#11621)),.SURF_OF_LINEAR_EXTRUSION.,.F.,.F.,.F.,
(4,4),(2,2),(0.,1.),(0.,1.),.PIECEWISE_BEZIER_KNOTS.);
#82=B_SPLINE_SURFACE_WITH_KNOTS('',3,1,((#11627,#11628),(#11629,#11630),
(#11631,#11632),(#11633,#11634)),.SURF_OF_LINEAR_EXTRUSION.,.F.,.F.,.F.,
(4,4),(2,2),(0.,1.),(0.,1.),.PIECEWISE_BEZIER_KNOTS.);
#83=B_SPLINE_SURFACE_WITH_KNOTS('',3,1,((#11640,#11641),(#11642,#11643),
(#11644,#11645),(#11646,#11647)),.SURF_OF_LINEAR_EXTRUSION.,.F.,.F.,.F.,
(4,4),(2,2),(0.,1.),(0.,1.),.PIECEWISE_BEZIER_KNOTS.);
#84=B_SPLINE_SURFACE_WITH_KNOTS('',3,1,((#11653,#11654),(#11655,#11656),
(#11657,#11658),(#11659,#11660)),.SURF_OF_LINEAR_EXTRUSION.,.F.,.F.,.F.,
(4,4),(2,2),(0.,1.),(0.,1.),.PIECEWISE_BEZIER_KNOTS.);
#85=B_SPLINE_SURFACE_WITH_KNOTS('',3,1,((#11666,#11667),(#11668,#11669),
(#11670,#11671),(#11672,#11673)),.SURF_OF_LINEAR_EXTRUSION.,.F.,.F.,.F.,
(4,4),(2,2),(0.,1.),(0.,1.),.PIECEWISE_BEZIER_KNOTS.);
#86=B_SPLINE_SURFACE_WITH_KNOTS('',3,1,((#11679,#11680),(#11681,#11682),
(#11683,#11684),(#11685,#11686)),.SURF_OF_LINEAR_EXTRUSION.,.F.,.F.,.F.,
(4,4),(2,2),(0.,1.),(0.,1.),.PIECEWISE_BEZIER_KNOTS.);
#87=B_SPLINE_SURFACE_WITH_KNOTS('',3,1,((#11692,#11693),(#11694,#11695),
(#11696,#11697),(#11698,#11699)),.SURF_OF_LINEAR_EXTRUSION.,.F.,.F.,.F.,
(4,4),(2,2),(0.,1.),(0.,1.),.PIECEWISE_BEZIER_KNOTS.);
#88=B_SPLINE_SURFACE_WITH_KNOTS('',3,1,((#11717,#11718),(#11719,#11720),
(#11721,#11722),(#11723,#11724)),.SURF_OF_LINEAR_EXTRUSION.,.F.,.F.,.F.,
(4,4),(2,2),(0.,1.),(0.,1.),.PIECEWISE_BEZIER_KNOTS.);
#89=B_SPLINE_SURFACE_WITH_KNOTS('',3,1,((#11730,#11731),(#11732,#11733),
(#11734,#11735),(#11736,#11737)),.SURF_OF_LINEAR_EXTRUSION.,.F.,.F.,.F.,
(4,4),(2,2),(0.,1.),(0.,1.),.PIECEWISE_BEZIER_KNOTS.);
#90=B_SPLINE_SURFACE_WITH_KNOTS('',3,1,((#11756,#11757),(#11758,#11759),
(#11760,#11761),(#11762,#11763)),.SURF_OF_LINEAR_EXTRUSION.,.F.,.F.,.F.,
(4,4),(2,2),(0.,1.),(0.,1.),.PIECEWISE_BEZIER_KNOTS.);
#91=B_SPLINE_SURFACE_WITH_KNOTS('',3,1,((#11769,#11770),(#11771,#11772),
(#11773,#11774),(#11775,#11776)),.SURF_OF_LINEAR_EXTRUSION.,.F.,.F.,.F.,
(4,4),(2,2),(0.,1.),(0.,1.),.PIECEWISE_BEZIER_KNOTS.);
#92=B_SPLINE_SURFACE_WITH_KNOTS('',3,1,((#11814,#11815),(#11816,#11817),
(#11818,#11819),(#11820,#11821)),.SURF_OF_LINEAR_EXTRUSION.,.F.,.F.,.F.,
(4,4),(2,2),(0.,1.),(0.,1.),.PIECEWISE_BEZIER_KNOTS.);
#93=B_SPLINE_SURFACE_WITH_KNOTS('',3,1,((#11827,#11828),(#11829,#11830),
(#11831,#11832),(#11833,#11834)),.SURF_OF_LINEAR_EXTRUSION.,.F.,.F.,.F.,
(4,4),(2,2),(0.,1.),(0.,1.),.PIECEWISE_BEZIER_KNOTS.);
#94=B_SPLINE_SURFACE_WITH_KNOTS('',3,1,((#11840,#11841),(#11842,#11843),
(#11844,#11845),(#11846,#11847)),.SURF_OF_LINEAR_EXTRUSION.,.F.,.F.,.F.,
(4,4),(2,2),(0.,1.),(0.,1.),.PIECEWISE_BEZIER_KNOTS.);
#95=B_SPLINE_SURFACE_WITH_KNOTS('',3,1,((#11853,#11854),(#11855,#11856),
(#11857,#11858),(#11859,#11860)),.SURF_OF_LINEAR_EXTRUSION.,.F.,.F.,.F.,
(4,4),(2,2),(0.,1.),(0.,1.),.PIECEWISE_BEZIER_KNOTS.);
#96=B_SPLINE_SURFACE_WITH_KNOTS('',3,1,((#11883,#11884),(#11885,#11886),
(#11887,#11888),(#11889,#11890)),.SURF_OF_LINEAR_EXTRUSION.,.F.,.F.,.F.,
(4,4),(2,2),(0.,1.),(0.,1.),.PIECEWISE_BEZIER_KNOTS.);
#97=B_SPLINE_SURFACE_WITH_KNOTS('',3,1,((#11904,#11905),(#11906,#11907),
(#11908,#11909),(#11910,#11911)),.SURF_OF_LINEAR_EXTRUSION.,.F.,.F.,.F.,
(4,4),(2,2),(0.,1.),(0.,1.),.PIECEWISE_BEZIER_KNOTS.);
#98=B_SPLINE_SURFACE_WITH_KNOTS('',3,1,((#11941,#11942),(#11943,#11944),
(#11945,#11946),(#11947,#11948)),.SURF_OF_LINEAR_EXTRUSION.,.F.,.F.,.F.,
(4,4),(2,2),(0.,1.),(0.,1.),.PIECEWISE_BEZIER_KNOTS.);
#99=B_SPLINE_SURFACE_WITH_KNOTS('',3,1,((#11974,#11975),(#11976,#11977),
(#11978,#11979),(#11980,#11981)),.SURF_OF_LINEAR_EXTRUSION.,.F.,.F.,.F.,
(4,4),(2,2),(0.,1.),(0.,1.),.PIECEWISE_BEZIER_KNOTS.);
#100=B_SPLINE_SURFACE_WITH_KNOTS('',3,1,((#11991,#11992),(#11993,#11994),
(#11995,#11996),(#11997,#11998)),.SURF_OF_LINEAR_EXTRUSION.,.F.,.F.,.F.,
(4,4),(2,2),(0.,1.),(0.,1.),.PIECEWISE_BEZIER_KNOTS.);
#101=B_SPLINE_SURFACE_WITH_KNOTS('',3,1,((#12003,#12004),(#12005,#12006),
(#12007,#12008),(#12009,#12010)),.SURF_OF_LINEAR_EXTRUSION.,.F.,.F.,.F.,
(4,4),(2,2),(0.,1.),(0.,1.),.PIECEWISE_BEZIER_KNOTS.);
#102=B_SPLINE_SURFACE_WITH_KNOTS('',3,1,((#12023,#12024),(#12025,#12026),
(#12027,#12028),(#12029,#12030)),.SURF_OF_LINEAR_EXTRUSION.,.F.,.F.,.F.,
(4,4),(2,2),(0.,1.),(0.,1.),.PIECEWISE_BEZIER_KNOTS.);
#103=B_SPLINE_SURFACE_WITH_KNOTS('',3,1,((#12040,#12041),(#12042,#12043),
(#12044,#12045),(#12046,#12047)),.SURF_OF_LINEAR_EXTRUSION.,.F.,.F.,.F.,
(4,4),(2,2),(0.,1.),(0.,1.),.PIECEWISE_BEZIER_KNOTS.);
#104=B_SPLINE_SURFACE_WITH_KNOTS('',3,1,((#12057,#12058),(#12059,#12060),
(#12061,#12062),(#12063,#12064)),.SURF_OF_LINEAR_EXTRUSION.,.F.,.F.,.F.,
(4,4),(2,2),(0.,1.),(0.,1.),.PIECEWISE_BEZIER_KNOTS.);
#105=B_SPLINE_SURFACE_WITH_KNOTS('',3,1,((#12074,#12075),(#12076,#12077),
(#12078,#12079),(#12080,#12081)),.SURF_OF_LINEAR_EXTRUSION.,.F.,.F.,.F.,
(4,4),(2,2),(0.,1.),(0.,1.),.PIECEWISE_BEZIER_KNOTS.);
#106=B_SPLINE_SURFACE_WITH_KNOTS('',3,1,((#12091,#12092),(#12093,#12094),
(#12095,#12096),(#12097,#12098)),.SURF_OF_LINEAR_EXTRUSION.,.F.,.F.,.F.,
(4,4),(2,2),(0.,1.),(0.,1.),.PIECEWISE_BEZIER_KNOTS.);
#107=B_SPLINE_SURFACE_WITH_KNOTS('',3,1,((#12108,#12109),(#12110,#12111),
(#12112,#12113),(#12114,#12115)),.SURF_OF_LINEAR_EXTRUSION.,.F.,.F.,.F.,
(4,4),(2,2),(0.,1.),(0.,1.),.PIECEWISE_BEZIER_KNOTS.);
#108=B_SPLINE_SURFACE_WITH_KNOTS('',3,1,((#12125,#12126),(#12127,#12128),
(#12129,#12130),(#12131,#12132)),.SURF_OF_LINEAR_EXTRUSION.,.F.,.F.,.F.,
(4,4),(2,2),(0.,1.),(0.,1.),.PIECEWISE_BEZIER_KNOTS.);
#109=B_SPLINE_SURFACE_WITH_KNOTS('',3,1,((#12140,#12141),(#12142,#12143),
(#12144,#12145),(#12146,#12147)),.SURF_OF_LINEAR_EXTRUSION.,.F.,.F.,.F.,
(4,4),(2,2),(0.,1.),(0.,1.),.PIECEWISE_BEZIER_KNOTS.);
#110=B_SPLINE_SURFACE_WITH_KNOTS('',3,1,((#12153,#12154),(#12155,#12156),
(#12157,#12158),(#12159,#12160)),.SURF_OF_LINEAR_EXTRUSION.,.F.,.F.,.F.,
(4,4),(2,2),(0.,1.),(0.,1.),.PIECEWISE_BEZIER_KNOTS.);
#111=B_SPLINE_SURFACE_WITH_KNOTS('',3,1,((#12166,#12167),(#12168,#12169),
(#12170,#12171),(#12172,#12173)),.SURF_OF_LINEAR_EXTRUSION.,.F.,.F.,.F.,
(4,4),(2,2),(0.,1.),(0.,1.),.PIECEWISE_BEZIER_KNOTS.);
#112=B_SPLINE_SURFACE_WITH_KNOTS('',3,1,((#12179,#12180),(#12181,#12182),
(#12183,#12184),(#12185,#12186)),.SURF_OF_LINEAR_EXTRUSION.,.F.,.F.,.F.,
(4,4),(2,2),(0.,1.),(0.,1.),.PIECEWISE_BEZIER_KNOTS.);
#113=B_SPLINE_SURFACE_WITH_KNOTS('',3,1,((#12192,#12193),(#12194,#12195),
(#12196,#12197),(#12198,#12199)),.SURF_OF_LINEAR_EXTRUSION.,.F.,.F.,.F.,
(4,4),(2,2),(0.,1.),(0.,1.),.PIECEWISE_BEZIER_KNOTS.);
#114=B_SPLINE_SURFACE_WITH_KNOTS('',3,1,((#12205,#12206),(#12207,#12208),
(#12209,#12210),(#12211,#12212)),.SURF_OF_LINEAR_EXTRUSION.,.F.,.F.,.F.,
(4,4),(2,2),(0.,1.),(0.,1.),.PIECEWISE_BEZIER_KNOTS.);
#115=B_SPLINE_SURFACE_WITH_KNOTS('',3,1,((#12218,#12219),(#12220,#12221),
(#12222,#12223),(#12224,#12225)),.SURF_OF_LINEAR_EXTRUSION.,.F.,.F.,.F.,
(4,4),(2,2),(0.,1.),(0.,1.),.PIECEWISE_BEZIER_KNOTS.);
#116=B_SPLINE_SURFACE_WITH_KNOTS('',3,1,((#12231,#12232),(#12233,#12234),
(#12235,#12236),(#12237,#12238)),.SURF_OF_LINEAR_EXTRUSION.,.F.,.F.,.F.,
(4,4),(2,2),(0.,1.),(0.,1.),.PIECEWISE_BEZIER_KNOTS.);
#117=B_SPLINE_SURFACE_WITH_KNOTS('',3,1,((#12242,#12243),(#12244,#12245),
(#12246,#12247),(#12248,#12249)),.SURF_OF_LINEAR_EXTRUSION.,.F.,.F.,.F.,
(4,4),(2,2),(0.,1.),(0.,1.),.PIECEWISE_BEZIER_KNOTS.);
#118=B_SPLINE_SURFACE_WITH_KNOTS('',3,1,((#12257,#12258),(#12259,#12260),
(#12261,#12262),(#12263,#12264)),.SURF_OF_LINEAR_EXTRUSION.,.F.,.F.,.F.,
(4,4),(2,2),(0.,1.),(0.,1.),.PIECEWISE_BEZIER_KNOTS.);
#119=B_SPLINE_SURFACE_WITH_KNOTS('',3,1,((#12277,#12278),(#12279,#12280),
(#12281,#12282),(#12283,#12284)),.SURF_OF_LINEAR_EXTRUSION.,.F.,.F.,.F.,
(4,4),(2,2),(0.,1.),(0.,1.),.PIECEWISE_BEZIER_KNOTS.);
#120=B_SPLINE_SURFACE_WITH_KNOTS('',3,1,((#12294,#12295),(#12296,#12297),
(#12298,#12299),(#12300,#12301)),.SURF_OF_LINEAR_EXTRUSION.,.F.,.F.,.F.,
(4,4),(2,2),(0.,1.),(0.,1.),.PIECEWISE_BEZIER_KNOTS.);
#121=B_SPLINE_SURFACE_WITH_KNOTS('',3,1,((#12329,#12330),(#12331,#12332),
(#12333,#12334),(#12335,#12336)),.SURF_OF_LINEAR_EXTRUSION.,.F.,.F.,.F.,
(4,4),(2,2),(0.,1.),(0.,1.),.PIECEWISE_BEZIER_KNOTS.);
#122=B_SPLINE_SURFACE_WITH_KNOTS('',3,1,((#12344,#12345),(#12346,#12347),
(#12348,#12349),(#12350,#12351)),.SURF_OF_LINEAR_EXTRUSION.,.F.,.F.,.F.,
(4,4),(2,2),(0.,1.),(0.,1.),.PIECEWISE_BEZIER_KNOTS.);
#123=B_SPLINE_SURFACE_WITH_KNOTS('',3,1,((#12357,#12358),(#12359,#12360),
(#12361,#12362),(#12363,#12364)),.SURF_OF_LINEAR_EXTRUSION.,.F.,.F.,.F.,
(4,4),(2,2),(0.,1.),(0.,1.),.PIECEWISE_BEZIER_KNOTS.);
#124=B_SPLINE_SURFACE_WITH_KNOTS('',3,1,((#12382,#12383),(#12384,#12385),
(#12386,#12387),(#12388,#12389)),.SURF_OF_LINEAR_EXTRUSION.,.F.,.F.,.F.,
(4,4),(2,2),(0.,1.),(0.,1.),.PIECEWISE_BEZIER_KNOTS.);
#125=B_SPLINE_SURFACE_WITH_KNOTS('',3,1,((#12393,#12394),(#12395,#12396),
(#12397,#12398),(#12399,#12400)),.SURF_OF_LINEAR_EXTRUSION.,.F.,.F.,.F.,
(4,4),(2,2),(0.,1.),(0.,1.),.PIECEWISE_BEZIER_KNOTS.);
#126=B_SPLINE_SURFACE_WITH_KNOTS('',3,1,((#12408,#12409),(#12410,#12411),
(#12412,#12413),(#12414,#12415)),.SURF_OF_LINEAR_EXTRUSION.,.F.,.F.,.F.,
(4,4),(2,2),(0.,1.),(0.,1.),.PIECEWISE_BEZIER_KNOTS.);
#127=B_SPLINE_SURFACE_WITH_KNOTS('',3,1,((#12428,#12429),(#12430,#12431),
(#12432,#12433),(#12434,#12435)),.SURF_OF_LINEAR_EXTRUSION.,.F.,.F.,.F.,
(4,4),(2,2),(0.,1.),(0.,1.),.PIECEWISE_BEZIER_KNOTS.);
#128=B_SPLINE_SURFACE_WITH_KNOTS('',3,1,((#12445,#12446),(#12447,#12448),
(#12449,#12450),(#12451,#12452)),.SURF_OF_LINEAR_EXTRUSION.,.F.,.F.,.F.,
(4,4),(2,2),(0.,1.),(0.,1.),.PIECEWISE_BEZIER_KNOTS.);
#129=B_SPLINE_SURFACE_WITH_KNOTS('',3,1,((#12462,#12463),(#12464,#12465),
(#12466,#12467),(#12468,#12469)),.SURF_OF_LINEAR_EXTRUSION.,.F.,.F.,.F.,
(4,4),(2,2),(0.,1.),(0.,1.),.PIECEWISE_BEZIER_KNOTS.);
#130=B_SPLINE_SURFACE_WITH_KNOTS('',3,1,((#12479,#12480),(#12481,#12482),
(#12483,#12484),(#12485,#12486)),.SURF_OF_LINEAR_EXTRUSION.,.F.,.F.,.F.,
(4,4),(2,2),(0.,1.),(0.,1.),.PIECEWISE_BEZIER_KNOTS.);
#131=B_SPLINE_SURFACE_WITH_KNOTS('',3,1,((#12496,#12497),(#12498,#12499),
(#12500,#12501),(#12502,#12503)),.SURF_OF_LINEAR_EXTRUSION.,.F.,.F.,.F.,
(4,4),(2,2),(0.,1.),(0.,1.),.PIECEWISE_BEZIER_KNOTS.);
#132=B_SPLINE_SURFACE_WITH_KNOTS('',3,1,((#12513,#12514),(#12515,#12516),
(#12517,#12518),(#12519,#12520)),.SURF_OF_LINEAR_EXTRUSION.,.F.,.F.,.F.,
(4,4),(2,2),(0.,1.),(0.,1.),.PIECEWISE_BEZIER_KNOTS.);
#133=B_SPLINE_SURFACE_WITH_KNOTS('',3,1,((#12542,#12543),(#12544,#12545),
(#12546,#12547),(#12548,#12549)),.SURF_OF_LINEAR_EXTRUSION.,.F.,.F.,.F.,
(4,4),(2,2),(0.,1.),(0.,1.),.PIECEWISE_BEZIER_KNOTS.);
#134=B_SPLINE_SURFACE_WITH_KNOTS('',3,1,((#12555,#12556),(#12557,#12558),
(#12559,#12560),(#12561,#12562)),.SURF_OF_LINEAR_EXTRUSION.,.F.,.F.,.F.,
(4,4),(2,2),(0.,1.),(0.,1.),.PIECEWISE_BEZIER_KNOTS.);
#135=B_SPLINE_SURFACE_WITH_KNOTS('',3,1,((#12568,#12569),(#12570,#12571),
(#12572,#12573),(#12574,#12575)),.SURF_OF_LINEAR_EXTRUSION.,.F.,.F.,.F.,
(4,4),(2,2),(0.,1.),(0.,1.),.PIECEWISE_BEZIER_KNOTS.);
#136=B_SPLINE_SURFACE_WITH_KNOTS('',3,1,((#12581,#12582),(#12583,#12584),
(#12585,#12586),(#12587,#12588)),.SURF_OF_LINEAR_EXTRUSION.,.F.,.F.,.F.,
(4,4),(2,2),(0.,1.),(0.,1.),.PIECEWISE_BEZIER_KNOTS.);
#137=B_SPLINE_SURFACE_WITH_KNOTS('',3,1,((#12594,#12595),(#12596,#12597),
(#12598,#12599),(#12600,#12601)),.SURF_OF_LINEAR_EXTRUSION.,.F.,.F.,.F.,
(4,4),(2,2),(0.,1.),(0.,1.),.PIECEWISE_BEZIER_KNOTS.);
#138=B_SPLINE_SURFACE_WITH_KNOTS('',3,1,((#12607,#12608),(#12609,#12610),
(#12611,#12612),(#12613,#12614)),.SURF_OF_LINEAR_EXTRUSION.,.F.,.F.,.F.,
(4,4),(2,2),(0.,1.),(0.,1.),.PIECEWISE_BEZIER_KNOTS.);
#139=B_SPLINE_SURFACE_WITH_KNOTS('',3,1,((#12654,#12655),(#12656,#12657),
(#12658,#12659),(#12660,#12661)),.SURF_OF_LINEAR_EXTRUSION.,.F.,.F.,.F.,
(4,4),(2,2),(0.,1.),(0.,1.),.PIECEWISE_BEZIER_KNOTS.);
#140=B_SPLINE_SURFACE_WITH_KNOTS('',3,1,((#12683,#12684),(#12685,#12686),
(#12687,#12688),(#12689,#12690)),.SURF_OF_LINEAR_EXTRUSION.,.F.,.F.,.F.,
(4,4),(2,2),(0.,1.),(0.,1.),.PIECEWISE_BEZIER_KNOTS.);
#141=B_SPLINE_SURFACE_WITH_KNOTS('',3,1,((#12696,#12697),(#12698,#12699),
(#12700,#12701),(#12702,#12703)),.SURF_OF_LINEAR_EXTRUSION.,.F.,.F.,.F.,
(4,4),(2,2),(0.,1.),(0.,1.),.PIECEWISE_BEZIER_KNOTS.);
#142=B_SPLINE_SURFACE_WITH_KNOTS('',3,1,((#12709,#12710),(#12711,#12712),
(#12713,#12714),(#12715,#12716)),.SURF_OF_LINEAR_EXTRUSION.,.F.,.F.,.F.,
(4,4),(2,2),(0.,1.),(0.,1.),.PIECEWISE_BEZIER_KNOTS.);
#143=B_SPLINE_SURFACE_WITH_KNOTS('',3,1,((#12722,#12723),(#12724,#12725),
(#12726,#12727),(#12728,#12729)),.SURF_OF_LINEAR_EXTRUSION.,.F.,.F.,.F.,
(4,4),(2,2),(0.,1.),(0.,1.),.PIECEWISE_BEZIER_KNOTS.);
#144=B_SPLINE_SURFACE_WITH_KNOTS('',3,1,((#12747,#12748),(#12749,#12750),
(#12751,#12752),(#12753,#12754)),.SURF_OF_LINEAR_EXTRUSION.,.F.,.F.,.F.,
(4,4),(2,2),(0.,1.),(0.,1.),.PIECEWISE_BEZIER_KNOTS.);
#145=B_SPLINE_SURFACE_WITH_KNOTS('',3,1,((#12760,#12761),(#12762,#12763),
(#12764,#12765),(#12766,#12767)),.SURF_OF_LINEAR_EXTRUSION.,.F.,.F.,.F.,
(4,4),(2,2),(0.,1.),(0.,1.),.PIECEWISE_BEZIER_KNOTS.);
#146=B_SPLINE_SURFACE_WITH_KNOTS('',3,1,((#12773,#12774),(#12775,#12776),
(#12777,#12778),(#12779,#12780)),.SURF_OF_LINEAR_EXTRUSION.,.F.,.F.,.F.,
(4,4),(2,2),(0.,1.),(0.,1.),.PIECEWISE_BEZIER_KNOTS.);
#147=B_SPLINE_SURFACE_WITH_KNOTS('',3,1,((#12786,#12787),(#12788,#12789),
(#12790,#12791),(#12792,#12793)),.SURF_OF_LINEAR_EXTRUSION.,.F.,.F.,.F.,
(4,4),(2,2),(0.,1.),(0.,1.),.PIECEWISE_BEZIER_KNOTS.);
#148=B_SPLINE_SURFACE_WITH_KNOTS('',3,1,((#12812,#12813),(#12814,#12815),
(#12816,#12817),(#12818,#12819)),.SURF_OF_LINEAR_EXTRUSION.,.F.,.F.,.F.,
(4,4),(2,2),(0.,1.),(0.,1.),.PIECEWISE_BEZIER_KNOTS.);
#149=B_SPLINE_SURFACE_WITH_KNOTS('',3,1,((#12825,#12826),(#12827,#12828),
(#12829,#12830),(#12831,#12832)),.SURF_OF_LINEAR_EXTRUSION.,.F.,.F.,.F.,
(4,4),(2,2),(0.,1.),(0.,1.),.PIECEWISE_BEZIER_KNOTS.);
#150=B_SPLINE_SURFACE_WITH_KNOTS('',3,1,((#12870,#12871),(#12872,#12873),
(#12874,#12875),(#12876,#12877)),.SURF_OF_LINEAR_EXTRUSION.,.F.,.F.,.F.,
(4,4),(2,2),(0.,1.),(0.,1.),.PIECEWISE_BEZIER_KNOTS.);
#151=B_SPLINE_SURFACE_WITH_KNOTS('',3,1,((#12883,#12884),(#12885,#12886),
(#12887,#12888),(#12889,#12890)),.SURF_OF_LINEAR_EXTRUSION.,.F.,.F.,.F.,
(4,4),(2,2),(0.,1.),(0.,1.),.PIECEWISE_BEZIER_KNOTS.);
#152=B_SPLINE_SURFACE_WITH_KNOTS('',3,1,((#12896,#12897),(#12898,#12899),
(#12900,#12901),(#12902,#12903)),.SURF_OF_LINEAR_EXTRUSION.,.F.,.F.,.F.,
(4,4),(2,2),(0.,1.),(0.,1.),.PIECEWISE_BEZIER_KNOTS.);
#153=B_SPLINE_SURFACE_WITH_KNOTS('',3,1,((#12909,#12910),(#12911,#12912),
(#12913,#12914),(#12915,#12916)),.SURF_OF_LINEAR_EXTRUSION.,.F.,.F.,.F.,
(4,4),(2,2),(0.,1.),(0.,1.),.PIECEWISE_BEZIER_KNOTS.);
#154=B_SPLINE_SURFACE_WITH_KNOTS('',3,1,((#12921,#12922),(#12923,#12924),
(#12925,#12926),(#12927,#12928)),.SURF_OF_LINEAR_EXTRUSION.,.F.,.F.,.F.,
(4,4),(2,2),(0.,1.),(0.,1.),.PIECEWISE_BEZIER_KNOTS.);
#155=B_SPLINE_SURFACE_WITH_KNOTS('',3,1,((#12941,#12942),(#12943,#12944),
(#12945,#12946),(#12947,#12948)),.SURF_OF_LINEAR_EXTRUSION.,.F.,.F.,.F.,
(4,4),(2,2),(0.,1.),(0.,1.),.PIECEWISE_BEZIER_KNOTS.);
#156=B_SPLINE_SURFACE_WITH_KNOTS('',3,1,((#12958,#12959),(#12960,#12961),
(#12962,#12963),(#12964,#12965)),.SURF_OF_LINEAR_EXTRUSION.,.F.,.F.,.F.,
(4,4),(2,2),(0.,1.),(0.,1.),.PIECEWISE_BEZIER_KNOTS.);
#157=B_SPLINE_SURFACE_WITH_KNOTS('',3,1,((#12981,#12982),(#12983,#12984),
(#12985,#12986),(#12987,#12988)),.SURF_OF_LINEAR_EXTRUSION.,.F.,.F.,.F.,
(4,4),(2,2),(0.,1.),(0.,1.),.PIECEWISE_BEZIER_KNOTS.);
#158=B_SPLINE_SURFACE_WITH_KNOTS('',3,1,((#13012,#13013),(#13014,#13015),
(#13016,#13017),(#13018,#13019)),.SURF_OF_LINEAR_EXTRUSION.,.F.,.F.,.F.,
(4,4),(2,2),(0.,1.),(0.,1.),.PIECEWISE_BEZIER_KNOTS.);
#159=B_SPLINE_SURFACE_WITH_KNOTS('',3,1,((#13025,#13026),(#13027,#13028),
(#13029,#13030),(#13031,#13032)),.SURF_OF_LINEAR_EXTRUSION.,.F.,.F.,.F.,
(4,4),(2,2),(0.,1.),(0.,1.),.PIECEWISE_BEZIER_KNOTS.);
#160=B_SPLINE_SURFACE_WITH_KNOTS('',3,1,((#13046,#13047),(#13048,#13049),
(#13050,#13051),(#13052,#13053)),.SURF_OF_LINEAR_EXTRUSION.,.F.,.F.,.F.,
(4,4),(2,2),(0.,1.),(0.,1.),.PIECEWISE_BEZIER_KNOTS.);
#161=B_SPLINE_SURFACE_WITH_KNOTS('',3,1,((#13059,#13060),(#13061,#13062),
(#13063,#13064),(#13065,#13066)),.SURF_OF_LINEAR_EXTRUSION.,.F.,.F.,.F.,
(4,4),(2,2),(0.,1.),(0.,1.),.PIECEWISE_BEZIER_KNOTS.);
#162=B_SPLINE_SURFACE_WITH_KNOTS('',3,1,((#13072,#13073),(#13074,#13075),
(#13076,#13077),(#13078,#13079)),.SURF_OF_LINEAR_EXTRUSION.,.F.,.F.,.F.,
(4,4),(2,2),(0.,1.),(0.,1.),.PIECEWISE_BEZIER_KNOTS.);
#163=B_SPLINE_SURFACE_WITH_KNOTS('',3,1,((#13085,#13086),(#13087,#13088),
(#13089,#13090),(#13091,#13092)),.SURF_OF_LINEAR_EXTRUSION.,.F.,.F.,.F.,
(4,4),(2,2),(0.,1.),(0.,1.),.PIECEWISE_BEZIER_KNOTS.);
#164=B_SPLINE_SURFACE_WITH_KNOTS('',3,1,((#13098,#13099),(#13100,#13101),
(#13102,#13103),(#13104,#13105)),.SURF_OF_LINEAR_EXTRUSION.,.F.,.F.,.F.,
(4,4),(2,2),(0.,1.),(0.,1.),.PIECEWISE_BEZIER_KNOTS.);
#165=B_SPLINE_SURFACE_WITH_KNOTS('',3,1,((#13109,#13110),(#13111,#13112),
(#13113,#13114),(#13115,#13116)),.SURF_OF_LINEAR_EXTRUSION.,.F.,.F.,.F.,
(4,4),(2,2),(0.,1.),(0.,1.),.PIECEWISE_BEZIER_KNOTS.);
#166=B_SPLINE_CURVE_WITH_KNOTS('',2,(#9612,#9613,#9614),.UNSPECIFIED.,.F.,
 .F.,(3,3),(0.,1.),.PIECEWISE_BEZIER_KNOTS.);
#167=B_SPLINE_CURVE_WITH_KNOTS('',2,(#9616,#9617,#9618),.UNSPECIFIED.,.F.,
 .F.,(3,3),(0.,1.),.PIECEWISE_BEZIER_KNOTS.);
#168=B_SPLINE_CURVE_WITH_KNOTS('',2,(#9620,#9621,#9622),.UNSPECIFIED.,.F.,
 .F.,(3,3),(0.,1.),.PIECEWISE_BEZIER_KNOTS.);
#169=B_SPLINE_CURVE_WITH_KNOTS('',2,(#9624,#9625,#9626),.UNSPECIFIED.,.F.,
 .F.,(3,3),(0.,1.),.PIECEWISE_BEZIER_KNOTS.);
#170=B_SPLINE_CURVE_WITH_KNOTS('',2,(#9644,#9645,#9646),.UNSPECIFIED.,.F.,
 .F.,(3,3),(0.,1.),.PIECEWISE_BEZIER_KNOTS.);
#171=B_SPLINE_CURVE_WITH_KNOTS('',2,(#9648,#9649,#9650),.UNSPECIFIED.,.F.,
 .F.,(3,3),(0.,1.),.PIECEWISE_BEZIER_KNOTS.);
#172=B_SPLINE_CURVE_WITH_KNOTS('',2,(#9658,#9659,#9660),.UNSPECIFIED.,.F.,
 .F.,(3,3),(0.,1.),.PIECEWISE_BEZIER_KNOTS.);
#173=B_SPLINE_CURVE_WITH_KNOTS('',2,(#9662,#9663,#9664),.UNSPECIFIED.,.F.,
 .F.,(3,3),(0.,1.),.PIECEWISE_BEZIER_KNOTS.);
#174=B_SPLINE_CURVE_WITH_KNOTS('',2,(#9666,#9667,#9668),.UNSPECIFIED.,.F.,
 .F.,(3,3),(0.,1.),.PIECEWISE_BEZIER_KNOTS.);
#175=B_SPLINE_CURVE_WITH_KNOTS('',2,(#9670,#9671,#9672),.UNSPECIFIED.,.F.,
 .F.,(3,3),(0.,1.),.PIECEWISE_BEZIER_KNOTS.);
#176=B_SPLINE_CURVE_WITH_KNOTS('',2,(#9680,#9681,#9682),.UNSPECIFIED.,.F.,
 .F.,(3,3),(0.,1.),.PIECEWISE_BEZIER_KNOTS.);
#177=B_SPLINE_CURVE_WITH_KNOTS('',2,(#9684,#9685,#9686),.UNSPECIFIED.,.F.,
 .F.,(3,3),(0.,1.),.PIECEWISE_BEZIER_KNOTS.);
#178=B_SPLINE_CURVE_WITH_KNOTS('',2,(#9688,#9689,#9690),.UNSPECIFIED.,.F.,
 .F.,(3,3),(0.,1.),.PIECEWISE_BEZIER_KNOTS.);
#179=B_SPLINE_CURVE_WITH_KNOTS('',2,(#9692,#9693,#9694),.UNSPECIFIED.,.F.,
 .F.,(3,3),(0.,1.),.PIECEWISE_BEZIER_KNOTS.);
#180=B_SPLINE_CURVE_WITH_KNOTS('',2,(#9697,#9698,#9699),.UNSPECIFIED.,.F.,
 .F.,(3,3),(0.,1.),.PIECEWISE_BEZIER_KNOTS.);
#181=B_SPLINE_CURVE_WITH_KNOTS('',2,(#9722,#9723,#9724),.UNSPECIFIED.,.F.,
 .F.,(3,3),(0.,1.),.PIECEWISE_BEZIER_KNOTS.);
#182=B_SPLINE_CURVE_WITH_KNOTS('',2,(#9726,#9727,#9728),.UNSPECIFIED.,.F.,
 .F.,(3,3),(0.,1.),.PIECEWISE_BEZIER_KNOTS.);
#183=B_SPLINE_CURVE_WITH_KNOTS('',2,(#9730,#9731,#9732),.UNSPECIFIED.,.F.,
 .F.,(3,3),(0.,1.),.PIECEWISE_BEZIER_KNOTS.);
#184=B_SPLINE_CURVE_WITH_KNOTS('',2,(#9734,#9735,#9736),.UNSPECIFIED.,.F.,
 .F.,(3,3),(0.,1.),.PIECEWISE_BEZIER_KNOTS.);
#185=B_SPLINE_CURVE_WITH_KNOTS('',2,(#9738,#9739,#9740),.UNSPECIFIED.,.F.,
 .F.,(3,3),(0.,1.),.PIECEWISE_BEZIER_KNOTS.);
#186=B_SPLINE_CURVE_WITH_KNOTS('',2,(#9741,#9742,#9743),.UNSPECIFIED.,.F.,
 .F.,(3,3),(0.,1.),.PIECEWISE_BEZIER_KNOTS.);
#187=B_SPLINE_CURVE_WITH_KNOTS('',2,(#9746,#9747,#9748),.UNSPECIFIED.,.F.,
 .F.,(3,3),(0.,1.),.PIECEWISE_BEZIER_KNOTS.);
#188=B_SPLINE_CURVE_WITH_KNOTS('',2,(#9750,#9751,#9752),.UNSPECIFIED.,.F.,
 .F.,(3,3),(0.,1.),.PIECEWISE_BEZIER_KNOTS.);
#189=B_SPLINE_CURVE_WITH_KNOTS('',2,(#9754,#9755,#9756),.UNSPECIFIED.,.F.,
 .F.,(3,3),(0.,1.),.PIECEWISE_BEZIER_KNOTS.);
#190=B_SPLINE_CURVE_WITH_KNOTS('',2,(#9758,#9759,#9760),.UNSPECIFIED.,.F.,
 .F.,(3,3),(0.,1.),.PIECEWISE_BEZIER_KNOTS.);
#191=B_SPLINE_CURVE_WITH_KNOTS('',2,(#9762,#9763,#9764),.UNSPECIFIED.,.F.,
 .F.,(3,3),(0.,1.),.PIECEWISE_BEZIER_KNOTS.);
#192=B_SPLINE_CURVE_WITH_KNOTS('',2,(#9766,#9767,#9768),.UNSPECIFIED.,.F.,
 .F.,(3,3),(0.,1.),.PIECEWISE_BEZIER_KNOTS.);
#193=B_SPLINE_CURVE_WITH_KNOTS('',2,(#9770,#9771,#9772),.UNSPECIFIED.,.F.,
 .F.,(3,3),(0.,1.),.PIECEWISE_BEZIER_KNOTS.);
#194=B_SPLINE_CURVE_WITH_KNOTS('',2,(#9774,#9775,#9776),.UNSPECIFIED.,.F.,
 .F.,(3,3),(0.,1.),.PIECEWISE_BEZIER_KNOTS.);
#195=B_SPLINE_CURVE_WITH_KNOTS('',2,(#9777,#9778,#9779),.UNSPECIFIED.,.F.,
 .F.,(3,3),(0.,1.),.PIECEWISE_BEZIER_KNOTS.);
#196=B_SPLINE_CURVE_WITH_KNOTS('',2,(#9782,#9783,#9784),.UNSPECIFIED.,.F.,
 .F.,(3,3),(0.,1.),.PIECEWISE_BEZIER_KNOTS.);
#197=B_SPLINE_CURVE_WITH_KNOTS('',2,(#9786,#9787,#9788),.UNSPECIFIED.,.F.,
 .F.,(3,3),(0.,1.),.PIECEWISE_BEZIER_KNOTS.);
#198=B_SPLINE_CURVE_WITH_KNOTS('',2,(#9790,#9791,#9792),.UNSPECIFIED.,.F.,
 .F.,(3,3),(0.,1.),.PIECEWISE_BEZIER_KNOTS.);
#199=B_SPLINE_CURVE_WITH_KNOTS('',2,(#9794,#9795,#9796),.UNSPECIFIED.,.F.,
 .F.,(3,3),(0.,1.),.PIECEWISE_BEZIER_KNOTS.);
#200=B_SPLINE_CURVE_WITH_KNOTS('',2,(#9798,#9799,#9800),.UNSPECIFIED.,.F.,
 .F.,(3,3),(0.,1.),.PIECEWISE_BEZIER_KNOTS.);
#201=B_SPLINE_CURVE_WITH_KNOTS('',2,(#9802,#9803,#9804),.UNSPECIFIED.,.F.,
 .F.,(3,3),(0.,1.),.PIECEWISE_BEZIER_KNOTS.);
#202=B_SPLINE_CURVE_WITH_KNOTS('',2,(#9806,#9807,#9808),.UNSPECIFIED.,.F.,
 .F.,(3,3),(0.,1.),.PIECEWISE_BEZIER_KNOTS.);
#203=B_SPLINE_CURVE_WITH_KNOTS('',2,(#9810,#9811,#9812),.UNSPECIFIED.,.F.,
 .F.,(3,3),(0.,1.),.PIECEWISE_BEZIER_KNOTS.);
#204=B_SPLINE_CURVE_WITH_KNOTS('',2,(#9840,#9841,#9842),.UNSPECIFIED.,.F.,
 .F.,(3,3),(0.,1.),.PIECEWISE_BEZIER_KNOTS.);
#205=B_SPLINE_CURVE_WITH_KNOTS('',2,(#9844,#9845,#9846),.UNSPECIFIED.,.F.,
 .F.,(3,3),(0.,1.),.PIECEWISE_BEZIER_KNOTS.);
#206=B_SPLINE_CURVE_WITH_KNOTS('',2,(#9848,#9849,#9850),.UNSPECIFIED.,.F.,
 .F.,(3,3),(0.,1.),.PIECEWISE_BEZIER_KNOTS.);
#207=B_SPLINE_CURVE_WITH_KNOTS('',2,(#9852,#9853,#9854),.UNSPECIFIED.,.F.,
 .F.,(3,3),(0.,1.),.PIECEWISE_BEZIER_KNOTS.);
#208=B_SPLINE_CURVE_WITH_KNOTS('',2,(#9872,#9873,#9874),.UNSPECIFIED.,.F.,
 .F.,(3,3),(0.,1.),.PIECEWISE_BEZIER_KNOTS.);
#209=B_SPLINE_CURVE_WITH_KNOTS('',2,(#9876,#9877,#9878),.UNSPECIFIED.,.F.,
 .F.,(3,3),(0.,1.),.PIECEWISE_BEZIER_KNOTS.);
#210=B_SPLINE_CURVE_WITH_KNOTS('',2,(#9919,#9920,#9921),.UNSPECIFIED.,.F.,
 .F.,(3,3),(0.,1.),.PIECEWISE_BEZIER_KNOTS.);
#211=B_SPLINE_CURVE_WITH_KNOTS('',2,(#9924,#9925,#9926),.UNSPECIFIED.,.F.,
 .F.,(3,3),(0.,1.),.PIECEWISE_BEZIER_KNOTS.);
#212=B_SPLINE_CURVE_WITH_KNOTS('',2,(#9928,#9929,#9930),.UNSPECIFIED.,.F.,
 .F.,(3,3),(0.,1.),.PIECEWISE_BEZIER_KNOTS.);
#213=B_SPLINE_CURVE_WITH_KNOTS('',2,(#9932,#9933,#9934),.UNSPECIFIED.,.F.,
 .F.,(3,3),(0.,1.),.PIECEWISE_BEZIER_KNOTS.);
#214=B_SPLINE_CURVE_WITH_KNOTS('',2,(#9936,#9937,#9938),.UNSPECIFIED.,.F.,
 .F.,(3,3),(0.,1.),.PIECEWISE_BEZIER_KNOTS.);
#215=B_SPLINE_CURVE_WITH_KNOTS('',2,(#9940,#9941,#9942),.UNSPECIFIED.,.F.,
 .F.,(3,3),(0.,1.),.PIECEWISE_BEZIER_KNOTS.);
#216=B_SPLINE_CURVE_WITH_KNOTS('',2,(#9944,#9945,#9946),.UNSPECIFIED.,.F.,
 .F.,(3,3),(0.,1.),.PIECEWISE_BEZIER_KNOTS.);
#217=B_SPLINE_CURVE_WITH_KNOTS('',2,(#9952,#9953,#9954),.UNSPECIFIED.,.F.,
 .F.,(3,3),(0.,1.),.PIECEWISE_BEZIER_KNOTS.);
#218=B_SPLINE_CURVE_WITH_KNOTS('',2,(#9956,#9957,#9958),.UNSPECIFIED.,.F.,
 .F.,(3,3),(0.,1.),.PIECEWISE_BEZIER_KNOTS.);
#219=B_SPLINE_CURVE_WITH_KNOTS('',2,(#9985,#9986,#9987),.UNSPECIFIED.,.F.,
 .F.,(3,3),(0.,1.),.PIECEWISE_BEZIER_KNOTS.);
#220=B_SPLINE_CURVE_WITH_KNOTS('',2,(#9990,#9991,#9992),.UNSPECIFIED.,.F.,
 .F.,(3,3),(0.,1.),.PIECEWISE_BEZIER_KNOTS.);
#221=B_SPLINE_CURVE_WITH_KNOTS('',2,(#9994,#9995,#9996),.UNSPECIFIED.,.F.,
 .F.,(3,3),(0.,1.),.PIECEWISE_BEZIER_KNOTS.);
#222=B_SPLINE_CURVE_WITH_KNOTS('',2,(#9998,#9999,#10000),.UNSPECIFIED.,
 .F.,.F.,(3,3),(0.,1.),.PIECEWISE_BEZIER_KNOTS.);
#223=B_SPLINE_CURVE_WITH_KNOTS('',2,(#10002,#10003,#10004),
 .UNSPECIFIED.,.F.,.F.,(3,3),(0.,1.),.PIECEWISE_BEZIER_KNOTS.);
#224=B_SPLINE_CURVE_WITH_KNOTS('',2,(#10006,#10007,#10008),
 .UNSPECIFIED.,.F.,.F.,(3,3),(0.,1.),.PIECEWISE_BEZIER_KNOTS.);
#225=B_SPLINE_CURVE_WITH_KNOTS('',2,(#10010,#10011,#10012),
 .UNSPECIFIED.,.F.,.F.,(3,3),(0.,1.),.PIECEWISE_BEZIER_KNOTS.);
#226=B_SPLINE_CURVE_WITH_KNOTS('',2,(#10014,#10015,#10016),
 .UNSPECIFIED.,.F.,.F.,(3,3),(0.,1.),.PIECEWISE_BEZIER_KNOTS.);
#227=B_SPLINE_CURVE_WITH_KNOTS('',2,(#10018,#10019,#10020),
 .UNSPECIFIED.,.F.,.F.,(3,3),(0.,1.),.PIECEWISE_BEZIER_KNOTS.);
#228=B_SPLINE_CURVE_WITH_KNOTS('',2,(#10026,#10027,#10028),
 .UNSPECIFIED.,.F.,.F.,(3,3),(0.,1.),.PIECEWISE_BEZIER_KNOTS.);
#229=B_SPLINE_CURVE_WITH_KNOTS('',2,(#10030,#10031,#10032),
 .UNSPECIFIED.,.F.,.F.,(3,3),(0.,1.),.PIECEWISE_BEZIER_KNOTS.);
#230=B_SPLINE_CURVE_WITH_KNOTS('',2,(#10034,#10035,#10036),
 .UNSPECIFIED.,.F.,.F.,(3,3),(0.,1.),.PIECEWISE_BEZIER_KNOTS.);
#231=B_SPLINE_CURVE_WITH_KNOTS('',2,(#10038,#10039,#10040),
 .UNSPECIFIED.,.F.,.F.,(3,3),(0.,1.),.PIECEWISE_BEZIER_KNOTS.);
#232=B_SPLINE_CURVE_WITH_KNOTS('',2,(#10058,#10059,#10060),
 .UNSPECIFIED.,.F.,.F.,(3,3),(0.,1.),.PIECEWISE_BEZIER_KNOTS.);
#233=B_SPLINE_CURVE_WITH_KNOTS('',2,(#10062,#10063,#10064),
 .UNSPECIFIED.,.F.,.F.,(3,3),(0.,1.),.PIECEWISE_BEZIER_KNOTS.);
#234=B_SPLINE_CURVE_WITH_KNOTS('',2,(#10067,#10068,#10069),
 .UNSPECIFIED.,.F.,.F.,(3,3),(0.,1.),.PIECEWISE_BEZIER_KNOTS.);
#235=B_SPLINE_CURVE_WITH_KNOTS('',2,(#10072,#10073,#10074),
 .UNSPECIFIED.,.F.,.F.,(3,3),(0.,1.),.PIECEWISE_BEZIER_KNOTS.);
#236=B_SPLINE_CURVE_WITH_KNOTS('',2,(#10076,#10077,#10078),
 .UNSPECIFIED.,.F.,.F.,(3,3),(0.,1.),.PIECEWISE_BEZIER_KNOTS.);
#237=B_SPLINE_CURVE_WITH_KNOTS('',2,(#10080,#10081,#10082),
 .UNSPECIFIED.,.F.,.F.,(3,3),(0.,1.),.PIECEWISE_BEZIER_KNOTS.);
#238=B_SPLINE_CURVE_WITH_KNOTS('',2,(#10090,#10091,#10092),
 .UNSPECIFIED.,.F.,.F.,(3,3),(0.,1.),.PIECEWISE_BEZIER_KNOTS.);
#239=B_SPLINE_CURVE_WITH_KNOTS('',2,(#10094,#10095,#10096),
 .UNSPECIFIED.,.F.,.F.,(3,3),(0.,1.),.PIECEWISE_BEZIER_KNOTS.);
#240=B_SPLINE_CURVE_WITH_KNOTS('',2,(#10098,#10099,#10100),
 .UNSPECIFIED.,.F.,.F.,(3,3),(0.,1.),.PIECEWISE_BEZIER_KNOTS.);
#241=B_SPLINE_CURVE_WITH_KNOTS('',2,(#10102,#10103,#10104),
 .UNSPECIFIED.,.F.,.F.,(3,3),(0.,1.),.PIECEWISE_BEZIER_KNOTS.);
#242=B_SPLINE_CURVE_WITH_KNOTS('',2,(#10106,#10107,#10108),
 .UNSPECIFIED.,.F.,.F.,(3,3),(0.,1.),.PIECEWISE_BEZIER_KNOTS.);
#243=B_SPLINE_CURVE_WITH_KNOTS('',2,(#10110,#10111,#10112),
 .UNSPECIFIED.,.F.,.F.,(3,3),(0.,1.),.PIECEWISE_BEZIER_KNOTS.);
#244=B_SPLINE_CURVE_WITH_KNOTS('',2,(#10114,#10115,#10116),
 .UNSPECIFIED.,.F.,.F.,(3,3),(0.,1.),.PIECEWISE_BEZIER_KNOTS.);
#245=B_SPLINE_CURVE_WITH_KNOTS('',2,(#10118,#10119,#10120),
 .UNSPECIFIED.,.F.,.F.,(3,3),(0.,1.),.PIECEWISE_BEZIER_KNOTS.);
#246=B_SPLINE_CURVE_WITH_KNOTS('',2,(#10122,#10123,#10124),
 .UNSPECIFIED.,.F.,.F.,(3,3),(0.,1.),.PIECEWISE_BEZIER_KNOTS.);
#247=B_SPLINE_CURVE_WITH_KNOTS('',2,(#10126,#10127,#10128),
 .UNSPECIFIED.,.F.,.F.,(3,3),(0.,1.),.PIECEWISE_BEZIER_KNOTS.);
#248=B_SPLINE_CURVE_WITH_KNOTS('',2,(#10132,#10133,#10134),
 .UNSPECIFIED.,.F.,.F.,(3,3),(0.,1.),.PIECEWISE_BEZIER_KNOTS.);
#249=B_SPLINE_CURVE_WITH_KNOTS('',2,(#10136,#10137,#10138),
 .UNSPECIFIED.,.F.,.F.,(3,3),(0.,1.),.PIECEWISE_BEZIER_KNOTS.);
#250=B_SPLINE_CURVE_WITH_KNOTS('',2,(#10140,#10141,#10142),
 .UNSPECIFIED.,.F.,.F.,(3,3),(0.,1.),.PIECEWISE_BEZIER_KNOTS.);
#251=B_SPLINE_CURVE_WITH_KNOTS('',2,(#10144,#10145,#10146),
 .UNSPECIFIED.,.F.,.F.,(3,3),(0.,1.),.PIECEWISE_BEZIER_KNOTS.);
#252=B_SPLINE_CURVE_WITH_KNOTS('',2,(#10148,#10149,#10150),
 .UNSPECIFIED.,.F.,.F.,(3,3),(0.,1.),.PIECEWISE_BEZIER_KNOTS.);
#253=B_SPLINE_CURVE_WITH_KNOTS('',2,(#10152,#10153,#10154),
 .UNSPECIFIED.,.F.,.F.,(3,3),(0.,1.),.PIECEWISE_BEZIER_KNOTS.);
#254=B_SPLINE_CURVE_WITH_KNOTS('',2,(#10156,#10157,#10158),
 .UNSPECIFIED.,.F.,.F.,(3,3),(0.,1.),.PIECEWISE_BEZIER_KNOTS.);
#255=B_SPLINE_CURVE_WITH_KNOTS('',2,(#10164,#10165,#10166),
 .UNSPECIFIED.,.F.,.F.,(3,3),(0.,1.),.PIECEWISE_BEZIER_KNOTS.);
#256=B_SPLINE_CURVE_WITH_KNOTS('',2,(#10168,#10169,#10170),
 .UNSPECIFIED.,.F.,.F.,(3,3),(0.,1.),.PIECEWISE_BEZIER_KNOTS.);
#257=B_SPLINE_CURVE_WITH_KNOTS('',2,(#10172,#10173,#10174),
 .UNSPECIFIED.,.F.,.F.,(3,3),(0.,1.),.PIECEWISE_BEZIER_KNOTS.);
#258=B_SPLINE_CURVE_WITH_KNOTS('',2,(#10176,#10177,#10178),
 .UNSPECIFIED.,.F.,.F.,(3,3),(0.,1.),.PIECEWISE_BEZIER_KNOTS.);
#259=B_SPLINE_CURVE_WITH_KNOTS('',2,(#10196,#10197,#10198),
 .UNSPECIFIED.,.F.,.F.,(3,3),(0.,1.),.PIECEWISE_BEZIER_KNOTS.);
#260=B_SPLINE_CURVE_WITH_KNOTS('',2,(#10200,#10201,#10202),
 .UNSPECIFIED.,.F.,.F.,(3,3),(0.,1.),.PIECEWISE_BEZIER_KNOTS.);
#261=B_SPLINE_CURVE_WITH_KNOTS('',2,(#10210,#10211,#10212),
 .UNSPECIFIED.,.F.,.F.,(3,3),(0.,1.),.PIECEWISE_BEZIER_KNOTS.);
#262=B_SPLINE_CURVE_WITH_KNOTS('',2,(#10216,#10217,#10218),
 .UNSPECIFIED.,.F.,.F.,(3,3),(0.,1.),.PIECEWISE_BEZIER_KNOTS.);
#263=B_SPLINE_CURVE_WITH_KNOTS('',2,(#10230,#10231,#10232),
 .UNSPECIFIED.,.F.,.F.,(3,3),(0.,1.),.PIECEWISE_BEZIER_KNOTS.);
#264=B_SPLINE_CURVE_WITH_KNOTS('',2,(#10246,#10247,#10248),
 .UNSPECIFIED.,.F.,.F.,(3,3),(0.,1.),.PIECEWISE_BEZIER_KNOTS.);
#265=B_SPLINE_CURVE_WITH_KNOTS('',2,(#10254,#10255,#10256),
 .UNSPECIFIED.,.F.,.F.,(3,3),(0.,1.),.PIECEWISE_BEZIER_KNOTS.);
#266=B_SPLINE_CURVE_WITH_KNOTS('',2,(#10261,#10262,#10263),
 .UNSPECIFIED.,.F.,.F.,(3,3),(0.,1.),.PIECEWISE_BEZIER_KNOTS.);
#267=B_SPLINE_CURVE_WITH_KNOTS('',2,(#10266,#10267,#10268),
 .UNSPECIFIED.,.F.,.F.,(3,3),(0.,1.),.PIECEWISE_BEZIER_KNOTS.);
#268=B_SPLINE_CURVE_WITH_KNOTS('',2,(#10270,#10271,#10272),
 .UNSPECIFIED.,.F.,.F.,(3,3),(0.,1.),.PIECEWISE_BEZIER_KNOTS.);
#269=B_SPLINE_CURVE_WITH_KNOTS('',2,(#10280,#10281,#10282),
 .UNSPECIFIED.,.F.,.F.,(3,3),(0.,1.),.PIECEWISE_BEZIER_KNOTS.);
#270=B_SPLINE_CURVE_WITH_KNOTS('',2,(#10286,#10287,#10288),
 .UNSPECIFIED.,.F.,.F.,(3,3),(0.,1.),.PIECEWISE_BEZIER_KNOTS.);
#271=B_SPLINE_CURVE_WITH_KNOTS('',2,(#10290,#10291,#10292),
 .UNSPECIFIED.,.F.,.F.,(3,3),(0.,1.),.PIECEWISE_BEZIER_KNOTS.);
#272=B_SPLINE_CURVE_WITH_KNOTS('',2,(#10294,#10295,#10296),
 .UNSPECIFIED.,.F.,.F.,(3,3),(0.,1.),.PIECEWISE_BEZIER_KNOTS.);
#273=B_SPLINE_CURVE_WITH_KNOTS('',2,(#10298,#10299,#10300),
 .UNSPECIFIED.,.F.,.F.,(3,3),(0.,1.),.PIECEWISE_BEZIER_KNOTS.);
#274=B_SPLINE_CURVE_WITH_KNOTS('',2,(#10302,#10303,#10304),
 .UNSPECIFIED.,.F.,.F.,(3,3),(0.,1.),.PIECEWISE_BEZIER_KNOTS.);
#275=B_SPLINE_CURVE_WITH_KNOTS('',2,(#10306,#10307,#10308),
 .UNSPECIFIED.,.F.,.F.,(3,3),(0.,1.),.PIECEWISE_BEZIER_KNOTS.);
#276=B_SPLINE_CURVE_WITH_KNOTS('',2,(#10314,#10315,#10316),
 .UNSPECIFIED.,.F.,.F.,(3,3),(0.,1.),.PIECEWISE_BEZIER_KNOTS.);
#277=B_SPLINE_CURVE_WITH_KNOTS('',2,(#10318,#10319,#10320),
 .UNSPECIFIED.,.F.,.F.,(3,3),(0.,1.),.PIECEWISE_BEZIER_KNOTS.);
#278=B_SPLINE_CURVE_WITH_KNOTS('',2,(#10396,#10397,#10398),
 .UNSPECIFIED.,.F.,.F.,(3,3),(0.,1.),.PIECEWISE_BEZIER_KNOTS.);
#279=B_SPLINE_CURVE_WITH_KNOTS('',2,(#10409,#10410,#10411),
 .UNSPECIFIED.,.F.,.F.,(3,3),(0.,1.),.PIECEWISE_BEZIER_KNOTS.);
#280=B_SPLINE_CURVE_WITH_KNOTS('',2,(#10454,#10455,#10456),
 .UNSPECIFIED.,.F.,.F.,(3,3),(0.,1.),.PIECEWISE_BEZIER_KNOTS.);
#281=B_SPLINE_CURVE_WITH_KNOTS('',2,(#10467,#10468,#10469),
 .UNSPECIFIED.,.F.,.F.,(3,3),(0.,1.),.PIECEWISE_BEZIER_KNOTS.);
#282=B_SPLINE_CURVE_WITH_KNOTS('',2,(#10480,#10481,#10482),
 .UNSPECIFIED.,.F.,.F.,(3,3),(0.,1.),.PIECEWISE_BEZIER_KNOTS.);
#283=B_SPLINE_CURVE_WITH_KNOTS('',2,(#10491,#10492,#10493),
 .UNSPECIFIED.,.F.,.F.,(3,3),(0.,1.),.PIECEWISE_BEZIER_KNOTS.);
#284=B_SPLINE_CURVE_WITH_KNOTS('',2,(#10576,#10577,#10578),
 .UNSPECIFIED.,.F.,.F.,(3,3),(0.,1.),.PIECEWISE_BEZIER_KNOTS.);
#285=B_SPLINE_CURVE_WITH_KNOTS('',2,(#10583,#10584,#10585),
 .UNSPECIFIED.,.F.,.F.,(3,3),(0.,1.),.PIECEWISE_BEZIER_KNOTS.);
#286=B_SPLINE_CURVE_WITH_KNOTS('',2,(#10596,#10597,#10598),
 .UNSPECIFIED.,.F.,.F.,(3,3),(0.,1.),.PIECEWISE_BEZIER_KNOTS.);
#287=B_SPLINE_CURVE_WITH_KNOTS('',2,(#10602,#10603,#10604),
 .UNSPECIFIED.,.F.,.F.,(3,3),(0.,1.),.PIECEWISE_BEZIER_KNOTS.);
#288=B_SPLINE_CURVE_WITH_KNOTS('',2,(#10613,#10614,#10615),
 .UNSPECIFIED.,.F.,.F.,(3,3),(0.,1.),.PIECEWISE_BEZIER_KNOTS.);
#289=B_SPLINE_CURVE_WITH_KNOTS('',2,(#10619,#10620,#10621),
 .UNSPECIFIED.,.F.,.F.,(3,3),(0.,1.),.PIECEWISE_BEZIER_KNOTS.);
#290=B_SPLINE_CURVE_WITH_KNOTS('',2,(#10638,#10639,#10640),
 .UNSPECIFIED.,.F.,.F.,(3,3),(0.,1.),.PIECEWISE_BEZIER_KNOTS.);
#291=B_SPLINE_CURVE_WITH_KNOTS('',2,(#10653,#10654,#10655),
 .UNSPECIFIED.,.F.,.F.,(3,3),(0.,1.),.PIECEWISE_BEZIER_KNOTS.);
#292=B_SPLINE_CURVE_WITH_KNOTS('',2,(#10678,#10679,#10680),
 .UNSPECIFIED.,.F.,.F.,(3,3),(0.,1.),.PIECEWISE_BEZIER_KNOTS.);
#293=B_SPLINE_CURVE_WITH_KNOTS('',2,(#10691,#10692,#10693),
 .UNSPECIFIED.,.F.,.F.,(3,3),(0.,1.),.PIECEWISE_BEZIER_KNOTS.);
#294=B_SPLINE_CURVE_WITH_KNOTS('',2,(#10712,#10713,#10714),
 .UNSPECIFIED.,.F.,.F.,(3,3),(0.,1.),.PIECEWISE_BEZIER_KNOTS.);
#295=B_SPLINE_CURVE_WITH_KNOTS('',2,(#10725,#10726,#10727),
 .UNSPECIFIED.,.F.,.F.,(3,3),(0.,1.),.PIECEWISE_BEZIER_KNOTS.);
#296=B_SPLINE_CURVE_WITH_KNOTS('',2,(#10738,#10739,#10740),
 .UNSPECIFIED.,.F.,.F.,(3,3),(0.,1.),.PIECEWISE_BEZIER_KNOTS.);
#297=B_SPLINE_CURVE_WITH_KNOTS('',2,(#10751,#10752,#10753),
 .UNSPECIFIED.,.F.,.F.,(3,3),(0.,1.),.PIECEWISE_BEZIER_KNOTS.);
#298=B_SPLINE_CURVE_WITH_KNOTS('',2,(#10762,#10763,#10764),
 .UNSPECIFIED.,.F.,.F.,(3,3),(0.,1.),.PIECEWISE_BEZIER_KNOTS.);
#299=B_SPLINE_CURVE_WITH_KNOTS('',2,(#10773,#10774,#10775),
 .UNSPECIFIED.,.F.,.F.,(3,3),(0.,1.),.PIECEWISE_BEZIER_KNOTS.);
#300=B_SPLINE_CURVE_WITH_KNOTS('',2,(#10776,#10777,#10778),
 .UNSPECIFIED.,.F.,.F.,(3,3),(0.,1.),.PIECEWISE_BEZIER_KNOTS.);
#301=B_SPLINE_CURVE_WITH_KNOTS('',2,(#10829,#10830,#10831),
 .UNSPECIFIED.,.F.,.F.,(3,3),(0.,1.),.PIECEWISE_BEZIER_KNOTS.);
#302=B_SPLINE_CURVE_WITH_KNOTS('',2,(#10836,#10837,#10838),
 .UNSPECIFIED.,.F.,.F.,(3,3),(0.,1.),.PIECEWISE_BEZIER_KNOTS.);
#303=B_SPLINE_CURVE_WITH_KNOTS('',2,(#10849,#10850,#10851),
 .UNSPECIFIED.,.F.,.F.,(3,3),(0.,1.),.PIECEWISE_BEZIER_KNOTS.);
#304=B_SPLINE_CURVE_WITH_KNOTS('',2,(#10855,#10856,#10857),
 .UNSPECIFIED.,.F.,.F.,(3,3),(0.,1.),.PIECEWISE_BEZIER_KNOTS.);
#305=B_SPLINE_CURVE_WITH_KNOTS('',2,(#10866,#10867,#10868),
 .UNSPECIFIED.,.F.,.F.,(3,3),(0.,1.),.PIECEWISE_BEZIER_KNOTS.);
#306=B_SPLINE_CURVE_WITH_KNOTS('',2,(#10872,#10873,#10874),
 .UNSPECIFIED.,.F.,.F.,(3,3),(0.,1.),.PIECEWISE_BEZIER_KNOTS.);
#307=B_SPLINE_CURVE_WITH_KNOTS('',2,(#10883,#10884,#10885),
 .UNSPECIFIED.,.F.,.F.,(3,3),(0.,1.),.PIECEWISE_BEZIER_KNOTS.);
#308=B_SPLINE_CURVE_WITH_KNOTS('',2,(#10889,#10890,#10891),
 .UNSPECIFIED.,.F.,.F.,(3,3),(0.,1.),.PIECEWISE_BEZIER_KNOTS.);
#309=B_SPLINE_CURVE_WITH_KNOTS('',2,(#10900,#10901,#10902),
 .UNSPECIFIED.,.F.,.F.,(3,3),(0.,1.),.PIECEWISE_BEZIER_KNOTS.);
#310=B_SPLINE_CURVE_WITH_KNOTS('',2,(#10906,#10907,#10908),
 .UNSPECIFIED.,.F.,.F.,(3,3),(0.,1.),.PIECEWISE_BEZIER_KNOTS.);
#311=B_SPLINE_CURVE_WITH_KNOTS('',2,(#10917,#10918,#10919),
 .UNSPECIFIED.,.F.,.F.,(3,3),(0.,1.),.PIECEWISE_BEZIER_KNOTS.);
#312=B_SPLINE_CURVE_WITH_KNOTS('',2,(#10923,#10924,#10925),
 .UNSPECIFIED.,.F.,.F.,(3,3),(0.,1.),.PIECEWISE_BEZIER_KNOTS.);
#313=B_SPLINE_CURVE_WITH_KNOTS('',2,(#10934,#10935,#10936),
 .UNSPECIFIED.,.F.,.F.,(3,3),(0.,1.),.PIECEWISE_BEZIER_KNOTS.);
#314=B_SPLINE_CURVE_WITH_KNOTS('',2,(#10940,#10941,#10942),
 .UNSPECIFIED.,.F.,.F.,(3,3),(0.,1.),.PIECEWISE_BEZIER_KNOTS.);
#315=B_SPLINE_CURVE_WITH_KNOTS('',2,(#10953,#10954,#10955),
 .UNSPECIFIED.,.F.,.F.,(3,3),(0.,1.),.PIECEWISE_BEZIER_KNOTS.);
#316=B_SPLINE_CURVE_WITH_KNOTS('',2,(#10968,#10969,#10970),
 .UNSPECIFIED.,.F.,.F.,(3,3),(0.,1.),.PIECEWISE_BEZIER_KNOTS.);
#317=B_SPLINE_CURVE_WITH_KNOTS('',2,(#10981,#10982,#10983),
 .UNSPECIFIED.,.F.,.F.,(3,3),(0.,1.),.PIECEWISE_BEZIER_KNOTS.);
#318=B_SPLINE_CURVE_WITH_KNOTS('',2,(#10994,#10995,#10996),
 .UNSPECIFIED.,.F.,.F.,(3,3),(0.,1.),.PIECEWISE_BEZIER_KNOTS.);
#319=B_SPLINE_CURVE_WITH_KNOTS('',2,(#11007,#11008,#11009),
 .UNSPECIFIED.,.F.,.F.,(3,3),(0.,1.),.PIECEWISE_BEZIER_KNOTS.);
#320=B_SPLINE_CURVE_WITH_KNOTS('',2,(#11020,#11021,#11022),
 .UNSPECIFIED.,.F.,.F.,(3,3),(0.,1.),.PIECEWISE_BEZIER_KNOTS.);
#321=B_SPLINE_CURVE_WITH_KNOTS('',2,(#11033,#11034,#11035),
 .UNSPECIFIED.,.F.,.F.,(3,3),(0.,1.),.PIECEWISE_BEZIER_KNOTS.);
#322=B_SPLINE_CURVE_WITH_KNOTS('',2,(#11046,#11047,#11048),
 .UNSPECIFIED.,.F.,.F.,(3,3),(0.,1.),.PIECEWISE_BEZIER_KNOTS.);
#323=B_SPLINE_CURVE_WITH_KNOTS('',2,(#11057,#11058,#11059),
 .UNSPECIFIED.,.F.,.F.,(3,3),(0.,1.),.PIECEWISE_BEZIER_KNOTS.);
#324=B_SPLINE_CURVE_WITH_KNOTS('',2,(#11068,#11069,#11070),
 .UNSPECIFIED.,.F.,.F.,(3,3),(0.,1.),.PIECEWISE_BEZIER_KNOTS.);
#325=B_SPLINE_CURVE_WITH_KNOTS('',2,(#11071,#11072,#11073),
 .UNSPECIFIED.,.F.,.F.,(3,3),(0.,1.),.PIECEWISE_BEZIER_KNOTS.);
#326=B_SPLINE_CURVE_WITH_KNOTS('',2,(#11083,#11084,#11085),
 .UNSPECIFIED.,.F.,.F.,(3,3),(0.,1.),.PIECEWISE_BEZIER_KNOTS.);
#327=B_SPLINE_CURVE_WITH_KNOTS('',2,(#11090,#11091,#11092),
 .UNSPECIFIED.,.F.,.F.,(3,3),(0.,1.),.PIECEWISE_BEZIER_KNOTS.);
#328=B_SPLINE_CURVE_WITH_KNOTS('',2,(#11103,#11104,#11105),
 .UNSPECIFIED.,.F.,.F.,(3,3),(0.,1.),.PIECEWISE_BEZIER_KNOTS.);
#329=B_SPLINE_CURVE_WITH_KNOTS('',2,(#11109,#11110,#11111),
 .UNSPECIFIED.,.F.,.F.,(3,3),(0.,1.),.PIECEWISE_BEZIER_KNOTS.);
#330=B_SPLINE_CURVE_WITH_KNOTS('',2,(#11120,#11121,#11122),
 .UNSPECIFIED.,.F.,.F.,(3,3),(0.,1.),.PIECEWISE_BEZIER_KNOTS.);
#331=B_SPLINE_CURVE_WITH_KNOTS('',2,(#11126,#11127,#11128),
 .UNSPECIFIED.,.F.,.F.,(3,3),(0.,1.),.PIECEWISE_BEZIER_KNOTS.);
#332=B_SPLINE_CURVE_WITH_KNOTS('',2,(#11137,#11138,#11139),
 .UNSPECIFIED.,.F.,.F.,(3,3),(0.,1.),.PIECEWISE_BEZIER_KNOTS.);
#333=B_SPLINE_CURVE_WITH_KNOTS('',2,(#11143,#11144,#11145),
 .UNSPECIFIED.,.F.,.F.,(3,3),(0.,1.),.PIECEWISE_BEZIER_KNOTS.);
#334=B_SPLINE_CURVE_WITH_KNOTS('',2,(#11154,#11155,#11156),
 .UNSPECIFIED.,.F.,.F.,(3,3),(0.,1.),.PIECEWISE_BEZIER_KNOTS.);
#335=B_SPLINE_CURVE_WITH_KNOTS('',2,(#11160,#11161,#11162),
 .UNSPECIFIED.,.F.,.F.,(3,3),(0.,1.),.PIECEWISE_BEZIER_KNOTS.);
#336=B_SPLINE_CURVE_WITH_KNOTS('',2,(#11171,#11172,#11173),
 .UNSPECIFIED.,.F.,.F.,(3,3),(0.,1.),.PIECEWISE_BEZIER_KNOTS.);
#337=B_SPLINE_CURVE_WITH_KNOTS('',2,(#11177,#11178,#11179),
 .UNSPECIFIED.,.F.,.F.,(3,3),(0.,1.),.PIECEWISE_BEZIER_KNOTS.);
#338=B_SPLINE_CURVE_WITH_KNOTS('',2,(#11188,#11189,#11190),
 .UNSPECIFIED.,.F.,.F.,(3,3),(0.,1.),.PIECEWISE_BEZIER_KNOTS.);
#339=B_SPLINE_CURVE_WITH_KNOTS('',2,(#11194,#11195,#11196),
 .UNSPECIFIED.,.F.,.F.,(3,3),(0.,1.),.PIECEWISE_BEZIER_KNOTS.);
#340=B_SPLINE_CURVE_WITH_KNOTS('',2,(#11207,#11208,#11209),
 .UNSPECIFIED.,.F.,.F.,(3,3),(0.,1.),.PIECEWISE_BEZIER_KNOTS.);
#341=B_SPLINE_CURVE_WITH_KNOTS('',2,(#11222,#11223,#11224),
 .UNSPECIFIED.,.F.,.F.,(3,3),(0.,1.),.PIECEWISE_BEZIER_KNOTS.);
#342=B_SPLINE_CURVE_WITH_KNOTS('',2,(#11235,#11236,#11237),
 .UNSPECIFIED.,.F.,.F.,(3,3),(0.,1.),.PIECEWISE_BEZIER_KNOTS.);
#343=B_SPLINE_CURVE_WITH_KNOTS('',2,(#11248,#11249,#11250),
 .UNSPECIFIED.,.F.,.F.,(3,3),(0.,1.),.PIECEWISE_BEZIER_KNOTS.);
#344=B_SPLINE_CURVE_WITH_KNOTS('',2,(#11261,#11262,#11263),
 .UNSPECIFIED.,.F.,.F.,(3,3),(0.,1.),.PIECEWISE_BEZIER_KNOTS.);
#345=B_SPLINE_CURVE_WITH_KNOTS('',2,(#11274,#11275,#11276),
 .UNSPECIFIED.,.F.,.F.,(3,3),(0.,1.),.PIECEWISE_BEZIER_KNOTS.);
#346=B_SPLINE_CURVE_WITH_KNOTS('',2,(#11287,#11288,#11289),
 .UNSPECIFIED.,.F.,.F.,(3,3),(0.,1.),.PIECEWISE_BEZIER_KNOTS.);
#347=B_SPLINE_CURVE_WITH_KNOTS('',2,(#11300,#11301,#11302),
 .UNSPECIFIED.,.F.,.F.,(3,3),(0.,1.),.PIECEWISE_BEZIER_KNOTS.);
#348=B_SPLINE_CURVE_WITH_KNOTS('',2,(#11311,#11312,#11313),
 .UNSPECIFIED.,.F.,.F.,(3,3),(0.,1.),.PIECEWISE_BEZIER_KNOTS.);
#349=B_SPLINE_CURVE_WITH_KNOTS('',2,(#11322,#11323,#11324),
 .UNSPECIFIED.,.F.,.F.,(3,3),(0.,1.),.PIECEWISE_BEZIER_KNOTS.);
#350=B_SPLINE_CURVE_WITH_KNOTS('',2,(#11325,#11326,#11327),
 .UNSPECIFIED.,.F.,.F.,(3,3),(0.,1.),.PIECEWISE_BEZIER_KNOTS.);
#351=B_SPLINE_CURVE_WITH_KNOTS('',2,(#11353,#11354,#11355),
 .UNSPECIFIED.,.F.,.F.,(3,3),(0.,1.),.PIECEWISE_BEZIER_KNOTS.);
#352=B_SPLINE_CURVE_WITH_KNOTS('',2,(#11366,#11367,#11368),
 .UNSPECIFIED.,.F.,.F.,(3,3),(0.,1.),.PIECEWISE_BEZIER_KNOTS.);
#353=B_SPLINE_CURVE_WITH_KNOTS('',2,(#11411,#11412,#11413),
 .UNSPECIFIED.,.F.,.F.,(3,3),(0.,1.),.PIECEWISE_BEZIER_KNOTS.);
#354=B_SPLINE_CURVE_WITH_KNOTS('',2,(#11424,#11425,#11426),
 .UNSPECIFIED.,.F.,.F.,(3,3),(0.,1.),.PIECEWISE_BEZIER_KNOTS.);
#355=B_SPLINE_CURVE_WITH_KNOTS('',2,(#11437,#11438,#11439),
 .UNSPECIFIED.,.F.,.F.,(3,3),(0.,1.),.PIECEWISE_BEZIER_KNOTS.);
#356=B_SPLINE_CURVE_WITH_KNOTS('',2,(#11448,#11449,#11450),
 .UNSPECIFIED.,.F.,.F.,(3,3),(0.,1.),.PIECEWISE_BEZIER_KNOTS.);
#357=B_SPLINE_CURVE_WITH_KNOTS('',2,(#11462,#11463,#11464),
 .UNSPECIFIED.,.F.,.F.,(3,3),(0.,1.),.PIECEWISE_BEZIER_KNOTS.);
#358=B_SPLINE_CURVE_WITH_KNOTS('',2,(#11477,#11478,#11479),
 .UNSPECIFIED.,.F.,.F.,(3,3),(0.,1.),.PIECEWISE_BEZIER_KNOTS.);
#359=B_SPLINE_CURVE_WITH_KNOTS('',2,(#11490,#11491,#11492),
 .UNSPECIFIED.,.F.,.F.,(3,3),(0.,1.),.PIECEWISE_BEZIER_KNOTS.);
#360=B_SPLINE_CURVE_WITH_KNOTS('',2,(#11503,#11504,#11505),
 .UNSPECIFIED.,.F.,.F.,(3,3),(0.,1.),.PIECEWISE_BEZIER_KNOTS.);
#361=B_SPLINE_CURVE_WITH_KNOTS('',2,(#11516,#11517,#11518),
 .UNSPECIFIED.,.F.,.F.,(3,3),(0.,1.),.PIECEWISE_BEZIER_KNOTS.);
#362=B_SPLINE_CURVE_WITH_KNOTS('',2,(#11529,#11530,#11531),
 .UNSPECIFIED.,.F.,.F.,(3,3),(0.,1.),.PIECEWISE_BEZIER_KNOTS.);
#363=B_SPLINE_CURVE_WITH_KNOTS('',2,(#11542,#11543,#11544),
 .UNSPECIFIED.,.F.,.F.,(3,3),(0.,1.),.PIECEWISE_BEZIER_KNOTS.);
#364=B_SPLINE_CURVE_WITH_KNOTS('',2,(#11555,#11556,#11557),
 .UNSPECIFIED.,.F.,.F.,(3,3),(0.,1.),.PIECEWISE_BEZIER_KNOTS.);
#365=B_SPLINE_CURVE_WITH_KNOTS('',2,(#11568,#11569,#11570),
 .UNSPECIFIED.,.F.,.F.,(3,3),(0.,1.),.PIECEWISE_BEZIER_KNOTS.);
#366=B_SPLINE_CURVE_WITH_KNOTS('',2,(#11585,#11586,#11587),
 .UNSPECIFIED.,.F.,.F.,(3,3),(0.,1.),.PIECEWISE_BEZIER_KNOTS.);
#367=B_SPLINE_CURVE_WITH_KNOTS('',2,(#11598,#11599,#11600),
 .UNSPECIFIED.,.F.,.F.,(3,3),(0.,1.),.PIECEWISE_BEZIER_KNOTS.);
#368=B_SPLINE_CURVE_WITH_KNOTS('',2,(#11611,#11612,#11613),
 .UNSPECIFIED.,.F.,.F.,(3,3),(0.,1.),.PIECEWISE_BEZIER_KNOTS.);
#369=B_SPLINE_CURVE_WITH_KNOTS('',2,(#11624,#11625,#11626),
 .UNSPECIFIED.,.F.,.F.,(3,3),(0.,1.),.PIECEWISE_BEZIER_KNOTS.);
#370=B_SPLINE_CURVE_WITH_KNOTS('',2,(#11637,#11638,#11639),
 .UNSPECIFIED.,.F.,.F.,(3,3),(0.,1.),.PIECEWISE_BEZIER_KNOTS.);
#371=B_SPLINE_CURVE_WITH_KNOTS('',2,(#11650,#11651,#11652),
 .UNSPECIFIED.,.F.,.F.,(3,3),(0.,1.),.PIECEWISE_BEZIER_KNOTS.);
#372=B_SPLINE_CURVE_WITH_KNOTS('',2,(#11663,#11664,#11665),
 .UNSPECIFIED.,.F.,.F.,(3,3),(0.,1.),.PIECEWISE_BEZIER_KNOTS.);
#373=B_SPLINE_CURVE_WITH_KNOTS('',2,(#11676,#11677,#11678),
 .UNSPECIFIED.,.F.,.F.,(3,3),(0.,1.),.PIECEWISE_BEZIER_KNOTS.);
#374=B_SPLINE_CURVE_WITH_KNOTS('',2,(#11689,#11690,#11691),
 .UNSPECIFIED.,.F.,.F.,(3,3),(0.,1.),.PIECEWISE_BEZIER_KNOTS.);
#375=B_SPLINE_CURVE_WITH_KNOTS('',2,(#11702,#11703,#11704),
 .UNSPECIFIED.,.F.,.F.,(3,3),(0.,1.),.PIECEWISE_BEZIER_KNOTS.);
#376=B_SPLINE_CURVE_WITH_KNOTS('',2,(#11727,#11728,#11729),
 .UNSPECIFIED.,.F.,.F.,(3,3),(0.,1.),.PIECEWISE_BEZIER_KNOTS.);
#377=B_SPLINE_CURVE_WITH_KNOTS('',2,(#11738,#11739,#11740),
 .UNSPECIFIED.,.F.,.F.,(3,3),(0.,1.),.PIECEWISE_BEZIER_KNOTS.);
#378=B_SPLINE_CURVE_WITH_KNOTS('',2,(#11766,#11767,#11768),
 .UNSPECIFIED.,.F.,.F.,(3,3),(0.,1.),.PIECEWISE_BEZIER_KNOTS.);
#379=B_SPLINE_CURVE_WITH_KNOTS('',2,(#11779,#11780,#11781),
 .UNSPECIFIED.,.F.,.F.,(3,3),(0.,1.),.PIECEWISE_BEZIER_KNOTS.);
#380=B_SPLINE_CURVE_WITH_KNOTS('',2,(#11824,#11825,#11826),
 .UNSPECIFIED.,.F.,.F.,(3,3),(0.,1.),.PIECEWISE_BEZIER_KNOTS.);
#381=B_SPLINE_CURVE_WITH_KNOTS('',2,(#11837,#11838,#11839),
 .UNSPECIFIED.,.F.,.F.,(3,3),(0.,1.),.PIECEWISE_BEZIER_KNOTS.);
#382=B_SPLINE_CURVE_WITH_KNOTS('',2,(#11850,#11851,#11852),
 .UNSPECIFIED.,.F.,.F.,(3,3),(0.,1.),.PIECEWISE_BEZIER_KNOTS.);
#383=B_SPLINE_CURVE_WITH_KNOTS('',2,(#11861,#11862,#11863),
 .UNSPECIFIED.,.F.,.F.,(3,3),(0.,1.),.PIECEWISE_BEZIER_KNOTS.);
#384=B_SPLINE_CURVE_WITH_KNOTS('',2,(#11893,#11894,#11895),
 .UNSPECIFIED.,.F.,.F.,(3,3),(0.,1.),.PIECEWISE_BEZIER_KNOTS.);
#385=B_SPLINE_CURVE_WITH_KNOTS('',2,(#11914,#11915,#11916),
 .UNSPECIFIED.,.F.,.F.,(3,3),(0.,1.),.PIECEWISE_BEZIER_KNOTS.);
#386=B_SPLINE_CURVE_WITH_KNOTS('',2,(#11951,#11952,#11953),
 .UNSPECIFIED.,.F.,.F.,(3,3),(0.,1.),.PIECEWISE_BEZIER_KNOTS.);
#387=B_SPLINE_CURVE_WITH_KNOTS('',2,(#11984,#11985,#11986),
 .UNSPECIFIED.,.F.,.F.,(3,3),(0.,1.),.PIECEWISE_BEZIER_KNOTS.);
#388=B_SPLINE_CURVE_WITH_KNOTS('',2,(#11999,#12000,#12001),
 .UNSPECIFIED.,.F.,.F.,(3,3),(0.,1.),.PIECEWISE_BEZIER_KNOTS.);
#389=B_SPLINE_CURVE_WITH_KNOTS('',2,(#12011,#12012,#12013),
 .UNSPECIFIED.,.F.,.F.,(3,3),(0.,1.),.PIECEWISE_BEZIER_KNOTS.);
#390=B_SPLINE_CURVE_WITH_KNOTS('',2,(#12018,#12019,#12020),
 .UNSPECIFIED.,.F.,.F.,(3,3),(0.,1.),.PIECEWISE_BEZIER_KNOTS.);
#391=B_SPLINE_CURVE_WITH_KNOTS('',2,(#12031,#12032,#12033),
 .UNSPECIFIED.,.F.,.F.,(3,3),(0.,1.),.PIECEWISE_BEZIER_KNOTS.);
#392=B_SPLINE_CURVE_WITH_KNOTS('',2,(#12037,#12038,#12039),
 .UNSPECIFIED.,.F.,.F.,(3,3),(0.,1.),.PIECEWISE_BEZIER_KNOTS.);
#393=B_SPLINE_CURVE_WITH_KNOTS('',2,(#12048,#12049,#12050),
 .UNSPECIFIED.,.F.,.F.,(3,3),(0.,1.),.PIECEWISE_BEZIER_KNOTS.);
#394=B_SPLINE_CURVE_WITH_KNOTS('',2,(#12054,#12055,#12056),
 .UNSPECIFIED.,.F.,.F.,(3,3),(0.,1.),.PIECEWISE_BEZIER_KNOTS.);
#395=B_SPLINE_CURVE_WITH_KNOTS('',2,(#12065,#12066,#12067),
 .UNSPECIFIED.,.F.,.F.,(3,3),(0.,1.),.PIECEWISE_BEZIER_KNOTS.);
#396=B_SPLINE_CURVE_WITH_KNOTS('',2,(#12071,#12072,#12073),
 .UNSPECIFIED.,.F.,.F.,(3,3),(0.,1.),.PIECEWISE_BEZIER_KNOTS.);
#397=B_SPLINE_CURVE_WITH_KNOTS('',2,(#12082,#12083,#12084),
 .UNSPECIFIED.,.F.,.F.,(3,3),(0.,1.),.PIECEWISE_BEZIER_KNOTS.);
#398=B_SPLINE_CURVE_WITH_KNOTS('',2,(#12088,#12089,#12090),
 .UNSPECIFIED.,.F.,.F.,(3,3),(0.,1.),.PIECEWISE_BEZIER_KNOTS.);
#399=B_SPLINE_CURVE_WITH_KNOTS('',2,(#12099,#12100,#12101),
 .UNSPECIFIED.,.F.,.F.,(3,3),(0.,1.),.PIECEWISE_BEZIER_KNOTS.);
#400=B_SPLINE_CURVE_WITH_KNOTS('',2,(#12105,#12106,#12107),
 .UNSPECIFIED.,.F.,.F.,(3,3),(0.,1.),.PIECEWISE_BEZIER_KNOTS.);
#401=B_SPLINE_CURVE_WITH_KNOTS('',2,(#12116,#12117,#12118),
 .UNSPECIFIED.,.F.,.F.,(3,3),(0.,1.),.PIECEWISE_BEZIER_KNOTS.);
#402=B_SPLINE_CURVE_WITH_KNOTS('',2,(#12122,#12123,#12124),
 .UNSPECIFIED.,.F.,.F.,(3,3),(0.,1.),.PIECEWISE_BEZIER_KNOTS.);
#403=B_SPLINE_CURVE_WITH_KNOTS('',2,(#12135,#12136,#12137),
 .UNSPECIFIED.,.F.,.F.,(3,3),(0.,1.),.PIECEWISE_BEZIER_KNOTS.);
#404=B_SPLINE_CURVE_WITH_KNOTS('',2,(#12150,#12151,#12152),
 .UNSPECIFIED.,.F.,.F.,(3,3),(0.,1.),.PIECEWISE_BEZIER_KNOTS.);
#405=B_SPLINE_CURVE_WITH_KNOTS('',2,(#12163,#12164,#12165),
 .UNSPECIFIED.,.F.,.F.,(3,3),(0.,1.),.PIECEWISE_BEZIER_KNOTS.);
#406=B_SPLINE_CURVE_WITH_KNOTS('',2,(#12176,#12177,#12178),
 .UNSPECIFIED.,.F.,.F.,(3,3),(0.,1.),.PIECEWISE_BEZIER_KNOTS.);
#407=B_SPLINE_CURVE_WITH_KNOTS('',2,(#12189,#12190,#12191),
 .UNSPECIFIED.,.F.,.F.,(3,3),(0.,1.),.PIECEWISE_BEZIER_KNOTS.);
#408=B_SPLINE_CURVE_WITH_KNOTS('',2,(#12202,#12203,#12204),
 .UNSPECIFIED.,.F.,.F.,(3,3),(0.,1.),.PIECEWISE_BEZIER_KNOTS.);
#409=B_SPLINE_CURVE_WITH_KNOTS('',2,(#12215,#12216,#12217),
 .UNSPECIFIED.,.F.,.F.,(3,3),(0.,1.),.PIECEWISE_BEZIER_KNOTS.);
#410=B_SPLINE_CURVE_WITH_KNOTS('',2,(#12228,#12229,#12230),
 .UNSPECIFIED.,.F.,.F.,(3,3),(0.,1.),.PIECEWISE_BEZIER_KNOTS.);
#411=B_SPLINE_CURVE_WITH_KNOTS('',2,(#12239,#12240,#12241),
 .UNSPECIFIED.,.F.,.F.,(3,3),(0.,1.),.PIECEWISE_BEZIER_KNOTS.);
#412=B_SPLINE_CURVE_WITH_KNOTS('',2,(#12250,#12251,#12252),
 .UNSPECIFIED.,.F.,.F.,(3,3),(0.,1.),.PIECEWISE_BEZIER_KNOTS.);
#413=B_SPLINE_CURVE_WITH_KNOTS('',2,(#12253,#12254,#12255),
 .UNSPECIFIED.,.F.,.F.,(3,3),(0.,1.),.PIECEWISE_BEZIER_KNOTS.);
#414=B_SPLINE_CURVE_WITH_KNOTS('',2,(#12265,#12266,#12267),
 .UNSPECIFIED.,.F.,.F.,(3,3),(0.,1.),.PIECEWISE_BEZIER_KNOTS.);
#415=B_SPLINE_CURVE_WITH_KNOTS('',2,(#12272,#12273,#12274),
 .UNSPECIFIED.,.F.,.F.,(3,3),(0.,1.),.PIECEWISE_BEZIER_KNOTS.);
#416=B_SPLINE_CURVE_WITH_KNOTS('',2,(#12285,#12286,#12287),
 .UNSPECIFIED.,.F.,.F.,(3,3),(0.,1.),.PIECEWISE_BEZIER_KNOTS.);
#417=B_SPLINE_CURVE_WITH_KNOTS('',2,(#12291,#12292,#12293),
 .UNSPECIFIED.,.F.,.F.,(3,3),(0.,1.),.PIECEWISE_BEZIER_KNOTS.);
#418=B_SPLINE_CURVE_WITH_KNOTS('',2,(#12302,#12303,#12304),
 .UNSPECIFIED.,.F.,.F.,(3,3),(0.,1.),.PIECEWISE_BEZIER_KNOTS.);
#419=B_SPLINE_CURVE_WITH_KNOTS('',2,(#12308,#12309,#12310),
 .UNSPECIFIED.,.F.,.F.,(3,3),(0.,1.),.PIECEWISE_BEZIER_KNOTS.);
#420=B_SPLINE_CURVE_WITH_KNOTS('',2,(#12339,#12340,#12341),
 .UNSPECIFIED.,.F.,.F.,(3,3),(0.,1.),.PIECEWISE_BEZIER_KNOTS.);
#421=B_SPLINE_CURVE_WITH_KNOTS('',2,(#12354,#12355,#12356),
 .UNSPECIFIED.,.F.,.F.,(3,3),(0.,1.),.PIECEWISE_BEZIER_KNOTS.);
#422=B_SPLINE_CURVE_WITH_KNOTS('',2,(#12367,#12368,#12369),
 .UNSPECIFIED.,.F.,.F.,(3,3),(0.,1.),.PIECEWISE_BEZIER_KNOTS.);
#423=B_SPLINE_CURVE_WITH_KNOTS('',2,(#12390,#12391,#12392),
 .UNSPECIFIED.,.F.,.F.,(3,3),(0.,1.),.PIECEWISE_BEZIER_KNOTS.);
#424=B_SPLINE_CURVE_WITH_KNOTS('',2,(#12401,#12402,#12403),
 .UNSPECIFIED.,.F.,.F.,(3,3),(0.,1.),.PIECEWISE_BEZIER_KNOTS.);
#425=B_SPLINE_CURVE_WITH_KNOTS('',2,(#12404,#12405,#12406),
 .UNSPECIFIED.,.F.,.F.,(3,3),(0.,1.),.PIECEWISE_BEZIER_KNOTS.);
#426=B_SPLINE_CURVE_WITH_KNOTS('',2,(#12416,#12417,#12418),
 .UNSPECIFIED.,.F.,.F.,(3,3),(0.,1.),.PIECEWISE_BEZIER_KNOTS.);
#427=B_SPLINE_CURVE_WITH_KNOTS('',2,(#12423,#12424,#12425),
 .UNSPECIFIED.,.F.,.F.,(3,3),(0.,1.),.PIECEWISE_BEZIER_KNOTS.);
#428=B_SPLINE_CURVE_WITH_KNOTS('',2,(#12436,#12437,#12438),
 .UNSPECIFIED.,.F.,.F.,(3,3),(0.,1.),.PIECEWISE_BEZIER_KNOTS.);
#429=B_SPLINE_CURVE_WITH_KNOTS('',2,(#12442,#12443,#12444),
 .UNSPECIFIED.,.F.,.F.,(3,3),(0.,1.),.PIECEWISE_BEZIER_KNOTS.);
#430=B_SPLINE_CURVE_WITH_KNOTS('',2,(#12453,#12454,#12455),
 .UNSPECIFIED.,.F.,.F.,(3,3),(0.,1.),.PIECEWISE_BEZIER_KNOTS.);
#431=B_SPLINE_CURVE_WITH_KNOTS('',2,(#12459,#12460,#12461),
 .UNSPECIFIED.,.F.,.F.,(3,3),(0.,1.),.PIECEWISE_BEZIER_KNOTS.);
#432=B_SPLINE_CURVE_WITH_KNOTS('',2,(#12470,#12471,#12472),
 .UNSPECIFIED.,.F.,.F.,(3,3),(0.,1.),.PIECEWISE_BEZIER_KNOTS.);
#433=B_SPLINE_CURVE_WITH_KNOTS('',2,(#12476,#12477,#12478),
 .UNSPECIFIED.,.F.,.F.,(3,3),(0.,1.),.PIECEWISE_BEZIER_KNOTS.);
#434=B_SPLINE_CURVE_WITH_KNOTS('',2,(#12487,#12488,#12489),
 .UNSPECIFIED.,.F.,.F.,(3,3),(0.,1.),.PIECEWISE_BEZIER_KNOTS.);
#435=B_SPLINE_CURVE_WITH_KNOTS('',2,(#12493,#12494,#12495),
 .UNSPECIFIED.,.F.,.F.,(3,3),(0.,1.),.PIECEWISE_BEZIER_KNOTS.);
#436=B_SPLINE_CURVE_WITH_KNOTS('',2,(#12504,#12505,#12506),
 .UNSPECIFIED.,.F.,.F.,(3,3),(0.,1.),.PIECEWISE_BEZIER_KNOTS.);
#437=B_SPLINE_CURVE_WITH_KNOTS('',2,(#12510,#12511,#12512),
 .UNSPECIFIED.,.F.,.F.,(3,3),(0.,1.),.PIECEWISE_BEZIER_KNOTS.);
#438=B_SPLINE_CURVE_WITH_KNOTS('',2,(#12521,#12522,#12523),
 .UNSPECIFIED.,.F.,.F.,(3,3),(0.,1.),.PIECEWISE_BEZIER_KNOTS.);
#439=B_SPLINE_CURVE_WITH_KNOTS('',2,(#12527,#12528,#12529),
 .UNSPECIFIED.,.F.,.F.,(3,3),(0.,1.),.PIECEWISE_BEZIER_KNOTS.);
#440=B_SPLINE_CURVE_WITH_KNOTS('',2,(#12552,#12553,#12554),
 .UNSPECIFIED.,.F.,.F.,(3,3),(0.,1.),.PIECEWISE_BEZIER_KNOTS.);
#441=B_SPLINE_CURVE_WITH_KNOTS('',2,(#12565,#12566,#12567),
 .UNSPECIFIED.,.F.,.F.,(3,3),(0.,1.),.PIECEWISE_BEZIER_KNOTS.);
#442=B_SPLINE_CURVE_WITH_KNOTS('',2,(#12578,#12579,#12580),
 .UNSPECIFIED.,.F.,.F.,(3,3),(0.,1.),.PIECEWISE_BEZIER_KNOTS.);
#443=B_SPLINE_CURVE_WITH_KNOTS('',2,(#12591,#12592,#12593),
 .UNSPECIFIED.,.F.,.F.,(3,3),(0.,1.),.PIECEWISE_BEZIER_KNOTS.);
#444=B_SPLINE_CURVE_WITH_KNOTS('',2,(#12604,#12605,#12606),
 .UNSPECIFIED.,.F.,.F.,(3,3),(0.,1.),.PIECEWISE_BEZIER_KNOTS.);
#445=B_SPLINE_CURVE_WITH_KNOTS('',2,(#12617,#12618,#12619),
 .UNSPECIFIED.,.F.,.F.,(3,3),(0.,1.),.PIECEWISE_BEZIER_KNOTS.);
#446=B_SPLINE_CURVE_WITH_KNOTS('',2,(#12662,#12663,#12664),
 .UNSPECIFIED.,.F.,.F.,(3,3),(0.,1.),.PIECEWISE_BEZIER_KNOTS.);
#447=B_SPLINE_CURVE_WITH_KNOTS('',2,(#12665,#12666,#12667),
 .UNSPECIFIED.,.F.,.F.,(3,3),(0.,1.),.PIECEWISE_BEZIER_KNOTS.);
#448=B_SPLINE_CURVE_WITH_KNOTS('',2,(#12693,#12694,#12695),
 .UNSPECIFIED.,.F.,.F.,(3,3),(0.,1.),.PIECEWISE_BEZIER_KNOTS.);
#449=B_SPLINE_CURVE_WITH_KNOTS('',2,(#12706,#12707,#12708),
 .UNSPECIFIED.,.F.,.F.,(3,3),(0.,1.),.PIECEWISE_BEZIER_KNOTS.);
#450=B_SPLINE_CURVE_WITH_KNOTS('',2,(#12719,#12720,#12721),
 .UNSPECIFIED.,.F.,.F.,(3,3),(0.,1.),.PIECEWISE_BEZIER_KNOTS.);
#451=B_SPLINE_CURVE_WITH_KNOTS('',2,(#12732,#12733,#12734),
 .UNSPECIFIED.,.F.,.F.,(3,3),(0.,1.),.PIECEWISE_BEZIER_KNOTS.);
#452=B_SPLINE_CURVE_WITH_KNOTS('',2,(#12757,#12758,#12759),
 .UNSPECIFIED.,.F.,.F.,(3,3),(0.,1.),.PIECEWISE_BEZIER_KNOTS.);
#453=B_SPLINE_CURVE_WITH_KNOTS('',2,(#12770,#12771,#12772),
 .UNSPECIFIED.,.F.,.F.,(3,3),(0.,1.),.PIECEWISE_BEZIER_KNOTS.);
#454=B_SPLINE_CURVE_WITH_KNOTS('',2,(#12783,#12784,#12785),
 .UNSPECIFIED.,.F.,.F.,(3,3),(0.,1.),.PIECEWISE_BEZIER_KNOTS.);
#455=B_SPLINE_CURVE_WITH_KNOTS('',2,(#12794,#12795,#12796),
 .UNSPECIFIED.,.F.,.F.,(3,3),(0.,1.),.PIECEWISE_BEZIER_KNOTS.);
#456=B_SPLINE_CURVE_WITH_KNOTS('',2,(#12822,#12823,#12824),
 .UNSPECIFIED.,.F.,.F.,(3,3),(0.,1.),.PIECEWISE_BEZIER_KNOTS.);
#457=B_SPLINE_CURVE_WITH_KNOTS('',2,(#12835,#12836,#12837),
 .UNSPECIFIED.,.F.,.F.,(3,3),(0.,1.),.PIECEWISE_BEZIER_KNOTS.);
#458=B_SPLINE_CURVE_WITH_KNOTS('',2,(#12880,#12881,#12882),
 .UNSPECIFIED.,.F.,.F.,(3,3),(0.,1.),.PIECEWISE_BEZIER_KNOTS.);
#459=B_SPLINE_CURVE_WITH_KNOTS('',2,(#12893,#12894,#12895),
 .UNSPECIFIED.,.F.,.F.,(3,3),(0.,1.),.PIECEWISE_BEZIER_KNOTS.);
#460=B_SPLINE_CURVE_WITH_KNOTS('',2,(#12906,#12907,#12908),
 .UNSPECIFIED.,.F.,.F.,(3,3),(0.,1.),.PIECEWISE_BEZIER_KNOTS.);
#461=B_SPLINE_CURVE_WITH_KNOTS('',2,(#12917,#12918,#12919),
 .UNSPECIFIED.,.F.,.F.,(3,3),(0.,1.),.PIECEWISE_BEZIER_KNOTS.);
#462=B_SPLINE_CURVE_WITH_KNOTS('',2,(#12929,#12930,#12931),
 .UNSPECIFIED.,.F.,.F.,(3,3),(0.,1.),.PIECEWISE_BEZIER_KNOTS.);
#463=B_SPLINE_CURVE_WITH_KNOTS('',2,(#12936,#12937,#12938),
 .UNSPECIFIED.,.F.,.F.,(3,3),(0.,1.),.PIECEWISE_BEZIER_KNOTS.);
#464=B_SPLINE_CURVE_WITH_KNOTS('',2,(#12949,#12950,#12951),
 .UNSPECIFIED.,.F.,.F.,(3,3),(0.,1.),.PIECEWISE_BEZIER_KNOTS.);
#465=B_SPLINE_CURVE_WITH_KNOTS('',2,(#12955,#12956,#12957),
 .UNSPECIFIED.,.F.,.F.,(3,3),(0.,1.),.PIECEWISE_BEZIER_KNOTS.);
#466=B_SPLINE_CURVE_WITH_KNOTS('',2,(#12966,#12967,#12968),
 .UNSPECIFIED.,.F.,.F.,(3,3),(0.,1.),.PIECEWISE_BEZIER_KNOTS.);
#467=B_SPLINE_CURVE_WITH_KNOTS('',2,(#12972,#12973,#12974),
 .UNSPECIFIED.,.F.,.F.,(3,3),(0.,1.),.PIECEWISE_BEZIER_KNOTS.);
#468=B_SPLINE_CURVE_WITH_KNOTS('',2,(#12991,#12992,#12993),
 .UNSPECIFIED.,.F.,.F.,(3,3),(0.,1.),.PIECEWISE_BEZIER_KNOTS.);
#469=B_SPLINE_CURVE_WITH_KNOTS('',2,(#13022,#13023,#13024),
 .UNSPECIFIED.,.F.,.F.,(3,3),(0.,1.),.PIECEWISE_BEZIER_KNOTS.);
#470=B_SPLINE_CURVE_WITH_KNOTS('',2,(#13035,#13036,#13037),
 .UNSPECIFIED.,.F.,.F.,(3,3),(0.,1.),.PIECEWISE_BEZIER_KNOTS.);
#471=B_SPLINE_CURVE_WITH_KNOTS('',2,(#13056,#13057,#13058),
 .UNSPECIFIED.,.F.,.F.,(3,3),(0.,1.),.PIECEWISE_BEZIER_KNOTS.);
#472=B_SPLINE_CURVE_WITH_KNOTS('',2,(#13069,#13070,#13071),
 .UNSPECIFIED.,.F.,.F.,(3,3),(0.,1.),.PIECEWISE_BEZIER_KNOTS.);
#473=B_SPLINE_CURVE_WITH_KNOTS('',2,(#13082,#13083,#13084),
 .UNSPECIFIED.,.F.,.F.,(3,3),(0.,1.),.PIECEWISE_BEZIER_KNOTS.);
#474=B_SPLINE_CURVE_WITH_KNOTS('',2,(#13095,#13096,#13097),
 .UNSPECIFIED.,.F.,.F.,(3,3),(0.,1.),.PIECEWISE_BEZIER_KNOTS.);
#475=B_SPLINE_CURVE_WITH_KNOTS('',2,(#13106,#13107,#13108),
 .UNSPECIFIED.,.F.,.F.,(3,3),(0.,1.),.PIECEWISE_BEZIER_KNOTS.);
#476=B_SPLINE_CURVE_WITH_KNOTS('',2,(#13117,#13118,#13119),
 .UNSPECIFIED.,.F.,.F.,(3,3),(0.,1.),.PIECEWISE_BEZIER_KNOTS.);
#477=B_SPLINE_CURVE_WITH_KNOTS('',2,(#13120,#13121,#13122),
 .UNSPECIFIED.,.F.,.F.,(3,3),(0.,1.),.PIECEWISE_BEZIER_KNOTS.);
#478=CYLINDRICAL_SURFACE('',#7570,0.0023);
#479=CYLINDRICAL_SURFACE('',#7582,0.0023);
#480=CYLINDRICAL_SURFACE('',#7593,0.0023);
#481=CYLINDRICAL_SURFACE('',#7618,0.0023);
#482=CYLINDRICAL_SURFACE('',#7621,0.0023);
#483=CYLINDRICAL_SURFACE('',#7624,0.0023);
#484=CYLINDRICAL_SURFACE('',#7627,0.0023);
#485=CYLINDRICAL_SURFACE('',#7630,0.0023);
#486=CYLINDRICAL_SURFACE('',#7638,0.0023);
#487=CYLINDRICAL_SURFACE('',#7647,0.0023);
#488=CYLINDRICAL_SURFACE('',#7688,0.0016);
#489=CYLINDRICAL_SURFACE('',#7690,0.0016);
#490=CYLINDRICAL_SURFACE('',#7692,0.0016);
#491=CYLINDRICAL_SURFACE('',#7694,0.0016);
#492=CYLINDRICAL_SURFACE('',#7702,0.0013972092453505);
#493=CYLINDRICAL_SURFACE('',#7704,0.00102822942503446);
#494=CYLINDRICAL_SURFACE('',#7717,0.0144750804407679);
#495=CYLINDRICAL_SURFACE('',#7730,0.0124677840983839);
#496=CYLINDRICAL_SURFACE('',#7735,0.00316591149405796);
#497=CYLINDRICAL_SURFACE('',#7738,0.00310240261749126);
#498=CYLINDRICAL_SURFACE('',#7759,0.00163044980725324);
#499=CYLINDRICAL_SURFACE('',#7761,0.00119987501760247);
#500=CYLINDRICAL_SURFACE('',#7771,0.00361115358090949);
#501=CYLINDRICAL_SURFACE('',#7773,0.00378972869918145);
#502=CYLINDRICAL_SURFACE('',#7780,0.00172851761641289);
#503=CYLINDRICAL_SURFACE('',#7782,0.00127204474261852);
#504=CYLINDRICAL_SURFACE('',#7795,0.00436226372551327);
#505=CYLINDRICAL_SURFACE('',#7801,0.00879358745696635);
#506=CYLINDRICAL_SURFACE('',#7803,0.00804147346863947);
#507=CYLINDRICAL_SURFACE('',#7822,0.00154976030259362);
#508=CYLINDRICAL_SURFACE('',#7830,0.0047460085785366);
#509=CYLINDRICAL_SURFACE('',#7833,0.001193994398322);
#510=CYLINDRICAL_SURFACE('',#7846,0.00143744968884805);
#511=CYLINDRICAL_SURFACE('',#7848,0.000994913879145864);
#512=CYLINDRICAL_SURFACE('',#7858,0.00282584457326648);
#513=CYLINDRICAL_SURFACE('',#7860,0.00271301869568804);
#514=CYLINDRICAL_SURFACE('',#7863,0.0026585949476515);
#515=CYLINDRICAL_SURFACE('',#7879,0.0023);
#516=CIRCLE('',#7567,0.0023);
#517=CIRCLE('',#7571,0.0023);
#518=CIRCLE('',#7576,0.0023);
#519=CIRCLE('',#7577,0.0023);
#520=CIRCLE('',#7578,0.0023);
#521=CIRCLE('',#7579,0.0023);
#522=CIRCLE('',#7581,0.0023);
#523=CIRCLE('',#7583,0.0023);
#524=CIRCLE('',#7589,0.0023);
#525=CIRCLE('',#7591,0.0023);
#526=CIRCLE('',#7616,0.0023);
#527=CIRCLE('',#7619,0.0023);
#528=CIRCLE('',#7622,0.0023);
#529=CIRCLE('',#7625,0.0023);
#530=CIRCLE('',#7628,0.0023);
#531=CIRCLE('',#7631,0.0023);
#532=CIRCLE('',#7639,0.0023);
#533=CIRCLE('',#7640,0.0023);
#534=CIRCLE('',#7648,0.0023);
#535=CIRCLE('',#7649,0.0023);
#536=CIRCLE('',#7655,0.000994913879145864);
#537=CIRCLE('',#7656,0.00143744968884805);
#538=CIRCLE('',#7657,0.00154976030259362);
#539=CIRCLE('',#7658,0.001193994398322);
#540=CIRCLE('',#7659,0.0047460085785366);
#541=CIRCLE('',#7660,0.0016);
#542=CIRCLE('',#7661,0.0016);
#543=CIRCLE('',#7662,0.0016);
#544=CIRCLE('',#7663,0.0016);
#545=CIRCLE('',#7664,0.00102822942503446);
#546=CIRCLE('',#7665,0.0013972092453505);
#547=CIRCLE('',#7666,0.0124677840983839);
#548=CIRCLE('',#7667,0.0144750804407679);
#549=CIRCLE('',#7668,0.00310240261749126);
#550=CIRCLE('',#7669,0.00316591149405796);
#551=CIRCLE('',#7670,0.00119987501760247);
#552=CIRCLE('',#7671,0.00163044980725324);
#553=CIRCLE('',#7672,0.00378972869918145);
#554=CIRCLE('',#7673,0.00361115358090949);
#555=CIRCLE('',#7674,0.00127204474261852);
#556=CIRCLE('',#7675,0.00172851761641289);
#557=CIRCLE('',#7676,0.00804147346863947);
#558=CIRCLE('',#7677,0.00879358745696635);
#559=CIRCLE('',#7678,0.00436226372551327);
#560=CIRCLE('',#7679,0.00282584457326648);
#561=CIRCLE('',#7680,0.0026585949476515);
#562=CIRCLE('',#7681,0.00271301869568804);
#563=CIRCLE('',#7689,0.0016);
#564=CIRCLE('',#7691,0.0016);
#565=CIRCLE('',#7693,0.0016);
#566=CIRCLE('',#7695,0.0016);
#567=CIRCLE('',#7703,0.0013972092453505);
#568=CIRCLE('',#7705,0.00102822942503446);
#569=CIRCLE('',#7718,0.0144750804407679);
#570=CIRCLE('',#7731,0.0124677840983839);
#571=CIRCLE('',#7736,0.00316591149405796);
#572=CIRCLE('',#7739,0.00310240261749126);
#573=CIRCLE('',#7760,0.00163044980725324);
#574=CIRCLE('',#7762,0.00119987501760247);
#575=CIRCLE('',#7772,0.00361115358090949);
#576=CIRCLE('',#7774,0.00378972869918145);
#577=CIRCLE('',#7781,0.00172851761641289);
#578=CIRCLE('',#7783,0.00127204474261852);
#579=CIRCLE('',#7796,0.00436226372551327);
#580=CIRCLE('',#7802,0.00879358745696635);
#581=CIRCLE('',#7804,0.00804147346863947);
#582=CIRCLE('',#7823,0.00154976030259362);
#583=CIRCLE('',#7831,0.0047460085785366);
#584=CIRCLE('',#7834,0.001193994398322);
#585=CIRCLE('',#7847,0.00143744968884805);
#586=CIRCLE('',#7849,0.000994913879145864);
#587=CIRCLE('',#7859,0.00282584457326648);
#588=CIRCLE('',#7861,0.00271301869568804);
#589=CIRCLE('',#7864,0.0026585949476515);
#590=CIRCLE('',#7880,0.0023);
#591=CIRCLE('',#7881,0.0023);
#592=SHAPE_REPRESENTATION_RELATIONSHIP('','',#7547,#598);
#593=SHAPE_REPRESENTATION_RELATIONSHIP('','',#7548,#599);
#594=SHAPE_REPRESENTATION_RELATIONSHIP('','',#7549,#600);
#595=SHAPE_REPRESENTATION_RELATIONSHIP('','',#7550,#601);
#596=SHAPE_REPRESENTATION_RELATIONSHIP('','',#7551,#602);
#597=SHAPE_REPRESENTATION_RELATIONSHIP('','',#7552,#603);
#598=ADVANCED_BREP_SHAPE_REPRESENTATION('',(#7535),#13169);
#599=ADVANCED_BREP_SHAPE_REPRESENTATION('',(#7536),#13170);
#600=ADVANCED_BREP_SHAPE_REPRESENTATION('',(#7537),#13171);
#601=ADVANCED_BREP_SHAPE_REPRESENTATION('',(#7538),#13172);
#602=ADVANCED_BREP_SHAPE_REPRESENTATION('',(#7539),#13173);
#603=ADVANCED_BREP_SHAPE_REPRESENTATION('',(#7540),#13174);
#604=ORIENTED_EDGE('',*,*,#2752,.F.);
#605=ORIENTED_EDGE('',*,*,#2753,.F.);
#606=ORIENTED_EDGE('',*,*,#2754,.T.);
#607=ORIENTED_EDGE('',*,*,#2755,.T.);
#608=ORIENTED_EDGE('',*,*,#2756,.T.);
#609=ORIENTED_EDGE('',*,*,#2757,.F.);
#610=ORIENTED_EDGE('',*,*,#2758,.F.);
#611=ORIENTED_EDGE('',*,*,#2753,.T.);
#612=ORIENTED_EDGE('',*,*,#2759,.T.);
#613=ORIENTED_EDGE('',*,*,#2760,.F.);
#614=ORIENTED_EDGE('',*,*,#2761,.F.);
#615=ORIENTED_EDGE('',*,*,#2757,.T.);
#616=ORIENTED_EDGE('',*,*,#2762,.F.);
#617=ORIENTED_EDGE('',*,*,#2755,.F.);
#618=ORIENTED_EDGE('',*,*,#2763,.T.);
#619=ORIENTED_EDGE('',*,*,#2760,.T.);
#620=ORIENTED_EDGE('',*,*,#2754,.F.);
#621=ORIENTED_EDGE('',*,*,#2758,.T.);
#622=ORIENTED_EDGE('',*,*,#2761,.T.);
#623=ORIENTED_EDGE('',*,*,#2763,.F.);
#624=ORIENTED_EDGE('',*,*,#2752,.T.);
#625=ORIENTED_EDGE('',*,*,#2762,.T.);
#626=ORIENTED_EDGE('',*,*,#2759,.F.);
#627=ORIENTED_EDGE('',*,*,#2756,.F.);
#628=ORIENTED_EDGE('',*,*,#2764,.F.);
#629=ORIENTED_EDGE('',*,*,#2765,.T.);
#630=ORIENTED_EDGE('',*,*,#2766,.F.);
#631=ORIENTED_EDGE('',*,*,#2767,.F.);
#632=ORIENTED_EDGE('',*,*,#2768,.F.);
#633=ORIENTED_EDGE('',*,*,#2769,.T.);
#634=ORIENTED_EDGE('',*,*,#2770,.T.);
#635=ORIENTED_EDGE('',*,*,#2771,.T.);
#636=ORIENTED_EDGE('',*,*,#2772,.T.);
#637=ORIENTED_EDGE('',*,*,#2773,.F.);
#638=ORIENTED_EDGE('',*,*,#2774,.T.);
#639=ORIENTED_EDGE('',*,*,#2775,.T.);
#640=ORIENTED_EDGE('',*,*,#2776,.F.);
#641=ORIENTED_EDGE('',*,*,#2777,.F.);
#642=ORIENTED_EDGE('',*,*,#2778,.F.);
#643=ORIENTED_EDGE('',*,*,#2779,.T.);
#644=ORIENTED_EDGE('',*,*,#2780,.T.);
#645=ORIENTED_EDGE('',*,*,#2781,.F.);
#646=ORIENTED_EDGE('',*,*,#2782,.F.);
#647=ORIENTED_EDGE('',*,*,#2783,.F.);
#648=ORIENTED_EDGE('',*,*,#2784,.T.);
#649=ORIENTED_EDGE('',*,*,#2785,.T.);
#650=ORIENTED_EDGE('',*,*,#2786,.T.);
#651=ORIENTED_EDGE('',*,*,#2787,.F.);
#652=ORIENTED_EDGE('',*,*,#2788,.F.);
#653=ORIENTED_EDGE('',*,*,#2789,.F.);
#654=ORIENTED_EDGE('',*,*,#2768,.T.);
#655=ORIENTED_EDGE('',*,*,#2790,.T.);
#656=ORIENTED_EDGE('',*,*,#2791,.F.);
#657=ORIENTED_EDGE('',*,*,#2792,.F.);
#658=ORIENTED_EDGE('',*,*,#2764,.T.);
#659=ORIENTED_EDGE('',*,*,#2793,.T.);
#660=ORIENTED_EDGE('',*,*,#2794,.F.);
#661=ORIENTED_EDGE('',*,*,#2795,.T.);
#662=ORIENTED_EDGE('',*,*,#2793,.F.);
#663=ORIENTED_EDGE('',*,*,#2789,.T.);
#664=ORIENTED_EDGE('',*,*,#2796,.T.);
#665=ORIENTED_EDGE('',*,*,#2797,.F.);
#666=ORIENTED_EDGE('',*,*,#2798,.F.);
#667=ORIENTED_EDGE('',*,*,#2799,.F.);
#668=ORIENTED_EDGE('',*,*,#2784,.F.);
#669=ORIENTED_EDGE('',*,*,#2800,.T.);
#670=ORIENTED_EDGE('',*,*,#2801,.T.);
#671=ORIENTED_EDGE('',*,*,#2802,.F.);
#672=ORIENTED_EDGE('',*,*,#2803,.F.);
#673=ORIENTED_EDGE('',*,*,#2804,.T.);
#674=ORIENTED_EDGE('',*,*,#2805,.T.);
#675=ORIENTED_EDGE('',*,*,#2798,.T.);
#676=ORIENTED_EDGE('',*,*,#2806,.T.);
#677=ORIENTED_EDGE('',*,*,#2807,.T.);
#678=ORIENTED_EDGE('',*,*,#2796,.F.);
#679=ORIENTED_EDGE('',*,*,#2788,.T.);
#680=ORIENTED_EDGE('',*,*,#2808,.F.);
#681=ORIENTED_EDGE('',*,*,#2809,.F.);
#682=ORIENTED_EDGE('',*,*,#2810,.F.);
#683=ORIENTED_EDGE('',*,*,#2806,.F.);
#684=ORIENTED_EDGE('',*,*,#2797,.T.);
#685=ORIENTED_EDGE('',*,*,#2809,.T.);
#686=ORIENTED_EDGE('',*,*,#2811,.T.);
#687=ORIENTED_EDGE('',*,*,#2812,.F.);
#688=ORIENTED_EDGE('',*,*,#2813,.F.);
#689=ORIENTED_EDGE('',*,*,#2807,.F.);
#690=ORIENTED_EDGE('',*,*,#2813,.T.);
#691=ORIENTED_EDGE('',*,*,#2814,.T.);
#692=ORIENTED_EDGE('',*,*,#2785,.F.);
#693=ORIENTED_EDGE('',*,*,#2787,.T.);
#694=ORIENTED_EDGE('',*,*,#2815,.F.);
#695=ORIENTED_EDGE('',*,*,#2811,.F.);
#696=ORIENTED_EDGE('',*,*,#2808,.T.);
#697=ORIENTED_EDGE('',*,*,#2810,.T.);
#698=ORIENTED_EDGE('',*,*,#2816,.F.);
#699=ORIENTED_EDGE('',*,*,#2786,.F.);
#700=ORIENTED_EDGE('',*,*,#2814,.F.);
#701=ORIENTED_EDGE('',*,*,#2812,.T.);
#702=ORIENTED_EDGE('',*,*,#2815,.T.);
#703=ORIENTED_EDGE('',*,*,#2817,.T.);
#704=ORIENTED_EDGE('',*,*,#2802,.T.);
#705=ORIENTED_EDGE('',*,*,#2818,.F.);
#706=ORIENTED_EDGE('',*,*,#2819,.F.);
#707=ORIENTED_EDGE('',*,*,#2820,.F.);
#708=ORIENTED_EDGE('',*,*,#2821,.F.);
#709=ORIENTED_EDGE('',*,*,#2822,.T.);
#710=ORIENTED_EDGE('',*,*,#2823,.T.);
#711=ORIENTED_EDGE('',*,*,#2821,.T.);
#712=ORIENTED_EDGE('',*,*,#2824,.F.);
#713=ORIENTED_EDGE('',*,*,#2825,.T.);
#714=ORIENTED_EDGE('',*,*,#2826,.F.);
#715=ORIENTED_EDGE('',*,*,#2827,.F.);
#716=ORIENTED_EDGE('',*,*,#2828,.F.);
#717=ORIENTED_EDGE('',*,*,#2829,.F.);
#718=ORIENTED_EDGE('',*,*,#2830,.F.);
#719=ORIENTED_EDGE('',*,*,#2794,.T.);
#720=ORIENTED_EDGE('',*,*,#2799,.T.);
#721=ORIENTED_EDGE('',*,*,#2805,.F.);
#722=ORIENTED_EDGE('',*,*,#2831,.T.);
#723=ORIENTED_EDGE('',*,*,#2832,.T.);
#724=ORIENTED_EDGE('',*,*,#2833,.F.);
#725=ORIENTED_EDGE('',*,*,#2834,.F.);
#726=ORIENTED_EDGE('',*,*,#2835,.F.);
#727=ORIENTED_EDGE('',*,*,#2826,.T.);
#728=ORIENTED_EDGE('',*,*,#2836,.T.);
#729=ORIENTED_EDGE('',*,*,#2837,.F.);
#730=ORIENTED_EDGE('',*,*,#2822,.F.);
#731=ORIENTED_EDGE('',*,*,#2838,.T.);
#732=ORIENTED_EDGE('',*,*,#2839,.T.);
#733=ORIENTED_EDGE('',*,*,#2838,.F.);
#734=ORIENTED_EDGE('',*,*,#2840,.F.);
#735=ORIENTED_EDGE('',*,*,#2841,.T.);
#736=ORIENTED_EDGE('',*,*,#2842,.T.);
#737=ORIENTED_EDGE('',*,*,#2775,.F.);
#738=ORIENTED_EDGE('',*,*,#2839,.F.);
#739=ORIENTED_EDGE('',*,*,#2843,.F.);
#740=ORIENTED_EDGE('',*,*,#2844,.T.);
#741=ORIENTED_EDGE('',*,*,#2845,.T.);
#742=ORIENTED_EDGE('',*,*,#2846,.F.);
#743=ORIENTED_EDGE('',*,*,#2847,.T.);
#744=ORIENTED_EDGE('',*,*,#2848,.T.);
#745=ORIENTED_EDGE('',*,*,#2841,.F.);
#746=ORIENTED_EDGE('',*,*,#2849,.F.);
#747=ORIENTED_EDGE('',*,*,#2850,.F.);
#748=ORIENTED_EDGE('',*,*,#2776,.T.);
#749=ORIENTED_EDGE('',*,*,#2842,.F.);
#750=ORIENTED_EDGE('',*,*,#2848,.F.);
#751=ORIENTED_EDGE('',*,*,#2851,.F.);
#752=ORIENTED_EDGE('',*,*,#2781,.T.);
#753=ORIENTED_EDGE('',*,*,#2852,.T.);
#754=ORIENTED_EDGE('',*,*,#2845,.F.);
#755=ORIENTED_EDGE('',*,*,#2853,.T.);
#756=ORIENTED_EDGE('',*,*,#2854,.F.);
#757=ORIENTED_EDGE('',*,*,#2855,.T.);
#758=ORIENTED_EDGE('',*,*,#2856,.F.);
#759=ORIENTED_EDGE('',*,*,#2857,.F.);
#760=ORIENTED_EDGE('',*,*,#2858,.F.);
#761=ORIENTED_EDGE('',*,*,#2772,.F.);
#762=ORIENTED_EDGE('',*,*,#2859,.F.);
#763=ORIENTED_EDGE('',*,*,#2856,.T.);
#764=ORIENTED_EDGE('',*,*,#2860,.T.);
#765=ORIENTED_EDGE('',*,*,#2858,.T.);
#766=ORIENTED_EDGE('',*,*,#2853,.F.);
#767=ORIENTED_EDGE('',*,*,#2855,.F.);
#768=ORIENTED_EDGE('',*,*,#2861,.T.);
#769=ORIENTED_EDGE('',*,*,#2773,.T.);
#770=ORIENTED_EDGE('',*,*,#2860,.F.);
#771=ORIENTED_EDGE('',*,*,#2862,.F.);
#772=ORIENTED_EDGE('',*,*,#2857,.T.);
#773=ORIENTED_EDGE('',*,*,#2859,.T.);
#774=ORIENTED_EDGE('',*,*,#2771,.F.);
#775=ORIENTED_EDGE('',*,*,#2818,.T.);
#776=ORIENTED_EDGE('',*,*,#2801,.F.);
#777=ORIENTED_EDGE('',*,*,#2863,.F.);
#778=ORIENTED_EDGE('',*,*,#2864,.T.);
#779=ORIENTED_EDGE('',*,*,#2819,.T.);
#780=ORIENTED_EDGE('',*,*,#2864,.F.);
#781=ORIENTED_EDGE('',*,*,#2865,.F.);
#782=ORIENTED_EDGE('',*,*,#2866,.T.);
#783=ORIENTED_EDGE('',*,*,#2817,.F.);
#784=ORIENTED_EDGE('',*,*,#2866,.F.);
#785=ORIENTED_EDGE('',*,*,#2867,.T.);
#786=ORIENTED_EDGE('',*,*,#2803,.T.);
#787=ORIENTED_EDGE('',*,*,#2868,.F.);
#788=ORIENTED_EDGE('',*,*,#2869,.T.);
#789=ORIENTED_EDGE('',*,*,#2870,.T.);
#790=ORIENTED_EDGE('',*,*,#2871,.F.);
#791=ORIENTED_EDGE('',*,*,#2778,.T.);
#792=ORIENTED_EDGE('',*,*,#2872,.F.);
#793=ORIENTED_EDGE('',*,*,#2869,.F.);
#794=ORIENTED_EDGE('',*,*,#2873,.T.);
#795=ORIENTED_EDGE('',*,*,#2779,.F.);
#796=ORIENTED_EDGE('',*,*,#2873,.F.);
#797=ORIENTED_EDGE('',*,*,#2868,.T.);
#798=ORIENTED_EDGE('',*,*,#2874,.T.);
#799=ORIENTED_EDGE('',*,*,#2849,.T.);
#800=ORIENTED_EDGE('',*,*,#2840,.T.);
#801=ORIENTED_EDGE('',*,*,#2774,.F.);
#802=ORIENTED_EDGE('',*,*,#2861,.F.);
#803=ORIENTED_EDGE('',*,*,#2854,.T.);
#804=ORIENTED_EDGE('',*,*,#2862,.T.);
#805=ORIENTED_EDGE('',*,*,#2770,.F.);
#806=ORIENTED_EDGE('',*,*,#2875,.F.);
#807=ORIENTED_EDGE('',*,*,#2834,.T.);
#808=ORIENTED_EDGE('',*,*,#2876,.T.);
#809=ORIENTED_EDGE('',*,*,#2769,.F.);
#810=ORIENTED_EDGE('',*,*,#2795,.F.);
#811=ORIENTED_EDGE('',*,*,#2835,.T.);
#812=ORIENTED_EDGE('',*,*,#2875,.T.);
#813=ORIENTED_EDGE('',*,*,#2824,.T.);
#814=ORIENTED_EDGE('',*,*,#2820,.T.);
#815=ORIENTED_EDGE('',*,*,#2877,.F.);
#816=ORIENTED_EDGE('',*,*,#2878,.F.);
#817=ORIENTED_EDGE('',*,*,#2879,.T.);
#818=ORIENTED_EDGE('',*,*,#2836,.F.);
#819=ORIENTED_EDGE('',*,*,#2825,.F.);
#820=ORIENTED_EDGE('',*,*,#2878,.T.);
#821=ORIENTED_EDGE('',*,*,#2800,.F.);
#822=ORIENTED_EDGE('',*,*,#2783,.T.);
#823=ORIENTED_EDGE('',*,*,#2880,.T.);
#824=ORIENTED_EDGE('',*,*,#2831,.F.);
#825=ORIENTED_EDGE('',*,*,#2804,.F.);
#826=ORIENTED_EDGE('',*,*,#2867,.F.);
#827=ORIENTED_EDGE('',*,*,#2865,.T.);
#828=ORIENTED_EDGE('',*,*,#2863,.T.);
#829=ORIENTED_EDGE('',*,*,#2881,.T.);
#830=ORIENTED_EDGE('',*,*,#2843,.T.);
#831=ORIENTED_EDGE('',*,*,#2876,.F.);
#832=ORIENTED_EDGE('',*,*,#2833,.T.);
#833=ORIENTED_EDGE('',*,*,#2877,.T.);
#834=ORIENTED_EDGE('',*,*,#2823,.F.);
#835=ORIENTED_EDGE('',*,*,#2837,.T.);
#836=ORIENTED_EDGE('',*,*,#2879,.F.);
#837=ORIENTED_EDGE('',*,*,#2852,.F.);
#838=ORIENTED_EDGE('',*,*,#2780,.F.);
#839=ORIENTED_EDGE('',*,*,#2874,.F.);
#840=ORIENTED_EDGE('',*,*,#2871,.T.);
#841=ORIENTED_EDGE('',*,*,#2882,.T.);
#842=ORIENTED_EDGE('',*,*,#2846,.T.);
#843=ORIENTED_EDGE('',*,*,#2777,.T.);
#844=ORIENTED_EDGE('',*,*,#2850,.T.);
#845=ORIENTED_EDGE('',*,*,#2847,.F.);
#846=ORIENTED_EDGE('',*,*,#2882,.F.);
#847=ORIENTED_EDGE('',*,*,#2870,.F.);
#848=ORIENTED_EDGE('',*,*,#2872,.T.);
#849=ORIENTED_EDGE('',*,*,#2782,.T.);
#850=ORIENTED_EDGE('',*,*,#2851,.T.);
#851=ORIENTED_EDGE('',*,*,#2844,.F.);
#852=ORIENTED_EDGE('',*,*,#2881,.F.);
#853=ORIENTED_EDGE('',*,*,#2832,.F.);
#854=ORIENTED_EDGE('',*,*,#2880,.F.);
#855=ORIENTED_EDGE('',*,*,#2816,.T.);
#856=ORIENTED_EDGE('',*,*,#2790,.F.);
#857=ORIENTED_EDGE('',*,*,#2767,.T.);
#858=ORIENTED_EDGE('',*,*,#2883,.F.);
#859=ORIENTED_EDGE('',*,*,#2884,.F.);
#860=ORIENTED_EDGE('',*,*,#2765,.F.);
#861=ORIENTED_EDGE('',*,*,#2792,.T.);
#862=ORIENTED_EDGE('',*,*,#2885,.T.);
#863=ORIENTED_EDGE('',*,*,#2886,.T.);
#864=ORIENTED_EDGE('',*,*,#2887,.F.);
#865=ORIENTED_EDGE('',*,*,#2885,.F.);
#866=ORIENTED_EDGE('',*,*,#2791,.T.);
#867=ORIENTED_EDGE('',*,*,#2884,.T.);
#868=ORIENTED_EDGE('',*,*,#2888,.T.);
#869=ORIENTED_EDGE('',*,*,#2766,.T.);
#870=ORIENTED_EDGE('',*,*,#2886,.F.);
#871=ORIENTED_EDGE('',*,*,#2888,.F.);
#872=ORIENTED_EDGE('',*,*,#2883,.T.);
#873=ORIENTED_EDGE('',*,*,#2887,.T.);
#874=ORIENTED_EDGE('',*,*,#2889,.F.);
#875=ORIENTED_EDGE('',*,*,#2889,.T.);
#876=ORIENTED_EDGE('',*,*,#2890,.F.);
#877=ORIENTED_EDGE('',*,*,#2830,.T.);
#878=ORIENTED_EDGE('',*,*,#2890,.T.);
#879=ORIENTED_EDGE('',*,*,#2891,.F.);
#880=ORIENTED_EDGE('',*,*,#2829,.T.);
#881=ORIENTED_EDGE('',*,*,#2891,.T.);
#882=ORIENTED_EDGE('',*,*,#2892,.F.);
#883=ORIENTED_EDGE('',*,*,#2828,.T.);
#884=ORIENTED_EDGE('',*,*,#2892,.T.);
#885=ORIENTED_EDGE('',*,*,#2893,.F.);
#886=ORIENTED_EDGE('',*,*,#2827,.T.);
#887=ORIENTED_EDGE('',*,*,#2893,.T.);
#888=ORIENTED_EDGE('',*,*,#2894,.F.);
#889=ORIENTED_EDGE('',*,*,#2895,.F.);
#890=ORIENTED_EDGE('',*,*,#2896,.T.);
#891=ORIENTED_EDGE('',*,*,#2897,.T.);
#892=ORIENTED_EDGE('',*,*,#2898,.T.);
#893=ORIENTED_EDGE('',*,*,#2899,.F.);
#894=ORIENTED_EDGE('',*,*,#2900,.F.);
#895=ORIENTED_EDGE('',*,*,#2895,.T.);
#896=ORIENTED_EDGE('',*,*,#2901,.T.);
#897=ORIENTED_EDGE('',*,*,#2902,.F.);
#898=ORIENTED_EDGE('',*,*,#2903,.F.);
#899=ORIENTED_EDGE('',*,*,#2899,.T.);
#900=ORIENTED_EDGE('',*,*,#2904,.F.);
#901=ORIENTED_EDGE('',*,*,#2897,.F.);
#902=ORIENTED_EDGE('',*,*,#2905,.T.);
#903=ORIENTED_EDGE('',*,*,#2902,.T.);
#904=ORIENTED_EDGE('',*,*,#2906,.T.);
#905=ORIENTED_EDGE('',*,*,#2907,.F.);
#906=ORIENTED_EDGE('',*,*,#2896,.F.);
#907=ORIENTED_EDGE('',*,*,#2900,.T.);
#908=ORIENTED_EDGE('',*,*,#2903,.T.);
#909=ORIENTED_EDGE('',*,*,#2905,.F.);
#910=ORIENTED_EDGE('',*,*,#2906,.F.);
#911=ORIENTED_EDGE('',*,*,#2894,.T.);
#912=ORIENTED_EDGE('',*,*,#2904,.T.);
#913=ORIENTED_EDGE('',*,*,#2901,.F.);
#914=ORIENTED_EDGE('',*,*,#2898,.F.);
#915=ORIENTED_EDGE('',*,*,#2907,.T.);
#916=ORIENTED_EDGE('',*,*,#2908,.F.);
#917=ORIENTED_EDGE('',*,*,#2909,.F.);
#918=ORIENTED_EDGE('',*,*,#2910,.T.);
#919=ORIENTED_EDGE('',*,*,#2911,.T.);
#920=ORIENTED_EDGE('',*,*,#2912,.T.);
#921=ORIENTED_EDGE('',*,*,#2913,.F.);
#922=ORIENTED_EDGE('',*,*,#2914,.F.);
#923=ORIENTED_EDGE('',*,*,#2909,.T.);
#924=ORIENTED_EDGE('',*,*,#2915,.T.);
#925=ORIENTED_EDGE('',*,*,#2916,.F.);
#926=ORIENTED_EDGE('',*,*,#2917,.F.);
#927=ORIENTED_EDGE('',*,*,#2913,.T.);
#928=ORIENTED_EDGE('',*,*,#2918,.T.);
#929=ORIENTED_EDGE('',*,*,#2919,.F.);
#930=ORIENTED_EDGE('',*,*,#2920,.F.);
#931=ORIENTED_EDGE('',*,*,#2911,.F.);
#932=ORIENTED_EDGE('',*,*,#2921,.T.);
#933=ORIENTED_EDGE('',*,*,#2916,.T.);
#934=ORIENTED_EDGE('',*,*,#2918,.F.);
#935=ORIENTED_EDGE('',*,*,#2910,.F.);
#936=ORIENTED_EDGE('',*,*,#2914,.T.);
#937=ORIENTED_EDGE('',*,*,#2917,.T.);
#938=ORIENTED_EDGE('',*,*,#2921,.F.);
#939=ORIENTED_EDGE('',*,*,#2919,.T.);
#940=ORIENTED_EDGE('',*,*,#2908,.T.);
#941=ORIENTED_EDGE('',*,*,#2920,.T.);
#942=ORIENTED_EDGE('',*,*,#2915,.F.);
#943=ORIENTED_EDGE('',*,*,#2912,.F.);
#944=ORIENTED_EDGE('',*,*,#2922,.T.);
#945=ORIENTED_EDGE('',*,*,#2923,.T.);
#946=ORIENTED_EDGE('',*,*,#2924,.T.);
#947=ORIENTED_EDGE('',*,*,#2925,.T.);
#948=ORIENTED_EDGE('',*,*,#2926,.T.);
#949=ORIENTED_EDGE('',*,*,#2927,.T.);
#950=ORIENTED_EDGE('',*,*,#2928,.T.);
#951=ORIENTED_EDGE('',*,*,#2929,.T.);
#952=ORIENTED_EDGE('',*,*,#2930,.T.);
#953=ORIENTED_EDGE('',*,*,#2931,.T.);
#954=ORIENTED_EDGE('',*,*,#2932,.T.);
#955=ORIENTED_EDGE('',*,*,#2933,.T.);
#956=ORIENTED_EDGE('',*,*,#2934,.T.);
#957=ORIENTED_EDGE('',*,*,#2935,.T.);
#958=ORIENTED_EDGE('',*,*,#2936,.T.);
#959=ORIENTED_EDGE('',*,*,#2937,.T.);
#960=ORIENTED_EDGE('',*,*,#2938,.T.);
#961=ORIENTED_EDGE('',*,*,#2939,.T.);
#962=ORIENTED_EDGE('',*,*,#2940,.T.);
#963=ORIENTED_EDGE('',*,*,#2941,.T.);
#964=ORIENTED_EDGE('',*,*,#2942,.T.);
#965=ORIENTED_EDGE('',*,*,#2943,.T.);
#966=ORIENTED_EDGE('',*,*,#2944,.T.);
#967=ORIENTED_EDGE('',*,*,#2945,.T.);
#968=ORIENTED_EDGE('',*,*,#2946,.T.);
#969=ORIENTED_EDGE('',*,*,#2947,.T.);
#970=ORIENTED_EDGE('',*,*,#2948,.T.);
#971=ORIENTED_EDGE('',*,*,#2949,.T.);
#972=ORIENTED_EDGE('',*,*,#2950,.T.);
#973=ORIENTED_EDGE('',*,*,#2951,.T.);
#974=ORIENTED_EDGE('',*,*,#2952,.T.);
#975=ORIENTED_EDGE('',*,*,#2953,.T.);
#976=ORIENTED_EDGE('',*,*,#2954,.T.);
#977=ORIENTED_EDGE('',*,*,#2955,.T.);
#978=ORIENTED_EDGE('',*,*,#2956,.T.);
#979=ORIENTED_EDGE('',*,*,#2957,.T.);
#980=ORIENTED_EDGE('',*,*,#2958,.T.);
#981=ORIENTED_EDGE('',*,*,#2959,.T.);
#982=ORIENTED_EDGE('',*,*,#2960,.T.);
#983=ORIENTED_EDGE('',*,*,#2961,.T.);
#984=ORIENTED_EDGE('',*,*,#2962,.T.);
#985=ORIENTED_EDGE('',*,*,#2963,.T.);
#986=ORIENTED_EDGE('',*,*,#2964,.T.);
#987=ORIENTED_EDGE('',*,*,#2965,.T.);
#988=ORIENTED_EDGE('',*,*,#2966,.T.);
#989=ORIENTED_EDGE('',*,*,#2967,.T.);
#990=ORIENTED_EDGE('',*,*,#2968,.T.);
#991=ORIENTED_EDGE('',*,*,#2969,.T.);
#992=ORIENTED_EDGE('',*,*,#2970,.T.);
#993=ORIENTED_EDGE('',*,*,#2971,.T.);
#994=ORIENTED_EDGE('',*,*,#2972,.T.);
#995=ORIENTED_EDGE('',*,*,#2973,.T.);
#996=ORIENTED_EDGE('',*,*,#2974,.T.);
#997=ORIENTED_EDGE('',*,*,#2975,.T.);
#998=ORIENTED_EDGE('',*,*,#2976,.T.);
#999=ORIENTED_EDGE('',*,*,#2977,.T.);
#1000=ORIENTED_EDGE('',*,*,#2978,.T.);
#1001=ORIENTED_EDGE('',*,*,#2979,.T.);
#1002=ORIENTED_EDGE('',*,*,#2980,.T.);
#1003=ORIENTED_EDGE('',*,*,#2981,.T.);
#1004=ORIENTED_EDGE('',*,*,#2982,.T.);
#1005=ORIENTED_EDGE('',*,*,#2983,.T.);
#1006=ORIENTED_EDGE('',*,*,#2984,.T.);
#1007=ORIENTED_EDGE('',*,*,#2985,.T.);
#1008=ORIENTED_EDGE('',*,*,#2986,.T.);
#1009=ORIENTED_EDGE('',*,*,#2987,.F.);
#1010=ORIENTED_EDGE('',*,*,#2988,.T.);
#1011=ORIENTED_EDGE('',*,*,#2989,.T.);
#1012=ORIENTED_EDGE('',*,*,#2990,.F.);
#1013=ORIENTED_EDGE('',*,*,#2991,.F.);
#1014=ORIENTED_EDGE('',*,*,#2992,.F.);
#1015=ORIENTED_EDGE('',*,*,#2993,.F.);
#1016=ORIENTED_EDGE('',*,*,#2994,.F.);
#1017=ORIENTED_EDGE('',*,*,#2995,.F.);
#1018=ORIENTED_EDGE('',*,*,#2996,.T.);
#1019=ORIENTED_EDGE('',*,*,#2997,.T.);
#1020=ORIENTED_EDGE('',*,*,#2998,.F.);
#1021=ORIENTED_EDGE('',*,*,#2999,.T.);
#1022=ORIENTED_EDGE('',*,*,#3000,.T.);
#1023=ORIENTED_EDGE('',*,*,#3001,.T.);
#1024=ORIENTED_EDGE('',*,*,#3002,.T.);
#1025=ORIENTED_EDGE('',*,*,#3003,.T.);
#1026=ORIENTED_EDGE('',*,*,#3004,.T.);
#1027=ORIENTED_EDGE('',*,*,#3005,.T.);
#1028=ORIENTED_EDGE('',*,*,#3006,.T.);
#1029=ORIENTED_EDGE('',*,*,#3007,.T.);
#1030=ORIENTED_EDGE('',*,*,#3008,.T.);
#1031=ORIENTED_EDGE('',*,*,#3009,.T.);
#1032=ORIENTED_EDGE('',*,*,#3010,.T.);
#1033=ORIENTED_EDGE('',*,*,#3011,.T.);
#1034=ORIENTED_EDGE('',*,*,#3012,.T.);
#1035=ORIENTED_EDGE('',*,*,#3013,.T.);
#1036=ORIENTED_EDGE('',*,*,#3014,.T.);
#1037=ORIENTED_EDGE('',*,*,#3015,.T.);
#1038=ORIENTED_EDGE('',*,*,#3016,.T.);
#1039=ORIENTED_EDGE('',*,*,#3017,.T.);
#1040=ORIENTED_EDGE('',*,*,#3018,.T.);
#1041=ORIENTED_EDGE('',*,*,#3019,.T.);
#1042=ORIENTED_EDGE('',*,*,#3020,.T.);
#1043=ORIENTED_EDGE('',*,*,#3021,.T.);
#1044=ORIENTED_EDGE('',*,*,#3022,.T.);
#1045=ORIENTED_EDGE('',*,*,#3023,.T.);
#1046=ORIENTED_EDGE('',*,*,#3024,.T.);
#1047=ORIENTED_EDGE('',*,*,#3025,.T.);
#1048=ORIENTED_EDGE('',*,*,#3026,.T.);
#1049=ORIENTED_EDGE('',*,*,#3027,.T.);
#1050=ORIENTED_EDGE('',*,*,#3028,.T.);
#1051=ORIENTED_EDGE('',*,*,#3029,.T.);
#1052=ORIENTED_EDGE('',*,*,#3030,.T.);
#1053=ORIENTED_EDGE('',*,*,#3031,.T.);
#1054=ORIENTED_EDGE('',*,*,#3032,.T.);
#1055=ORIENTED_EDGE('',*,*,#3033,.T.);
#1056=ORIENTED_EDGE('',*,*,#3034,.T.);
#1057=ORIENTED_EDGE('',*,*,#3035,.T.);
#1058=ORIENTED_EDGE('',*,*,#3036,.T.);
#1059=ORIENTED_EDGE('',*,*,#3037,.T.);
#1060=ORIENTED_EDGE('',*,*,#3038,.T.);
#1061=ORIENTED_EDGE('',*,*,#3039,.T.);
#1062=ORIENTED_EDGE('',*,*,#3040,.T.);
#1063=ORIENTED_EDGE('',*,*,#3041,.T.);
#1064=ORIENTED_EDGE('',*,*,#3042,.T.);
#1065=ORIENTED_EDGE('',*,*,#3043,.T.);
#1066=ORIENTED_EDGE('',*,*,#3044,.T.);
#1067=ORIENTED_EDGE('',*,*,#3045,.T.);
#1068=ORIENTED_EDGE('',*,*,#3046,.T.);
#1069=ORIENTED_EDGE('',*,*,#3047,.T.);
#1070=ORIENTED_EDGE('',*,*,#3048,.T.);
#1071=ORIENTED_EDGE('',*,*,#3049,.T.);
#1072=ORIENTED_EDGE('',*,*,#3050,.T.);
#1073=ORIENTED_EDGE('',*,*,#3051,.T.);
#1074=ORIENTED_EDGE('',*,*,#3052,.T.);
#1075=ORIENTED_EDGE('',*,*,#3053,.T.);
#1076=ORIENTED_EDGE('',*,*,#3054,.T.);
#1077=ORIENTED_EDGE('',*,*,#3055,.T.);
#1078=ORIENTED_EDGE('',*,*,#3056,.T.);
#1079=ORIENTED_EDGE('',*,*,#3057,.T.);
#1080=ORIENTED_EDGE('',*,*,#3058,.T.);
#1081=ORIENTED_EDGE('',*,*,#3059,.T.);
#1082=ORIENTED_EDGE('',*,*,#3060,.T.);
#1083=ORIENTED_EDGE('',*,*,#3061,.T.);
#1084=ORIENTED_EDGE('',*,*,#3062,.T.);
#1085=ORIENTED_EDGE('',*,*,#3063,.T.);
#1086=ORIENTED_EDGE('',*,*,#3064,.T.);
#1087=ORIENTED_EDGE('',*,*,#3065,.T.);
#1088=ORIENTED_EDGE('',*,*,#3066,.T.);
#1089=ORIENTED_EDGE('',*,*,#3067,.T.);
#1090=ORIENTED_EDGE('',*,*,#3068,.T.);
#1091=ORIENTED_EDGE('',*,*,#3069,.T.);
#1092=ORIENTED_EDGE('',*,*,#3070,.T.);
#1093=ORIENTED_EDGE('',*,*,#3071,.T.);
#1094=ORIENTED_EDGE('',*,*,#3072,.T.);
#1095=ORIENTED_EDGE('',*,*,#3073,.T.);
#1096=ORIENTED_EDGE('',*,*,#3074,.T.);
#1097=ORIENTED_EDGE('',*,*,#3075,.T.);
#1098=ORIENTED_EDGE('',*,*,#3076,.T.);
#1099=ORIENTED_EDGE('',*,*,#3077,.T.);
#1100=ORIENTED_EDGE('',*,*,#3078,.T.);
#1101=ORIENTED_EDGE('',*,*,#3079,.T.);
#1102=ORIENTED_EDGE('',*,*,#3080,.T.);
#1103=ORIENTED_EDGE('',*,*,#3081,.T.);
#1104=ORIENTED_EDGE('',*,*,#3082,.T.);
#1105=ORIENTED_EDGE('',*,*,#3083,.T.);
#1106=ORIENTED_EDGE('',*,*,#3084,.T.);
#1107=ORIENTED_EDGE('',*,*,#3085,.T.);
#1108=ORIENTED_EDGE('',*,*,#3086,.T.);
#1109=ORIENTED_EDGE('',*,*,#3087,.T.);
#1110=ORIENTED_EDGE('',*,*,#3088,.T.);
#1111=ORIENTED_EDGE('',*,*,#3089,.T.);
#1112=ORIENTED_EDGE('',*,*,#3090,.T.);
#1113=ORIENTED_EDGE('',*,*,#3091,.T.);
#1114=ORIENTED_EDGE('',*,*,#3092,.T.);
#1115=ORIENTED_EDGE('',*,*,#3093,.T.);
#1116=ORIENTED_EDGE('',*,*,#3094,.T.);
#1117=ORIENTED_EDGE('',*,*,#3095,.T.);
#1118=ORIENTED_EDGE('',*,*,#3096,.T.);
#1119=ORIENTED_EDGE('',*,*,#3097,.T.);
#1120=ORIENTED_EDGE('',*,*,#3098,.T.);
#1121=ORIENTED_EDGE('',*,*,#3099,.T.);
#1122=ORIENTED_EDGE('',*,*,#3100,.T.);
#1123=ORIENTED_EDGE('',*,*,#3101,.T.);
#1124=ORIENTED_EDGE('',*,*,#3102,.T.);
#1125=ORIENTED_EDGE('',*,*,#3103,.T.);
#1126=ORIENTED_EDGE('',*,*,#3104,.T.);
#1127=ORIENTED_EDGE('',*,*,#3105,.T.);
#1128=ORIENTED_EDGE('',*,*,#3106,.T.);
#1129=ORIENTED_EDGE('',*,*,#3107,.T.);
#1130=ORIENTED_EDGE('',*,*,#3108,.T.);
#1131=ORIENTED_EDGE('',*,*,#3109,.T.);
#1132=ORIENTED_EDGE('',*,*,#3110,.T.);
#1133=ORIENTED_EDGE('',*,*,#3111,.T.);
#1134=ORIENTED_EDGE('',*,*,#3112,.T.);
#1135=ORIENTED_EDGE('',*,*,#3113,.T.);
#1136=ORIENTED_EDGE('',*,*,#3114,.T.);
#1137=ORIENTED_EDGE('',*,*,#3115,.T.);
#1138=ORIENTED_EDGE('',*,*,#3116,.T.);
#1139=ORIENTED_EDGE('',*,*,#3117,.T.);
#1140=ORIENTED_EDGE('',*,*,#3118,.T.);
#1141=ORIENTED_EDGE('',*,*,#3119,.T.);
#1142=ORIENTED_EDGE('',*,*,#3120,.T.);
#1143=ORIENTED_EDGE('',*,*,#3121,.T.);
#1144=ORIENTED_EDGE('',*,*,#3122,.T.);
#1145=ORIENTED_EDGE('',*,*,#3123,.T.);
#1146=ORIENTED_EDGE('',*,*,#3124,.T.);
#1147=ORIENTED_EDGE('',*,*,#3125,.T.);
#1148=ORIENTED_EDGE('',*,*,#3126,.T.);
#1149=ORIENTED_EDGE('',*,*,#3127,.T.);
#1150=ORIENTED_EDGE('',*,*,#3128,.T.);
#1151=ORIENTED_EDGE('',*,*,#3129,.T.);
#1152=ORIENTED_EDGE('',*,*,#3130,.T.);
#1153=ORIENTED_EDGE('',*,*,#3131,.T.);
#1154=ORIENTED_EDGE('',*,*,#3132,.T.);
#1155=ORIENTED_EDGE('',*,*,#3133,.T.);
#1156=ORIENTED_EDGE('',*,*,#3134,.T.);
#1157=ORIENTED_EDGE('',*,*,#3135,.T.);
#1158=ORIENTED_EDGE('',*,*,#3136,.T.);
#1159=ORIENTED_EDGE('',*,*,#3137,.T.);
#1160=ORIENTED_EDGE('',*,*,#3138,.T.);
#1161=ORIENTED_EDGE('',*,*,#3139,.T.);
#1162=ORIENTED_EDGE('',*,*,#3140,.T.);
#1163=ORIENTED_EDGE('',*,*,#3141,.T.);
#1164=ORIENTED_EDGE('',*,*,#3142,.T.);
#1165=ORIENTED_EDGE('',*,*,#3143,.T.);
#1166=ORIENTED_EDGE('',*,*,#3144,.T.);
#1167=ORIENTED_EDGE('',*,*,#3145,.T.);
#1168=ORIENTED_EDGE('',*,*,#3146,.T.);
#1169=ORIENTED_EDGE('',*,*,#3147,.T.);
#1170=ORIENTED_EDGE('',*,*,#3148,.T.);
#1171=ORIENTED_EDGE('',*,*,#3149,.T.);
#1172=ORIENTED_EDGE('',*,*,#3150,.T.);
#1173=ORIENTED_EDGE('',*,*,#3151,.T.);
#1174=ORIENTED_EDGE('',*,*,#3152,.T.);
#1175=ORIENTED_EDGE('',*,*,#3153,.T.);
#1176=ORIENTED_EDGE('',*,*,#3154,.T.);
#1177=ORIENTED_EDGE('',*,*,#3155,.T.);
#1178=ORIENTED_EDGE('',*,*,#3156,.T.);
#1179=ORIENTED_EDGE('',*,*,#3157,.T.);
#1180=ORIENTED_EDGE('',*,*,#3158,.T.);
#1181=ORIENTED_EDGE('',*,*,#3159,.T.);
#1182=ORIENTED_EDGE('',*,*,#3160,.T.);
#1183=ORIENTED_EDGE('',*,*,#3161,.T.);
#1184=ORIENTED_EDGE('',*,*,#3162,.T.);
#1185=ORIENTED_EDGE('',*,*,#3163,.T.);
#1186=ORIENTED_EDGE('',*,*,#3164,.T.);
#1187=ORIENTED_EDGE('',*,*,#3165,.T.);
#1188=ORIENTED_EDGE('',*,*,#3166,.T.);
#1189=ORIENTED_EDGE('',*,*,#3167,.T.);
#1190=ORIENTED_EDGE('',*,*,#3168,.T.);
#1191=ORIENTED_EDGE('',*,*,#3169,.T.);
#1192=ORIENTED_EDGE('',*,*,#3170,.F.);
#1193=ORIENTED_EDGE('',*,*,#3171,.F.);
#1194=ORIENTED_EDGE('',*,*,#2987,.T.);
#1195=ORIENTED_EDGE('',*,*,#3172,.T.);
#1196=ORIENTED_EDGE('',*,*,#3173,.T.);
#1197=ORIENTED_EDGE('',*,*,#3174,.F.);
#1198=ORIENTED_EDGE('',*,*,#2988,.F.);
#1199=ORIENTED_EDGE('',*,*,#3171,.T.);
#1200=ORIENTED_EDGE('',*,*,#3175,.T.);
#1201=ORIENTED_EDGE('',*,*,#3176,.F.);
#1202=ORIENTED_EDGE('',*,*,#2989,.F.);
#1203=ORIENTED_EDGE('',*,*,#3174,.T.);
#1204=ORIENTED_EDGE('',*,*,#3177,.F.);
#1205=ORIENTED_EDGE('',*,*,#3178,.F.);
#1206=ORIENTED_EDGE('',*,*,#2995,.T.);
#1207=ORIENTED_EDGE('',*,*,#3179,.T.);
#1208=ORIENTED_EDGE('',*,*,#3180,.T.);
#1209=ORIENTED_EDGE('',*,*,#3181,.F.);
#1210=ORIENTED_EDGE('',*,*,#2996,.F.);
#1211=ORIENTED_EDGE('',*,*,#3178,.T.);
#1212=ORIENTED_EDGE('',*,*,#3182,.T.);
#1213=ORIENTED_EDGE('',*,*,#3183,.F.);
#1214=ORIENTED_EDGE('',*,*,#2997,.F.);
#1215=ORIENTED_EDGE('',*,*,#3181,.T.);
#1216=ORIENTED_EDGE('',*,*,#2991,.T.);
#1217=ORIENTED_EDGE('',*,*,#3184,.F.);
#1218=ORIENTED_EDGE('',*,*,#2992,.T.);
#1219=ORIENTED_EDGE('',*,*,#3185,.F.);
#1220=ORIENTED_EDGE('',*,*,#2993,.T.);
#1221=ORIENTED_EDGE('',*,*,#3186,.F.);
#1222=ORIENTED_EDGE('',*,*,#2994,.T.);
#1223=ORIENTED_EDGE('',*,*,#3187,.F.);
#1224=ORIENTED_EDGE('',*,*,#3188,.F.);
#1225=ORIENTED_EDGE('',*,*,#3179,.F.);
#1226=ORIENTED_EDGE('',*,*,#2998,.T.);
#1227=ORIENTED_EDGE('',*,*,#3183,.T.);
#1228=ORIENTED_EDGE('',*,*,#3189,.F.);
#1229=ORIENTED_EDGE('',*,*,#3172,.F.);
#1230=ORIENTED_EDGE('',*,*,#2990,.T.);
#1231=ORIENTED_EDGE('',*,*,#3176,.T.);
#1232=ORIENTED_EDGE('',*,*,#3177,.T.);
#1233=ORIENTED_EDGE('',*,*,#3188,.T.);
#1234=ORIENTED_EDGE('',*,*,#3182,.F.);
#1235=ORIENTED_EDGE('',*,*,#3180,.F.);
#1236=ORIENTED_EDGE('',*,*,#3187,.T.);
#1237=ORIENTED_EDGE('',*,*,#3186,.T.);
#1238=ORIENTED_EDGE('',*,*,#3185,.T.);
#1239=ORIENTED_EDGE('',*,*,#3184,.T.);
#1240=ORIENTED_EDGE('',*,*,#3170,.T.);
#1241=ORIENTED_EDGE('',*,*,#3189,.T.);
#1242=ORIENTED_EDGE('',*,*,#3175,.F.);
#1243=ORIENTED_EDGE('',*,*,#3173,.F.);
#1244=ORIENTED_EDGE('',*,*,#2999,.F.);
#1245=ORIENTED_EDGE('',*,*,#3190,.F.);
#1246=ORIENTED_EDGE('',*,*,#3191,.T.);
#1247=ORIENTED_EDGE('',*,*,#3192,.T.);
#1248=ORIENTED_EDGE('',*,*,#3015,.F.);
#1249=ORIENTED_EDGE('',*,*,#3193,.F.);
#1250=ORIENTED_EDGE('',*,*,#3194,.T.);
#1251=ORIENTED_EDGE('',*,*,#3190,.T.);
#1252=ORIENTED_EDGE('',*,*,#3014,.F.);
#1253=ORIENTED_EDGE('',*,*,#3195,.F.);
#1254=ORIENTED_EDGE('',*,*,#3196,.T.);
#1255=ORIENTED_EDGE('',*,*,#3193,.T.);
#1256=ORIENTED_EDGE('',*,*,#3013,.F.);
#1257=ORIENTED_EDGE('',*,*,#3197,.F.);
#1258=ORIENTED_EDGE('',*,*,#3198,.T.);
#1259=ORIENTED_EDGE('',*,*,#3195,.T.);
#1260=ORIENTED_EDGE('',*,*,#3012,.F.);
#1261=ORIENTED_EDGE('',*,*,#3199,.F.);
#1262=ORIENTED_EDGE('',*,*,#3200,.T.);
#1263=ORIENTED_EDGE('',*,*,#3197,.T.);
#1264=ORIENTED_EDGE('',*,*,#3011,.F.);
#1265=ORIENTED_EDGE('',*,*,#3201,.F.);
#1266=ORIENTED_EDGE('',*,*,#3202,.T.);
#1267=ORIENTED_EDGE('',*,*,#3199,.T.);
#1268=ORIENTED_EDGE('',*,*,#3010,.F.);
#1269=ORIENTED_EDGE('',*,*,#3203,.F.);
#1270=ORIENTED_EDGE('',*,*,#3204,.T.);
#1271=ORIENTED_EDGE('',*,*,#3201,.T.);
#1272=ORIENTED_EDGE('',*,*,#3009,.F.);
#1273=ORIENTED_EDGE('',*,*,#3205,.F.);
#1274=ORIENTED_EDGE('',*,*,#3206,.T.);
#1275=ORIENTED_EDGE('',*,*,#3203,.T.);
#1276=ORIENTED_EDGE('',*,*,#3008,.F.);
#1277=ORIENTED_EDGE('',*,*,#3207,.F.);
#1278=ORIENTED_EDGE('',*,*,#3208,.T.);
#1279=ORIENTED_EDGE('',*,*,#3205,.T.);
#1280=ORIENTED_EDGE('',*,*,#3007,.F.);
#1281=ORIENTED_EDGE('',*,*,#3209,.F.);
#1282=ORIENTED_EDGE('',*,*,#3210,.T.);
#1283=ORIENTED_EDGE('',*,*,#3207,.T.);
#1284=ORIENTED_EDGE('',*,*,#3006,.F.);
#1285=ORIENTED_EDGE('',*,*,#3211,.F.);
#1286=ORIENTED_EDGE('',*,*,#3212,.T.);
#1287=ORIENTED_EDGE('',*,*,#3209,.T.);
#1288=ORIENTED_EDGE('',*,*,#3005,.F.);
#1289=ORIENTED_EDGE('',*,*,#3213,.F.);
#1290=ORIENTED_EDGE('',*,*,#3214,.T.);
#1291=ORIENTED_EDGE('',*,*,#3211,.T.);
#1292=ORIENTED_EDGE('',*,*,#3004,.F.);
#1293=ORIENTED_EDGE('',*,*,#3215,.F.);
#1294=ORIENTED_EDGE('',*,*,#3216,.T.);
#1295=ORIENTED_EDGE('',*,*,#3213,.T.);
#1296=ORIENTED_EDGE('',*,*,#3003,.F.);
#1297=ORIENTED_EDGE('',*,*,#3217,.F.);
#1298=ORIENTED_EDGE('',*,*,#3218,.T.);
#1299=ORIENTED_EDGE('',*,*,#3215,.T.);
#1300=ORIENTED_EDGE('',*,*,#3002,.F.);
#1301=ORIENTED_EDGE('',*,*,#3219,.F.);
#1302=ORIENTED_EDGE('',*,*,#3220,.T.);
#1303=ORIENTED_EDGE('',*,*,#3217,.T.);
#1304=ORIENTED_EDGE('',*,*,#3001,.F.);
#1305=ORIENTED_EDGE('',*,*,#3221,.F.);
#1306=ORIENTED_EDGE('',*,*,#3222,.T.);
#1307=ORIENTED_EDGE('',*,*,#3219,.T.);
#1308=ORIENTED_EDGE('',*,*,#3000,.F.);
#1309=ORIENTED_EDGE('',*,*,#3192,.F.);
#1310=ORIENTED_EDGE('',*,*,#3223,.T.);
#1311=ORIENTED_EDGE('',*,*,#3221,.T.);
#1312=ORIENTED_EDGE('',*,*,#3191,.F.);
#1313=ORIENTED_EDGE('',*,*,#3194,.F.);
#1314=ORIENTED_EDGE('',*,*,#3196,.F.);
#1315=ORIENTED_EDGE('',*,*,#3198,.F.);
#1316=ORIENTED_EDGE('',*,*,#3200,.F.);
#1317=ORIENTED_EDGE('',*,*,#3202,.F.);
#1318=ORIENTED_EDGE('',*,*,#3204,.F.);
#1319=ORIENTED_EDGE('',*,*,#3206,.F.);
#1320=ORIENTED_EDGE('',*,*,#3208,.F.);
#1321=ORIENTED_EDGE('',*,*,#3210,.F.);
#1322=ORIENTED_EDGE('',*,*,#3212,.F.);
#1323=ORIENTED_EDGE('',*,*,#3214,.F.);
#1324=ORIENTED_EDGE('',*,*,#3216,.F.);
#1325=ORIENTED_EDGE('',*,*,#3218,.F.);
#1326=ORIENTED_EDGE('',*,*,#3220,.F.);
#1327=ORIENTED_EDGE('',*,*,#3222,.F.);
#1328=ORIENTED_EDGE('',*,*,#3223,.F.);
#1329=ORIENTED_EDGE('',*,*,#3016,.F.);
#1330=ORIENTED_EDGE('',*,*,#3224,.F.);
#1331=ORIENTED_EDGE('',*,*,#3225,.T.);
#1332=ORIENTED_EDGE('',*,*,#3226,.T.);
#1333=ORIENTED_EDGE('',*,*,#3033,.F.);
#1334=ORIENTED_EDGE('',*,*,#3227,.F.);
#1335=ORIENTED_EDGE('',*,*,#3228,.T.);
#1336=ORIENTED_EDGE('',*,*,#3224,.T.);
#1337=ORIENTED_EDGE('',*,*,#3032,.F.);
#1338=ORIENTED_EDGE('',*,*,#3229,.F.);
#1339=ORIENTED_EDGE('',*,*,#3230,.T.);
#1340=ORIENTED_EDGE('',*,*,#3227,.T.);
#1341=ORIENTED_EDGE('',*,*,#3031,.F.);
#1342=ORIENTED_EDGE('',*,*,#3231,.F.);
#1343=ORIENTED_EDGE('',*,*,#3232,.T.);
#1344=ORIENTED_EDGE('',*,*,#3229,.T.);
#1345=ORIENTED_EDGE('',*,*,#3030,.F.);
#1346=ORIENTED_EDGE('',*,*,#3233,.F.);
#1347=ORIENTED_EDGE('',*,*,#3234,.T.);
#1348=ORIENTED_EDGE('',*,*,#3231,.T.);
#1349=ORIENTED_EDGE('',*,*,#3029,.F.);
#1350=ORIENTED_EDGE('',*,*,#3235,.F.);
#1351=ORIENTED_EDGE('',*,*,#3236,.T.);
#1352=ORIENTED_EDGE('',*,*,#3233,.T.);
#1353=ORIENTED_EDGE('',*,*,#3028,.F.);
#1354=ORIENTED_EDGE('',*,*,#3237,.F.);
#1355=ORIENTED_EDGE('',*,*,#3238,.T.);
#1356=ORIENTED_EDGE('',*,*,#3235,.T.);
#1357=ORIENTED_EDGE('',*,*,#3027,.F.);
#1358=ORIENTED_EDGE('',*,*,#3239,.F.);
#1359=ORIENTED_EDGE('',*,*,#3240,.T.);
#1360=ORIENTED_EDGE('',*,*,#3237,.T.);
#1361=ORIENTED_EDGE('',*,*,#3026,.F.);
#1362=ORIENTED_EDGE('',*,*,#3241,.F.);
#1363=ORIENTED_EDGE('',*,*,#3242,.T.);
#1364=ORIENTED_EDGE('',*,*,#3239,.T.);
#1365=ORIENTED_EDGE('',*,*,#3025,.F.);
#1366=ORIENTED_EDGE('',*,*,#3243,.F.);
#1367=ORIENTED_EDGE('',*,*,#3244,.T.);
#1368=ORIENTED_EDGE('',*,*,#3241,.T.);
#1369=ORIENTED_EDGE('',*,*,#3024,.F.);
#1370=ORIENTED_EDGE('',*,*,#3245,.F.);
#1371=ORIENTED_EDGE('',*,*,#3246,.T.);
#1372=ORIENTED_EDGE('',*,*,#3243,.T.);
#1373=ORIENTED_EDGE('',*,*,#3023,.F.);
#1374=ORIENTED_EDGE('',*,*,#3247,.F.);
#1375=ORIENTED_EDGE('',*,*,#3248,.T.);
#1376=ORIENTED_EDGE('',*,*,#3245,.T.);
#1377=ORIENTED_EDGE('',*,*,#3022,.F.);
#1378=ORIENTED_EDGE('',*,*,#3249,.F.);
#1379=ORIENTED_EDGE('',*,*,#3250,.T.);
#1380=ORIENTED_EDGE('',*,*,#3247,.T.);
#1381=ORIENTED_EDGE('',*,*,#3021,.F.);
#1382=ORIENTED_EDGE('',*,*,#3251,.F.);
#1383=ORIENTED_EDGE('',*,*,#3252,.T.);
#1384=ORIENTED_EDGE('',*,*,#3249,.T.);
#1385=ORIENTED_EDGE('',*,*,#3020,.F.);
#1386=ORIENTED_EDGE('',*,*,#3253,.F.);
#1387=ORIENTED_EDGE('',*,*,#3254,.T.);
#1388=ORIENTED_EDGE('',*,*,#3251,.T.);
#1389=ORIENTED_EDGE('',*,*,#3019,.F.);
#1390=ORIENTED_EDGE('',*,*,#3255,.F.);
#1391=ORIENTED_EDGE('',*,*,#3256,.T.);
#1392=ORIENTED_EDGE('',*,*,#3253,.T.);
#1393=ORIENTED_EDGE('',*,*,#3018,.F.);
#1394=ORIENTED_EDGE('',*,*,#3257,.F.);
#1395=ORIENTED_EDGE('',*,*,#3258,.T.);
#1396=ORIENTED_EDGE('',*,*,#3255,.T.);
#1397=ORIENTED_EDGE('',*,*,#3017,.F.);
#1398=ORIENTED_EDGE('',*,*,#3226,.F.);
#1399=ORIENTED_EDGE('',*,*,#3259,.T.);
#1400=ORIENTED_EDGE('',*,*,#3257,.T.);
#1401=ORIENTED_EDGE('',*,*,#3225,.F.);
#1402=ORIENTED_EDGE('',*,*,#3228,.F.);
#1403=ORIENTED_EDGE('',*,*,#3230,.F.);
#1404=ORIENTED_EDGE('',*,*,#3232,.F.);
#1405=ORIENTED_EDGE('',*,*,#3234,.F.);
#1406=ORIENTED_EDGE('',*,*,#3236,.F.);
#1407=ORIENTED_EDGE('',*,*,#3238,.F.);
#1408=ORIENTED_EDGE('',*,*,#3240,.F.);
#1409=ORIENTED_EDGE('',*,*,#3242,.F.);
#1410=ORIENTED_EDGE('',*,*,#3244,.F.);
#1411=ORIENTED_EDGE('',*,*,#3246,.F.);
#1412=ORIENTED_EDGE('',*,*,#3248,.F.);
#1413=ORIENTED_EDGE('',*,*,#3250,.F.);
#1414=ORIENTED_EDGE('',*,*,#3252,.F.);
#1415=ORIENTED_EDGE('',*,*,#3254,.F.);
#1416=ORIENTED_EDGE('',*,*,#3256,.F.);
#1417=ORIENTED_EDGE('',*,*,#3258,.F.);
#1418=ORIENTED_EDGE('',*,*,#3259,.F.);
#1419=ORIENTED_EDGE('',*,*,#3260,.F.);
#1420=ORIENTED_EDGE('',*,*,#3261,.F.);
#1421=ORIENTED_EDGE('',*,*,#3262,.T.);
#1422=ORIENTED_EDGE('',*,*,#3263,.T.);
#1423=ORIENTED_EDGE('',*,*,#3264,.F.);
#1424=ORIENTED_EDGE('',*,*,#3265,.F.);
#1425=ORIENTED_EDGE('',*,*,#3266,.T.);
#1426=ORIENTED_EDGE('',*,*,#3261,.T.);
#1427=ORIENTED_EDGE('',*,*,#3267,.F.);
#1428=ORIENTED_EDGE('',*,*,#3268,.F.);
#1429=ORIENTED_EDGE('',*,*,#3269,.T.);
#1430=ORIENTED_EDGE('',*,*,#3265,.T.);
#1431=ORIENTED_EDGE('',*,*,#3270,.F.);
#1432=ORIENTED_EDGE('',*,*,#3271,.F.);
#1433=ORIENTED_EDGE('',*,*,#3272,.T.);
#1434=ORIENTED_EDGE('',*,*,#3268,.T.);
#1435=ORIENTED_EDGE('',*,*,#3035,.F.);
#1436=ORIENTED_EDGE('',*,*,#3273,.F.);
#1437=ORIENTED_EDGE('',*,*,#3274,.T.);
#1438=ORIENTED_EDGE('',*,*,#3275,.T.);
#1439=ORIENTED_EDGE('',*,*,#3034,.F.);
#1440=ORIENTED_EDGE('',*,*,#3276,.F.);
#1441=ORIENTED_EDGE('',*,*,#3277,.T.);
#1442=ORIENTED_EDGE('',*,*,#3273,.T.);
#1443=ORIENTED_EDGE('',*,*,#3047,.F.);
#1444=ORIENTED_EDGE('',*,*,#3278,.F.);
#1445=ORIENTED_EDGE('',*,*,#3279,.T.);
#1446=ORIENTED_EDGE('',*,*,#3276,.T.);
#1447=ORIENTED_EDGE('',*,*,#3046,.F.);
#1448=ORIENTED_EDGE('',*,*,#3280,.F.);
#1449=ORIENTED_EDGE('',*,*,#3281,.T.);
#1450=ORIENTED_EDGE('',*,*,#3278,.T.);
#1451=ORIENTED_EDGE('',*,*,#3045,.F.);
#1452=ORIENTED_EDGE('',*,*,#3282,.F.);
#1453=ORIENTED_EDGE('',*,*,#3283,.T.);
#1454=ORIENTED_EDGE('',*,*,#3280,.T.);
#1455=ORIENTED_EDGE('',*,*,#3044,.F.);
#1456=ORIENTED_EDGE('',*,*,#3284,.F.);
#1457=ORIENTED_EDGE('',*,*,#3285,.T.);
#1458=ORIENTED_EDGE('',*,*,#3282,.T.);
#1459=ORIENTED_EDGE('',*,*,#3043,.F.);
#1460=ORIENTED_EDGE('',*,*,#3286,.F.);
#1461=ORIENTED_EDGE('',*,*,#3287,.T.);
#1462=ORIENTED_EDGE('',*,*,#3284,.T.);
#1463=ORIENTED_EDGE('',*,*,#3042,.F.);
#1464=ORIENTED_EDGE('',*,*,#3288,.F.);
#1465=ORIENTED_EDGE('',*,*,#3289,.T.);
#1466=ORIENTED_EDGE('',*,*,#3286,.T.);
#1467=ORIENTED_EDGE('',*,*,#3041,.F.);
#1468=ORIENTED_EDGE('',*,*,#3290,.F.);
#1469=ORIENTED_EDGE('',*,*,#3291,.T.);
#1470=ORIENTED_EDGE('',*,*,#3288,.T.);
#1471=ORIENTED_EDGE('',*,*,#3040,.F.);
#1472=ORIENTED_EDGE('',*,*,#3292,.F.);
#1473=ORIENTED_EDGE('',*,*,#3293,.T.);
#1474=ORIENTED_EDGE('',*,*,#3290,.T.);
#1475=ORIENTED_EDGE('',*,*,#3039,.F.);
#1476=ORIENTED_EDGE('',*,*,#3294,.F.);
#1477=ORIENTED_EDGE('',*,*,#3295,.T.);
#1478=ORIENTED_EDGE('',*,*,#3292,.T.);
#1479=ORIENTED_EDGE('',*,*,#3038,.F.);
#1480=ORIENTED_EDGE('',*,*,#3296,.F.);
#1481=ORIENTED_EDGE('',*,*,#3297,.T.);
#1482=ORIENTED_EDGE('',*,*,#3294,.T.);
#1483=ORIENTED_EDGE('',*,*,#3037,.F.);
#1484=ORIENTED_EDGE('',*,*,#3298,.F.);
#1485=ORIENTED_EDGE('',*,*,#3299,.T.);
#1486=ORIENTED_EDGE('',*,*,#3296,.T.);
#1487=ORIENTED_EDGE('',*,*,#3036,.F.);
#1488=ORIENTED_EDGE('',*,*,#3275,.F.);
#1489=ORIENTED_EDGE('',*,*,#3300,.T.);
#1490=ORIENTED_EDGE('',*,*,#3298,.T.);
#1491=ORIENTED_EDGE('',*,*,#3301,.F.);
#1492=ORIENTED_EDGE('',*,*,#3263,.F.);
#1493=ORIENTED_EDGE('',*,*,#3302,.T.);
#1494=ORIENTED_EDGE('',*,*,#3271,.T.);
#1495=ORIENTED_EDGE('',*,*,#3274,.F.);
#1496=ORIENTED_EDGE('',*,*,#3277,.F.);
#1497=ORIENTED_EDGE('',*,*,#3279,.F.);
#1498=ORIENTED_EDGE('',*,*,#3281,.F.);
#1499=ORIENTED_EDGE('',*,*,#3283,.F.);
#1500=ORIENTED_EDGE('',*,*,#3285,.F.);
#1501=ORIENTED_EDGE('',*,*,#3287,.F.);
#1502=ORIENTED_EDGE('',*,*,#3289,.F.);
#1503=ORIENTED_EDGE('',*,*,#3291,.F.);
#1504=ORIENTED_EDGE('',*,*,#3293,.F.);
#1505=ORIENTED_EDGE('',*,*,#3295,.F.);
#1506=ORIENTED_EDGE('',*,*,#3297,.F.);
#1507=ORIENTED_EDGE('',*,*,#3299,.F.);
#1508=ORIENTED_EDGE('',*,*,#3300,.F.);
#1509=ORIENTED_EDGE('',*,*,#3262,.F.);
#1510=ORIENTED_EDGE('',*,*,#3266,.F.);
#1511=ORIENTED_EDGE('',*,*,#3269,.F.);
#1512=ORIENTED_EDGE('',*,*,#3272,.F.);
#1513=ORIENTED_EDGE('',*,*,#3302,.F.);
#1514=ORIENTED_EDGE('',*,*,#3049,.F.);
#1515=ORIENTED_EDGE('',*,*,#3303,.F.);
#1516=ORIENTED_EDGE('',*,*,#3304,.T.);
#1517=ORIENTED_EDGE('',*,*,#3305,.T.);
#1518=ORIENTED_EDGE('',*,*,#3048,.F.);
#1519=ORIENTED_EDGE('',*,*,#3306,.F.);
#1520=ORIENTED_EDGE('',*,*,#3307,.T.);
#1521=ORIENTED_EDGE('',*,*,#3303,.T.);
#1522=ORIENTED_EDGE('',*,*,#3057,.F.);
#1523=ORIENTED_EDGE('',*,*,#3308,.F.);
#1524=ORIENTED_EDGE('',*,*,#3309,.T.);
#1525=ORIENTED_EDGE('',*,*,#3306,.T.);
#1526=ORIENTED_EDGE('',*,*,#3056,.F.);
#1527=ORIENTED_EDGE('',*,*,#3310,.F.);
#1528=ORIENTED_EDGE('',*,*,#3311,.T.);
#1529=ORIENTED_EDGE('',*,*,#3308,.T.);
#1530=ORIENTED_EDGE('',*,*,#3055,.F.);
#1531=ORIENTED_EDGE('',*,*,#3312,.F.);
#1532=ORIENTED_EDGE('',*,*,#3313,.T.);
#1533=ORIENTED_EDGE('',*,*,#3310,.T.);
#1534=ORIENTED_EDGE('',*,*,#3054,.F.);
#1535=ORIENTED_EDGE('',*,*,#3314,.F.);
#1536=ORIENTED_EDGE('',*,*,#3315,.T.);
#1537=ORIENTED_EDGE('',*,*,#3312,.T.);
#1538=ORIENTED_EDGE('',*,*,#3053,.F.);
#1539=ORIENTED_EDGE('',*,*,#3316,.F.);
#1540=ORIENTED_EDGE('',*,*,#3317,.T.);
#1541=ORIENTED_EDGE('',*,*,#3314,.T.);
#1542=ORIENTED_EDGE('',*,*,#3052,.F.);
#1543=ORIENTED_EDGE('',*,*,#3318,.F.);
#1544=ORIENTED_EDGE('',*,*,#3319,.T.);
#1545=ORIENTED_EDGE('',*,*,#3316,.T.);
#1546=ORIENTED_EDGE('',*,*,#3051,.F.);
#1547=ORIENTED_EDGE('',*,*,#3320,.F.);
#1548=ORIENTED_EDGE('',*,*,#3321,.T.);
#1549=ORIENTED_EDGE('',*,*,#3318,.T.);
#1550=ORIENTED_EDGE('',*,*,#3050,.F.);
#1551=ORIENTED_EDGE('',*,*,#3305,.F.);
#1552=ORIENTED_EDGE('',*,*,#3322,.T.);
#1553=ORIENTED_EDGE('',*,*,#3320,.T.);
#1554=ORIENTED_EDGE('',*,*,#3304,.F.);
#1555=ORIENTED_EDGE('',*,*,#3307,.F.);
#1556=ORIENTED_EDGE('',*,*,#3309,.F.);
#1557=ORIENTED_EDGE('',*,*,#3311,.F.);
#1558=ORIENTED_EDGE('',*,*,#3313,.F.);
#1559=ORIENTED_EDGE('',*,*,#3315,.F.);
#1560=ORIENTED_EDGE('',*,*,#3317,.F.);
#1561=ORIENTED_EDGE('',*,*,#3319,.F.);
#1562=ORIENTED_EDGE('',*,*,#3321,.F.);
#1563=ORIENTED_EDGE('',*,*,#3322,.F.);
#1564=ORIENTED_EDGE('',*,*,#3323,.F.);
#1565=ORIENTED_EDGE('',*,*,#3324,.F.);
#1566=ORIENTED_EDGE('',*,*,#3325,.T.);
#1567=ORIENTED_EDGE('',*,*,#3326,.T.);
#1568=ORIENTED_EDGE('',*,*,#3327,.F.);
#1569=ORIENTED_EDGE('',*,*,#3328,.F.);
#1570=ORIENTED_EDGE('',*,*,#3329,.T.);
#1571=ORIENTED_EDGE('',*,*,#3324,.T.);
#1572=ORIENTED_EDGE('',*,*,#3330,.F.);
#1573=ORIENTED_EDGE('',*,*,#3331,.F.);
#1574=ORIENTED_EDGE('',*,*,#3332,.T.);
#1575=ORIENTED_EDGE('',*,*,#3328,.T.);
#1576=ORIENTED_EDGE('',*,*,#3333,.F.);
#1577=ORIENTED_EDGE('',*,*,#3334,.F.);
#1578=ORIENTED_EDGE('',*,*,#3335,.T.);
#1579=ORIENTED_EDGE('',*,*,#3331,.T.);
#1580=ORIENTED_EDGE('',*,*,#3336,.F.);
#1581=ORIENTED_EDGE('',*,*,#3337,.F.);
#1582=ORIENTED_EDGE('',*,*,#3338,.T.);
#1583=ORIENTED_EDGE('',*,*,#3334,.T.);
#1584=ORIENTED_EDGE('',*,*,#3339,.F.);
#1585=ORIENTED_EDGE('',*,*,#3340,.F.);
#1586=ORIENTED_EDGE('',*,*,#3341,.T.);
#1587=ORIENTED_EDGE('',*,*,#3337,.T.);
#1588=ORIENTED_EDGE('',*,*,#3342,.F.);
#1589=ORIENTED_EDGE('',*,*,#3343,.F.);
#1590=ORIENTED_EDGE('',*,*,#3344,.T.);
#1591=ORIENTED_EDGE('',*,*,#3340,.T.);
#1592=ORIENTED_EDGE('',*,*,#2979,.F.);
#1593=ORIENTED_EDGE('',*,*,#3345,.F.);
#1594=ORIENTED_EDGE('',*,*,#3346,.T.);
#1595=ORIENTED_EDGE('',*,*,#3347,.T.);
#1596=ORIENTED_EDGE('',*,*,#2978,.F.);
#1597=ORIENTED_EDGE('',*,*,#3348,.F.);
#1598=ORIENTED_EDGE('',*,*,#3349,.T.);
#1599=ORIENTED_EDGE('',*,*,#3345,.T.);
#1600=ORIENTED_EDGE('',*,*,#2986,.F.);
#1601=ORIENTED_EDGE('',*,*,#3350,.F.);
#1602=ORIENTED_EDGE('',*,*,#3351,.T.);
#1603=ORIENTED_EDGE('',*,*,#3348,.T.);
#1604=ORIENTED_EDGE('',*,*,#2985,.F.);
#1605=ORIENTED_EDGE('',*,*,#3352,.F.);
#1606=ORIENTED_EDGE('',*,*,#3353,.T.);
#1607=ORIENTED_EDGE('',*,*,#3350,.T.);
#1608=ORIENTED_EDGE('',*,*,#2984,.F.);
#1609=ORIENTED_EDGE('',*,*,#3354,.F.);
#1610=ORIENTED_EDGE('',*,*,#3355,.T.);
#1611=ORIENTED_EDGE('',*,*,#3352,.T.);
#1612=ORIENTED_EDGE('',*,*,#2983,.F.);
#1613=ORIENTED_EDGE('',*,*,#3356,.F.);
#1614=ORIENTED_EDGE('',*,*,#3357,.T.);
#1615=ORIENTED_EDGE('',*,*,#3354,.T.);
#1616=ORIENTED_EDGE('',*,*,#2982,.F.);
#1617=ORIENTED_EDGE('',*,*,#3358,.F.);
#1618=ORIENTED_EDGE('',*,*,#3359,.T.);
#1619=ORIENTED_EDGE('',*,*,#3356,.T.);
#1620=ORIENTED_EDGE('',*,*,#2981,.F.);
#1621=ORIENTED_EDGE('',*,*,#3360,.F.);
#1622=ORIENTED_EDGE('',*,*,#3361,.T.);
#1623=ORIENTED_EDGE('',*,*,#3358,.T.);
#1624=ORIENTED_EDGE('',*,*,#2980,.F.);
#1625=ORIENTED_EDGE('',*,*,#3347,.F.);
#1626=ORIENTED_EDGE('',*,*,#3362,.T.);
#1627=ORIENTED_EDGE('',*,*,#3360,.T.);
#1628=ORIENTED_EDGE('',*,*,#3363,.F.);
#1629=ORIENTED_EDGE('',*,*,#3326,.F.);
#1630=ORIENTED_EDGE('',*,*,#3364,.T.);
#1631=ORIENTED_EDGE('',*,*,#3343,.T.);
#1632=ORIENTED_EDGE('',*,*,#3346,.F.);
#1633=ORIENTED_EDGE('',*,*,#3349,.F.);
#1634=ORIENTED_EDGE('',*,*,#3351,.F.);
#1635=ORIENTED_EDGE('',*,*,#3353,.F.);
#1636=ORIENTED_EDGE('',*,*,#3355,.F.);
#1637=ORIENTED_EDGE('',*,*,#3357,.F.);
#1638=ORIENTED_EDGE('',*,*,#3359,.F.);
#1639=ORIENTED_EDGE('',*,*,#3361,.F.);
#1640=ORIENTED_EDGE('',*,*,#3362,.F.);
#1641=ORIENTED_EDGE('',*,*,#3325,.F.);
#1642=ORIENTED_EDGE('',*,*,#3329,.F.);
#1643=ORIENTED_EDGE('',*,*,#3332,.F.);
#1644=ORIENTED_EDGE('',*,*,#3335,.F.);
#1645=ORIENTED_EDGE('',*,*,#3338,.F.);
#1646=ORIENTED_EDGE('',*,*,#3341,.F.);
#1647=ORIENTED_EDGE('',*,*,#3344,.F.);
#1648=ORIENTED_EDGE('',*,*,#3364,.F.);
#1649=ORIENTED_EDGE('',*,*,#3365,.F.);
#1650=ORIENTED_EDGE('',*,*,#3366,.F.);
#1651=ORIENTED_EDGE('',*,*,#3367,.T.);
#1652=ORIENTED_EDGE('',*,*,#3368,.T.);
#1653=ORIENTED_EDGE('',*,*,#3369,.F.);
#1654=ORIENTED_EDGE('',*,*,#3370,.F.);
#1655=ORIENTED_EDGE('',*,*,#3371,.T.);
#1656=ORIENTED_EDGE('',*,*,#3366,.T.);
#1657=ORIENTED_EDGE('',*,*,#3372,.F.);
#1658=ORIENTED_EDGE('',*,*,#3373,.F.);
#1659=ORIENTED_EDGE('',*,*,#3374,.T.);
#1660=ORIENTED_EDGE('',*,*,#3370,.T.);
#1661=ORIENTED_EDGE('',*,*,#3375,.F.);
#1662=ORIENTED_EDGE('',*,*,#3376,.F.);
#1663=ORIENTED_EDGE('',*,*,#3377,.T.);
#1664=ORIENTED_EDGE('',*,*,#3373,.T.);
#1665=ORIENTED_EDGE('',*,*,#3378,.F.);
#1666=ORIENTED_EDGE('',*,*,#3379,.F.);
#1667=ORIENTED_EDGE('',*,*,#3380,.T.);
#1668=ORIENTED_EDGE('',*,*,#3376,.T.);
#1669=ORIENTED_EDGE('',*,*,#3381,.F.);
#1670=ORIENTED_EDGE('',*,*,#3382,.F.);
#1671=ORIENTED_EDGE('',*,*,#3383,.T.);
#1672=ORIENTED_EDGE('',*,*,#3379,.T.);
#1673=ORIENTED_EDGE('',*,*,#3384,.F.);
#1674=ORIENTED_EDGE('',*,*,#3385,.F.);
#1675=ORIENTED_EDGE('',*,*,#3386,.T.);
#1676=ORIENTED_EDGE('',*,*,#3382,.T.);
#1677=ORIENTED_EDGE('',*,*,#3059,.F.);
#1678=ORIENTED_EDGE('',*,*,#3387,.F.);
#1679=ORIENTED_EDGE('',*,*,#3388,.T.);
#1680=ORIENTED_EDGE('',*,*,#3389,.T.);
#1681=ORIENTED_EDGE('',*,*,#3058,.F.);
#1682=ORIENTED_EDGE('',*,*,#3390,.F.);
#1683=ORIENTED_EDGE('',*,*,#3391,.T.);
#1684=ORIENTED_EDGE('',*,*,#3387,.T.);
#1685=ORIENTED_EDGE('',*,*,#3066,.F.);
#1686=ORIENTED_EDGE('',*,*,#3392,.F.);
#1687=ORIENTED_EDGE('',*,*,#3393,.T.);
#1688=ORIENTED_EDGE('',*,*,#3390,.T.);
#1689=ORIENTED_EDGE('',*,*,#3065,.F.);
#1690=ORIENTED_EDGE('',*,*,#3394,.F.);
#1691=ORIENTED_EDGE('',*,*,#3395,.T.);
#1692=ORIENTED_EDGE('',*,*,#3392,.T.);
#1693=ORIENTED_EDGE('',*,*,#3064,.F.);
#1694=ORIENTED_EDGE('',*,*,#3396,.F.);
#1695=ORIENTED_EDGE('',*,*,#3397,.T.);
#1696=ORIENTED_EDGE('',*,*,#3394,.T.);
#1697=ORIENTED_EDGE('',*,*,#3063,.F.);
#1698=ORIENTED_EDGE('',*,*,#3398,.F.);
#1699=ORIENTED_EDGE('',*,*,#3399,.T.);
#1700=ORIENTED_EDGE('',*,*,#3396,.T.);
#1701=ORIENTED_EDGE('',*,*,#3062,.F.);
#1702=ORIENTED_EDGE('',*,*,#3400,.F.);
#1703=ORIENTED_EDGE('',*,*,#3401,.T.);
#1704=ORIENTED_EDGE('',*,*,#3398,.T.);
#1705=ORIENTED_EDGE('',*,*,#3061,.F.);
#1706=ORIENTED_EDGE('',*,*,#3402,.F.);
#1707=ORIENTED_EDGE('',*,*,#3403,.T.);
#1708=ORIENTED_EDGE('',*,*,#3400,.T.);
#1709=ORIENTED_EDGE('',*,*,#3060,.F.);
#1710=ORIENTED_EDGE('',*,*,#3389,.F.);
#1711=ORIENTED_EDGE('',*,*,#3404,.T.);
#1712=ORIENTED_EDGE('',*,*,#3402,.T.);
#1713=ORIENTED_EDGE('',*,*,#3405,.F.);
#1714=ORIENTED_EDGE('',*,*,#3368,.F.);
#1715=ORIENTED_EDGE('',*,*,#3406,.T.);
#1716=ORIENTED_EDGE('',*,*,#3385,.T.);
#1717=ORIENTED_EDGE('',*,*,#3388,.F.);
#1718=ORIENTED_EDGE('',*,*,#3391,.F.);
#1719=ORIENTED_EDGE('',*,*,#3393,.F.);
#1720=ORIENTED_EDGE('',*,*,#3395,.F.);
#1721=ORIENTED_EDGE('',*,*,#3397,.F.);
#1722=ORIENTED_EDGE('',*,*,#3399,.F.);
#1723=ORIENTED_EDGE('',*,*,#3401,.F.);
#1724=ORIENTED_EDGE('',*,*,#3403,.F.);
#1725=ORIENTED_EDGE('',*,*,#3404,.F.);
#1726=ORIENTED_EDGE('',*,*,#3367,.F.);
#1727=ORIENTED_EDGE('',*,*,#3371,.F.);
#1728=ORIENTED_EDGE('',*,*,#3374,.F.);
#1729=ORIENTED_EDGE('',*,*,#3377,.F.);
#1730=ORIENTED_EDGE('',*,*,#3380,.F.);
#1731=ORIENTED_EDGE('',*,*,#3383,.F.);
#1732=ORIENTED_EDGE('',*,*,#3386,.F.);
#1733=ORIENTED_EDGE('',*,*,#3406,.F.);
#1734=ORIENTED_EDGE('',*,*,#3068,.F.);
#1735=ORIENTED_EDGE('',*,*,#3407,.F.);
#1736=ORIENTED_EDGE('',*,*,#3408,.T.);
#1737=ORIENTED_EDGE('',*,*,#3409,.T.);
#1738=ORIENTED_EDGE('',*,*,#3067,.F.);
#1739=ORIENTED_EDGE('',*,*,#3410,.F.);
#1740=ORIENTED_EDGE('',*,*,#3411,.T.);
#1741=ORIENTED_EDGE('',*,*,#3407,.T.);
#1742=ORIENTED_EDGE('',*,*,#3083,.F.);
#1743=ORIENTED_EDGE('',*,*,#3412,.F.);
#1744=ORIENTED_EDGE('',*,*,#3413,.T.);
#1745=ORIENTED_EDGE('',*,*,#3410,.T.);
#1746=ORIENTED_EDGE('',*,*,#3082,.F.);
#1747=ORIENTED_EDGE('',*,*,#3414,.F.);
#1748=ORIENTED_EDGE('',*,*,#3415,.T.);
#1749=ORIENTED_EDGE('',*,*,#3412,.T.);
#1750=ORIENTED_EDGE('',*,*,#3081,.F.);
#1751=ORIENTED_EDGE('',*,*,#3416,.F.);
#1752=ORIENTED_EDGE('',*,*,#3417,.T.);
#1753=ORIENTED_EDGE('',*,*,#3414,.T.);
#1754=ORIENTED_EDGE('',*,*,#3080,.F.);
#1755=ORIENTED_EDGE('',*,*,#3418,.F.);
#1756=ORIENTED_EDGE('',*,*,#3419,.T.);
#1757=ORIENTED_EDGE('',*,*,#3416,.T.);
#1758=ORIENTED_EDGE('',*,*,#3079,.F.);
#1759=ORIENTED_EDGE('',*,*,#3420,.F.);
#1760=ORIENTED_EDGE('',*,*,#3421,.T.);
#1761=ORIENTED_EDGE('',*,*,#3418,.T.);
#1762=ORIENTED_EDGE('',*,*,#3078,.F.);
#1763=ORIENTED_EDGE('',*,*,#3422,.F.);
#1764=ORIENTED_EDGE('',*,*,#3423,.T.);
#1765=ORIENTED_EDGE('',*,*,#3420,.T.);
#1766=ORIENTED_EDGE('',*,*,#3077,.F.);
#1767=ORIENTED_EDGE('',*,*,#3424,.F.);
#1768=ORIENTED_EDGE('',*,*,#3425,.T.);
#1769=ORIENTED_EDGE('',*,*,#3422,.T.);
#1770=ORIENTED_EDGE('',*,*,#3076,.F.);
#1771=ORIENTED_EDGE('',*,*,#3426,.F.);
#1772=ORIENTED_EDGE('',*,*,#3427,.T.);
#1773=ORIENTED_EDGE('',*,*,#3424,.T.);
#1774=ORIENTED_EDGE('',*,*,#3075,.F.);
#1775=ORIENTED_EDGE('',*,*,#3428,.F.);
#1776=ORIENTED_EDGE('',*,*,#3429,.T.);
#1777=ORIENTED_EDGE('',*,*,#3426,.T.);
#1778=ORIENTED_EDGE('',*,*,#3074,.F.);
#1779=ORIENTED_EDGE('',*,*,#3430,.F.);
#1780=ORIENTED_EDGE('',*,*,#3431,.T.);
#1781=ORIENTED_EDGE('',*,*,#3428,.T.);
#1782=ORIENTED_EDGE('',*,*,#3073,.F.);
#1783=ORIENTED_EDGE('',*,*,#3432,.F.);
#1784=ORIENTED_EDGE('',*,*,#3433,.T.);
#1785=ORIENTED_EDGE('',*,*,#3430,.T.);
#1786=ORIENTED_EDGE('',*,*,#3072,.F.);
#1787=ORIENTED_EDGE('',*,*,#3434,.F.);
#1788=ORIENTED_EDGE('',*,*,#3435,.T.);
#1789=ORIENTED_EDGE('',*,*,#3432,.T.);
#1790=ORIENTED_EDGE('',*,*,#3071,.F.);
#1791=ORIENTED_EDGE('',*,*,#3436,.F.);
#1792=ORIENTED_EDGE('',*,*,#3437,.T.);
#1793=ORIENTED_EDGE('',*,*,#3434,.T.);
#1794=ORIENTED_EDGE('',*,*,#3070,.F.);
#1795=ORIENTED_EDGE('',*,*,#3438,.F.);
#1796=ORIENTED_EDGE('',*,*,#3439,.T.);
#1797=ORIENTED_EDGE('',*,*,#3436,.T.);
#1798=ORIENTED_EDGE('',*,*,#3069,.F.);
#1799=ORIENTED_EDGE('',*,*,#3409,.F.);
#1800=ORIENTED_EDGE('',*,*,#3440,.T.);
#1801=ORIENTED_EDGE('',*,*,#3438,.T.);
#1802=ORIENTED_EDGE('',*,*,#3408,.F.);
#1803=ORIENTED_EDGE('',*,*,#3411,.F.);
#1804=ORIENTED_EDGE('',*,*,#3413,.F.);
#1805=ORIENTED_EDGE('',*,*,#3415,.F.);
#1806=ORIENTED_EDGE('',*,*,#3417,.F.);
#1807=ORIENTED_EDGE('',*,*,#3419,.F.);
#1808=ORIENTED_EDGE('',*,*,#3421,.F.);
#1809=ORIENTED_EDGE('',*,*,#3423,.F.);
#1810=ORIENTED_EDGE('',*,*,#3425,.F.);
#1811=ORIENTED_EDGE('',*,*,#3427,.F.);
#1812=ORIENTED_EDGE('',*,*,#3429,.F.);
#1813=ORIENTED_EDGE('',*,*,#3431,.F.);
#1814=ORIENTED_EDGE('',*,*,#3433,.F.);
#1815=ORIENTED_EDGE('',*,*,#3435,.F.);
#1816=ORIENTED_EDGE('',*,*,#3437,.F.);
#1817=ORIENTED_EDGE('',*,*,#3439,.F.);
#1818=ORIENTED_EDGE('',*,*,#3440,.F.);
#1819=ORIENTED_EDGE('',*,*,#3085,.F.);
#1820=ORIENTED_EDGE('',*,*,#3441,.F.);
#1821=ORIENTED_EDGE('',*,*,#3442,.T.);
#1822=ORIENTED_EDGE('',*,*,#3443,.T.);
#1823=ORIENTED_EDGE('',*,*,#3084,.F.);
#1824=ORIENTED_EDGE('',*,*,#3444,.F.);
#1825=ORIENTED_EDGE('',*,*,#3445,.T.);
#1826=ORIENTED_EDGE('',*,*,#3441,.T.);
#1827=ORIENTED_EDGE('',*,*,#3108,.F.);
#1828=ORIENTED_EDGE('',*,*,#3446,.F.);
#1829=ORIENTED_EDGE('',*,*,#3447,.T.);
#1830=ORIENTED_EDGE('',*,*,#3444,.T.);
#1831=ORIENTED_EDGE('',*,*,#3107,.F.);
#1832=ORIENTED_EDGE('',*,*,#3448,.F.);
#1833=ORIENTED_EDGE('',*,*,#3449,.T.);
#1834=ORIENTED_EDGE('',*,*,#3446,.T.);
#1835=ORIENTED_EDGE('',*,*,#3106,.F.);
#1836=ORIENTED_EDGE('',*,*,#3450,.F.);
#1837=ORIENTED_EDGE('',*,*,#3451,.T.);
#1838=ORIENTED_EDGE('',*,*,#3448,.T.);
#1839=ORIENTED_EDGE('',*,*,#3105,.F.);
#1840=ORIENTED_EDGE('',*,*,#3452,.F.);
#1841=ORIENTED_EDGE('',*,*,#3453,.T.);
#1842=ORIENTED_EDGE('',*,*,#3450,.T.);
#1843=ORIENTED_EDGE('',*,*,#3104,.F.);
#1844=ORIENTED_EDGE('',*,*,#3454,.F.);
#1845=ORIENTED_EDGE('',*,*,#3455,.T.);
#1846=ORIENTED_EDGE('',*,*,#3452,.T.);
#1847=ORIENTED_EDGE('',*,*,#3103,.F.);
#1848=ORIENTED_EDGE('',*,*,#3456,.F.);
#1849=ORIENTED_EDGE('',*,*,#3457,.T.);
#1850=ORIENTED_EDGE('',*,*,#3454,.T.);
#1851=ORIENTED_EDGE('',*,*,#3102,.F.);
#1852=ORIENTED_EDGE('',*,*,#3458,.F.);
#1853=ORIENTED_EDGE('',*,*,#3459,.T.);
#1854=ORIENTED_EDGE('',*,*,#3456,.T.);
#1855=ORIENTED_EDGE('',*,*,#3101,.F.);
#1856=ORIENTED_EDGE('',*,*,#3460,.F.);
#1857=ORIENTED_EDGE('',*,*,#3461,.T.);
#1858=ORIENTED_EDGE('',*,*,#3458,.T.);
#1859=ORIENTED_EDGE('',*,*,#3100,.F.);
#1860=ORIENTED_EDGE('',*,*,#3462,.F.);
#1861=ORIENTED_EDGE('',*,*,#3463,.T.);
#1862=ORIENTED_EDGE('',*,*,#3460,.T.);
#1863=ORIENTED_EDGE('',*,*,#3099,.F.);
#1864=ORIENTED_EDGE('',*,*,#3464,.F.);
#1865=ORIENTED_EDGE('',*,*,#3465,.T.);
#1866=ORIENTED_EDGE('',*,*,#3462,.T.);
#1867=ORIENTED_EDGE('',*,*,#3098,.F.);
#1868=ORIENTED_EDGE('',*,*,#3466,.F.);
#1869=ORIENTED_EDGE('',*,*,#3467,.T.);
#1870=ORIENTED_EDGE('',*,*,#3464,.T.);
#1871=ORIENTED_EDGE('',*,*,#3097,.F.);
#1872=ORIENTED_EDGE('',*,*,#3468,.F.);
#1873=ORIENTED_EDGE('',*,*,#3469,.T.);
#1874=ORIENTED_EDGE('',*,*,#3466,.T.);
#1875=ORIENTED_EDGE('',*,*,#3096,.F.);
#1876=ORIENTED_EDGE('',*,*,#3470,.F.);
#1877=ORIENTED_EDGE('',*,*,#3471,.T.);
#1878=ORIENTED_EDGE('',*,*,#3468,.T.);
#1879=ORIENTED_EDGE('',*,*,#3095,.F.);
#1880=ORIENTED_EDGE('',*,*,#3472,.F.);
#1881=ORIENTED_EDGE('',*,*,#3473,.T.);
#1882=ORIENTED_EDGE('',*,*,#3470,.T.);
#1883=ORIENTED_EDGE('',*,*,#3094,.F.);
#1884=ORIENTED_EDGE('',*,*,#3474,.F.);
#1885=ORIENTED_EDGE('',*,*,#3475,.T.);
#1886=ORIENTED_EDGE('',*,*,#3472,.T.);
#1887=ORIENTED_EDGE('',*,*,#3093,.F.);
#1888=ORIENTED_EDGE('',*,*,#3476,.F.);
#1889=ORIENTED_EDGE('',*,*,#3477,.T.);
#1890=ORIENTED_EDGE('',*,*,#3474,.T.);
#1891=ORIENTED_EDGE('',*,*,#3092,.F.);
#1892=ORIENTED_EDGE('',*,*,#3478,.F.);
#1893=ORIENTED_EDGE('',*,*,#3479,.T.);
#1894=ORIENTED_EDGE('',*,*,#3476,.T.);
#1895=ORIENTED_EDGE('',*,*,#3091,.F.);
#1896=ORIENTED_EDGE('',*,*,#3480,.F.);
#1897=ORIENTED_EDGE('',*,*,#3481,.T.);
#1898=ORIENTED_EDGE('',*,*,#3478,.T.);
#1899=ORIENTED_EDGE('',*,*,#3090,.F.);
#1900=ORIENTED_EDGE('',*,*,#3482,.F.);
#1901=ORIENTED_EDGE('',*,*,#3483,.T.);
#1902=ORIENTED_EDGE('',*,*,#3480,.T.);
#1903=ORIENTED_EDGE('',*,*,#3089,.F.);
#1904=ORIENTED_EDGE('',*,*,#3484,.F.);
#1905=ORIENTED_EDGE('',*,*,#3485,.T.);
#1906=ORIENTED_EDGE('',*,*,#3482,.T.);
#1907=ORIENTED_EDGE('',*,*,#3088,.F.);
#1908=ORIENTED_EDGE('',*,*,#3486,.F.);
#1909=ORIENTED_EDGE('',*,*,#3487,.T.);
#1910=ORIENTED_EDGE('',*,*,#3484,.T.);
#1911=ORIENTED_EDGE('',*,*,#3087,.F.);
#1912=ORIENTED_EDGE('',*,*,#3488,.F.);
#1913=ORIENTED_EDGE('',*,*,#3489,.T.);
#1914=ORIENTED_EDGE('',*,*,#3486,.T.);
#1915=ORIENTED_EDGE('',*,*,#3086,.F.);
#1916=ORIENTED_EDGE('',*,*,#3443,.F.);
#1917=ORIENTED_EDGE('',*,*,#3490,.T.);
#1918=ORIENTED_EDGE('',*,*,#3488,.T.);
#1919=ORIENTED_EDGE('',*,*,#3442,.F.);
#1920=ORIENTED_EDGE('',*,*,#3445,.F.);
#1921=ORIENTED_EDGE('',*,*,#3447,.F.);
#1922=ORIENTED_EDGE('',*,*,#3449,.F.);
#1923=ORIENTED_EDGE('',*,*,#3451,.F.);
#1924=ORIENTED_EDGE('',*,*,#3453,.F.);
#1925=ORIENTED_EDGE('',*,*,#3455,.F.);
#1926=ORIENTED_EDGE('',*,*,#3457,.F.);
#1927=ORIENTED_EDGE('',*,*,#3459,.F.);
#1928=ORIENTED_EDGE('',*,*,#3461,.F.);
#1929=ORIENTED_EDGE('',*,*,#3463,.F.);
#1930=ORIENTED_EDGE('',*,*,#3465,.F.);
#1931=ORIENTED_EDGE('',*,*,#3467,.F.);
#1932=ORIENTED_EDGE('',*,*,#3469,.F.);
#1933=ORIENTED_EDGE('',*,*,#3471,.F.);
#1934=ORIENTED_EDGE('',*,*,#3473,.F.);
#1935=ORIENTED_EDGE('',*,*,#3475,.F.);
#1936=ORIENTED_EDGE('',*,*,#3477,.F.);
#1937=ORIENTED_EDGE('',*,*,#3479,.F.);
#1938=ORIENTED_EDGE('',*,*,#3481,.F.);
#1939=ORIENTED_EDGE('',*,*,#3483,.F.);
#1940=ORIENTED_EDGE('',*,*,#3485,.F.);
#1941=ORIENTED_EDGE('',*,*,#3487,.F.);
#1942=ORIENTED_EDGE('',*,*,#3489,.F.);
#1943=ORIENTED_EDGE('',*,*,#3490,.F.);
#1944=ORIENTED_EDGE('',*,*,#3110,.F.);
#1945=ORIENTED_EDGE('',*,*,#3491,.F.);
#1946=ORIENTED_EDGE('',*,*,#3492,.T.);
#1947=ORIENTED_EDGE('',*,*,#3493,.T.);
#1948=ORIENTED_EDGE('',*,*,#3109,.F.);
#1949=ORIENTED_EDGE('',*,*,#3494,.F.);
#1950=ORIENTED_EDGE('',*,*,#3495,.T.);
#1951=ORIENTED_EDGE('',*,*,#3491,.T.);
#1952=ORIENTED_EDGE('',*,*,#3125,.F.);
#1953=ORIENTED_EDGE('',*,*,#3496,.F.);
#1954=ORIENTED_EDGE('',*,*,#3497,.T.);
#1955=ORIENTED_EDGE('',*,*,#3494,.T.);
#1956=ORIENTED_EDGE('',*,*,#3124,.F.);
#1957=ORIENTED_EDGE('',*,*,#3498,.F.);
#1958=ORIENTED_EDGE('',*,*,#3499,.T.);
#1959=ORIENTED_EDGE('',*,*,#3496,.T.);
#1960=ORIENTED_EDGE('',*,*,#3123,.F.);
#1961=ORIENTED_EDGE('',*,*,#3500,.F.);
#1962=ORIENTED_EDGE('',*,*,#3501,.T.);
#1963=ORIENTED_EDGE('',*,*,#3498,.T.);
#1964=ORIENTED_EDGE('',*,*,#3122,.F.);
#1965=ORIENTED_EDGE('',*,*,#3502,.F.);
#1966=ORIENTED_EDGE('',*,*,#3503,.T.);
#1967=ORIENTED_EDGE('',*,*,#3500,.T.);
#1968=ORIENTED_EDGE('',*,*,#3121,.F.);
#1969=ORIENTED_EDGE('',*,*,#3504,.F.);
#1970=ORIENTED_EDGE('',*,*,#3505,.T.);
#1971=ORIENTED_EDGE('',*,*,#3502,.T.);
#1972=ORIENTED_EDGE('',*,*,#3120,.F.);
#1973=ORIENTED_EDGE('',*,*,#3506,.F.);
#1974=ORIENTED_EDGE('',*,*,#3507,.T.);
#1975=ORIENTED_EDGE('',*,*,#3504,.T.);
#1976=ORIENTED_EDGE('',*,*,#3119,.F.);
#1977=ORIENTED_EDGE('',*,*,#3508,.F.);
#1978=ORIENTED_EDGE('',*,*,#3509,.T.);
#1979=ORIENTED_EDGE('',*,*,#3506,.T.);
#1980=ORIENTED_EDGE('',*,*,#3118,.F.);
#1981=ORIENTED_EDGE('',*,*,#3510,.F.);
#1982=ORIENTED_EDGE('',*,*,#3511,.T.);
#1983=ORIENTED_EDGE('',*,*,#3508,.T.);
#1984=ORIENTED_EDGE('',*,*,#3117,.F.);
#1985=ORIENTED_EDGE('',*,*,#3512,.F.);
#1986=ORIENTED_EDGE('',*,*,#3513,.T.);
#1987=ORIENTED_EDGE('',*,*,#3510,.T.);
#1988=ORIENTED_EDGE('',*,*,#3116,.F.);
#1989=ORIENTED_EDGE('',*,*,#3514,.F.);
#1990=ORIENTED_EDGE('',*,*,#3515,.T.);
#1991=ORIENTED_EDGE('',*,*,#3512,.T.);
#1992=ORIENTED_EDGE('',*,*,#3115,.F.);
#1993=ORIENTED_EDGE('',*,*,#3516,.F.);
#1994=ORIENTED_EDGE('',*,*,#3517,.T.);
#1995=ORIENTED_EDGE('',*,*,#3514,.T.);
#1996=ORIENTED_EDGE('',*,*,#3114,.F.);
#1997=ORIENTED_EDGE('',*,*,#3518,.F.);
#1998=ORIENTED_EDGE('',*,*,#3519,.T.);
#1999=ORIENTED_EDGE('',*,*,#3516,.T.);
#2000=ORIENTED_EDGE('',*,*,#3113,.F.);
#2001=ORIENTED_EDGE('',*,*,#3520,.F.);
#2002=ORIENTED_EDGE('',*,*,#3521,.T.);
#2003=ORIENTED_EDGE('',*,*,#3518,.T.);
#2004=ORIENTED_EDGE('',*,*,#3112,.F.);
#2005=ORIENTED_EDGE('',*,*,#3522,.F.);
#2006=ORIENTED_EDGE('',*,*,#3523,.T.);
#2007=ORIENTED_EDGE('',*,*,#3520,.T.);
#2008=ORIENTED_EDGE('',*,*,#3111,.F.);
#2009=ORIENTED_EDGE('',*,*,#3493,.F.);
#2010=ORIENTED_EDGE('',*,*,#3524,.T.);
#2011=ORIENTED_EDGE('',*,*,#3522,.T.);
#2012=ORIENTED_EDGE('',*,*,#3492,.F.);
#2013=ORIENTED_EDGE('',*,*,#3495,.F.);
#2014=ORIENTED_EDGE('',*,*,#3497,.F.);
#2015=ORIENTED_EDGE('',*,*,#3499,.F.);
#2016=ORIENTED_EDGE('',*,*,#3501,.F.);
#2017=ORIENTED_EDGE('',*,*,#3503,.F.);
#2018=ORIENTED_EDGE('',*,*,#3505,.F.);
#2019=ORIENTED_EDGE('',*,*,#3507,.F.);
#2020=ORIENTED_EDGE('',*,*,#3509,.F.);
#2021=ORIENTED_EDGE('',*,*,#3511,.F.);
#2022=ORIENTED_EDGE('',*,*,#3513,.F.);
#2023=ORIENTED_EDGE('',*,*,#3515,.F.);
#2024=ORIENTED_EDGE('',*,*,#3517,.F.);
#2025=ORIENTED_EDGE('',*,*,#3519,.F.);
#2026=ORIENTED_EDGE('',*,*,#3521,.F.);
#2027=ORIENTED_EDGE('',*,*,#3523,.F.);
#2028=ORIENTED_EDGE('',*,*,#3524,.F.);
#2029=ORIENTED_EDGE('',*,*,#3127,.F.);
#2030=ORIENTED_EDGE('',*,*,#3525,.F.);
#2031=ORIENTED_EDGE('',*,*,#3526,.T.);
#2032=ORIENTED_EDGE('',*,*,#3527,.T.);
#2033=ORIENTED_EDGE('',*,*,#3126,.F.);
#2034=ORIENTED_EDGE('',*,*,#3528,.F.);
#2035=ORIENTED_EDGE('',*,*,#3529,.T.);
#2036=ORIENTED_EDGE('',*,*,#3525,.T.);
#2037=ORIENTED_EDGE('',*,*,#3148,.F.);
#2038=ORIENTED_EDGE('',*,*,#3530,.F.);
#2039=ORIENTED_EDGE('',*,*,#3531,.T.);
#2040=ORIENTED_EDGE('',*,*,#3528,.T.);
#2041=ORIENTED_EDGE('',*,*,#3147,.F.);
#2042=ORIENTED_EDGE('',*,*,#3532,.F.);
#2043=ORIENTED_EDGE('',*,*,#3533,.T.);
#2044=ORIENTED_EDGE('',*,*,#3530,.T.);
#2045=ORIENTED_EDGE('',*,*,#3146,.F.);
#2046=ORIENTED_EDGE('',*,*,#3534,.F.);
#2047=ORIENTED_EDGE('',*,*,#3535,.T.);
#2048=ORIENTED_EDGE('',*,*,#3532,.T.);
#2049=ORIENTED_EDGE('',*,*,#3145,.F.);
#2050=ORIENTED_EDGE('',*,*,#3536,.F.);
#2051=ORIENTED_EDGE('',*,*,#3537,.T.);
#2052=ORIENTED_EDGE('',*,*,#3534,.T.);
#2053=ORIENTED_EDGE('',*,*,#3144,.F.);
#2054=ORIENTED_EDGE('',*,*,#3538,.F.);
#2055=ORIENTED_EDGE('',*,*,#3539,.T.);
#2056=ORIENTED_EDGE('',*,*,#3536,.T.);
#2057=ORIENTED_EDGE('',*,*,#3143,.F.);
#2058=ORIENTED_EDGE('',*,*,#3540,.F.);
#2059=ORIENTED_EDGE('',*,*,#3541,.T.);
#2060=ORIENTED_EDGE('',*,*,#3538,.T.);
#2061=ORIENTED_EDGE('',*,*,#3142,.F.);
#2062=ORIENTED_EDGE('',*,*,#3542,.F.);
#2063=ORIENTED_EDGE('',*,*,#3543,.T.);
#2064=ORIENTED_EDGE('',*,*,#3540,.T.);
#2065=ORIENTED_EDGE('',*,*,#3141,.F.);
#2066=ORIENTED_EDGE('',*,*,#3544,.F.);
#2067=ORIENTED_EDGE('',*,*,#3545,.T.);
#2068=ORIENTED_EDGE('',*,*,#3542,.T.);
#2069=ORIENTED_EDGE('',*,*,#3140,.F.);
#2070=ORIENTED_EDGE('',*,*,#3546,.F.);
#2071=ORIENTED_EDGE('',*,*,#3547,.T.);
#2072=ORIENTED_EDGE('',*,*,#3544,.T.);
#2073=ORIENTED_EDGE('',*,*,#3139,.F.);
#2074=ORIENTED_EDGE('',*,*,#3548,.F.);
#2075=ORIENTED_EDGE('',*,*,#3549,.T.);
#2076=ORIENTED_EDGE('',*,*,#3546,.T.);
#2077=ORIENTED_EDGE('',*,*,#3138,.F.);
#2078=ORIENTED_EDGE('',*,*,#3550,.F.);
#2079=ORIENTED_EDGE('',*,*,#3551,.T.);
#2080=ORIENTED_EDGE('',*,*,#3548,.T.);
#2081=ORIENTED_EDGE('',*,*,#3137,.F.);
#2082=ORIENTED_EDGE('',*,*,#3552,.F.);
#2083=ORIENTED_EDGE('',*,*,#3553,.T.);
#2084=ORIENTED_EDGE('',*,*,#3550,.T.);
#2085=ORIENTED_EDGE('',*,*,#3136,.F.);
#2086=ORIENTED_EDGE('',*,*,#3554,.F.);
#2087=ORIENTED_EDGE('',*,*,#3555,.T.);
#2088=ORIENTED_EDGE('',*,*,#3552,.T.);
#2089=ORIENTED_EDGE('',*,*,#3135,.F.);
#2090=ORIENTED_EDGE('',*,*,#3556,.F.);
#2091=ORIENTED_EDGE('',*,*,#3557,.T.);
#2092=ORIENTED_EDGE('',*,*,#3554,.T.);
#2093=ORIENTED_EDGE('',*,*,#3134,.F.);
#2094=ORIENTED_EDGE('',*,*,#3558,.F.);
#2095=ORIENTED_EDGE('',*,*,#3559,.T.);
#2096=ORIENTED_EDGE('',*,*,#3556,.T.);
#2097=ORIENTED_EDGE('',*,*,#3133,.F.);
#2098=ORIENTED_EDGE('',*,*,#3560,.F.);
#2099=ORIENTED_EDGE('',*,*,#3561,.T.);
#2100=ORIENTED_EDGE('',*,*,#3558,.T.);
#2101=ORIENTED_EDGE('',*,*,#3132,.F.);
#2102=ORIENTED_EDGE('',*,*,#3562,.F.);
#2103=ORIENTED_EDGE('',*,*,#3563,.T.);
#2104=ORIENTED_EDGE('',*,*,#3560,.T.);
#2105=ORIENTED_EDGE('',*,*,#3131,.F.);
#2106=ORIENTED_EDGE('',*,*,#3564,.F.);
#2107=ORIENTED_EDGE('',*,*,#3565,.T.);
#2108=ORIENTED_EDGE('',*,*,#3562,.T.);
#2109=ORIENTED_EDGE('',*,*,#3130,.F.);
#2110=ORIENTED_EDGE('',*,*,#3566,.F.);
#2111=ORIENTED_EDGE('',*,*,#3567,.T.);
#2112=ORIENTED_EDGE('',*,*,#3564,.T.);
#2113=ORIENTED_EDGE('',*,*,#3129,.F.);
#2114=ORIENTED_EDGE('',*,*,#3568,.F.);
#2115=ORIENTED_EDGE('',*,*,#3569,.T.);
#2116=ORIENTED_EDGE('',*,*,#3566,.T.);
#2117=ORIENTED_EDGE('',*,*,#3128,.F.);
#2118=ORIENTED_EDGE('',*,*,#3527,.F.);
#2119=ORIENTED_EDGE('',*,*,#3570,.T.);
#2120=ORIENTED_EDGE('',*,*,#3568,.T.);
#2121=ORIENTED_EDGE('',*,*,#3526,.F.);
#2122=ORIENTED_EDGE('',*,*,#3529,.F.);
#2123=ORIENTED_EDGE('',*,*,#3531,.F.);
#2124=ORIENTED_EDGE('',*,*,#3533,.F.);
#2125=ORIENTED_EDGE('',*,*,#3535,.F.);
#2126=ORIENTED_EDGE('',*,*,#3537,.F.);
#2127=ORIENTED_EDGE('',*,*,#3539,.F.);
#2128=ORIENTED_EDGE('',*,*,#3541,.F.);
#2129=ORIENTED_EDGE('',*,*,#3543,.F.);
#2130=ORIENTED_EDGE('',*,*,#3545,.F.);
#2131=ORIENTED_EDGE('',*,*,#3547,.F.);
#2132=ORIENTED_EDGE('',*,*,#3549,.F.);
#2133=ORIENTED_EDGE('',*,*,#3551,.F.);
#2134=ORIENTED_EDGE('',*,*,#3553,.F.);
#2135=ORIENTED_EDGE('',*,*,#3555,.F.);
#2136=ORIENTED_EDGE('',*,*,#3557,.F.);
#2137=ORIENTED_EDGE('',*,*,#3559,.F.);
#2138=ORIENTED_EDGE('',*,*,#3561,.F.);
#2139=ORIENTED_EDGE('',*,*,#3563,.F.);
#2140=ORIENTED_EDGE('',*,*,#3565,.F.);
#2141=ORIENTED_EDGE('',*,*,#3567,.F.);
#2142=ORIENTED_EDGE('',*,*,#3569,.F.);
#2143=ORIENTED_EDGE('',*,*,#3570,.F.);
#2144=ORIENTED_EDGE('',*,*,#3571,.F.);
#2145=ORIENTED_EDGE('',*,*,#3572,.F.);
#2146=ORIENTED_EDGE('',*,*,#3573,.T.);
#2147=ORIENTED_EDGE('',*,*,#3574,.T.);
#2148=ORIENTED_EDGE('',*,*,#3575,.F.);
#2149=ORIENTED_EDGE('',*,*,#3576,.F.);
#2150=ORIENTED_EDGE('',*,*,#3577,.T.);
#2151=ORIENTED_EDGE('',*,*,#3572,.T.);
#2152=ORIENTED_EDGE('',*,*,#3578,.F.);
#2153=ORIENTED_EDGE('',*,*,#3579,.F.);
#2154=ORIENTED_EDGE('',*,*,#3580,.T.);
#2155=ORIENTED_EDGE('',*,*,#3576,.T.);
#2156=ORIENTED_EDGE('',*,*,#3581,.F.);
#2157=ORIENTED_EDGE('',*,*,#3582,.F.);
#2158=ORIENTED_EDGE('',*,*,#3583,.T.);
#2159=ORIENTED_EDGE('',*,*,#3579,.T.);
#2160=ORIENTED_EDGE('',*,*,#3584,.F.);
#2161=ORIENTED_EDGE('',*,*,#3585,.F.);
#2162=ORIENTED_EDGE('',*,*,#3586,.T.);
#2163=ORIENTED_EDGE('',*,*,#3582,.T.);
#2164=ORIENTED_EDGE('',*,*,#3587,.F.);
#2165=ORIENTED_EDGE('',*,*,#3588,.F.);
#2166=ORIENTED_EDGE('',*,*,#3589,.T.);
#2167=ORIENTED_EDGE('',*,*,#3585,.T.);
#2168=ORIENTED_EDGE('',*,*,#3590,.F.);
#2169=ORIENTED_EDGE('',*,*,#3591,.F.);
#2170=ORIENTED_EDGE('',*,*,#3592,.T.);
#2171=ORIENTED_EDGE('',*,*,#3588,.T.);
#2172=ORIENTED_EDGE('',*,*,#2970,.F.);
#2173=ORIENTED_EDGE('',*,*,#3593,.F.);
#2174=ORIENTED_EDGE('',*,*,#3594,.T.);
#2175=ORIENTED_EDGE('',*,*,#3595,.T.);
#2176=ORIENTED_EDGE('',*,*,#2969,.F.);
#2177=ORIENTED_EDGE('',*,*,#3596,.F.);
#2178=ORIENTED_EDGE('',*,*,#3597,.T.);
#2179=ORIENTED_EDGE('',*,*,#3593,.T.);
#2180=ORIENTED_EDGE('',*,*,#2977,.F.);
#2181=ORIENTED_EDGE('',*,*,#3598,.F.);
#2182=ORIENTED_EDGE('',*,*,#3599,.T.);
#2183=ORIENTED_EDGE('',*,*,#3596,.T.);
#2184=ORIENTED_EDGE('',*,*,#2976,.F.);
#2185=ORIENTED_EDGE('',*,*,#3600,.F.);
#2186=ORIENTED_EDGE('',*,*,#3601,.T.);
#2187=ORIENTED_EDGE('',*,*,#3598,.T.);
#2188=ORIENTED_EDGE('',*,*,#2975,.F.);
#2189=ORIENTED_EDGE('',*,*,#3602,.F.);
#2190=ORIENTED_EDGE('',*,*,#3603,.T.);
#2191=ORIENTED_EDGE('',*,*,#3600,.T.);
#2192=ORIENTED_EDGE('',*,*,#2974,.F.);
#2193=ORIENTED_EDGE('',*,*,#3604,.F.);
#2194=ORIENTED_EDGE('',*,*,#3605,.T.);
#2195=ORIENTED_EDGE('',*,*,#3602,.T.);
#2196=ORIENTED_EDGE('',*,*,#2973,.F.);
#2197=ORIENTED_EDGE('',*,*,#3606,.F.);
#2198=ORIENTED_EDGE('',*,*,#3607,.T.);
#2199=ORIENTED_EDGE('',*,*,#3604,.T.);
#2200=ORIENTED_EDGE('',*,*,#2972,.F.);
#2201=ORIENTED_EDGE('',*,*,#3608,.F.);
#2202=ORIENTED_EDGE('',*,*,#3609,.T.);
#2203=ORIENTED_EDGE('',*,*,#3606,.T.);
#2204=ORIENTED_EDGE('',*,*,#2971,.F.);
#2205=ORIENTED_EDGE('',*,*,#3595,.F.);
#2206=ORIENTED_EDGE('',*,*,#3610,.T.);
#2207=ORIENTED_EDGE('',*,*,#3608,.T.);
#2208=ORIENTED_EDGE('',*,*,#3611,.F.);
#2209=ORIENTED_EDGE('',*,*,#3574,.F.);
#2210=ORIENTED_EDGE('',*,*,#3612,.T.);
#2211=ORIENTED_EDGE('',*,*,#3591,.T.);
#2212=ORIENTED_EDGE('',*,*,#3594,.F.);
#2213=ORIENTED_EDGE('',*,*,#3597,.F.);
#2214=ORIENTED_EDGE('',*,*,#3599,.F.);
#2215=ORIENTED_EDGE('',*,*,#3601,.F.);
#2216=ORIENTED_EDGE('',*,*,#3603,.F.);
#2217=ORIENTED_EDGE('',*,*,#3605,.F.);
#2218=ORIENTED_EDGE('',*,*,#3607,.F.);
#2219=ORIENTED_EDGE('',*,*,#3609,.F.);
#2220=ORIENTED_EDGE('',*,*,#3610,.F.);
#2221=ORIENTED_EDGE('',*,*,#3573,.F.);
#2222=ORIENTED_EDGE('',*,*,#3577,.F.);
#2223=ORIENTED_EDGE('',*,*,#3580,.F.);
#2224=ORIENTED_EDGE('',*,*,#3583,.F.);
#2225=ORIENTED_EDGE('',*,*,#3586,.F.);
#2226=ORIENTED_EDGE('',*,*,#3589,.F.);
#2227=ORIENTED_EDGE('',*,*,#3592,.F.);
#2228=ORIENTED_EDGE('',*,*,#3612,.F.);
#2229=ORIENTED_EDGE('',*,*,#3613,.F.);
#2230=ORIENTED_EDGE('',*,*,#3614,.F.);
#2231=ORIENTED_EDGE('',*,*,#3615,.T.);
#2232=ORIENTED_EDGE('',*,*,#3616,.T.);
#2233=ORIENTED_EDGE('',*,*,#3617,.F.);
#2234=ORIENTED_EDGE('',*,*,#3618,.F.);
#2235=ORIENTED_EDGE('',*,*,#3619,.T.);
#2236=ORIENTED_EDGE('',*,*,#3614,.T.);
#2237=ORIENTED_EDGE('',*,*,#3620,.F.);
#2238=ORIENTED_EDGE('',*,*,#3621,.F.);
#2239=ORIENTED_EDGE('',*,*,#3622,.T.);
#2240=ORIENTED_EDGE('',*,*,#3618,.T.);
#2241=ORIENTED_EDGE('',*,*,#3623,.F.);
#2242=ORIENTED_EDGE('',*,*,#3624,.F.);
#2243=ORIENTED_EDGE('',*,*,#3625,.T.);
#2244=ORIENTED_EDGE('',*,*,#3621,.T.);
#2245=ORIENTED_EDGE('',*,*,#3626,.F.);
#2246=ORIENTED_EDGE('',*,*,#3627,.F.);
#2247=ORIENTED_EDGE('',*,*,#3628,.T.);
#2248=ORIENTED_EDGE('',*,*,#3624,.T.);
#2249=ORIENTED_EDGE('',*,*,#3629,.F.);
#2250=ORIENTED_EDGE('',*,*,#3630,.F.);
#2251=ORIENTED_EDGE('',*,*,#3631,.T.);
#2252=ORIENTED_EDGE('',*,*,#3627,.T.);
#2253=ORIENTED_EDGE('',*,*,#3150,.F.);
#2254=ORIENTED_EDGE('',*,*,#3632,.F.);
#2255=ORIENTED_EDGE('',*,*,#3633,.T.);
#2256=ORIENTED_EDGE('',*,*,#3634,.T.);
#2257=ORIENTED_EDGE('',*,*,#3149,.F.);
#2258=ORIENTED_EDGE('',*,*,#3635,.F.);
#2259=ORIENTED_EDGE('',*,*,#3636,.T.);
#2260=ORIENTED_EDGE('',*,*,#3632,.T.);
#2261=ORIENTED_EDGE('',*,*,#3155,.F.);
#2262=ORIENTED_EDGE('',*,*,#3637,.F.);
#2263=ORIENTED_EDGE('',*,*,#3638,.T.);
#2264=ORIENTED_EDGE('',*,*,#3635,.T.);
#2265=ORIENTED_EDGE('',*,*,#3154,.F.);
#2266=ORIENTED_EDGE('',*,*,#3639,.F.);
#2267=ORIENTED_EDGE('',*,*,#3640,.T.);
#2268=ORIENTED_EDGE('',*,*,#3637,.T.);
#2269=ORIENTED_EDGE('',*,*,#3153,.F.);
#2270=ORIENTED_EDGE('',*,*,#3641,.F.);
#2271=ORIENTED_EDGE('',*,*,#3642,.T.);
#2272=ORIENTED_EDGE('',*,*,#3639,.T.);
#2273=ORIENTED_EDGE('',*,*,#3152,.F.);
#2274=ORIENTED_EDGE('',*,*,#3643,.F.);
#2275=ORIENTED_EDGE('',*,*,#3644,.T.);
#2276=ORIENTED_EDGE('',*,*,#3641,.T.);
#2277=ORIENTED_EDGE('',*,*,#3151,.F.);
#2278=ORIENTED_EDGE('',*,*,#3634,.F.);
#2279=ORIENTED_EDGE('',*,*,#3645,.T.);
#2280=ORIENTED_EDGE('',*,*,#3643,.T.);
#2281=ORIENTED_EDGE('',*,*,#3646,.F.);
#2282=ORIENTED_EDGE('',*,*,#3616,.F.);
#2283=ORIENTED_EDGE('',*,*,#3647,.T.);
#2284=ORIENTED_EDGE('',*,*,#3630,.T.);
#2285=ORIENTED_EDGE('',*,*,#3633,.F.);
#2286=ORIENTED_EDGE('',*,*,#3636,.F.);
#2287=ORIENTED_EDGE('',*,*,#3638,.F.);
#2288=ORIENTED_EDGE('',*,*,#3640,.F.);
#2289=ORIENTED_EDGE('',*,*,#3642,.F.);
#2290=ORIENTED_EDGE('',*,*,#3644,.F.);
#2291=ORIENTED_EDGE('',*,*,#3645,.F.);
#2292=ORIENTED_EDGE('',*,*,#3615,.F.);
#2293=ORIENTED_EDGE('',*,*,#3619,.F.);
#2294=ORIENTED_EDGE('',*,*,#3622,.F.);
#2295=ORIENTED_EDGE('',*,*,#3625,.F.);
#2296=ORIENTED_EDGE('',*,*,#3628,.F.);
#2297=ORIENTED_EDGE('',*,*,#3631,.F.);
#2298=ORIENTED_EDGE('',*,*,#3647,.F.);
#2299=ORIENTED_EDGE('',*,*,#3648,.F.);
#2300=ORIENTED_EDGE('',*,*,#3649,.F.);
#2301=ORIENTED_EDGE('',*,*,#3650,.T.);
#2302=ORIENTED_EDGE('',*,*,#3651,.T.);
#2303=ORIENTED_EDGE('',*,*,#3652,.F.);
#2304=ORIENTED_EDGE('',*,*,#3653,.F.);
#2305=ORIENTED_EDGE('',*,*,#3654,.T.);
#2306=ORIENTED_EDGE('',*,*,#3649,.T.);
#2307=ORIENTED_EDGE('',*,*,#3655,.F.);
#2308=ORIENTED_EDGE('',*,*,#3656,.F.);
#2309=ORIENTED_EDGE('',*,*,#3657,.T.);
#2310=ORIENTED_EDGE('',*,*,#3653,.T.);
#2311=ORIENTED_EDGE('',*,*,#3658,.F.);
#2312=ORIENTED_EDGE('',*,*,#3659,.F.);
#2313=ORIENTED_EDGE('',*,*,#3660,.T.);
#2314=ORIENTED_EDGE('',*,*,#3656,.T.);
#2315=ORIENTED_EDGE('',*,*,#3661,.F.);
#2316=ORIENTED_EDGE('',*,*,#3662,.F.);
#2317=ORIENTED_EDGE('',*,*,#3663,.T.);
#2318=ORIENTED_EDGE('',*,*,#3659,.T.);
#2319=ORIENTED_EDGE('',*,*,#3664,.F.);
#2320=ORIENTED_EDGE('',*,*,#3665,.F.);
#2321=ORIENTED_EDGE('',*,*,#3666,.T.);
#2322=ORIENTED_EDGE('',*,*,#3662,.T.);
#2323=ORIENTED_EDGE('',*,*,#3667,.F.);
#2324=ORIENTED_EDGE('',*,*,#3668,.F.);
#2325=ORIENTED_EDGE('',*,*,#3669,.T.);
#2326=ORIENTED_EDGE('',*,*,#3665,.T.);
#2327=ORIENTED_EDGE('',*,*,#3670,.F.);
#2328=ORIENTED_EDGE('',*,*,#3671,.F.);
#2329=ORIENTED_EDGE('',*,*,#3672,.T.);
#2330=ORIENTED_EDGE('',*,*,#3668,.T.);
#2331=ORIENTED_EDGE('',*,*,#2954,.F.);
#2332=ORIENTED_EDGE('',*,*,#3673,.F.);
#2333=ORIENTED_EDGE('',*,*,#3674,.T.);
#2334=ORIENTED_EDGE('',*,*,#3675,.T.);
#2335=ORIENTED_EDGE('',*,*,#2953,.F.);
#2336=ORIENTED_EDGE('',*,*,#3676,.F.);
#2337=ORIENTED_EDGE('',*,*,#3677,.T.);
#2338=ORIENTED_EDGE('',*,*,#3673,.T.);
#2339=ORIENTED_EDGE('',*,*,#2968,.F.);
#2340=ORIENTED_EDGE('',*,*,#3678,.F.);
#2341=ORIENTED_EDGE('',*,*,#3679,.T.);
#2342=ORIENTED_EDGE('',*,*,#3676,.T.);
#2343=ORIENTED_EDGE('',*,*,#2967,.F.);
#2344=ORIENTED_EDGE('',*,*,#3680,.F.);
#2345=ORIENTED_EDGE('',*,*,#3681,.T.);
#2346=ORIENTED_EDGE('',*,*,#3678,.T.);
#2347=ORIENTED_EDGE('',*,*,#2966,.F.);
#2348=ORIENTED_EDGE('',*,*,#3682,.F.);
#2349=ORIENTED_EDGE('',*,*,#3683,.T.);
#2350=ORIENTED_EDGE('',*,*,#3680,.T.);
#2351=ORIENTED_EDGE('',*,*,#2965,.F.);
#2352=ORIENTED_EDGE('',*,*,#3684,.F.);
#2353=ORIENTED_EDGE('',*,*,#3685,.T.);
#2354=ORIENTED_EDGE('',*,*,#3682,.T.);
#2355=ORIENTED_EDGE('',*,*,#2964,.F.);
#2356=ORIENTED_EDGE('',*,*,#3686,.F.);
#2357=ORIENTED_EDGE('',*,*,#3687,.T.);
#2358=ORIENTED_EDGE('',*,*,#3684,.T.);
#2359=ORIENTED_EDGE('',*,*,#2963,.F.);
#2360=ORIENTED_EDGE('',*,*,#3688,.F.);
#2361=ORIENTED_EDGE('',*,*,#3689,.T.);
#2362=ORIENTED_EDGE('',*,*,#3686,.T.);
#2363=ORIENTED_EDGE('',*,*,#2962,.F.);
#2364=ORIENTED_EDGE('',*,*,#3690,.F.);
#2365=ORIENTED_EDGE('',*,*,#3691,.T.);
#2366=ORIENTED_EDGE('',*,*,#3688,.T.);
#2367=ORIENTED_EDGE('',*,*,#2961,.F.);
#2368=ORIENTED_EDGE('',*,*,#3692,.F.);
#2369=ORIENTED_EDGE('',*,*,#3693,.T.);
#2370=ORIENTED_EDGE('',*,*,#3690,.T.);
#2371=ORIENTED_EDGE('',*,*,#2960,.F.);
#2372=ORIENTED_EDGE('',*,*,#3694,.F.);
#2373=ORIENTED_EDGE('',*,*,#3695,.T.);
#2374=ORIENTED_EDGE('',*,*,#3692,.T.);
#2375=ORIENTED_EDGE('',*,*,#2959,.F.);
#2376=ORIENTED_EDGE('',*,*,#3696,.F.);
#2377=ORIENTED_EDGE('',*,*,#3697,.T.);
#2378=ORIENTED_EDGE('',*,*,#3694,.T.);
#2379=ORIENTED_EDGE('',*,*,#2958,.F.);
#2380=ORIENTED_EDGE('',*,*,#3698,.F.);
#2381=ORIENTED_EDGE('',*,*,#3699,.T.);
#2382=ORIENTED_EDGE('',*,*,#3696,.T.);
#2383=ORIENTED_EDGE('',*,*,#2957,.F.);
#2384=ORIENTED_EDGE('',*,*,#3700,.F.);
#2385=ORIENTED_EDGE('',*,*,#3701,.T.);
#2386=ORIENTED_EDGE('',*,*,#3698,.T.);
#2387=ORIENTED_EDGE('',*,*,#2956,.F.);
#2388=ORIENTED_EDGE('',*,*,#3702,.F.);
#2389=ORIENTED_EDGE('',*,*,#3703,.T.);
#2390=ORIENTED_EDGE('',*,*,#3700,.T.);
#2391=ORIENTED_EDGE('',*,*,#2955,.F.);
#2392=ORIENTED_EDGE('',*,*,#3675,.F.);
#2393=ORIENTED_EDGE('',*,*,#3704,.T.);
#2394=ORIENTED_EDGE('',*,*,#3702,.T.);
#2395=ORIENTED_EDGE('',*,*,#3705,.F.);
#2396=ORIENTED_EDGE('',*,*,#3651,.F.);
#2397=ORIENTED_EDGE('',*,*,#3706,.T.);
#2398=ORIENTED_EDGE('',*,*,#3671,.T.);
#2399=ORIENTED_EDGE('',*,*,#3674,.F.);
#2400=ORIENTED_EDGE('',*,*,#3677,.F.);
#2401=ORIENTED_EDGE('',*,*,#3679,.F.);
#2402=ORIENTED_EDGE('',*,*,#3681,.F.);
#2403=ORIENTED_EDGE('',*,*,#3683,.F.);
#2404=ORIENTED_EDGE('',*,*,#3685,.F.);
#2405=ORIENTED_EDGE('',*,*,#3687,.F.);
#2406=ORIENTED_EDGE('',*,*,#3689,.F.);
#2407=ORIENTED_EDGE('',*,*,#3691,.F.);
#2408=ORIENTED_EDGE('',*,*,#3693,.F.);
#2409=ORIENTED_EDGE('',*,*,#3695,.F.);
#2410=ORIENTED_EDGE('',*,*,#3697,.F.);
#2411=ORIENTED_EDGE('',*,*,#3699,.F.);
#2412=ORIENTED_EDGE('',*,*,#3701,.F.);
#2413=ORIENTED_EDGE('',*,*,#3703,.F.);
#2414=ORIENTED_EDGE('',*,*,#3704,.F.);
#2415=ORIENTED_EDGE('',*,*,#3650,.F.);
#2416=ORIENTED_EDGE('',*,*,#3654,.F.);
#2417=ORIENTED_EDGE('',*,*,#3657,.F.);
#2418=ORIENTED_EDGE('',*,*,#3660,.F.);
#2419=ORIENTED_EDGE('',*,*,#3663,.F.);
#2420=ORIENTED_EDGE('',*,*,#3666,.F.);
#2421=ORIENTED_EDGE('',*,*,#3669,.F.);
#2422=ORIENTED_EDGE('',*,*,#3672,.F.);
#2423=ORIENTED_EDGE('',*,*,#3706,.F.);
#2424=ORIENTED_EDGE('',*,*,#2940,.F.);
#2425=ORIENTED_EDGE('',*,*,#3707,.F.);
#2426=ORIENTED_EDGE('',*,*,#3708,.T.);
#2427=ORIENTED_EDGE('',*,*,#3709,.T.);
#2428=ORIENTED_EDGE('',*,*,#2939,.F.);
#2429=ORIENTED_EDGE('',*,*,#3710,.F.);
#2430=ORIENTED_EDGE('',*,*,#3711,.T.);
#2431=ORIENTED_EDGE('',*,*,#3707,.T.);
#2432=ORIENTED_EDGE('',*,*,#2952,.F.);
#2433=ORIENTED_EDGE('',*,*,#3712,.F.);
#2434=ORIENTED_EDGE('',*,*,#3713,.T.);
#2435=ORIENTED_EDGE('',*,*,#3710,.T.);
#2436=ORIENTED_EDGE('',*,*,#2951,.F.);
#2437=ORIENTED_EDGE('',*,*,#3714,.F.);
#2438=ORIENTED_EDGE('',*,*,#3715,.T.);
#2439=ORIENTED_EDGE('',*,*,#3712,.T.);
#2440=ORIENTED_EDGE('',*,*,#2950,.F.);
#2441=ORIENTED_EDGE('',*,*,#3716,.F.);
#2442=ORIENTED_EDGE('',*,*,#3717,.T.);
#2443=ORIENTED_EDGE('',*,*,#3714,.T.);
#2444=ORIENTED_EDGE('',*,*,#2949,.F.);
#2445=ORIENTED_EDGE('',*,*,#3718,.F.);
#2446=ORIENTED_EDGE('',*,*,#3719,.T.);
#2447=ORIENTED_EDGE('',*,*,#3716,.T.);
#2448=ORIENTED_EDGE('',*,*,#2948,.F.);
#2449=ORIENTED_EDGE('',*,*,#3720,.F.);
#2450=ORIENTED_EDGE('',*,*,#3721,.T.);
#2451=ORIENTED_EDGE('',*,*,#3718,.T.);
#2452=ORIENTED_EDGE('',*,*,#2947,.F.);
#2453=ORIENTED_EDGE('',*,*,#3722,.F.);
#2454=ORIENTED_EDGE('',*,*,#3723,.T.);
#2455=ORIENTED_EDGE('',*,*,#3720,.T.);
#2456=ORIENTED_EDGE('',*,*,#2946,.F.);
#2457=ORIENTED_EDGE('',*,*,#3724,.F.);
#2458=ORIENTED_EDGE('',*,*,#3725,.T.);
#2459=ORIENTED_EDGE('',*,*,#3722,.T.);
#2460=ORIENTED_EDGE('',*,*,#2945,.F.);
#2461=ORIENTED_EDGE('',*,*,#3726,.F.);
#2462=ORIENTED_EDGE('',*,*,#3727,.T.);
#2463=ORIENTED_EDGE('',*,*,#3724,.T.);
#2464=ORIENTED_EDGE('',*,*,#2944,.F.);
#2465=ORIENTED_EDGE('',*,*,#3728,.F.);
#2466=ORIENTED_EDGE('',*,*,#3729,.T.);
#2467=ORIENTED_EDGE('',*,*,#3726,.T.);
#2468=ORIENTED_EDGE('',*,*,#2943,.F.);
#2469=ORIENTED_EDGE('',*,*,#3730,.F.);
#2470=ORIENTED_EDGE('',*,*,#3731,.T.);
#2471=ORIENTED_EDGE('',*,*,#3728,.T.);
#2472=ORIENTED_EDGE('',*,*,#2942,.F.);
#2473=ORIENTED_EDGE('',*,*,#3732,.F.);
#2474=ORIENTED_EDGE('',*,*,#3733,.T.);
#2475=ORIENTED_EDGE('',*,*,#3730,.T.);
#2476=ORIENTED_EDGE('',*,*,#2941,.F.);
#2477=ORIENTED_EDGE('',*,*,#3709,.F.);
#2478=ORIENTED_EDGE('',*,*,#3734,.T.);
#2479=ORIENTED_EDGE('',*,*,#3732,.T.);
#2480=ORIENTED_EDGE('',*,*,#3708,.F.);
#2481=ORIENTED_EDGE('',*,*,#3711,.F.);
#2482=ORIENTED_EDGE('',*,*,#3713,.F.);
#2483=ORIENTED_EDGE('',*,*,#3715,.F.);
#2484=ORIENTED_EDGE('',*,*,#3717,.F.);
#2485=ORIENTED_EDGE('',*,*,#3719,.F.);
#2486=ORIENTED_EDGE('',*,*,#3721,.F.);
#2487=ORIENTED_EDGE('',*,*,#3723,.F.);
#2488=ORIENTED_EDGE('',*,*,#3725,.F.);
#2489=ORIENTED_EDGE('',*,*,#3727,.F.);
#2490=ORIENTED_EDGE('',*,*,#3729,.F.);
#2491=ORIENTED_EDGE('',*,*,#3731,.F.);
#2492=ORIENTED_EDGE('',*,*,#3733,.F.);
#2493=ORIENTED_EDGE('',*,*,#3734,.F.);
#2494=ORIENTED_EDGE('',*,*,#2923,.F.);
#2495=ORIENTED_EDGE('',*,*,#3735,.F.);
#2496=ORIENTED_EDGE('',*,*,#3736,.T.);
#2497=ORIENTED_EDGE('',*,*,#3737,.T.);
#2498=ORIENTED_EDGE('',*,*,#2922,.F.);
#2499=ORIENTED_EDGE('',*,*,#3738,.F.);
#2500=ORIENTED_EDGE('',*,*,#3739,.T.);
#2501=ORIENTED_EDGE('',*,*,#3735,.T.);
#2502=ORIENTED_EDGE('',*,*,#2938,.F.);
#2503=ORIENTED_EDGE('',*,*,#3740,.F.);
#2504=ORIENTED_EDGE('',*,*,#3741,.T.);
#2505=ORIENTED_EDGE('',*,*,#3738,.T.);
#2506=ORIENTED_EDGE('',*,*,#2937,.F.);
#2507=ORIENTED_EDGE('',*,*,#3742,.F.);
#2508=ORIENTED_EDGE('',*,*,#3743,.T.);
#2509=ORIENTED_EDGE('',*,*,#3740,.T.);
#2510=ORIENTED_EDGE('',*,*,#2936,.F.);
#2511=ORIENTED_EDGE('',*,*,#3744,.F.);
#2512=ORIENTED_EDGE('',*,*,#3745,.T.);
#2513=ORIENTED_EDGE('',*,*,#3742,.T.);
#2514=ORIENTED_EDGE('',*,*,#2935,.F.);
#2515=ORIENTED_EDGE('',*,*,#3746,.F.);
#2516=ORIENTED_EDGE('',*,*,#3747,.T.);
#2517=ORIENTED_EDGE('',*,*,#3744,.T.);
#2518=ORIENTED_EDGE('',*,*,#2934,.F.);
#2519=ORIENTED_EDGE('',*,*,#3748,.F.);
#2520=ORIENTED_EDGE('',*,*,#3749,.T.);
#2521=ORIENTED_EDGE('',*,*,#3746,.T.);
#2522=ORIENTED_EDGE('',*,*,#2933,.F.);
#2523=ORIENTED_EDGE('',*,*,#3750,.F.);
#2524=ORIENTED_EDGE('',*,*,#3751,.T.);
#2525=ORIENTED_EDGE('',*,*,#3748,.T.);
#2526=ORIENTED_EDGE('',*,*,#2932,.F.);
#2527=ORIENTED_EDGE('',*,*,#3752,.F.);
#2528=ORIENTED_EDGE('',*,*,#3753,.T.);
#2529=ORIENTED_EDGE('',*,*,#3750,.T.);
#2530=ORIENTED_EDGE('',*,*,#2931,.F.);
#2531=ORIENTED_EDGE('',*,*,#3754,.F.);
#2532=ORIENTED_EDGE('',*,*,#3755,.T.);
#2533=ORIENTED_EDGE('',*,*,#3752,.T.);
#2534=ORIENTED_EDGE('',*,*,#2930,.F.);
#2535=ORIENTED_EDGE('',*,*,#3756,.F.);
#2536=ORIENTED_EDGE('',*,*,#3757,.T.);
#2537=ORIENTED_EDGE('',*,*,#3754,.T.);
#2538=ORIENTED_EDGE('',*,*,#2929,.F.);
#2539=ORIENTED_EDGE('',*,*,#3758,.F.);
#2540=ORIENTED_EDGE('',*,*,#3759,.T.);
#2541=ORIENTED_EDGE('',*,*,#3756,.T.);
#2542=ORIENTED_EDGE('',*,*,#2928,.F.);
#2543=ORIENTED_EDGE('',*,*,#3760,.F.);
#2544=ORIENTED_EDGE('',*,*,#3761,.T.);
#2545=ORIENTED_EDGE('',*,*,#3758,.T.);
#2546=ORIENTED_EDGE('',*,*,#2927,.F.);
#2547=ORIENTED_EDGE('',*,*,#3762,.F.);
#2548=ORIENTED_EDGE('',*,*,#3763,.T.);
#2549=ORIENTED_EDGE('',*,*,#3760,.T.);
#2550=ORIENTED_EDGE('',*,*,#2926,.F.);
#2551=ORIENTED_EDGE('',*,*,#3764,.F.);
#2552=ORIENTED_EDGE('',*,*,#3765,.T.);
#2553=ORIENTED_EDGE('',*,*,#3762,.T.);
#2554=ORIENTED_EDGE('',*,*,#2925,.F.);
#2555=ORIENTED_EDGE('',*,*,#3766,.F.);
#2556=ORIENTED_EDGE('',*,*,#3767,.T.);
#2557=ORIENTED_EDGE('',*,*,#3764,.T.);
#2558=ORIENTED_EDGE('',*,*,#2924,.F.);
#2559=ORIENTED_EDGE('',*,*,#3737,.F.);
#2560=ORIENTED_EDGE('',*,*,#3768,.T.);
#2561=ORIENTED_EDGE('',*,*,#3766,.T.);
#2562=ORIENTED_EDGE('',*,*,#3736,.F.);
#2563=ORIENTED_EDGE('',*,*,#3739,.F.);
#2564=ORIENTED_EDGE('',*,*,#3741,.F.);
#2565=ORIENTED_EDGE('',*,*,#3743,.F.);
#2566=ORIENTED_EDGE('',*,*,#3745,.F.);
#2567=ORIENTED_EDGE('',*,*,#3747,.F.);
#2568=ORIENTED_EDGE('',*,*,#3749,.F.);
#2569=ORIENTED_EDGE('',*,*,#3751,.F.);
#2570=ORIENTED_EDGE('',*,*,#3753,.F.);
#2571=ORIENTED_EDGE('',*,*,#3755,.F.);
#2572=ORIENTED_EDGE('',*,*,#3757,.F.);
#2573=ORIENTED_EDGE('',*,*,#3759,.F.);
#2574=ORIENTED_EDGE('',*,*,#3761,.F.);
#2575=ORIENTED_EDGE('',*,*,#3763,.F.);
#2576=ORIENTED_EDGE('',*,*,#3765,.F.);
#2577=ORIENTED_EDGE('',*,*,#3767,.F.);
#2578=ORIENTED_EDGE('',*,*,#3768,.F.);
#2579=ORIENTED_EDGE('',*,*,#3769,.F.);
#2580=ORIENTED_EDGE('',*,*,#3770,.F.);
#2581=ORIENTED_EDGE('',*,*,#3771,.T.);
#2582=ORIENTED_EDGE('',*,*,#3772,.T.);
#2583=ORIENTED_EDGE('',*,*,#3773,.F.);
#2584=ORIENTED_EDGE('',*,*,#3774,.F.);
#2585=ORIENTED_EDGE('',*,*,#3775,.T.);
#2586=ORIENTED_EDGE('',*,*,#3770,.T.);
#2587=ORIENTED_EDGE('',*,*,#3776,.F.);
#2588=ORIENTED_EDGE('',*,*,#3777,.F.);
#2589=ORIENTED_EDGE('',*,*,#3778,.T.);
#2590=ORIENTED_EDGE('',*,*,#3774,.T.);
#2591=ORIENTED_EDGE('',*,*,#3779,.F.);
#2592=ORIENTED_EDGE('',*,*,#3780,.F.);
#2593=ORIENTED_EDGE('',*,*,#3781,.T.);
#2594=ORIENTED_EDGE('',*,*,#3777,.T.);
#2595=ORIENTED_EDGE('',*,*,#3157,.F.);
#2596=ORIENTED_EDGE('',*,*,#3782,.F.);
#2597=ORIENTED_EDGE('',*,*,#3783,.T.);
#2598=ORIENTED_EDGE('',*,*,#3784,.T.);
#2599=ORIENTED_EDGE('',*,*,#3156,.F.);
#2600=ORIENTED_EDGE('',*,*,#3785,.F.);
#2601=ORIENTED_EDGE('',*,*,#3786,.T.);
#2602=ORIENTED_EDGE('',*,*,#3782,.T.);
#2603=ORIENTED_EDGE('',*,*,#3169,.F.);
#2604=ORIENTED_EDGE('',*,*,#3787,.F.);
#2605=ORIENTED_EDGE('',*,*,#3788,.T.);
#2606=ORIENTED_EDGE('',*,*,#3785,.T.);
#2607=ORIENTED_EDGE('',*,*,#3168,.F.);
#2608=ORIENTED_EDGE('',*,*,#3789,.F.);
#2609=ORIENTED_EDGE('',*,*,#3790,.T.);
#2610=ORIENTED_EDGE('',*,*,#3787,.T.);
#2611=ORIENTED_EDGE('',*,*,#3167,.F.);
#2612=ORIENTED_EDGE('',*,*,#3791,.F.);
#2613=ORIENTED_EDGE('',*,*,#3792,.T.);
#2614=ORIENTED_EDGE('',*,*,#3789,.T.);
#2615=ORIENTED_EDGE('',*,*,#3166,.F.);
#2616=ORIENTED_EDGE('',*,*,#3793,.F.);
#2617=ORIENTED_EDGE('',*,*,#3794,.T.);
#2618=ORIENTED_EDGE('',*,*,#3791,.T.);
#2619=ORIENTED_EDGE('',*,*,#3165,.F.);
#2620=ORIENTED_EDGE('',*,*,#3795,.F.);
#2621=ORIENTED_EDGE('',*,*,#3796,.T.);
#2622=ORIENTED_EDGE('',*,*,#3793,.T.);
#2623=ORIENTED_EDGE('',*,*,#3164,.F.);
#2624=ORIENTED_EDGE('',*,*,#3797,.F.);
#2625=ORIENTED_EDGE('',*,*,#3798,.T.);
#2626=ORIENTED_EDGE('',*,*,#3795,.T.);
#2627=ORIENTED_EDGE('',*,*,#3163,.F.);
#2628=ORIENTED_EDGE('',*,*,#3799,.F.);
#2629=ORIENTED_EDGE('',*,*,#3800,.T.);
#2630=ORIENTED_EDGE('',*,*,#3797,.T.);
#2631=ORIENTED_EDGE('',*,*,#3162,.F.);
#2632=ORIENTED_EDGE('',*,*,#3801,.F.);
#2633=ORIENTED_EDGE('',*,*,#3802,.T.);
#2634=ORIENTED_EDGE('',*,*,#3799,.T.);
#2635=ORIENTED_EDGE('',*,*,#3161,.F.);
#2636=ORIENTED_EDGE('',*,*,#3803,.F.);
#2637=ORIENTED_EDGE('',*,*,#3804,.T.);
#2638=ORIENTED_EDGE('',*,*,#3801,.T.);
#2639=ORIENTED_EDGE('',*,*,#3160,.F.);
#2640=ORIENTED_EDGE('',*,*,#3805,.F.);
#2641=ORIENTED_EDGE('',*,*,#3806,.T.);
#2642=ORIENTED_EDGE('',*,*,#3803,.T.);
#2643=ORIENTED_EDGE('',*,*,#3159,.F.);
#2644=ORIENTED_EDGE('',*,*,#3807,.F.);
#2645=ORIENTED_EDGE('',*,*,#3808,.T.);
#2646=ORIENTED_EDGE('',*,*,#3805,.T.);
#2647=ORIENTED_EDGE('',*,*,#3158,.F.);
#2648=ORIENTED_EDGE('',*,*,#3784,.F.);
#2649=ORIENTED_EDGE('',*,*,#3809,.T.);
#2650=ORIENTED_EDGE('',*,*,#3807,.T.);
#2651=ORIENTED_EDGE('',*,*,#3810,.F.);
#2652=ORIENTED_EDGE('',*,*,#3772,.F.);
#2653=ORIENTED_EDGE('',*,*,#3811,.T.);
#2654=ORIENTED_EDGE('',*,*,#3780,.T.);
#2655=ORIENTED_EDGE('',*,*,#3783,.F.);
#2656=ORIENTED_EDGE('',*,*,#3786,.F.);
#2657=ORIENTED_EDGE('',*,*,#3788,.F.);
#2658=ORIENTED_EDGE('',*,*,#3790,.F.);
#2659=ORIENTED_EDGE('',*,*,#3792,.F.);
#2660=ORIENTED_EDGE('',*,*,#3794,.F.);
#2661=ORIENTED_EDGE('',*,*,#3796,.F.);
#2662=ORIENTED_EDGE('',*,*,#3798,.F.);
#2663=ORIENTED_EDGE('',*,*,#3800,.F.);
#2664=ORIENTED_EDGE('',*,*,#3802,.F.);
#2665=ORIENTED_EDGE('',*,*,#3804,.F.);
#2666=ORIENTED_EDGE('',*,*,#3806,.F.);
#2667=ORIENTED_EDGE('',*,*,#3808,.F.);
#2668=ORIENTED_EDGE('',*,*,#3809,.F.);
#2669=ORIENTED_EDGE('',*,*,#3771,.F.);
#2670=ORIENTED_EDGE('',*,*,#3775,.F.);
#2671=ORIENTED_EDGE('',*,*,#3778,.F.);
#2672=ORIENTED_EDGE('',*,*,#3781,.F.);
#2673=ORIENTED_EDGE('',*,*,#3811,.F.);
#2674=ORIENTED_EDGE('',*,*,#3264,.T.);
#2675=ORIENTED_EDGE('',*,*,#3260,.T.);
#2676=ORIENTED_EDGE('',*,*,#3301,.T.);
#2677=ORIENTED_EDGE('',*,*,#3270,.T.);
#2678=ORIENTED_EDGE('',*,*,#3267,.T.);
#2679=ORIENTED_EDGE('',*,*,#3327,.T.);
#2680=ORIENTED_EDGE('',*,*,#3323,.T.);
#2681=ORIENTED_EDGE('',*,*,#3363,.T.);
#2682=ORIENTED_EDGE('',*,*,#3342,.T.);
#2683=ORIENTED_EDGE('',*,*,#3339,.T.);
#2684=ORIENTED_EDGE('',*,*,#3336,.T.);
#2685=ORIENTED_EDGE('',*,*,#3333,.T.);
#2686=ORIENTED_EDGE('',*,*,#3330,.T.);
#2687=ORIENTED_EDGE('',*,*,#3369,.T.);
#2688=ORIENTED_EDGE('',*,*,#3365,.T.);
#2689=ORIENTED_EDGE('',*,*,#3405,.T.);
#2690=ORIENTED_EDGE('',*,*,#3384,.T.);
#2691=ORIENTED_EDGE('',*,*,#3381,.T.);
#2692=ORIENTED_EDGE('',*,*,#3378,.T.);
#2693=ORIENTED_EDGE('',*,*,#3375,.T.);
#2694=ORIENTED_EDGE('',*,*,#3372,.T.);
#2695=ORIENTED_EDGE('',*,*,#3575,.T.);
#2696=ORIENTED_EDGE('',*,*,#3571,.T.);
#2697=ORIENTED_EDGE('',*,*,#3611,.T.);
#2698=ORIENTED_EDGE('',*,*,#3590,.T.);
#2699=ORIENTED_EDGE('',*,*,#3587,.T.);
#2700=ORIENTED_EDGE('',*,*,#3584,.T.);
#2701=ORIENTED_EDGE('',*,*,#3581,.T.);
#2702=ORIENTED_EDGE('',*,*,#3578,.T.);
#2703=ORIENTED_EDGE('',*,*,#3617,.T.);
#2704=ORIENTED_EDGE('',*,*,#3613,.T.);
#2705=ORIENTED_EDGE('',*,*,#3646,.T.);
#2706=ORIENTED_EDGE('',*,*,#3629,.T.);
#2707=ORIENTED_EDGE('',*,*,#3626,.T.);
#2708=ORIENTED_EDGE('',*,*,#3623,.T.);
#2709=ORIENTED_EDGE('',*,*,#3620,.T.);
#2710=ORIENTED_EDGE('',*,*,#3652,.T.);
#2711=ORIENTED_EDGE('',*,*,#3648,.T.);
#2712=ORIENTED_EDGE('',*,*,#3705,.T.);
#2713=ORIENTED_EDGE('',*,*,#3670,.T.);
#2714=ORIENTED_EDGE('',*,*,#3667,.T.);
#2715=ORIENTED_EDGE('',*,*,#3664,.T.);
#2716=ORIENTED_EDGE('',*,*,#3661,.T.);
#2717=ORIENTED_EDGE('',*,*,#3658,.T.);
#2718=ORIENTED_EDGE('',*,*,#3655,.T.);
#2719=ORIENTED_EDGE('',*,*,#3773,.T.);
#2720=ORIENTED_EDGE('',*,*,#3769,.T.);
#2721=ORIENTED_EDGE('',*,*,#3810,.T.);
#2722=ORIENTED_EDGE('',*,*,#3779,.T.);
#2723=ORIENTED_EDGE('',*,*,#3776,.T.);
#2724=ORIENTED_EDGE('',*,*,#3812,.F.);
#2725=ORIENTED_EDGE('',*,*,#3813,.F.);
#2726=ORIENTED_EDGE('',*,*,#3814,.T.);
#2727=ORIENTED_EDGE('',*,*,#3815,.T.);
#2728=ORIENTED_EDGE('',*,*,#3816,.T.);
#2729=ORIENTED_EDGE('',*,*,#3817,.F.);
#2730=ORIENTED_EDGE('',*,*,#3818,.F.);
#2731=ORIENTED_EDGE('',*,*,#3813,.T.);
#2732=ORIENTED_EDGE('',*,*,#3819,.T.);
#2733=ORIENTED_EDGE('',*,*,#3820,.F.);
#2734=ORIENTED_EDGE('',*,*,#3821,.F.);
#2735=ORIENTED_EDGE('',*,*,#3817,.T.);
#2736=ORIENTED_EDGE('',*,*,#3822,.T.);
#2737=ORIENTED_EDGE('',*,*,#3823,.F.);
#2738=ORIENTED_EDGE('',*,*,#3824,.F.);
#2739=ORIENTED_EDGE('',*,*,#3815,.F.);
#2740=ORIENTED_EDGE('',*,*,#3825,.T.);
#2741=ORIENTED_EDGE('',*,*,#3820,.T.);
#2742=ORIENTED_EDGE('',*,*,#3822,.F.);
#2743=ORIENTED_EDGE('',*,*,#3814,.F.);
#2744=ORIENTED_EDGE('',*,*,#3818,.T.);
#2745=ORIENTED_EDGE('',*,*,#3821,.T.);
#2746=ORIENTED_EDGE('',*,*,#3825,.F.);
#2747=ORIENTED_EDGE('',*,*,#3823,.T.);
#2748=ORIENTED_EDGE('',*,*,#3812,.T.);
#2749=ORIENTED_EDGE('',*,*,#3824,.T.);
#2750=ORIENTED_EDGE('',*,*,#3819,.F.);
#2751=ORIENTED_EDGE('',*,*,#3816,.F.);
#2752=EDGE_CURVE('',#3826,#3827,#4552,.T.);
#2753=EDGE_CURVE('',#3828,#3826,#4553,.T.);
#2754=EDGE_CURVE('',#3828,#3829,#4554,.T.);
#2755=EDGE_CURVE('',#3829,#3827,#4555,.T.);
#2756=EDGE_CURVE('',#3826,#3830,#4556,.T.);
#2757=EDGE_CURVE('',#3831,#3830,#4557,.T.);
#2758=EDGE_CURVE('',#3828,#3831,#4558,.T.);
#2759=EDGE_CURVE('',#3830,#3832,#4559,.T.);
#2760=EDGE_CURVE('',#3833,#3832,#4560,.T.);
#2761=EDGE_CURVE('',#3831,#3833,#4561,.T.);
#2762=EDGE_CURVE('',#3827,#3832,#4562,.T.);
#2763=EDGE_CURVE('',#3829,#3833,#4563,.T.);
#2764=EDGE_CURVE('',#3834,#3835,#4564,.T.);
#2765=EDGE_CURVE('',#3834,#3836,#4565,.T.);
#2766=EDGE_CURVE('',#3837,#3836,#4566,.T.);
#2767=EDGE_CURVE('',#3838,#3837,#4567,.T.);
#2768=EDGE_CURVE('',#3839,#3838,#4568,.T.);
#2769=EDGE_CURVE('',#3839,#3840,#4569,.T.);
#2770=EDGE_CURVE('',#3840,#3841,#4570,.T.);
#2771=EDGE_CURVE('',#3841,#3842,#4571,.T.);
#2772=EDGE_CURVE('',#3842,#3843,#4572,.T.);
#2773=EDGE_CURVE('',#3844,#3843,#4573,.T.);
#2774=EDGE_CURVE('',#3844,#3845,#4574,.T.);
#2775=EDGE_CURVE('',#3845,#3846,#4575,.T.);
#2776=EDGE_CURVE('',#3847,#3846,#4576,.T.);
#2777=EDGE_CURVE('',#3848,#3847,#4577,.T.);
#2778=EDGE_CURVE('',#3849,#3848,#4578,.T.);
#2779=EDGE_CURVE('',#3849,#3850,#4579,.T.);
#2780=EDGE_CURVE('',#3850,#3851,#4580,.T.);
#2781=EDGE_CURVE('',#3852,#3851,#4581,.T.);
#2782=EDGE_CURVE('',#3853,#3852,#4582,.T.);
#2783=EDGE_CURVE('',#3854,#3853,#4583,.T.);
#2784=EDGE_CURVE('',#3854,#3855,#4584,.T.);
#2785=EDGE_CURVE('',#3855,#3856,#4585,.T.);
#2786=EDGE_CURVE('',#3856,#3857,#4586,.T.);
#2787=EDGE_CURVE('',#3858,#3857,#4587,.T.);
#2788=EDGE_CURVE('',#3859,#3858,#4588,.T.);
#2789=EDGE_CURVE('',#3835,#3859,#4589,.T.);
#2790=EDGE_CURVE('',#3838,#3860,#4590,.T.);
#2791=EDGE_CURVE('',#3861,#3860,#4591,.T.);
#2792=EDGE_CURVE('',#3834,#3861,#4592,.T.);
#2793=EDGE_CURVE('',#3835,#3862,#4593,.T.);
#2794=EDGE_CURVE('',#3863,#3862,#4594,.T.);
#2795=EDGE_CURVE('',#3863,#3839,#4595,.T.);
#2796=EDGE_CURVE('',#3859,#3864,#4596,.T.);
#2797=EDGE_CURVE('',#3865,#3864,#4597,.T.);
#2798=EDGE_CURVE('',#3866,#3865,#4598,.T.);
#2799=EDGE_CURVE('',#3862,#3866,#4599,.T.);
#2800=EDGE_CURVE('',#3854,#3867,#4600,.T.);
#2801=EDGE_CURVE('',#3867,#3868,#4601,.T.);
#2802=EDGE_CURVE('',#3869,#3868,#4602,.T.);
#2803=EDGE_CURVE('',#3870,#3869,#4603,.T.);
#2804=EDGE_CURVE('',#3870,#3871,#4604,.T.);
#2805=EDGE_CURVE('',#3871,#3866,#4605,.T.);
#2806=EDGE_CURVE('',#3865,#3872,#4606,.T.);
#2807=EDGE_CURVE('',#3872,#3855,#4607,.T.);
#2808=EDGE_CURVE('',#3873,#3858,#4608,.T.);
#2809=EDGE_CURVE('',#3864,#3873,#4609,.T.);
#2810=EDGE_CURVE('',#3874,#3874,#516,.T.);
#2811=EDGE_CURVE('',#3873,#3875,#4610,.T.);
#2812=EDGE_CURVE('',#3876,#3875,#4611,.T.);
#2813=EDGE_CURVE('',#3872,#3876,#4612,.T.);
#2814=EDGE_CURVE('',#3876,#3856,#4613,.T.);
#2815=EDGE_CURVE('',#3875,#3857,#4614,.T.);
#2816=EDGE_CURVE('',#3877,#3877,#517,.T.);
#2817=EDGE_CURVE('',#3878,#3869,#4615,.T.);
#2818=EDGE_CURVE('',#3879,#3868,#4616,.T.);
#2819=EDGE_CURVE('',#3878,#3879,#4617,.T.);
#2820=EDGE_CURVE('',#3880,#3881,#4618,.T.);
#2821=EDGE_CURVE('',#3882,#3880,#4619,.T.);
#2822=EDGE_CURVE('',#3882,#3883,#4620,.T.);
#2823=EDGE_CURVE('',#3883,#3881,#4621,.T.);
#2824=EDGE_CURVE('',#3884,#3880,#4622,.T.);
#2825=EDGE_CURVE('',#3884,#3885,#4623,.T.);
#2826=EDGE_CURVE('',#3882,#3885,#4624,.T.);
#2827=EDGE_CURVE('',#3886,#3886,#518,.T.);
#2828=EDGE_CURVE('',#3887,#3887,#519,.T.);
#2829=EDGE_CURVE('',#3888,#3888,#520,.T.);
#2830=EDGE_CURVE('',#3889,#3889,#521,.T.);
#2831=EDGE_CURVE('',#3871,#3890,#4625,.T.);
#2832=EDGE_CURVE('',#3890,#3891,#4626,.T.);
#2833=EDGE_CURVE('',#3892,#3891,#4627,.T.);
#2834=EDGE_CURVE('',#3893,#3892,#4628,.T.);
#2835=EDGE_CURVE('',#3863,#3893,#4629,.T.);
#2836=EDGE_CURVE('',#3885,#3894,#4630,.T.);
#2837=EDGE_CURVE('',#3883,#3894,#4631,.T.);
#2838=EDGE_CURVE('',#3895,#3895,#522,.T.);
#2839=EDGE_CURVE('',#3896,#3896,#523,.T.);
#2840=EDGE_CURVE('',#3897,#3845,#4632,.T.);
#2841=EDGE_CURVE('',#3897,#3898,#4633,.T.);
#2842=EDGE_CURVE('',#3898,#3846,#4634,.T.);
#2843=EDGE_CURVE('',#3899,#3900,#4635,.T.);
#2844=EDGE_CURVE('',#3899,#3901,#4636,.T.);
#2845=EDGE_CURVE('',#3901,#3902,#4637,.T.);
#2846=EDGE_CURVE('',#3903,#3902,#4638,.T.);
#2847=EDGE_CURVE('',#3903,#3904,#4639,.T.);
#2848=EDGE_CURVE('',#3904,#3898,#4640,.T.);
#2849=EDGE_CURVE('',#3900,#3897,#4641,.T.);
#2850=EDGE_CURVE('',#3847,#3904,#4642,.T.);
#2851=EDGE_CURVE('',#3852,#3901,#4643,.T.);
#2852=EDGE_CURVE('',#3851,#3902,#4644,.T.);
#2853=EDGE_CURVE('',#3905,#3905,#524,.T.);
#2854=EDGE_CURVE('',#3906,#3907,#4645,.T.);
#2855=EDGE_CURVE('',#3906,#3908,#4646,.T.);
#2856=EDGE_CURVE('',#3909,#3908,#4647,.T.);
#2857=EDGE_CURVE('',#3907,#3909,#4648,.T.);
#2858=EDGE_CURVE('',#3910,#3910,#525,.T.);
#2859=EDGE_CURVE('',#3909,#3842,#4649,.T.);
#2860=EDGE_CURVE('',#3908,#3843,#4650,.T.);
#2861=EDGE_CURVE('',#3906,#3844,#4651,.T.);
#2862=EDGE_CURVE('',#3907,#3841,#4652,.T.);
#2863=EDGE_CURVE('',#3911,#3867,#4653,.T.);
#2864=EDGE_CURVE('',#3911,#3879,#4654,.T.);
#2865=EDGE_CURVE('',#3912,#3911,#4655,.T.);
#2866=EDGE_CURVE('',#3912,#3878,#4656,.T.);
#2867=EDGE_CURVE('',#3912,#3870,#4657,.T.);
#2868=EDGE_CURVE('',#3913,#3914,#4658,.T.);
#2869=EDGE_CURVE('',#3913,#3915,#4659,.T.);
#2870=EDGE_CURVE('',#3915,#3916,#4660,.T.);
#2871=EDGE_CURVE('',#3914,#3916,#4661,.T.);
#2872=EDGE_CURVE('',#3915,#3848,#4662,.T.);
#2873=EDGE_CURVE('',#3913,#3849,#4663,.T.);
#2874=EDGE_CURVE('',#3914,#3850,#4664,.T.);
#2875=EDGE_CURVE('',#3893,#3840,#4665,.T.);
#2876=EDGE_CURVE('',#3892,#3900,#4666,.T.);
#2877=EDGE_CURVE('',#3917,#3881,#4667,.T.);
#2878=EDGE_CURVE('',#3884,#3917,#4668,.T.);
#2879=EDGE_CURVE('',#3917,#3894,#4669,.T.);
#2880=EDGE_CURVE('',#3853,#3890,#4670,.T.);
#2881=EDGE_CURVE('',#3891,#3899,#4671,.T.);
#2882=EDGE_CURVE('',#3916,#3903,#4672,.T.);
#2883=EDGE_CURVE('',#3918,#3837,#4673,.T.);
#2884=EDGE_CURVE('',#3860,#3918,#4674,.T.);
#2885=EDGE_CURVE('',#3861,#3919,#4675,.T.);
#2886=EDGE_CURVE('',#3919,#3836,#4676,.T.);
#2887=EDGE_CURVE('',#3920,#3920,#526,.T.);
#2888=EDGE_CURVE('',#3918,#3919,#4677,.T.);
#2889=EDGE_CURVE('',#3921,#3921,#527,.T.);
#2890=EDGE_CURVE('',#3922,#3922,#528,.T.);
#2891=EDGE_CURVE('',#3923,#3923,#529,.T.);
#2892=EDGE_CURVE('',#3924,#3924,#530,.T.);
#2893=EDGE_CURVE('',#3925,#3925,#531,.T.);
#2894=EDGE_CURVE('',#3926,#3927,#4678,.T.);
#2895=EDGE_CURVE('',#3928,#3926,#4679,.T.);
#2896=EDGE_CURVE('',#3928,#3929,#4680,.T.);
#2897=EDGE_CURVE('',#3929,#3927,#4681,.T.);
#2898=EDGE_CURVE('',#3926,#3930,#4682,.T.);
#2899=EDGE_CURVE('',#3931,#3930,#4683,.T.);
#2900=EDGE_CURVE('',#3928,#3931,#4684,.T.);
#2901=EDGE_CURVE('',#3930,#3932,#4685,.T.);
#2902=EDGE_CURVE('',#3933,#3932,#4686,.T.);
#2903=EDGE_CURVE('',#3931,#3933,#4687,.T.);
#2904=EDGE_CURVE('',#3927,#3932,#4688,.T.);
#2905=EDGE_CURVE('',#3929,#3933,#4689,.T.);
#2906=EDGE_CURVE('',#3934,#3934,#532,.T.);
#2907=EDGE_CURVE('',#3935,#3935,#533,.T.);
#2908=EDGE_CURVE('',#3936,#3937,#4690,.T.);
#2909=EDGE_CURVE('',#3938,#3936,#4691,.T.);
#2910=EDGE_CURVE('',#3938,#3939,#4692,.T.);
#2911=EDGE_CURVE('',#3939,#3937,#4693,.T.);
#2912=EDGE_CURVE('',#3936,#3940,#4694,.T.);
#2913=EDGE_CURVE('',#3941,#3940,#4695,.T.);
#2914=EDGE_CURVE('',#3938,#3941,#4696,.T.);
#2915=EDGE_CURVE('',#3940,#3942,#4697,.T.);
#2916=EDGE_CURVE('',#3943,#3942,#4698,.T.);
#2917=EDGE_CURVE('',#3941,#3943,#4699,.T.);
#2918=EDGE_CURVE('',#3944,#3944,#534,.T.);
#2919=EDGE_CURVE('',#3945,#3945,#535,.T.);
#2920=EDGE_CURVE('',#3937,#3942,#4700,.T.);
#2921=EDGE_CURVE('',#3939,#3943,#4701,.T.);
#2922=EDGE_CURVE('',#3946,#3947,#4702,.T.);
#2923=EDGE_CURVE('',#3947,#3948,#4703,.T.);
#2924=EDGE_CURVE('',#3948,#3949,#166,.T.);
#2925=EDGE_CURVE('',#3949,#3950,#167,.T.);
#2926=EDGE_CURVE('',#3950,#3951,#168,.T.);
#2927=EDGE_CURVE('',#3951,#3952,#169,.T.);
#2928=EDGE_CURVE('',#3952,#3953,#4704,.T.);
#2929=EDGE_CURVE('',#3953,#3954,#4705,.T.);
#2930=EDGE_CURVE('',#3954,#3955,#4706,.T.);
#2931=EDGE_CURVE('',#3955,#3956,#4707,.T.);
#2932=EDGE_CURVE('',#3956,#3957,#4708,.T.);
#2933=EDGE_CURVE('',#3957,#3958,#4709,.T.);
#2934=EDGE_CURVE('',#3958,#3959,#536,.T.);
#2935=EDGE_CURVE('',#3959,#3960,#537,.T.);
#2936=EDGE_CURVE('',#3960,#3961,#170,.T.);
#2937=EDGE_CURVE('',#3961,#3962,#171,.T.);
#2938=EDGE_CURVE('',#3962,#3946,#4710,.T.);
#2939=EDGE_CURVE('',#3963,#3964,#4711,.T.);
#2940=EDGE_CURVE('',#3964,#3965,#4712,.T.);
#2941=EDGE_CURVE('',#3965,#3966,#172,.T.);
#2942=EDGE_CURVE('',#3966,#3967,#173,.T.);
#2943=EDGE_CURVE('',#3967,#3968,#174,.T.);
#2944=EDGE_CURVE('',#3968,#3969,#175,.T.);
#2945=EDGE_CURVE('',#3969,#3970,#4713,.T.);
#2946=EDGE_CURVE('',#3970,#3971,#4714,.T.);
#2947=EDGE_CURVE('',#3971,#3972,#4715,.T.);
#2948=EDGE_CURVE('',#3972,#3973,#176,.T.);
#2949=EDGE_CURVE('',#3973,#3974,#177,.T.);
#2950=EDGE_CURVE('',#3974,#3975,#178,.T.);
#2951=EDGE_CURVE('',#3975,#3976,#179,.T.);
#2952=EDGE_CURVE('',#3976,#3963,#4716,.T.);
#2953=EDGE_CURVE('',#3977,#3978,#180,.T.);
#2954=EDGE_CURVE('',#3978,#3979,#538,.T.);
#2955=EDGE_CURVE('',#3979,#3980,#539,.T.);
#2956=EDGE_CURVE('',#3980,#3981,#4717,.T.);
#2957=EDGE_CURVE('',#3981,#3982,#540,.T.);
#2958=EDGE_CURVE('',#3982,#3983,#4718,.T.);
#2959=EDGE_CURVE('',#3983,#3984,#4719,.T.);
#2960=EDGE_CURVE('',#3984,#3985,#4720,.T.);
#2961=EDGE_CURVE('',#3985,#3986,#4721,.T.);
#2962=EDGE_CURVE('',#3986,#3987,#4722,.T.);
#2963=EDGE_CURVE('',#3987,#3988,#4723,.T.);
#2964=EDGE_CURVE('',#3988,#3989,#181,.T.);
#2965=EDGE_CURVE('',#3989,#3990,#182,.T.);
#2966=EDGE_CURVE('',#3990,#3991,#183,.T.);
#2967=EDGE_CURVE('',#3991,#3992,#184,.T.);
#2968=EDGE_CURVE('',#3992,#3977,#185,.T.);
#2969=EDGE_CURVE('',#3993,#3994,#186,.T.);
#2970=EDGE_CURVE('',#3994,#3995,#187,.T.);
#2971=EDGE_CURVE('',#3995,#3996,#188,.T.);
#2972=EDGE_CURVE('',#3996,#3997,#189,.T.);
#2973=EDGE_CURVE('',#3997,#3998,#190,.T.);
#2974=EDGE_CURVE('',#3998,#3999,#191,.T.);
#2975=EDGE_CURVE('',#3999,#4000,#192,.T.);
#2976=EDGE_CURVE('',#4000,#4001,#193,.T.);
#2977=EDGE_CURVE('',#4001,#3993,#194,.T.);
#2978=EDGE_CURVE('',#4002,#4003,#195,.T.);
#2979=EDGE_CURVE('',#4003,#4004,#196,.T.);
#2980=EDGE_CURVE('',#4004,#4005,#197,.T.);
#2981=EDGE_CURVE('',#4005,#4006,#198,.T.);
#2982=EDGE_CURVE('',#4006,#4007,#199,.T.);
#2983=EDGE_CURVE('',#4007,#4008,#200,.T.);
#2984=EDGE_CURVE('',#4008,#4009,#201,.T.);
#2985=EDGE_CURVE('',#4009,#4010,#202,.T.);
#2986=EDGE_CURVE('',#4010,#4002,#203,.T.);
#2987=EDGE_CURVE('',#4011,#4012,#4724,.T.);
#2988=EDGE_CURVE('',#4011,#4013,#4725,.T.);
#2989=EDGE_CURVE('',#4013,#4014,#4726,.T.);
#2990=EDGE_CURVE('',#4012,#4014,#4727,.T.);
#2991=EDGE_CURVE('',#4015,#4015,#541,.T.);
#2992=EDGE_CURVE('',#4016,#4016,#542,.T.);
#2993=EDGE_CURVE('',#4017,#4017,#543,.T.);
#2994=EDGE_CURVE('',#4018,#4018,#544,.T.);
#2995=EDGE_CURVE('',#4019,#4020,#4728,.T.);
#2996=EDGE_CURVE('',#4019,#4021,#4729,.T.);
#2997=EDGE_CURVE('',#4021,#4022,#4730,.T.);
#2998=EDGE_CURVE('',#4020,#4022,#4731,.T.);
#2999=EDGE_CURVE('',#4023,#4024,#4732,.T.);
#3000=EDGE_CURVE('',#4024,#4025,#204,.T.);
#3001=EDGE_CURVE('',#4025,#4026,#205,.T.);
#3002=EDGE_CURVE('',#4026,#4027,#206,.T.);
#3003=EDGE_CURVE('',#4027,#4028,#207,.T.);
#3004=EDGE_CURVE('',#4028,#4029,#4733,.T.);
#3005=EDGE_CURVE('',#4029,#4030,#4734,.T.);
#3006=EDGE_CURVE('',#4030,#4031,#4735,.T.);
#3007=EDGE_CURVE('',#4031,#4032,#4736,.T.);
#3008=EDGE_CURVE('',#4032,#4033,#4737,.T.);
#3009=EDGE_CURVE('',#4033,#4034,#4738,.T.);
#3010=EDGE_CURVE('',#4034,#4035,#545,.T.);
#3011=EDGE_CURVE('',#4035,#4036,#546,.T.);
#3012=EDGE_CURVE('',#4036,#4037,#208,.T.);
#3013=EDGE_CURVE('',#4037,#4038,#209,.T.);
#3014=EDGE_CURVE('',#4038,#4039,#4739,.T.);
#3015=EDGE_CURVE('',#4039,#4023,#4740,.T.);
#3016=EDGE_CURVE('',#4040,#4041,#4741,.T.);
#3017=EDGE_CURVE('',#4041,#4042,#4742,.T.);
#3018=EDGE_CURVE('',#4042,#4043,#547,.T.);
#3019=EDGE_CURVE('',#4043,#4044,#4743,.T.);
#3020=EDGE_CURVE('',#4044,#4045,#4744,.T.);
#3021=EDGE_CURVE('',#4045,#4046,#4745,.T.);
#3022=EDGE_CURVE('',#4046,#4047,#4746,.T.);
#3023=EDGE_CURVE('',#4047,#4048,#4747,.T.);
#3024=EDGE_CURVE('',#4048,#4049,#4748,.T.);
#3025=EDGE_CURVE('',#4049,#4050,#4749,.T.);
#3026=EDGE_CURVE('',#4050,#4051,#4750,.T.);
#3027=EDGE_CURVE('',#4051,#4052,#4751,.T.);
#3028=EDGE_CURVE('',#4052,#4053,#4752,.T.);
#3029=EDGE_CURVE('',#4053,#4054,#4753,.T.);
#3030=EDGE_CURVE('',#4054,#4055,#548,.T.);
#3031=EDGE_CURVE('',#4055,#4056,#4754,.T.);
#3032=EDGE_CURVE('',#4056,#4057,#4755,.T.);
#3033=EDGE_CURVE('',#4057,#4040,#4756,.T.);
#3034=EDGE_CURVE('',#4058,#4059,#210,.T.);
#3035=EDGE_CURVE('',#4059,#4060,#211,.T.);
#3036=EDGE_CURVE('',#4060,#4061,#212,.T.);
#3037=EDGE_CURVE('',#4061,#4062,#213,.T.);
#3038=EDGE_CURVE('',#4062,#4063,#214,.T.);
#3039=EDGE_CURVE('',#4063,#4064,#215,.T.);
#3040=EDGE_CURVE('',#4064,#4065,#216,.T.);
#3041=EDGE_CURVE('',#4065,#4066,#4757,.T.);
#3042=EDGE_CURVE('',#4066,#4067,#4758,.T.);
#3043=EDGE_CURVE('',#4067,#4068,#217,.T.);
#3044=EDGE_CURVE('',#4068,#4069,#218,.T.);
#3045=EDGE_CURVE('',#4069,#4070,#549,.F.);
#3046=EDGE_CURVE('',#4070,#4071,#4759,.T.);
#3047=EDGE_CURVE('',#4071,#4058,#550,.T.);
#3048=EDGE_CURVE('',#4072,#4073,#4760,.T.);
#3049=EDGE_CURVE('',#4073,#4074,#4761,.T.);
#3050=EDGE_CURVE('',#4074,#4075,#4762,.T.);
#3051=EDGE_CURVE('',#4075,#4076,#4763,.T.);
#3052=EDGE_CURVE('',#4076,#4077,#4764,.T.);
#3053=EDGE_CURVE('',#4077,#4078,#4765,.T.);
#3054=EDGE_CURVE('',#4078,#4079,#4766,.T.);
#3055=EDGE_CURVE('',#4079,#4080,#4767,.T.);
#3056=EDGE_CURVE('',#4080,#4081,#4768,.T.);
#3057=EDGE_CURVE('',#4081,#4072,#4769,.T.);
#3058=EDGE_CURVE('',#4082,#4083,#219,.T.);
#3059=EDGE_CURVE('',#4083,#4084,#220,.T.);
#3060=EDGE_CURVE('',#4084,#4085,#221,.T.);
#3061=EDGE_CURVE('',#4085,#4086,#222,.T.);
#3062=EDGE_CURVE('',#4086,#4087,#223,.T.);
#3063=EDGE_CURVE('',#4087,#4088,#224,.T.);
#3064=EDGE_CURVE('',#4088,#4089,#225,.T.);
#3065=EDGE_CURVE('',#4089,#4090,#226,.T.);
#3066=EDGE_CURVE('',#4090,#4082,#227,.T.);
#3067=EDGE_CURVE('',#4091,#4092,#4770,.T.);
#3068=EDGE_CURVE('',#4092,#4093,#4771,.T.);
#3069=EDGE_CURVE('',#4093,#4094,#228,.T.);
#3070=EDGE_CURVE('',#4094,#4095,#229,.T.);
#3071=EDGE_CURVE('',#4095,#4096,#230,.T.);
#3072=EDGE_CURVE('',#4096,#4097,#231,.T.);
#3073=EDGE_CURVE('',#4097,#4098,#4772,.T.);
#3074=EDGE_CURVE('',#4098,#4099,#4773,.T.);
#3075=EDGE_CURVE('',#4099,#4100,#4774,.T.);
#3076=EDGE_CURVE('',#4100,#4101,#4775,.T.);
#3077=EDGE_CURVE('',#4101,#4102,#4776,.T.);
#3078=EDGE_CURVE('',#4102,#4103,#4777,.T.);
#3079=EDGE_CURVE('',#4103,#4104,#551,.T.);
#3080=EDGE_CURVE('',#4104,#4105,#552,.T.);
#3081=EDGE_CURVE('',#4105,#4106,#232,.T.);
#3082=EDGE_CURVE('',#4106,#4107,#233,.T.);
#3083=EDGE_CURVE('',#4107,#4091,#4778,.T.);
#3084=EDGE_CURVE('',#4108,#4109,#234,.T.);
#3085=EDGE_CURVE('',#4109,#4110,#235,.T.);
#3086=EDGE_CURVE('',#4110,#4111,#236,.T.);
#3087=EDGE_CURVE('',#4111,#4112,#237,.T.);
#3088=EDGE_CURVE('',#4112,#4113,#4779,.T.);
#3089=EDGE_CURVE('',#4113,#4114,#553,.F.);
#3090=EDGE_CURVE('',#4114,#4115,#554,.F.);
#3091=EDGE_CURVE('',#4115,#4116,#238,.T.);
#3092=EDGE_CURVE('',#4116,#4117,#239,.T.);
#3093=EDGE_CURVE('',#4117,#4118,#240,.T.);
#3094=EDGE_CURVE('',#4118,#4119,#241,.T.);
#3095=EDGE_CURVE('',#4119,#4120,#242,.T.);
#3096=EDGE_CURVE('',#4120,#4121,#243,.T.);
#3097=EDGE_CURVE('',#4121,#4122,#244,.T.);
#3098=EDGE_CURVE('',#4122,#4123,#245,.T.);
#3099=EDGE_CURVE('',#4123,#4124,#246,.T.);
#3100=EDGE_CURVE('',#4124,#4125,#247,.T.);
#3101=EDGE_CURVE('',#4125,#4126,#4780,.T.);
#3102=EDGE_CURVE('',#4126,#4127,#248,.T.);
#3103=EDGE_CURVE('',#4127,#4128,#249,.T.);
#3104=EDGE_CURVE('',#4128,#4129,#250,.T.);
#3105=EDGE_CURVE('',#4129,#4130,#251,.T.);
#3106=EDGE_CURVE('',#4130,#4131,#252,.T.);
#3107=EDGE_CURVE('',#4131,#4132,#253,.T.);
#3108=EDGE_CURVE('',#4132,#4108,#254,.T.);
#3109=EDGE_CURVE('',#4133,#4134,#4781,.T.);
#3110=EDGE_CURVE('',#4134,#4135,#4782,.T.);
#3111=EDGE_CURVE('',#4135,#4136,#255,.T.);
#3112=EDGE_CURVE('',#4136,#4137,#256,.T.);
#3113=EDGE_CURVE('',#4137,#4138,#257,.T.);
#3114=EDGE_CURVE('',#4138,#4139,#258,.T.);
#3115=EDGE_CURVE('',#4139,#4140,#4783,.T.);
#3116=EDGE_CURVE('',#4140,#4141,#4784,.T.);
#3117=EDGE_CURVE('',#4141,#4142,#4785,.T.);
#3118=EDGE_CURVE('',#4142,#4143,#4786,.T.);
#3119=EDGE_CURVE('',#4143,#4144,#4787,.T.);
#3120=EDGE_CURVE('',#4144,#4145,#4788,.T.);
#3121=EDGE_CURVE('',#4145,#4146,#555,.T.);
#3122=EDGE_CURVE('',#4146,#4147,#556,.T.);
#3123=EDGE_CURVE('',#4147,#4148,#259,.T.);
#3124=EDGE_CURVE('',#4148,#4149,#260,.T.);
#3125=EDGE_CURVE('',#4149,#4133,#4789,.T.);
#3126=EDGE_CURVE('',#4150,#4151,#4790,.T.);
#3127=EDGE_CURVE('',#4151,#4152,#4791,.T.);
#3128=EDGE_CURVE('',#4152,#4153,#261,.T.);
#3129=EDGE_CURVE('',#4153,#4154,#4792,.T.);
#3130=EDGE_CURVE('',#4154,#4155,#262,.T.);
#3131=EDGE_CURVE('',#4155,#4156,#4793,.T.);
#3132=EDGE_CURVE('',#4156,#4157,#4794,.T.);
#3133=EDGE_CURVE('',#4157,#4158,#4795,.T.);
#3134=EDGE_CURVE('',#4158,#4159,#4796,.T.);
#3135=EDGE_CURVE('',#4159,#4160,#4797,.T.);
#3136=EDGE_CURVE('',#4160,#4161,#263,.T.);
#3137=EDGE_CURVE('',#4161,#4162,#4798,.T.);
#3138=EDGE_CURVE('',#4162,#4163,#557,.T.);
#3139=EDGE_CURVE('',#4163,#4164,#558,.T.);
#3140=EDGE_CURVE('',#4164,#4165,#4799,.T.);
#3141=EDGE_CURVE('',#4165,#4166,#4800,.T.);
#3142=EDGE_CURVE('',#4166,#4167,#4801,.T.);
#3143=EDGE_CURVE('',#4167,#4168,#264,.T.);
#3144=EDGE_CURVE('',#4168,#4169,#4802,.T.);
#3145=EDGE_CURVE('',#4169,#4170,#559,.T.);
#3146=EDGE_CURVE('',#4170,#4171,#265,.T.);
#3147=EDGE_CURVE('',#4171,#4172,#4803,.T.);
#3148=EDGE_CURVE('',#4172,#4150,#4804,.T.);
#3149=EDGE_CURVE('',#4173,#4174,#266,.T.);
#3150=EDGE_CURVE('',#4174,#4175,#267,.T.);
#3151=EDGE_CURVE('',#4175,#4176,#268,.T.);
#3152=EDGE_CURVE('',#4176,#4177,#4805,.T.);
#3153=EDGE_CURVE('',#4177,#4178,#4806,.T.);
#3154=EDGE_CURVE('',#4178,#4179,#4807,.T.);
#3155=EDGE_CURVE('',#4179,#4173,#269,.T.);
#3156=EDGE_CURVE('',#4180,#4181,#560,.T.);
#3157=EDGE_CURVE('',#4181,#4182,#270,.T.);
#3158=EDGE_CURVE('',#4182,#4183,#271,.T.);
#3159=EDGE_CURVE('',#4183,#4184,#272,.T.);
#3160=EDGE_CURVE('',#4184,#4185,#273,.T.);
#3161=EDGE_CURVE('',#4185,#4186,#274,.T.);
#3162=EDGE_CURVE('',#4186,#4187,#275,.T.);
#3163=EDGE_CURVE('',#4187,#4188,#4808,.T.);
#3164=EDGE_CURVE('',#4188,#4189,#4809,.T.);
#3165=EDGE_CURVE('',#4189,#4190,#276,.T.);
#3166=EDGE_CURVE('',#4190,#4191,#277,.T.);
#3167=EDGE_CURVE('',#4191,#4192,#561,.F.);
#3168=EDGE_CURVE('',#4192,#4193,#4810,.T.);
#3169=EDGE_CURVE('',#4193,#4180,#562,.T.);
#3170=EDGE_CURVE('',#4194,#4195,#4811,.T.);
#3171=EDGE_CURVE('',#4011,#4194,#4812,.T.);
#3172=EDGE_CURVE('',#4012,#4195,#4813,.T.);
#3173=EDGE_CURVE('',#4194,#4196,#4814,.T.);
#3174=EDGE_CURVE('',#4013,#4196,#4815,.T.);
#3175=EDGE_CURVE('',#4196,#4197,#4816,.T.);
#3176=EDGE_CURVE('',#4014,#4197,#4817,.T.);
#3177=EDGE_CURVE('',#4198,#4199,#4818,.T.);
#3178=EDGE_CURVE('',#4019,#4198,#4819,.T.);
#3179=EDGE_CURVE('',#4020,#4199,#4820,.T.);
#3180=EDGE_CURVE('',#4198,#4200,#4821,.T.);
#3181=EDGE_CURVE('',#4021,#4200,#4822,.T.);
#3182=EDGE_CURVE('',#4200,#4201,#4823,.T.);
#3183=EDGE_CURVE('',#4022,#4201,#4824,.T.);
#3184=EDGE_CURVE('',#4202,#4202,#563,.T.);
#3185=EDGE_CURVE('',#4203,#4203,#564,.T.);
#3186=EDGE_CURVE('',#4204,#4204,#565,.T.);
#3187=EDGE_CURVE('',#4205,#4205,#566,.T.);
#3188=EDGE_CURVE('',#4199,#4201,#4825,.T.);
#3189=EDGE_CURVE('',#4195,#4197,#4826,.T.);
#3190=EDGE_CURVE('',#4206,#4023,#4827,.T.);
#3191=EDGE_CURVE('',#4206,#4207,#4828,.T.);
#3192=EDGE_CURVE('',#4207,#4024,#4829,.T.);
#3193=EDGE_CURVE('',#4208,#4039,#4830,.T.);
#3194=EDGE_CURVE('',#4208,#4206,#4831,.T.);
#3195=EDGE_CURVE('',#4209,#4038,#4832,.T.);
#3196=EDGE_CURVE('',#4209,#4208,#4833,.T.);
#3197=EDGE_CURVE('',#4210,#4037,#4834,.T.);
#3198=EDGE_CURVE('',#4210,#4209,#278,.T.);
#3199=EDGE_CURVE('',#4211,#4036,#4835,.T.);
#3200=EDGE_CURVE('',#4211,#4210,#279,.T.);
#3201=EDGE_CURVE('',#4212,#4035,#4836,.T.);
#3202=EDGE_CURVE('',#4212,#4211,#567,.T.);
#3203=EDGE_CURVE('',#4213,#4034,#4837,.T.);
#3204=EDGE_CURVE('',#4213,#4212,#568,.T.);
#3205=EDGE_CURVE('',#4214,#4033,#4838,.T.);
#3206=EDGE_CURVE('',#4214,#4213,#4839,.T.);
#3207=EDGE_CURVE('',#4215,#4032,#4840,.T.);
#3208=EDGE_CURVE('',#4215,#4214,#4841,.T.);
#3209=EDGE_CURVE('',#4216,#4031,#4842,.T.);
#3210=EDGE_CURVE('',#4216,#4215,#4843,.T.);
#3211=EDGE_CURVE('',#4217,#4030,#4844,.T.);
#3212=EDGE_CURVE('',#4217,#4216,#4845,.T.);
#3213=EDGE_CURVE('',#4218,#4029,#4846,.T.);
#3214=EDGE_CURVE('',#4218,#4217,#4847,.T.);
#3215=EDGE_CURVE('',#4219,#4028,#4848,.T.);
#3216=EDGE_CURVE('',#4219,#4218,#4849,.T.);
#3217=EDGE_CURVE('',#4220,#4027,#4850,.T.);
#3218=EDGE_CURVE('',#4220,#4219,#280,.T.);
#3219=EDGE_CURVE('',#4221,#4026,#4851,.T.);
#3220=EDGE_CURVE('',#4221,#4220,#281,.T.);
#3221=EDGE_CURVE('',#4222,#4025,#4852,.T.);
#3222=EDGE_CURVE('',#4222,#4221,#282,.T.);
#3223=EDGE_CURVE('',#4207,#4222,#283,.T.);
#3224=EDGE_CURVE('',#4223,#4040,#4853,.T.);
#3225=EDGE_CURVE('',#4223,#4224,#4854,.T.);
#3226=EDGE_CURVE('',#4224,#4041,#4855,.T.);
#3227=EDGE_CURVE('',#4225,#4057,#4856,.T.);
#3228=EDGE_CURVE('',#4225,#4223,#4857,.T.);
#3229=EDGE_CURVE('',#4226,#4056,#4858,.T.);
#3230=EDGE_CURVE('',#4226,#4225,#4859,.T.);
#3231=EDGE_CURVE('',#4227,#4055,#4860,.T.);
#3232=EDGE_CURVE('',#4227,#4226,#4861,.T.);
#3233=EDGE_CURVE('',#4228,#4054,#4862,.T.);
#3234=EDGE_CURVE('',#4228,#4227,#569,.T.);
#3235=EDGE_CURVE('',#4229,#4053,#4863,.T.);
#3236=EDGE_CURVE('',#4229,#4228,#4864,.T.);
#3237=EDGE_CURVE('',#4230,#4052,#4865,.T.);
#3238=EDGE_CURVE('',#4230,#4229,#4866,.T.);
#3239=EDGE_CURVE('',#4231,#4051,#4867,.T.);
#3240=EDGE_CURVE('',#4231,#4230,#4868,.T.);
#3241=EDGE_CURVE('',#4232,#4050,#4869,.T.);
#3242=EDGE_CURVE('',#4232,#4231,#4870,.T.);
#3243=EDGE_CURVE('',#4233,#4049,#4871,.T.);
#3244=EDGE_CURVE('',#4233,#4232,#4872,.T.);
#3245=EDGE_CURVE('',#4234,#4048,#4873,.T.);
#3246=EDGE_CURVE('',#4234,#4233,#4874,.T.);
#3247=EDGE_CURVE('',#4235,#4047,#4875,.T.);
#3248=EDGE_CURVE('',#4235,#4234,#4876,.T.);
#3249=EDGE_CURVE('',#4236,#4046,#4877,.T.);
#3250=EDGE_CURVE('',#4236,#4235,#4878,.T.);
#3251=EDGE_CURVE('',#4237,#4045,#4879,.T.);
#3252=EDGE_CURVE('',#4237,#4236,#4880,.T.);
#3253=EDGE_CURVE('',#4238,#4044,#4881,.T.);
#3254=EDGE_CURVE('',#4238,#4237,#4882,.T.);
#3255=EDGE_CURVE('',#4239,#4043,#4883,.T.);
#3256=EDGE_CURVE('',#4239,#4238,#4884,.T.);
#3257=EDGE_CURVE('',#4240,#4042,#4885,.T.);
#3258=EDGE_CURVE('',#4240,#4239,#570,.T.);
#3259=EDGE_CURVE('',#4224,#4240,#4886,.T.);
#3260=EDGE_CURVE('',#4241,#4242,#284,.T.);
#3261=EDGE_CURVE('',#4243,#4241,#4887,.T.);
#3262=EDGE_CURVE('',#4243,#4244,#285,.T.);
#3263=EDGE_CURVE('',#4244,#4242,#4888,.T.);
#3264=EDGE_CURVE('',#4245,#4241,#286,.T.);
#3265=EDGE_CURVE('',#4246,#4245,#4889,.T.);
#3266=EDGE_CURVE('',#4246,#4243,#287,.T.);
#3267=EDGE_CURVE('',#4247,#4245,#288,.T.);
#3268=EDGE_CURVE('',#4248,#4247,#4890,.T.);
#3269=EDGE_CURVE('',#4248,#4246,#289,.T.);
#3270=EDGE_CURVE('',#4249,#4247,#4891,.T.);
#3271=EDGE_CURVE('',#4250,#4249,#4892,.T.);
#3272=EDGE_CURVE('',#4250,#4248,#4893,.T.);
#3273=EDGE_CURVE('',#4251,#4059,#4894,.T.);
#3274=EDGE_CURVE('',#4251,#4252,#290,.T.);
#3275=EDGE_CURVE('',#4252,#4060,#4895,.T.);
#3276=EDGE_CURVE('',#4253,#4058,#4896,.T.);
#3277=EDGE_CURVE('',#4253,#4251,#291,.T.);
#3278=EDGE_CURVE('',#4254,#4071,#4897,.T.);
#3279=EDGE_CURVE('',#4254,#4253,#571,.T.);
#3280=EDGE_CURVE('',#4255,#4070,#4898,.T.);
#3281=EDGE_CURVE('',#4255,#4254,#4899,.T.);
#3282=EDGE_CURVE('',#4256,#4069,#4900,.T.);
#3283=EDGE_CURVE('',#4256,#4255,#572,.F.);
#3284=EDGE_CURVE('',#4257,#4068,#4901,.T.);
#3285=EDGE_CURVE('',#4257,#4256,#292,.T.);
#3286=EDGE_CURVE('',#4258,#4067,#4902,.T.);
#3287=EDGE_CURVE('',#4258,#4257,#293,.T.);
#3288=EDGE_CURVE('',#4259,#4066,#4903,.T.);
#3289=EDGE_CURVE('',#4259,#4258,#4904,.T.);
#3290=EDGE_CURVE('',#4260,#4065,#4905,.T.);
#3291=EDGE_CURVE('',#4260,#4259,#4906,.T.);
#3292=EDGE_CURVE('',#4261,#4064,#4907,.T.);
#3293=EDGE_CURVE('',#4261,#4260,#294,.T.);
#3294=EDGE_CURVE('',#4262,#4063,#4908,.T.);
#3295=EDGE_CURVE('',#4262,#4261,#295,.T.);
#3296=EDGE_CURVE('',#4263,#4062,#4909,.T.);
#3297=EDGE_CURVE('',#4263,#4262,#296,.T.);
#3298=EDGE_CURVE('',#4264,#4061,#4910,.T.);
#3299=EDGE_CURVE('',#4264,#4263,#297,.T.);
#3300=EDGE_CURVE('',#4252,#4264,#298,.T.);
#3301=EDGE_CURVE('',#4242,#4249,#299,.T.);
#3302=EDGE_CURVE('',#4244,#4250,#300,.T.);
#3303=EDGE_CURVE('',#4265,#4073,#4911,.T.);
#3304=EDGE_CURVE('',#4265,#4266,#4912,.T.);
#3305=EDGE_CURVE('',#4266,#4074,#4913,.T.);
#3306=EDGE_CURVE('',#4267,#4072,#4914,.T.);
#3307=EDGE_CURVE('',#4267,#4265,#4915,.T.);
#3308=EDGE_CURVE('',#4268,#4081,#4916,.T.);
#3309=EDGE_CURVE('',#4268,#4267,#4917,.T.);
#3310=EDGE_CURVE('',#4269,#4080,#4918,.T.);
#3311=EDGE_CURVE('',#4269,#4268,#4919,.T.);
#3312=EDGE_CURVE('',#4270,#4079,#4920,.T.);
#3313=EDGE_CURVE('',#4270,#4269,#4921,.T.);
#3314=EDGE_CURVE('',#4271,#4078,#4922,.T.);
#3315=EDGE_CURVE('',#4271,#4270,#4923,.T.);
#3316=EDGE_CURVE('',#4272,#4077,#4924,.T.);
#3317=EDGE_CURVE('',#4272,#4271,#4925,.T.);
#3318=EDGE_CURVE('',#4273,#4076,#4926,.T.);
#3319=EDGE_CURVE('',#4273,#4272,#4927,.T.);
#3320=EDGE_CURVE('',#4274,#4075,#4928,.T.);
#3321=EDGE_CURVE('',#4274,#4273,#4929,.T.);
#3322=EDGE_CURVE('',#4266,#4274,#4930,.T.);
#3323=EDGE_CURVE('',#4275,#4276,#301,.T.);
#3324=EDGE_CURVE('',#4277,#4275,#4931,.T.);
#3325=EDGE_CURVE('',#4277,#4278,#302,.T.);
#3326=EDGE_CURVE('',#4278,#4276,#4932,.T.);
#3327=EDGE_CURVE('',#4279,#4275,#303,.T.);
#3328=EDGE_CURVE('',#4280,#4279,#4933,.T.);
#3329=EDGE_CURVE('',#4280,#4277,#304,.T.);
#3330=EDGE_CURVE('',#4281,#4279,#305,.T.);
#3331=EDGE_CURVE('',#4282,#4281,#4934,.T.);
#3332=EDGE_CURVE('',#4282,#4280,#306,.T.);
#3333=EDGE_CURVE('',#4283,#4281,#307,.T.);
#3334=EDGE_CURVE('',#4284,#4283,#4935,.T.);
#3335=EDGE_CURVE('',#4284,#4282,#308,.T.);
#3336=EDGE_CURVE('',#4285,#4283,#309,.T.);
#3337=EDGE_CURVE('',#4286,#4285,#4936,.T.);
#3338=EDGE_CURVE('',#4286,#4284,#310,.T.);
#3339=EDGE_CURVE('',#4287,#4285,#311,.T.);
#3340=EDGE_CURVE('',#4288,#4287,#4937,.T.);
#3341=EDGE_CURVE('',#4288,#4286,#312,.T.);
#3342=EDGE_CURVE('',#4289,#4287,#313,.T.);
#3343=EDGE_CURVE('',#4290,#4289,#4938,.T.);
#3344=EDGE_CURVE('',#4290,#4288,#314,.T.);
#3345=EDGE_CURVE('',#4291,#4003,#4939,.T.);
#3346=EDGE_CURVE('',#4291,#4292,#315,.T.);
#3347=EDGE_CURVE('',#4292,#4004,#4940,.T.);
#3348=EDGE_CURVE('',#4293,#4002,#4941,.T.);
#3349=EDGE_CURVE('',#4293,#4291,#316,.T.);
#3350=EDGE_CURVE('',#4294,#4010,#4942,.T.);
#3351=EDGE_CURVE('',#4294,#4293,#317,.T.);
#3352=EDGE_CURVE('',#4295,#4009,#4943,.T.);
#3353=EDGE_CURVE('',#4295,#4294,#318,.T.);
#3354=EDGE_CURVE('',#4296,#4008,#4944,.T.);
#3355=EDGE_CURVE('',#4296,#4295,#319,.T.);
#3356=EDGE_CURVE('',#4297,#4007,#4945,.T.);
#3357=EDGE_CURVE('',#4297,#4296,#320,.T.);
#3358=EDGE_CURVE('',#4298,#4006,#4946,.T.);
#3359=EDGE_CURVE('',#4298,#4297,#321,.T.);
#3360=EDGE_CURVE('',#4299,#4005,#4947,.T.);
#3361=EDGE_CURVE('',#4299,#4298,#322,.T.);
#3362=EDGE_CURVE('',#4292,#4299,#323,.T.);
#3363=EDGE_CURVE('',#4276,#4289,#324,.T.);
#3364=EDGE_CURVE('',#4278,#4290,#325,.T.);
#3365=EDGE_CURVE('',#4300,#4301,#326,.T.);
#3366=EDGE_CURVE('',#4302,#4300,#4948,.T.);
#3367=EDGE_CURVE('',#4302,#4303,#327,.T.);
#3368=EDGE_CURVE('',#4303,#4301,#4949,.T.);
#3369=EDGE_CURVE('',#4304,#4300,#328,.T.);
#3370=EDGE_CURVE('',#4305,#4304,#4950,.T.);
#3371=EDGE_CURVE('',#4305,#4302,#329,.T.);
#3372=EDGE_CURVE('',#4306,#4304,#330,.T.);
#3373=EDGE_CURVE('',#4307,#4306,#4951,.T.);
#3374=EDGE_CURVE('',#4307,#4305,#331,.T.);
#3375=EDGE_CURVE('',#4308,#4306,#332,.T.);
#3376=EDGE_CURVE('',#4309,#4308,#4952,.T.);
#3377=EDGE_CURVE('',#4309,#4307,#333,.T.);
#3378=EDGE_CURVE('',#4310,#4308,#334,.T.);
#3379=EDGE_CURVE('',#4311,#4310,#4953,.T.);
#3380=EDGE_CURVE('',#4311,#4309,#335,.T.);
#3381=EDGE_CURVE('',#4312,#4310,#336,.T.);
#3382=EDGE_CURVE('',#4313,#4312,#4954,.T.);
#3383=EDGE_CURVE('',#4313,#4311,#337,.T.);
#3384=EDGE_CURVE('',#4314,#4312,#338,.T.);
#3385=EDGE_CURVE('',#4315,#4314,#4955,.T.);
#3386=EDGE_CURVE('',#4315,#4313,#339,.T.);
#3387=EDGE_CURVE('',#4316,#4083,#4956,.T.);
#3388=EDGE_CURVE('',#4316,#4317,#340,.T.);
#3389=EDGE_CURVE('',#4317,#4084,#4957,.T.);
#3390=EDGE_CURVE('',#4318,#4082,#4958,.T.);
#3391=EDGE_CURVE('',#4318,#4316,#341,.T.);
#3392=EDGE_CURVE('',#4319,#4090,#4959,.T.);
#3393=EDGE_CURVE('',#4319,#4318,#342,.T.);
#3394=EDGE_CURVE('',#4320,#4089,#4960,.T.);
#3395=EDGE_CURVE('',#4320,#4319,#343,.T.);
#3396=EDGE_CURVE('',#4321,#4088,#4961,.T.);
#3397=EDGE_CURVE('',#4321,#4320,#344,.T.);
#3398=EDGE_CURVE('',#4322,#4087,#4962,.T.);
#3399=EDGE_CURVE('',#4322,#4321,#345,.T.);
#3400=EDGE_CURVE('',#4323,#4086,#4963,.T.);
#3401=EDGE_CURVE('',#4323,#4322,#346,.T.);
#3402=EDGE_CURVE('',#4324,#4085,#4964,.T.);
#3403=EDGE_CURVE('',#4324,#4323,#347,.T.);
#3404=EDGE_CURVE('',#4317,#4324,#348,.T.);
#3405=EDGE_CURVE('',#4301,#4314,#349,.T.);
#3406=EDGE_CURVE('',#4303,#4315,#350,.T.);
#3407=EDGE_CURVE('',#4325,#4092,#4965,.T.);
#3408=EDGE_CURVE('',#4325,#4326,#4966,.T.);
#3409=EDGE_CURVE('',#4326,#4093,#4967,.T.);
#3410=EDGE_CURVE('',#4327,#4091,#4968,.T.);
#3411=EDGE_CURVE('',#4327,#4325,#4969,.T.);
#3412=EDGE_CURVE('',#4328,#4107,#4970,.T.);
#3413=EDGE_CURVE('',#4328,#4327,#4971,.T.);
#3414=EDGE_CURVE('',#4329,#4106,#4972,.T.);
#3415=EDGE_CURVE('',#4329,#4328,#351,.T.);
#3416=EDGE_CURVE('',#4330,#4105,#4973,.T.);
#3417=EDGE_CURVE('',#4330,#4329,#352,.T.);
#3418=EDGE_CURVE('',#4331,#4104,#4974,.T.);
#3419=EDGE_CURVE('',#4331,#4330,#573,.T.);
#3420=EDGE_CURVE('',#4332,#4103,#4975,.T.);
#3421=EDGE_CURVE('',#4332,#4331,#574,.T.);
#3422=EDGE_CURVE('',#4333,#4102,#4976,.T.);
#3423=EDGE_CURVE('',#4333,#4332,#4977,.T.);
#3424=EDGE_CURVE('',#4334,#4101,#4978,.T.);
#3425=EDGE_CURVE('',#4334,#4333,#4979,.T.);
#3426=EDGE_CURVE('',#4335,#4100,#4980,.T.);
#3427=EDGE_CURVE('',#4335,#4334,#4981,.T.);
#3428=EDGE_CURVE('',#4336,#4099,#4982,.T.);
#3429=EDGE_CURVE('',#4336,#4335,#4983,.T.);
#3430=EDGE_CURVE('',#4337,#4098,#4984,.T.);
#3431=EDGE_CURVE('',#4337,#4336,#4985,.T.);
#3432=EDGE_CURVE('',#4338,#4097,#4986,.T.);
#3433=EDGE_CURVE('',#4338,#4337,#4987,.T.);
#3434=EDGE_CURVE('',#4339,#4096,#4988,.T.);
#3435=EDGE_CURVE('',#4339,#4338,#353,.T.);
#3436=EDGE_CURVE('',#4340,#4095,#4989,.T.);
#3437=EDGE_CURVE('',#4340,#4339,#354,.T.);
#3438=EDGE_CURVE('',#4341,#4094,#4990,.T.);
#3439=EDGE_CURVE('',#4341,#4340,#355,.T.);
#3440=EDGE_CURVE('',#4326,#4341,#356,.T.);
#3441=EDGE_CURVE('',#4342,#4109,#4991,.T.);
#3442=EDGE_CURVE('',#4342,#4343,#357,.T.);
#3443=EDGE_CURVE('',#4343,#4110,#4992,.T.);
#3444=EDGE_CURVE('',#4344,#4108,#4993,.T.);
#3445=EDGE_CURVE('',#4344,#4342,#358,.T.);
#3446=EDGE_CURVE('',#4345,#4132,#4994,.T.);
#3447=EDGE_CURVE('',#4345,#4344,#359,.T.);
#3448=EDGE_CURVE('',#4346,#4131,#4995,.T.);
#3449=EDGE_CURVE('',#4346,#4345,#360,.T.);
#3450=EDGE_CURVE('',#4347,#4130,#4996,.T.);
#3451=EDGE_CURVE('',#4347,#4346,#361,.T.);
#3452=EDGE_CURVE('',#4348,#4129,#4997,.T.);
#3453=EDGE_CURVE('',#4348,#4347,#362,.T.);
#3454=EDGE_CURVE('',#4349,#4128,#4998,.T.);
#3455=EDGE_CURVE('',#4349,#4348,#363,.T.);
#3456=EDGE_CURVE('',#4350,#4127,#4999,.T.);
#3457=EDGE_CURVE('',#4350,#4349,#364,.T.);
#3458=EDGE_CURVE('',#4351,#4126,#5000,.T.);
#3459=EDGE_CURVE('',#4351,#4350,#365,.T.);
#3460=EDGE_CURVE('',#4352,#4125,#5001,.T.);
#3461=EDGE_CURVE('',#4352,#4351,#5002,.T.);
#3462=EDGE_CURVE('',#4353,#4124,#5003,.T.);
#3463=EDGE_CURVE('',#4353,#4352,#366,.T.);
#3464=EDGE_CURVE('',#4354,#4123,#5004,.T.);
#3465=EDGE_CURVE('',#4354,#4353,#367,.T.);
#3466=EDGE_CURVE('',#4355,#4122,#5005,.T.);
#3467=EDGE_CURVE('',#4355,#4354,#368,.T.);
#3468=EDGE_CURVE('',#4356,#4121,#5006,.T.);
#3469=EDGE_CURVE('',#4356,#4355,#369,.T.);
#3470=EDGE_CURVE('',#4357,#4120,#5007,.T.);
#3471=EDGE_CURVE('',#4357,#4356,#370,.T.);
#3472=EDGE_CURVE('',#4358,#4119,#5008,.T.);
#3473=EDGE_CURVE('',#4358,#4357,#371,.T.);
#3474=EDGE_CURVE('',#4359,#4118,#5009,.T.);
#3475=EDGE_CURVE('',#4359,#4358,#372,.T.);
#3476=EDGE_CURVE('',#4360,#4117,#5010,.T.);
#3477=EDGE_CURVE('',#4360,#4359,#373,.T.);
#3478=EDGE_CURVE('',#4361,#4116,#5011,.T.);
#3479=EDGE_CURVE('',#4361,#4360,#374,.T.);
#3480=EDGE_CURVE('',#4362,#4115,#5012,.T.);
#3481=EDGE_CURVE('',#4362,#4361,#375,.T.);
#3482=EDGE_CURVE('',#4363,#4114,#5013,.T.);
#3483=EDGE_CURVE('',#4363,#4362,#575,.F.);
#3484=EDGE_CURVE('',#4364,#4113,#5014,.T.);
#3485=EDGE_CURVE('',#4364,#4363,#576,.F.);
#3486=EDGE_CURVE('',#4365,#4112,#5015,.T.);
#3487=EDGE_CURVE('',#4365,#4364,#5016,.T.);
#3488=EDGE_CURVE('',#4366,#4111,#5017,.T.);
#3489=EDGE_CURVE('',#4366,#4365,#376,.T.);
#3490=EDGE_CURVE('',#4343,#4366,#377,.T.);
#3491=EDGE_CURVE('',#4367,#4134,#5018,.T.);
#3492=EDGE_CURVE('',#4367,#4368,#5019,.T.);
#3493=EDGE_CURVE('',#4368,#4135,#5020,.T.);
#3494=EDGE_CURVE('',#4369,#4133,#5021,.T.);
#3495=EDGE_CURVE('',#4369,#4367,#5022,.T.);
#3496=EDGE_CURVE('',#4370,#4149,#5023,.T.);
#3497=EDGE_CURVE('',#4370,#4369,#5024,.T.);
#3498=EDGE_CURVE('',#4371,#4148,#5025,.T.);
#3499=EDGE_CURVE('',#4371,#4370,#378,.T.);
#3500=EDGE_CURVE('',#4372,#4147,#5026,.T.);
#3501=EDGE_CURVE('',#4372,#4371,#379,.T.);
#3502=EDGE_CURVE('',#4373,#4146,#5027,.T.);
#3503=EDGE_CURVE('',#4373,#4372,#577,.T.);
#3504=EDGE_CURVE('',#4374,#4145,#5028,.T.);
#3505=EDGE_CURVE('',#4374,#4373,#578,.T.);
#3506=EDGE_CURVE('',#4375,#4144,#5029,.T.);
#3507=EDGE_CURVE('',#4375,#4374,#5030,.T.);
#3508=EDGE_CURVE('',#4376,#4143,#5031,.T.);
#3509=EDGE_CURVE('',#4376,#4375,#5032,.T.);
#3510=EDGE_CURVE('',#4377,#4142,#5033,.T.);
#3511=EDGE_CURVE('',#4377,#4376,#5034,.T.);
#3512=EDGE_CURVE('',#4378,#4141,#5035,.T.);
#3513=EDGE_CURVE('',#4378,#4377,#5036,.T.);
#3514=EDGE_CURVE('',#4379,#4140,#5037,.T.);
#3515=EDGE_CURVE('',#4379,#4378,#5038,.T.);
#3516=EDGE_CURVE('',#4380,#4139,#5039,.T.);
#3517=EDGE_CURVE('',#4380,#4379,#5040,.T.);
#3518=EDGE_CURVE('',#4381,#4138,#5041,.T.);
#3519=EDGE_CURVE('',#4381,#4380,#380,.T.);
#3520=EDGE_CURVE('',#4382,#4137,#5042,.T.);
#3521=EDGE_CURVE('',#4382,#4381,#381,.T.);
#3522=EDGE_CURVE('',#4383,#4136,#5043,.T.);
#3523=EDGE_CURVE('',#4383,#4382,#382,.T.);
#3524=EDGE_CURVE('',#4368,#4383,#383,.T.);
#3525=EDGE_CURVE('',#4384,#4151,#5044,.T.);
#3526=EDGE_CURVE('',#4384,#4385,#5045,.T.);
#3527=EDGE_CURVE('',#4385,#4152,#5046,.T.);
#3528=EDGE_CURVE('',#4386,#4150,#5047,.T.);
#3529=EDGE_CURVE('',#4386,#4384,#5048,.T.);
#3530=EDGE_CURVE('',#4387,#4172,#5049,.T.);
#3531=EDGE_CURVE('',#4387,#4386,#5050,.T.);
#3532=EDGE_CURVE('',#4388,#4171,#5051,.T.);
#3533=EDGE_CURVE('',#4388,#4387,#5052,.T.);
#3534=EDGE_CURVE('',#4389,#4170,#5053,.T.);
#3535=EDGE_CURVE('',#4389,#4388,#384,.T.);
#3536=EDGE_CURVE('',#4390,#4169,#5054,.T.);
#3537=EDGE_CURVE('',#4390,#4389,#579,.T.);
#3538=EDGE_CURVE('',#4391,#4168,#5055,.T.);
#3539=EDGE_CURVE('',#4391,#4390,#5056,.T.);
#3540=EDGE_CURVE('',#4392,#4167,#5057,.T.);
#3541=EDGE_CURVE('',#4392,#4391,#385,.T.);
#3542=EDGE_CURVE('',#4393,#4166,#5058,.T.);
#3543=EDGE_CURVE('',#4393,#4392,#5059,.T.);
#3544=EDGE_CURVE('',#4394,#4165,#5060,.T.);
#3545=EDGE_CURVE('',#4394,#4393,#5061,.T.);
#3546=EDGE_CURVE('',#4395,#4164,#5062,.T.);
#3547=EDGE_CURVE('',#4395,#4394,#5063,.T.);
#3548=EDGE_CURVE('',#4396,#4163,#5064,.T.);
#3549=EDGE_CURVE('',#4396,#4395,#580,.T.);
#3550=EDGE_CURVE('',#4397,#4162,#5065,.T.);
#3551=EDGE_CURVE('',#4397,#4396,#581,.T.);
#3552=EDGE_CURVE('',#4398,#4161,#5066,.T.);
#3553=EDGE_CURVE('',#4398,#4397,#5067,.T.);
#3554=EDGE_CURVE('',#4399,#4160,#5068,.T.);
#3555=EDGE_CURVE('',#4399,#4398,#386,.T.);
#3556=EDGE_CURVE('',#4400,#4159,#5069,.T.);
#3557=EDGE_CURVE('',#4400,#4399,#5070,.T.);
#3558=EDGE_CURVE('',#4401,#4158,#5071,.T.);
#3559=EDGE_CURVE('',#4401,#4400,#5072,.T.);
#3560=EDGE_CURVE('',#4402,#4157,#5073,.T.);
#3561=EDGE_CURVE('',#4402,#4401,#5074,.T.);
#3562=EDGE_CURVE('',#4403,#4156,#5075,.T.);
#3563=EDGE_CURVE('',#4403,#4402,#5076,.T.);
#3564=EDGE_CURVE('',#4404,#4155,#5077,.T.);
#3565=EDGE_CURVE('',#4404,#4403,#5078,.T.);
#3566=EDGE_CURVE('',#4405,#4154,#5079,.T.);
#3567=EDGE_CURVE('',#4405,#4404,#387,.T.);
#3568=EDGE_CURVE('',#4406,#4153,#5080,.T.);
#3569=EDGE_CURVE('',#4406,#4405,#5081,.T.);
#3570=EDGE_CURVE('',#4385,#4406,#388,.T.);
#3571=EDGE_CURVE('',#4407,#4408,#389,.T.);
#3572=EDGE_CURVE('',#4409,#4407,#5082,.T.);
#3573=EDGE_CURVE('',#4409,#4410,#390,.T.);
#3574=EDGE_CURVE('',#4410,#4408,#5083,.T.);
#3575=EDGE_CURVE('',#4411,#4407,#391,.T.);
#3576=EDGE_CURVE('',#4412,#4411,#5084,.T.);
#3577=EDGE_CURVE('',#4412,#4409,#392,.T.);
#3578=EDGE_CURVE('',#4413,#4411,#393,.T.);
#3579=EDGE_CURVE('',#4414,#4413,#5085,.T.);
#3580=EDGE_CURVE('',#4414,#4412,#394,.T.);
#3581=EDGE_CURVE('',#4415,#4413,#395,.T.);
#3582=EDGE_CURVE('',#4416,#4415,#5086,.T.);
#3583=EDGE_CURVE('',#4416,#4414,#396,.T.);
#3584=EDGE_CURVE('',#4417,#4415,#397,.T.);
#3585=EDGE_CURVE('',#4418,#4417,#5087,.T.);
#3586=EDGE_CURVE('',#4418,#4416,#398,.T.);
#3587=EDGE_CURVE('',#4419,#4417,#399,.T.);
#3588=EDGE_CURVE('',#4420,#4419,#5088,.T.);
#3589=EDGE_CURVE('',#4420,#4418,#400,.T.);
#3590=EDGE_CURVE('',#4421,#4419,#401,.T.);
#3591=EDGE_CURVE('',#4422,#4421,#5089,.T.);
#3592=EDGE_CURVE('',#4422,#4420,#402,.T.);
#3593=EDGE_CURVE('',#4423,#3994,#5090,.T.);
#3594=EDGE_CURVE('',#4423,#4424,#403,.T.);
#3595=EDGE_CURVE('',#4424,#3995,#5091,.T.);
#3596=EDGE_CURVE('',#4425,#3993,#5092,.T.);
#3597=EDGE_CURVE('',#4425,#4423,#404,.T.);
#3598=EDGE_CURVE('',#4426,#4001,#5093,.T.);
#3599=EDGE_CURVE('',#4426,#4425,#405,.T.);
#3600=EDGE_CURVE('',#4427,#4000,#5094,.T.);
#3601=EDGE_CURVE('',#4427,#4426,#406,.T.);
#3602=EDGE_CURVE('',#4428,#3999,#5095,.T.);
#3603=EDGE_CURVE('',#4428,#4427,#407,.T.);
#3604=EDGE_CURVE('',#4429,#3998,#5096,.T.);
#3605=EDGE_CURVE('',#4429,#4428,#408,.T.);
#3606=EDGE_CURVE('',#4430,#3997,#5097,.T.);
#3607=EDGE_CURVE('',#4430,#4429,#409,.T.);
#3608=EDGE_CURVE('',#4431,#3996,#5098,.T.);
#3609=EDGE_CURVE('',#4431,#4430,#410,.T.);
#3610=EDGE_CURVE('',#4424,#4431,#411,.T.);
#3611=EDGE_CURVE('',#4408,#4421,#412,.T.);
#3612=EDGE_CURVE('',#4410,#4422,#413,.T.);
#3613=EDGE_CURVE('',#4432,#4433,#414,.T.);
#3614=EDGE_CURVE('',#4434,#4432,#5099,.T.);
#3615=EDGE_CURVE('',#4434,#4435,#415,.T.);
#3616=EDGE_CURVE('',#4435,#4433,#5100,.T.);
#3617=EDGE_CURVE('',#4436,#4432,#416,.T.);
#3618=EDGE_CURVE('',#4437,#4436,#5101,.T.);
#3619=EDGE_CURVE('',#4437,#4434,#417,.T.);
#3620=EDGE_CURVE('',#4438,#4436,#418,.T.);
#3621=EDGE_CURVE('',#4439,#4438,#5102,.T.);
#3622=EDGE_CURVE('',#4439,#4437,#419,.T.);
#3623=EDGE_CURVE('',#4440,#4438,#5103,.T.);
#3624=EDGE_CURVE('',#4441,#4440,#5104,.T.);
#3625=EDGE_CURVE('',#4441,#4439,#5105,.T.);
#3626=EDGE_CURVE('',#4442,#4440,#5106,.T.);
#3627=EDGE_CURVE('',#4443,#4442,#5107,.T.);
#3628=EDGE_CURVE('',#4443,#4441,#5108,.T.);
#3629=EDGE_CURVE('',#4444,#4442,#5109,.T.);
#3630=EDGE_CURVE('',#4445,#4444,#5110,.T.);
#3631=EDGE_CURVE('',#4445,#4443,#5111,.T.);
#3632=EDGE_CURVE('',#4446,#4174,#5112,.T.);
#3633=EDGE_CURVE('',#4446,#4447,#420,.T.);
#3634=EDGE_CURVE('',#4447,#4175,#5113,.T.);
#3635=EDGE_CURVE('',#4448,#4173,#5114,.T.);
#3636=EDGE_CURVE('',#4448,#4446,#421,.T.);
#3637=EDGE_CURVE('',#4449,#4179,#5115,.T.);
#3638=EDGE_CURVE('',#4449,#4448,#422,.T.);
#3639=EDGE_CURVE('',#4450,#4178,#5116,.T.);
#3640=EDGE_CURVE('',#4450,#4449,#5117,.T.);
#3641=EDGE_CURVE('',#4451,#4177,#5118,.T.);
#3642=EDGE_CURVE('',#4451,#4450,#5119,.T.);
#3643=EDGE_CURVE('',#4452,#4176,#5120,.T.);
#3644=EDGE_CURVE('',#4452,#4451,#5121,.T.);
#3645=EDGE_CURVE('',#4447,#4452,#423,.T.);
#3646=EDGE_CURVE('',#4433,#4444,#424,.T.);
#3647=EDGE_CURVE('',#4435,#4445,#425,.T.);
#3648=EDGE_CURVE('',#4453,#4454,#426,.T.);
#3649=EDGE_CURVE('',#4455,#4453,#5122,.T.);
#3650=EDGE_CURVE('',#4455,#4456,#427,.T.);
#3651=EDGE_CURVE('',#4456,#4454,#5123,.T.);
#3652=EDGE_CURVE('',#4457,#4453,#428,.T.);
#3653=EDGE_CURVE('',#4458,#4457,#5124,.T.);
#3654=EDGE_CURVE('',#4458,#4455,#429,.T.);
#3655=EDGE_CURVE('',#4459,#4457,#430,.T.);
#3656=EDGE_CURVE('',#4460,#4459,#5125,.T.);
#3657=EDGE_CURVE('',#4460,#4458,#431,.T.);
#3658=EDGE_CURVE('',#4461,#4459,#432,.T.);
#3659=EDGE_CURVE('',#4462,#4461,#5126,.T.);
#3660=EDGE_CURVE('',#4462,#4460,#433,.T.);
#3661=EDGE_CURVE('',#4463,#4461,#434,.T.);
#3662=EDGE_CURVE('',#4464,#4463,#5127,.T.);
#3663=EDGE_CURVE('',#4464,#4462,#435,.T.);
#3664=EDGE_CURVE('',#4465,#4463,#436,.T.);
#3665=EDGE_CURVE('',#4466,#4465,#5128,.T.);
#3666=EDGE_CURVE('',#4466,#4464,#437,.T.);
#3667=EDGE_CURVE('',#4467,#4465,#438,.T.);
#3668=EDGE_CURVE('',#4468,#4467,#5129,.T.);
#3669=EDGE_CURVE('',#4468,#4466,#439,.T.);
#3670=EDGE_CURVE('',#4469,#4467,#5130,.T.);
#3671=EDGE_CURVE('',#4470,#4469,#5131,.T.);
#3672=EDGE_CURVE('',#4470,#4468,#5132,.T.);
#3673=EDGE_CURVE('',#4471,#3978,#5133,.T.);
#3674=EDGE_CURVE('',#4471,#4472,#582,.T.);
#3675=EDGE_CURVE('',#4472,#3979,#5134,.T.);
#3676=EDGE_CURVE('',#4473,#3977,#5135,.T.);
#3677=EDGE_CURVE('',#4473,#4471,#440,.T.);
#3678=EDGE_CURVE('',#4474,#3992,#5136,.T.);
#3679=EDGE_CURVE('',#4474,#4473,#441,.T.);
#3680=EDGE_CURVE('',#4475,#3991,#5137,.T.);
#3681=EDGE_CURVE('',#4475,#4474,#442,.T.);
#3682=EDGE_CURVE('',#4476,#3990,#5138,.T.);
#3683=EDGE_CURVE('',#4476,#4475,#443,.T.);
#3684=EDGE_CURVE('',#4477,#3989,#5139,.T.);
#3685=EDGE_CURVE('',#4477,#4476,#444,.T.);
#3686=EDGE_CURVE('',#4478,#3988,#5140,.T.);
#3687=EDGE_CURVE('',#4478,#4477,#445,.T.);
#3688=EDGE_CURVE('',#4479,#3987,#5141,.T.);
#3689=EDGE_CURVE('',#4479,#4478,#5142,.T.);
#3690=EDGE_CURVE('',#4480,#3986,#5143,.T.);
#3691=EDGE_CURVE('',#4480,#4479,#5144,.T.);
#3692=EDGE_CURVE('',#4481,#3985,#5145,.T.);
#3693=EDGE_CURVE('',#4481,#4480,#5146,.T.);
#3694=EDGE_CURVE('',#4482,#3984,#5147,.T.);
#3695=EDGE_CURVE('',#4482,#4481,#5148,.T.);
#3696=EDGE_CURVE('',#4483,#3983,#5149,.T.);
#3697=EDGE_CURVE('',#4483,#4482,#5150,.T.);
#3698=EDGE_CURVE('',#4484,#3982,#5151,.T.);
#3699=EDGE_CURVE('',#4484,#4483,#5152,.T.);
#3700=EDGE_CURVE('',#4485,#3981,#5153,.T.);
#3701=EDGE_CURVE('',#4485,#4484,#583,.T.);
#3702=EDGE_CURVE('',#4486,#3980,#5154,.T.);
#3703=EDGE_CURVE('',#4486,#4485,#5155,.T.);
#3704=EDGE_CURVE('',#4472,#4486,#584,.T.);
#3705=EDGE_CURVE('',#4454,#4469,#446,.T.);
#3706=EDGE_CURVE('',#4456,#4470,#447,.T.);
#3707=EDGE_CURVE('',#4487,#3964,#5156,.T.);
#3708=EDGE_CURVE('',#4487,#4488,#5157,.T.);
#3709=EDGE_CURVE('',#4488,#3965,#5158,.T.);
#3710=EDGE_CURVE('',#4489,#3963,#5159,.T.);
#3711=EDGE_CURVE('',#4489,#4487,#5160,.T.);
#3712=EDGE_CURVE('',#4490,#3976,#5161,.T.);
#3713=EDGE_CURVE('',#4490,#4489,#5162,.T.);
#3714=EDGE_CURVE('',#4491,#3975,#5163,.T.);
#3715=EDGE_CURVE('',#4491,#4490,#448,.T.);
#3716=EDGE_CURVE('',#4492,#3974,#5164,.T.);
#3717=EDGE_CURVE('',#4492,#4491,#449,.T.);
#3718=EDGE_CURVE('',#4493,#3973,#5165,.T.);
#3719=EDGE_CURVE('',#4493,#4492,#450,.T.);
#3720=EDGE_CURVE('',#4494,#3972,#5166,.T.);
#3721=EDGE_CURVE('',#4494,#4493,#451,.T.);
#3722=EDGE_CURVE('',#4495,#3971,#5167,.T.);
#3723=EDGE_CURVE('',#4495,#4494,#5168,.T.);
#3724=EDGE_CURVE('',#4496,#3970,#5169,.T.);
#3725=EDGE_CURVE('',#4496,#4495,#5170,.T.);
#3726=EDGE_CURVE('',#4497,#3969,#5171,.T.);
#3727=EDGE_CURVE('',#4497,#4496,#5172,.T.);
#3728=EDGE_CURVE('',#4498,#3968,#5173,.T.);
#3729=EDGE_CURVE('',#4498,#4497,#452,.T.);
#3730=EDGE_CURVE('',#4499,#3967,#5174,.T.);
#3731=EDGE_CURVE('',#4499,#4498,#453,.T.);
#3732=EDGE_CURVE('',#4500,#3966,#5175,.T.);
#3733=EDGE_CURVE('',#4500,#4499,#454,.T.);
#3734=EDGE_CURVE('',#4488,#4500,#455,.T.);
#3735=EDGE_CURVE('',#4501,#3947,#5176,.T.);
#3736=EDGE_CURVE('',#4501,#4502,#5177,.T.);
#3737=EDGE_CURVE('',#4502,#3948,#5178,.T.);
#3738=EDGE_CURVE('',#4503,#3946,#5179,.T.);
#3739=EDGE_CURVE('',#4503,#4501,#5180,.T.);
#3740=EDGE_CURVE('',#4504,#3962,#5181,.T.);
#3741=EDGE_CURVE('',#4504,#4503,#5182,.T.);
#3742=EDGE_CURVE('',#4505,#3961,#5183,.T.);
#3743=EDGE_CURVE('',#4505,#4504,#456,.T.);
#3744=EDGE_CURVE('',#4506,#3960,#5184,.T.);
#3745=EDGE_CURVE('',#4506,#4505,#457,.T.);
#3746=EDGE_CURVE('',#4507,#3959,#5185,.T.);
#3747=EDGE_CURVE('',#4507,#4506,#585,.T.);
#3748=EDGE_CURVE('',#4508,#3958,#5186,.T.);
#3749=EDGE_CURVE('',#4508,#4507,#586,.T.);
#3750=EDGE_CURVE('',#4509,#3957,#5187,.T.);
#3751=EDGE_CURVE('',#4509,#4508,#5188,.T.);
#3752=EDGE_CURVE('',#4510,#3956,#5189,.T.);
#3753=EDGE_CURVE('',#4510,#4509,#5190,.T.);
#3754=EDGE_CURVE('',#4511,#3955,#5191,.T.);
#3755=EDGE_CURVE('',#4511,#4510,#5192,.T.);
#3756=EDGE_CURVE('',#4512,#3954,#5193,.T.);
#3757=EDGE_CURVE('',#4512,#4511,#5194,.T.);
#3758=EDGE_CURVE('',#4513,#3953,#5195,.T.);
#3759=EDGE_CURVE('',#4513,#4512,#5196,.T.);
#3760=EDGE_CURVE('',#4514,#3952,#5197,.T.);
#3761=EDGE_CURVE('',#4514,#4513,#5198,.T.);
#3762=EDGE_CURVE('',#4515,#3951,#5199,.T.);
#3763=EDGE_CURVE('',#4515,#4514,#458,.T.);
#3764=EDGE_CURVE('',#4516,#3950,#5200,.T.);
#3765=EDGE_CURVE('',#4516,#4515,#459,.T.);
#3766=EDGE_CURVE('',#4517,#3949,#5201,.T.);
#3767=EDGE_CURVE('',#4517,#4516,#460,.T.);
#3768=EDGE_CURVE('',#4502,#4517,#461,.T.);
#3769=EDGE_CURVE('',#4518,#4519,#462,.T.);
#3770=EDGE_CURVE('',#4520,#4518,#5202,.T.);
#3771=EDGE_CURVE('',#4520,#4521,#463,.T.);
#3772=EDGE_CURVE('',#4521,#4519,#5203,.T.);
#3773=EDGE_CURVE('',#4522,#4518,#464,.T.);
#3774=EDGE_CURVE('',#4523,#4522,#5204,.T.);
#3775=EDGE_CURVE('',#4523,#4520,#465,.T.);
#3776=EDGE_CURVE('',#4524,#4522,#466,.T.);
#3777=EDGE_CURVE('',#4525,#4524,#5205,.T.);
#3778=EDGE_CURVE('',#4525,#4523,#467,.T.);
#3779=EDGE_CURVE('',#4526,#4524,#5206,.T.);
#3780=EDGE_CURVE('',#4527,#4526,#5207,.T.);
#3781=EDGE_CURVE('',#4527,#4525,#5208,.T.);
#3782=EDGE_CURVE('',#4528,#4181,#5209,.T.);
#3783=EDGE_CURVE('',#4528,#4529,#468,.T.);
#3784=EDGE_CURVE('',#4529,#4182,#5210,.T.);
#3785=EDGE_CURVE('',#4530,#4180,#5211,.T.);
#3786=EDGE_CURVE('',#4530,#4528,#587,.T.);
#3787=EDGE_CURVE('',#4531,#4193,#5212,.T.);
#3788=EDGE_CURVE('',#4531,#4530,#588,.T.);
#3789=EDGE_CURVE('',#4532,#4192,#5213,.T.);
#3790=EDGE_CURVE('',#4532,#4531,#5214,.T.);
#3791=EDGE_CURVE('',#4533,#4191,#5215,.T.);
#3792=EDGE_CURVE('',#4533,#4532,#589,.F.);
#3793=EDGE_CURVE('',#4534,#4190,#5216,.T.);
#3794=EDGE_CURVE('',#4534,#4533,#469,.T.);
#3795=EDGE_CURVE('',#4535,#4189,#5217,.T.);
#3796=EDGE_CURVE('',#4535,#4534,#470,.T.);
#3797=EDGE_CURVE('',#4536,#4188,#5218,.T.);
#3798=EDGE_CURVE('',#4536,#4535,#5219,.T.);
#3799=EDGE_CURVE('',#4537,#4187,#5220,.T.);
#3800=EDGE_CURVE('',#4537,#4536,#5221,.T.);
#3801=EDGE_CURVE('',#4538,#4186,#5222,.T.);
#3802=EDGE_CURVE('',#4538,#4537,#471,.T.);
#3803=EDGE_CURVE('',#4539,#4185,#5223,.T.);
#3804=EDGE_CURVE('',#4539,#4538,#472,.T.);
#3805=EDGE_CURVE('',#4540,#4184,#5224,.T.);
#3806=EDGE_CURVE('',#4540,#4539,#473,.T.);
#3807=EDGE_CURVE('',#4541,#4183,#5225,.T.);
#3808=EDGE_CURVE('',#4541,#4540,#474,.T.);
#3809=EDGE_CURVE('',#4529,#4541,#475,.T.);
#3810=EDGE_CURVE('',#4519,#4526,#476,.T.);
#3811=EDGE_CURVE('',#4521,#4527,#477,.T.);
#3812=EDGE_CURVE('',#4542,#4543,#5226,.T.);
#3813=EDGE_CURVE('',#4544,#4542,#5227,.T.);
#3814=EDGE_CURVE('',#4544,#4545,#5228,.T.);
#3815=EDGE_CURVE('',#4545,#4543,#5229,.T.);
#3816=EDGE_CURVE('',#4542,#4546,#5230,.T.);
#3817=EDGE_CURVE('',#4547,#4546,#5231,.T.);
#3818=EDGE_CURVE('',#4544,#4547,#5232,.T.);
#3819=EDGE_CURVE('',#4546,#4548,#5233,.T.);
#3820=EDGE_CURVE('',#4549,#4548,#5234,.T.);
#3821=EDGE_CURVE('',#4547,#4549,#5235,.T.);
#3822=EDGE_CURVE('',#4550,#4550,#590,.T.);
#3823=EDGE_CURVE('',#4551,#4551,#591,.T.);
#3824=EDGE_CURVE('',#4543,#4548,#5236,.T.);
#3825=EDGE_CURVE('',#4545,#4549,#5237,.T.);
#3826=VERTEX_POINT('',#9238);
#3827=VERTEX_POINT('',#9239);
#3828=VERTEX_POINT('',#9241);
#3829=VERTEX_POINT('',#9243);
#3830=VERTEX_POINT('',#9247);
#3831=VERTEX_POINT('',#9249);
#3832=VERTEX_POINT('',#9253);
#3833=VERTEX_POINT('',#9255);
#3834=VERTEX_POINT('',#9265);
#3835=VERTEX_POINT('',#9266);
#3836=VERTEX_POINT('',#9268);
#3837=VERTEX_POINT('',#9270);
#3838=VERTEX_POINT('',#9272);
#3839=VERTEX_POINT('',#9274);
#3840=VERTEX_POINT('',#9276);
#3841=VERTEX_POINT('',#9278);
#3842=VERTEX_POINT('',#9280);
#3843=VERTEX_POINT('',#9282);
#3844=VERTEX_POINT('',#9284);
#3845=VERTEX_POINT('',#9286);
#3846=VERTEX_POINT('',#9288);
#3847=VERTEX_POINT('',#9290);
#3848=VERTEX_POINT('',#9292);
#3849=VERTEX_POINT('',#9294);
#3850=VERTEX_POINT('',#9296);
#3851=VERTEX_POINT('',#9298);
#3852=VERTEX_POINT('',#9300);
#3853=VERTEX_POINT('',#9302);
#3854=VERTEX_POINT('',#9304);
#3855=VERTEX_POINT('',#9306);
#3856=VERTEX_POINT('',#9308);
#3857=VERTEX_POINT('',#9310);
#3858=VERTEX_POINT('',#9312);
#3859=VERTEX_POINT('',#9314);
#3860=VERTEX_POINT('',#9318);
#3861=VERTEX_POINT('',#9320);
#3862=VERTEX_POINT('',#9323);
#3863=VERTEX_POINT('',#9325);
#3864=VERTEX_POINT('',#9329);
#3865=VERTEX_POINT('',#9331);
#3866=VERTEX_POINT('',#9333);
#3867=VERTEX_POINT('',#9337);
#3868=VERTEX_POINT('',#9339);
#3869=VERTEX_POINT('',#9341);
#3870=VERTEX_POINT('',#9343);
#3871=VERTEX_POINT('',#9345);
#3872=VERTEX_POINT('',#9348);
#3873=VERTEX_POINT('',#9352);
#3874=VERTEX_POINT('',#9356);
#3875=VERTEX_POINT('',#9358);
#3876=VERTEX_POINT('',#9360);
#3877=VERTEX_POINT('',#9368);
#3878=VERTEX_POINT('',#9372);
#3879=VERTEX_POINT('',#9374);
#3880=VERTEX_POINT('',#9377);
#3881=VERTEX_POINT('',#9378);
#3882=VERTEX_POINT('',#9380);
#3883=VERTEX_POINT('',#9382);
#3884=VERTEX_POINT('',#9386);
#3885=VERTEX_POINT('',#9388);
#3886=VERTEX_POINT('',#9392);
#3887=VERTEX_POINT('',#9394);
#3888=VERTEX_POINT('',#9396);
#3889=VERTEX_POINT('',#9398);
#3890=VERTEX_POINT('',#9400);
#3891=VERTEX_POINT('',#9402);
#3892=VERTEX_POINT('',#9404);
#3893=VERTEX_POINT('',#9406);
#3894=VERTEX_POINT('',#9409);
#3895=VERTEX_POINT('',#9413);
#3896=VERTEX_POINT('',#9416);
#3897=VERTEX_POINT('',#9419);
#3898=VERTEX_POINT('',#9421);
#3899=VERTEX_POINT('',#9425);
#3900=VERTEX_POINT('',#9426);
#3901=VERTEX_POINT('',#9428);
#3902=VERTEX_POINT('',#9430);
#3903=VERTEX_POINT('',#9432);
#3904=VERTEX_POINT('',#9434);
#3905=VERTEX_POINT('',#9444);
#3906=VERTEX_POINT('',#9447);
#3907=VERTEX_POINT('',#9448);
#3908=VERTEX_POINT('',#9450);
#3909=VERTEX_POINT('',#9452);
#3910=VERTEX_POINT('',#9455);
#3911=VERTEX_POINT('',#9466);
#3912=VERTEX_POINT('',#9470);
#3913=VERTEX_POINT('',#9476);
#3914=VERTEX_POINT('',#9477);
#3915=VERTEX_POINT('',#9479);
#3916=VERTEX_POINT('',#9481);
#3917=VERTEX_POINT('',#9494);
#3918=VERTEX_POINT('',#9510);
#3919=VERTEX_POINT('',#9514);
#3920=VERTEX_POINT('',#9518);
#3921=VERTEX_POINT('',#9523);
#3922=VERTEX_POINT('',#9527);
#3923=VERTEX_POINT('',#9531);
#3924=VERTEX_POINT('',#9535);
#3925=VERTEX_POINT('',#9539);
#3926=VERTEX_POINT('',#9544);
#3927=VERTEX_POINT('',#9545);
#3928=VERTEX_POINT('',#9547);
#3929=VERTEX_POINT('',#9549);
#3930=VERTEX_POINT('',#9553);
#3931=VERTEX_POINT('',#9555);
#3932=VERTEX_POINT('',#9559);
#3933=VERTEX_POINT('',#9561);
#3934=VERTEX_POINT('',#9568);
#3935=VERTEX_POINT('',#9570);
#3936=VERTEX_POINT('',#9576);
#3937=VERTEX_POINT('',#9577);
#3938=VERTEX_POINT('',#9579);
#3939=VERTEX_POINT('',#9581);
#3940=VERTEX_POINT('',#9585);
#3941=VERTEX_POINT('',#9587);
#3942=VERTEX_POINT('',#9591);
#3943=VERTEX_POINT('',#9593);
#3944=VERTEX_POINT('',#9597);
#3945=VERTEX_POINT('',#9599);
#3946=VERTEX_POINT('',#9608);
#3947=VERTEX_POINT('',#9609);
#3948=VERTEX_POINT('',#9611);
#3949=VERTEX_POINT('',#9615);
#3950=VERTEX_POINT('',#9619);
#3951=VERTEX_POINT('',#9623);
#3952=VERTEX_POINT('',#9627);
#3953=VERTEX_POINT('',#9629);
#3954=VERTEX_POINT('',#9631);
#3955=VERTEX_POINT('',#9633);
#3956=VERTEX_POINT('',#9635);
#3957=VERTEX_POINT('',#9637);
#3958=VERTEX_POINT('',#9639);
#3959=VERTEX_POINT('',#9641);
#3960=VERTEX_POINT('',#9643);
#3961=VERTEX_POINT('',#9647);
#3962=VERTEX_POINT('',#9651);
#3963=VERTEX_POINT('',#9654);
#3964=VERTEX_POINT('',#9655);
#3965=VERTEX_POINT('',#9657);
#3966=VERTEX_POINT('',#9661);
#3967=VERTEX_POINT('',#9665);
#3968=VERTEX_POINT('',#9669);
#3969=VERTEX_POINT('',#9673);
#3970=VERTEX_POINT('',#9675);
#3971=VERTEX_POINT('',#9677);
#3972=VERTEX_POINT('',#9679);
#3973=VERTEX_POINT('',#9683);
#3974=VERTEX_POINT('',#9687);
#3975=VERTEX_POINT('',#9691);
#3976=VERTEX_POINT('',#9695);
#3977=VERTEX_POINT('',#9700);
#3978=VERTEX_POINT('',#9701);
#3979=VERTEX_POINT('',#9703);
#3980=VERTEX_POINT('',#9705);
#3981=VERTEX_POINT('',#9707);
#3982=VERTEX_POINT('',#9709);
#3983=VERTEX_POINT('',#9711);
#3984=VERTEX_POINT('',#9713);
#3985=VERTEX_POINT('',#9715);
#3986=VERTEX_POINT('',#9717);
#3987=VERTEX_POINT('',#9719);
#3988=VERTEX_POINT('',#9721);
#3989=VERTEX_POINT('',#9725);
#3990=VERTEX_POINT('',#9729);
#3991=VERTEX_POINT('',#9733);
#3992=VERTEX_POINT('',#9737);
#3993=VERTEX_POINT('',#9744);
#3994=VERTEX_POINT('',#9745);
#3995=VERTEX_POINT('',#9749);
#3996=VERTEX_POINT('',#9753);
#3997=VERTEX_POINT('',#9757);
#3998=VERTEX_POINT('',#9761);
#3999=VERTEX_POINT('',#9765);
#4000=VERTEX_POINT('',#9769);
#4001=VERTEX_POINT('',#9773);
#4002=VERTEX_POINT('',#9780);
#4003=VERTEX_POINT('',#9781);
#4004=VERTEX_POINT('',#9785);
#4005=VERTEX_POINT('',#9789);
#4006=VERTEX_POINT('',#9793);
#4007=VERTEX_POINT('',#9797);
#4008=VERTEX_POINT('',#9801);
#4009=VERTEX_POINT('',#9805);
#4010=VERTEX_POINT('',#9809);
#4011=VERTEX_POINT('',#9814);
#4012=VERTEX_POINT('',#9815);
#4013=VERTEX_POINT('',#9817);
#4014=VERTEX_POINT('',#9819);
#4015=VERTEX_POINT('',#9822);
#4016=VERTEX_POINT('',#9824);
#4017=VERTEX_POINT('',#9826);
#4018=VERTEX_POINT('',#9828);
#4019=VERTEX_POINT('',#9830);
#4020=VERTEX_POINT('',#9831);
#4021=VERTEX_POINT('',#9833);
#4022=VERTEX_POINT('',#9835);
#4023=VERTEX_POINT('',#9838);
#4024=VERTEX_POINT('',#9839);
#4025=VERTEX_POINT('',#9843);
#4026=VERTEX_POINT('',#9847);
#4027=VERTEX_POINT('',#9851);
#4028=VERTEX_POINT('',#9855);
#4029=VERTEX_POINT('',#9857);
#4030=VERTEX_POINT('',#9859);
#4031=VERTEX_POINT('',#9861);
#4032=VERTEX_POINT('',#9863);
#4033=VERTEX_POINT('',#9865);
#4034=VERTEX_POINT('',#9867);
#4035=VERTEX_POINT('',#9869);
#4036=VERTEX_POINT('',#9871);
#4037=VERTEX_POINT('',#9875);
#4038=VERTEX_POINT('',#9879);
#4039=VERTEX_POINT('',#9881);
#4040=VERTEX_POINT('',#9884);
#4041=VERTEX_POINT('',#9885);
#4042=VERTEX_POINT('',#9887);
#4043=VERTEX_POINT('',#9889);
#4044=VERTEX_POINT('',#9891);
#4045=VERTEX_POINT('',#9893);
#4046=VERTEX_POINT('',#9895);
#4047=VERTEX_POINT('',#9897);
#4048=VERTEX_POINT('',#9899);
#4049=VERTEX_POINT('',#9901);
#4050=VERTEX_POINT('',#9903);
#4051=VERTEX_POINT('',#9905);
#4052=VERTEX_POINT('',#9907);
#4053=VERTEX_POINT('',#9909);
#4054=VERTEX_POINT('',#9911);
#4055=VERTEX_POINT('',#9913);
#4056=VERTEX_POINT('',#9915);
#4057=VERTEX_POINT('',#9917);
#4058=VERTEX_POINT('',#9922);
#4059=VERTEX_POINT('',#9923);
#4060=VERTEX_POINT('',#9927);
#4061=VERTEX_POINT('',#9931);
#4062=VERTEX_POINT('',#9935);
#4063=VERTEX_POINT('',#9939);
#4064=VERTEX_POINT('',#9943);
#4065=VERTEX_POINT('',#9947);
#4066=VERTEX_POINT('',#9949);
#4067=VERTEX_POINT('',#9951);
#4068=VERTEX_POINT('',#9955);
#4069=VERTEX_POINT('',#9959);
#4070=VERTEX_POINT('',#9961);
#4071=VERTEX_POINT('',#9963);
#4072=VERTEX_POINT('',#9966);
#4073=VERTEX_POINT('',#9967);
#4074=VERTEX_POINT('',#9969);
#4075=VERTEX_POINT('',#9971);
#4076=VERTEX_POINT('',#9973);
#4077=VERTEX_POINT('',#9975);
#4078=VERTEX_POINT('',#9977);
#4079=VERTEX_POINT('',#9979);
#4080=VERTEX_POINT('',#9981);
#4081=VERTEX_POINT('',#9983);
#4082=VERTEX_POINT('',#9988);
#4083=VERTEX_POINT('',#9989);
#4084=VERTEX_POINT('',#9993);
#4085=VERTEX_POINT('',#9997);
#4086=VERTEX_POINT('',#10001);
#4087=VERTEX_POINT('',#10005);
#4088=VERTEX_POINT('',#10009);
#4089=VERTEX_POINT('',#10013);
#4090=VERTEX_POINT('',#10017);
#4091=VERTEX_POINT('',#10022);
#4092=VERTEX_POINT('',#10023);
#4093=VERTEX_POINT('',#10025);
#4094=VERTEX_POINT('',#10029);
#4095=VERTEX_POINT('',#10033);
#4096=VERTEX_POINT('',#10037);
#4097=VERTEX_POINT('',#10041);
#4098=VERTEX_POINT('',#10043);
#4099=VERTEX_POINT('',#10045);
#4100=VERTEX_POINT('',#10047);
#4101=VERTEX_POINT('',#10049);
#4102=VERTEX_POINT('',#10051);
#4103=VERTEX_POINT('',#10053);
#4104=VERTEX_POINT('',#10055);
#4105=VERTEX_POINT('',#10057);
#4106=VERTEX_POINT('',#10061);
#4107=VERTEX_POINT('',#10065);
#4108=VERTEX_POINT('',#10070);
#4109=VERTEX_POINT('',#10071);
#4110=VERTEX_POINT('',#10075);
#4111=VERTEX_POINT('',#10079);
#4112=VERTEX_POINT('',#10083);
#4113=VERTEX_POINT('',#10085);
#4114=VERTEX_POINT('',#10087);
#4115=VERTEX_POINT('',#10089);
#4116=VERTEX_POINT('',#10093);
#4117=VERTEX_POINT('',#10097);
#4118=VERTEX_POINT('',#10101);
#4119=VERTEX_POINT('',#10105);
#4120=VERTEX_POINT('',#10109);
#4121=VERTEX_POINT('',#10113);
#4122=VERTEX_POINT('',#10117);
#4123=VERTEX_POINT('',#10121);
#4124=VERTEX_POINT('',#10125);
#4125=VERTEX_POINT('',#10129);
#4126=VERTEX_POINT('',#10131);
#4127=VERTEX_POINT('',#10135);
#4128=VERTEX_POINT('',#10139);
#4129=VERTEX_POINT('',#10143);
#4130=VERTEX_POINT('',#10147);
#4131=VERTEX_POINT('',#10151);
#4132=VERTEX_POINT('',#10155);
#4133=VERTEX_POINT('',#10160);
#4134=VERTEX_POINT('',#10161);
#4135=VERTEX_POINT('',#10163);
#4136=VERTEX_POINT('',#10167);
#4137=VERTEX_POINT('',#10171);
#4138=VERTEX_POINT('',#10175);
#4139=VERTEX_POINT('',#10179);
#4140=VERTEX_POINT('',#10181);
#4141=VERTEX_POINT('',#10183);
#4142=VERTEX_POINT('',#10185);
#4143=VERTEX_POINT('',#10187);
#4144=VERTEX_POINT('',#10189);
#4145=VERTEX_POINT('',#10191);
#4146=VERTEX_POINT('',#10193);
#4147=VERTEX_POINT('',#10195);
#4148=VERTEX_POINT('',#10199);
#4149=VERTEX_POINT('',#10203);
#4150=VERTEX_POINT('',#10206);
#4151=VERTEX_POINT('',#10207);
#4152=VERTEX_POINT('',#10209);
#4153=VERTEX_POINT('',#10213);
#4154=VERTEX_POINT('',#10215);
#4155=VERTEX_POINT('',#10219);
#4156=VERTEX_POINT('',#10221);
#4157=VERTEX_POINT('',#10223);
#4158=VERTEX_POINT('',#10225);
#4159=VERTEX_POINT('',#10227);
#4160=VERTEX_POINT('',#10229);
#4161=VERTEX_POINT('',#10233);
#4162=VERTEX_POINT('',#10235);
#4163=VERTEX_POINT('',#10237);
#4164=VERTEX_POINT('',#10239);
#4165=VERTEX_POINT('',#10241);
#4166=VERTEX_POINT('',#10243);
#4167=VERTEX_POINT('',#10245);
#4168=VERTEX_POINT('',#10249);
#4169=VERTEX_POINT('',#10251);
#4170=VERTEX_POINT('',#10253);
#4171=VERTEX_POINT('',#10257);
#4172=VERTEX_POINT('',#10259);
#4173=VERTEX_POINT('',#10264);
#4174=VERTEX_POINT('',#10265);
#4175=VERTEX_POINT('',#10269);
#4176=VERTEX_POINT('',#10273);
#4177=VERTEX_POINT('',#10275);
#4178=VERTEX_POINT('',#10277);
#4179=VERTEX_POINT('',#10279);
#4180=VERTEX_POINT('',#10284);
#4181=VERTEX_POINT('',#10285);
#4182=VERTEX_POINT('',#10289);
#4183=VERTEX_POINT('',#10293);
#4184=VERTEX_POINT('',#10297);
#4185=VERTEX_POINT('',#10301);
#4186=VERTEX_POINT('',#10305);
#4187=VERTEX_POINT('',#10309);
#4188=VERTEX_POINT('',#10311);
#4189=VERTEX_POINT('',#10313);
#4190=VERTEX_POINT('',#10317);
#4191=VERTEX_POINT('',#10321);
#4192=VERTEX_POINT('',#10323);
#4193=VERTEX_POINT('',#10325);
#4194=VERTEX_POINT('',#10329);
#4195=VERTEX_POINT('',#10330);
#4196=VERTEX_POINT('',#10335);
#4197=VERTEX_POINT('',#10339);
#4198=VERTEX_POINT('',#10343);
#4199=VERTEX_POINT('',#10344);
#4200=VERTEX_POINT('',#10349);
#4201=VERTEX_POINT('',#10353);
#4202=VERTEX_POINT('',#10357);
#4203=VERTEX_POINT('',#10360);
#4204=VERTEX_POINT('',#10363);
#4205=VERTEX_POINT('',#10366);
#4206=VERTEX_POINT('',#10374);
#4207=VERTEX_POINT('',#10376);
#4208=VERTEX_POINT('',#10380);
#4209=VERTEX_POINT('',#10384);
#4210=VERTEX_POINT('',#10395);
#4211=VERTEX_POINT('',#10408);
#4212=VERTEX_POINT('',#10414);
#4213=VERTEX_POINT('',#10418);
#4214=VERTEX_POINT('',#10422);
#4215=VERTEX_POINT('',#10426);
#4216=VERTEX_POINT('',#10430);
#4217=VERTEX_POINT('',#10434);
#4218=VERTEX_POINT('',#10438);
#4219=VERTEX_POINT('',#10442);
#4220=VERTEX_POINT('',#10453);
#4221=VERTEX_POINT('',#10466);
#4222=VERTEX_POINT('',#10479);
#4223=VERTEX_POINT('',#10497);
#4224=VERTEX_POINT('',#10499);
#4225=VERTEX_POINT('',#10503);
#4226=VERTEX_POINT('',#10507);
#4227=VERTEX_POINT('',#10511);
#4228=VERTEX_POINT('',#10515);
#4229=VERTEX_POINT('',#10519);
#4230=VERTEX_POINT('',#10523);
#4231=VERTEX_POINT('',#10527);
#4232=VERTEX_POINT('',#10531);
#4233=VERTEX_POINT('',#10535);
#4234=VERTEX_POINT('',#10539);
#4235=VERTEX_POINT('',#10543);
#4236=VERTEX_POINT('',#10547);
#4237=VERTEX_POINT('',#10551);
#4238=VERTEX_POINT('',#10555);
#4239=VERTEX_POINT('',#10559);
#4240=VERTEX_POINT('',#10563);
#4241=VERTEX_POINT('',#10579);
#4242=VERTEX_POINT('',#10580);
#4243=VERTEX_POINT('',#10582);
#4244=VERTEX_POINT('',#10586);
#4245=VERTEX_POINT('',#10599);
#4246=VERTEX_POINT('',#10601);
#4247=VERTEX_POINT('',#10616);
#4248=VERTEX_POINT('',#10618);
#4249=VERTEX_POINT('',#10624);
#4250=VERTEX_POINT('',#10626);
#4251=VERTEX_POINT('',#10637);
#4252=VERTEX_POINT('',#10641);
#4253=VERTEX_POINT('',#10652);
#4254=VERTEX_POINT('',#10658);
#4255=VERTEX_POINT('',#10662);
#4256=VERTEX_POINT('',#10666);
#4257=VERTEX_POINT('',#10677);
#4258=VERTEX_POINT('',#10690);
#4259=VERTEX_POINT('',#10696);
#4260=VERTEX_POINT('',#10700);
#4261=VERTEX_POINT('',#10711);
#4262=VERTEX_POINT('',#10724);
#4263=VERTEX_POINT('',#10737);
#4264=VERTEX_POINT('',#10750);
#4265=VERTEX_POINT('',#10782);
#4266=VERTEX_POINT('',#10784);
#4267=VERTEX_POINT('',#10788);
#4268=VERTEX_POINT('',#10792);
#4269=VERTEX_POINT('',#10796);
#4270=VERTEX_POINT('',#10800);
#4271=VERTEX_POINT('',#10804);
#4272=VERTEX_POINT('',#10808);
#4273=VERTEX_POINT('',#10812);
#4274=VERTEX_POINT('',#10816);
#4275=VERTEX_POINT('',#10832);
#4276=VERTEX_POINT('',#10833);
#4277=VERTEX_POINT('',#10835);
#4278=VERTEX_POINT('',#10839);
#4279=VERTEX_POINT('',#10852);
#4280=VERTEX_POINT('',#10854);
#4281=VERTEX_POINT('',#10869);
#4282=VERTEX_POINT('',#10871);
#4283=VERTEX_POINT('',#10886);
#4284=VERTEX_POINT('',#10888);
#4285=VERTEX_POINT('',#10903);
#4286=VERTEX_POINT('',#10905);
#4287=VERTEX_POINT('',#10920);
#4288=VERTEX_POINT('',#10922);
#4289=VERTEX_POINT('',#10937);
#4290=VERTEX_POINT('',#10939);
#4291=VERTEX_POINT('',#10952);
#4292=VERTEX_POINT('',#10956);
#4293=VERTEX_POINT('',#10967);
#4294=VERTEX_POINT('',#10980);
#4295=VERTEX_POINT('',#10993);
#4296=VERTEX_POINT('',#11006);
#4297=VERTEX_POINT('',#11019);
#4298=VERTEX_POINT('',#11032);
#4299=VERTEX_POINT('',#11045);
#4300=VERTEX_POINT('',#11086);
#4301=VERTEX_POINT('',#11087);
#4302=VERTEX_POINT('',#11089);
#4303=VERTEX_POINT('',#11093);
#4304=VERTEX_POINT('',#11106);
#4305=VERTEX_POINT('',#11108);
#4306=VERTEX_POINT('',#11123);
#4307=VERTEX_POINT('',#11125);
#4308=VERTEX_POINT('',#11140);
#4309=VERTEX_POINT('',#11142);
#4310=VERTEX_POINT('',#11157);
#4311=VERTEX_POINT('',#11159);
#4312=VERTEX_POINT('',#11174);
#4313=VERTEX_POINT('',#11176);
#4314=VERTEX_POINT('',#11191);
#4315=VERTEX_POINT('',#11193);
#4316=VERTEX_POINT('',#11206);
#4317=VERTEX_POINT('',#11210);
#4318=VERTEX_POINT('',#11221);
#4319=VERTEX_POINT('',#11234);
#4320=VERTEX_POINT('',#11247);
#4321=VERTEX_POINT('',#11260);
#4322=VERTEX_POINT('',#11273);
#4323=VERTEX_POINT('',#11286);
#4324=VERTEX_POINT('',#11299);
#4325=VERTEX_POINT('',#11331);
#4326=VERTEX_POINT('',#11333);
#4327=VERTEX_POINT('',#11337);
#4328=VERTEX_POINT('',#11341);
#4329=VERTEX_POINT('',#11352);
#4330=VERTEX_POINT('',#11365);
#4331=VERTEX_POINT('',#11371);
#4332=VERTEX_POINT('',#11375);
#4333=VERTEX_POINT('',#11379);
#4334=VERTEX_POINT('',#11383);
#4335=VERTEX_POINT('',#11387);
#4336=VERTEX_POINT('',#11391);
#4337=VERTEX_POINT('',#11395);
#4338=VERTEX_POINT('',#11399);
#4339=VERTEX_POINT('',#11410);
#4340=VERTEX_POINT('',#11423);
#4341=VERTEX_POINT('',#11436);
#4342=VERTEX_POINT('',#11461);
#4343=VERTEX_POINT('',#11465);
#4344=VERTEX_POINT('',#11476);
#4345=VERTEX_POINT('',#11489);
#4346=VERTEX_POINT('',#11502);
#4347=VERTEX_POINT('',#11515);
#4348=VERTEX_POINT('',#11528);
#4349=VERTEX_POINT('',#11541);
#4350=VERTEX_POINT('',#11554);
#4351=VERTEX_POINT('',#11567);
#4352=VERTEX_POINT('',#11573);
#4353=VERTEX_POINT('',#11584);
#4354=VERTEX_POINT('',#11597);
#4355=VERTEX_POINT('',#11610);
#4356=VERTEX_POINT('',#11623);
#4357=VERTEX_POINT('',#11636);
#4358=VERTEX_POINT('',#11649);
#4359=VERTEX_POINT('',#11662);
#4360=VERTEX_POINT('',#11675);
#4361=VERTEX_POINT('',#11688);
#4362=VERTEX_POINT('',#11701);
#4363=VERTEX_POINT('',#11707);
#4364=VERTEX_POINT('',#11711);
#4365=VERTEX_POINT('',#11715);
#4366=VERTEX_POINT('',#11726);
#4367=VERTEX_POINT('',#11744);
#4368=VERTEX_POINT('',#11746);
#4369=VERTEX_POINT('',#11750);
#4370=VERTEX_POINT('',#11754);
#4371=VERTEX_POINT('',#11765);
#4372=VERTEX_POINT('',#11778);
#4373=VERTEX_POINT('',#11784);
#4374=VERTEX_POINT('',#11788);
#4375=VERTEX_POINT('',#11792);
#4376=VERTEX_POINT('',#11796);
#4377=VERTEX_POINT('',#11800);
#4378=VERTEX_POINT('',#11804);
#4379=VERTEX_POINT('',#11808);
#4380=VERTEX_POINT('',#11812);
#4381=VERTEX_POINT('',#11823);
#4382=VERTEX_POINT('',#11836);
#4383=VERTEX_POINT('',#11849);
#4384=VERTEX_POINT('',#11867);
#4385=VERTEX_POINT('',#11869);
#4386=VERTEX_POINT('',#11873);
#4387=VERTEX_POINT('',#11877);
#4388=VERTEX_POINT('',#11881);
#4389=VERTEX_POINT('',#11892);
#4390=VERTEX_POINT('',#11898);
#4391=VERTEX_POINT('',#11902);
#4392=VERTEX_POINT('',#11913);
#4393=VERTEX_POINT('',#11919);
#4394=VERTEX_POINT('',#11923);
#4395=VERTEX_POINT('',#11927);
#4396=VERTEX_POINT('',#11931);
#4397=VERTEX_POINT('',#11935);
#4398=VERTEX_POINT('',#11939);
#4399=VERTEX_POINT('',#11950);
#4400=VERTEX_POINT('',#11956);
#4401=VERTEX_POINT('',#11960);
#4402=VERTEX_POINT('',#11964);
#4403=VERTEX_POINT('',#11968);
#4404=VERTEX_POINT('',#11972);
#4405=VERTEX_POINT('',#11983);
#4406=VERTEX_POINT('',#11989);
#4407=VERTEX_POINT('',#12014);
#4408=VERTEX_POINT('',#12015);
#4409=VERTEX_POINT('',#12017);
#4410=VERTEX_POINT('',#12021);
#4411=VERTEX_POINT('',#12034);
#4412=VERTEX_POINT('',#12036);
#4413=VERTEX_POINT('',#12051);
#4414=VERTEX_POINT('',#12053);
#4415=VERTEX_POINT('',#12068);
#4416=VERTEX_POINT('',#12070);
#4417=VERTEX_POINT('',#12085);
#4418=VERTEX_POINT('',#12087);
#4419=VERTEX_POINT('',#12102);
#4420=VERTEX_POINT('',#12104);
#4421=VERTEX_POINT('',#12119);
#4422=VERTEX_POINT('',#12121);
#4423=VERTEX_POINT('',#12134);
#4424=VERTEX_POINT('',#12138);
#4425=VERTEX_POINT('',#12149);
#4426=VERTEX_POINT('',#12162);
#4427=VERTEX_POINT('',#12175);
#4428=VERTEX_POINT('',#12188);
#4429=VERTEX_POINT('',#12201);
#4430=VERTEX_POINT('',#12214);
#4431=VERTEX_POINT('',#12227);
#4432=VERTEX_POINT('',#12268);
#4433=VERTEX_POINT('',#12269);
#4434=VERTEX_POINT('',#12271);
#4435=VERTEX_POINT('',#12275);
#4436=VERTEX_POINT('',#12288);
#4437=VERTEX_POINT('',#12290);
#4438=VERTEX_POINT('',#12305);
#4439=VERTEX_POINT('',#12307);
#4440=VERTEX_POINT('',#12313);
#4441=VERTEX_POINT('',#12315);
#4442=VERTEX_POINT('',#12319);
#4443=VERTEX_POINT('',#12321);
#4444=VERTEX_POINT('',#12325);
#4445=VERTEX_POINT('',#12327);
#4446=VERTEX_POINT('',#12338);
#4447=VERTEX_POINT('',#12342);
#4448=VERTEX_POINT('',#12353);
#4449=VERTEX_POINT('',#12366);
#4450=VERTEX_POINT('',#12372);
#4451=VERTEX_POINT('',#12376);
#4452=VERTEX_POINT('',#12380);
#4453=VERTEX_POINT('',#12419);
#4454=VERTEX_POINT('',#12420);
#4455=VERTEX_POINT('',#12422);
#4456=VERTEX_POINT('',#12426);
#4457=VERTEX_POINT('',#12439);
#4458=VERTEX_POINT('',#12441);
#4459=VERTEX_POINT('',#12456);
#4460=VERTEX_POINT('',#12458);
#4461=VERTEX_POINT('',#12473);
#4462=VERTEX_POINT('',#12475);
#4463=VERTEX_POINT('',#12490);
#4464=VERTEX_POINT('',#12492);
#4465=VERTEX_POINT('',#12507);
#4466=VERTEX_POINT('',#12509);
#4467=VERTEX_POINT('',#12524);
#4468=VERTEX_POINT('',#12526);
#4469=VERTEX_POINT('',#12532);
#4470=VERTEX_POINT('',#12534);
#4471=VERTEX_POINT('',#12538);
#4472=VERTEX_POINT('',#12540);
#4473=VERTEX_POINT('',#12551);
#4474=VERTEX_POINT('',#12564);
#4475=VERTEX_POINT('',#12577);
#4476=VERTEX_POINT('',#12590);
#4477=VERTEX_POINT('',#12603);
#4478=VERTEX_POINT('',#12616);
#4479=VERTEX_POINT('',#12622);
#4480=VERTEX_POINT('',#12626);
#4481=VERTEX_POINT('',#12630);
#4482=VERTEX_POINT('',#12634);
#4483=VERTEX_POINT('',#12638);
#4484=VERTEX_POINT('',#12642);
#4485=VERTEX_POINT('',#12646);
#4486=VERTEX_POINT('',#12650);
#4487=VERTEX_POINT('',#12671);
#4488=VERTEX_POINT('',#12673);
#4489=VERTEX_POINT('',#12677);
#4490=VERTEX_POINT('',#12681);
#4491=VERTEX_POINT('',#12692);
#4492=VERTEX_POINT('',#12705);
#4493=VERTEX_POINT('',#12718);
#4494=VERTEX_POINT('',#12731);
#4495=VERTEX_POINT('',#12737);
#4496=VERTEX_POINT('',#12741);
#4497=VERTEX_POINT('',#12745);
#4498=VERTEX_POINT('',#12756);
#4499=VERTEX_POINT('',#12769);
#4500=VERTEX_POINT('',#12782);
#4501=VERTEX_POINT('',#12800);
#4502=VERTEX_POINT('',#12802);
#4503=VERTEX_POINT('',#12806);
#4504=VERTEX_POINT('',#12810);
#4505=VERTEX_POINT('',#12821);
#4506=VERTEX_POINT('',#12834);
#4507=VERTEX_POINT('',#12840);
#4508=VERTEX_POINT('',#12844);
#4509=VERTEX_POINT('',#12848);
#4510=VERTEX_POINT('',#12852);
#4511=VERTEX_POINT('',#12856);
#4512=VERTEX_POINT('',#12860);
#4513=VERTEX_POINT('',#12864);
#4514=VERTEX_POINT('',#12868);
#4515=VERTEX_POINT('',#12879);
#4516=VERTEX_POINT('',#12892);
#4517=VERTEX_POINT('',#12905);
#4518=VERTEX_POINT('',#12932);
#4519=VERTEX_POINT('',#12933);
#4520=VERTEX_POINT('',#12935);
#4521=VERTEX_POINT('',#12939);
#4522=VERTEX_POINT('',#12952);
#4523=VERTEX_POINT('',#12954);
#4524=VERTEX_POINT('',#12969);
#4525=VERTEX_POINT('',#12971);
#4526=VERTEX_POINT('',#12977);
#4527=VERTEX_POINT('',#12979);
#4528=VERTEX_POINT('',#12990);
#4529=VERTEX_POINT('',#12994);
#4530=VERTEX_POINT('',#12998);
#4531=VERTEX_POINT('',#13002);
#4532=VERTEX_POINT('',#13006);
#4533=VERTEX_POINT('',#13010);
#4534=VERTEX_POINT('',#13021);
#4535=VERTEX_POINT('',#13034);
#4536=VERTEX_POINT('',#13040);
#4537=VERTEX_POINT('',#13044);
#4538=VERTEX_POINT('',#13055);
#4539=VERTEX_POINT('',#13068);
#4540=VERTEX_POINT('',#13081);
#4541=VERTEX_POINT('',#13094);
#4542=VERTEX_POINT('',#13134);
#4543=VERTEX_POINT('',#13135);
#4544=VERTEX_POINT('',#13137);
#4545=VERTEX_POINT('',#13139);
#4546=VERTEX_POINT('',#13143);
#4547=VERTEX_POINT('',#13145);
#4548=VERTEX_POINT('',#13149);
#4549=VERTEX_POINT('',#13151);
#4550=VERTEX_POINT('',#13155);
#4551=VERTEX_POINT('',#13157);
#4552=LINE('',#9237,#5238);
#4553=LINE('',#9240,#5239);
#4554=LINE('',#9242,#5240);
#4555=LINE('',#9244,#5241);
#4556=LINE('',#9246,#5242);
#4557=LINE('',#9248,#5243);
#4558=LINE('',#9250,#5244);
#4559=LINE('',#9252,#5245);
#4560=LINE('',#9254,#5246);
#4561=LINE('',#9256,#5247);
#4562=LINE('',#9258,#5248);
#4563=LINE('',#9259,#5249);
#4564=LINE('',#9264,#5250);
#4565=LINE('',#9267,#5251);
#4566=LINE('',#9269,#5252);
#4567=LINE('',#9271,#5253);
#4568=LINE('',#9273,#5254);
#4569=LINE('',#9275,#5255);
#4570=LINE('',#9277,#5256);
#4571=LINE('',#9279,#5257);
#4572=LINE('',#9281,#5258);
#4573=LINE('',#9283,#5259);
#4574=LINE('',#9285,#5260);
#4575=LINE('',#9287,#5261);
#4576=LINE('',#9289,#5262);
#4577=LINE('',#9291,#5263);
#4578=LINE('',#9293,#5264);
#4579=LINE('',#9295,#5265);
#4580=LINE('',#9297,#5266);
#4581=LINE('',#9299,#5267);
#4582=LINE('',#9301,#5268);
#4583=LINE('',#9303,#5269);
#4584=LINE('',#9305,#5270);
#4585=LINE('',#9307,#5271);
#4586=LINE('',#9309,#5272);
#4587=LINE('',#9311,#5273);
#4588=LINE('',#9313,#5274);
#4589=LINE('',#9315,#5275);
#4590=LINE('',#9317,#5276);
#4591=LINE('',#9319,#5277);
#4592=LINE('',#9321,#5278);
#4593=LINE('',#9322,#5279);
#4594=LINE('',#9324,#5280);
#4595=LINE('',#9326,#5281);
#4596=LINE('',#9328,#5282);
#4597=LINE('',#9330,#5283);
#4598=LINE('',#9332,#5284);
#4599=LINE('',#9334,#5285);
#4600=LINE('',#9336,#5286);
#4601=LINE('',#9338,#5287);
#4602=LINE('',#9340,#5288);
#4603=LINE('',#9342,#5289);
#4604=LINE('',#9344,#5290);
#4605=LINE('',#9346,#5291);
#4606=LINE('',#9347,#5292);
#4607=LINE('',#9349,#5293);
#4608=LINE('',#9351,#5294);
#4609=LINE('',#9353,#5295);
#4610=LINE('',#9357,#5296);
#4611=LINE('',#9359,#5297);
#4612=LINE('',#9361,#5298);
#4613=LINE('',#9363,#5299);
#4614=LINE('',#9365,#5300);
#4615=LINE('',#9371,#5301);
#4616=LINE('',#9373,#5302);
#4617=LINE('',#9375,#5303);
#4618=LINE('',#9376,#5304);
#4619=LINE('',#9379,#5305);
#4620=LINE('',#9381,#5306);
#4621=LINE('',#9383,#5307);
#4622=LINE('',#9385,#5308);
#4623=LINE('',#9387,#5309);
#4624=LINE('',#9389,#5310);
#4625=LINE('',#9399,#5311);
#4626=LINE('',#9401,#5312);
#4627=LINE('',#9403,#5313);
#4628=LINE('',#9405,#5314);
#4629=LINE('',#9407,#5315);
#4630=LINE('',#9408,#5316);
#4631=LINE('',#9410,#5317);
#4632=LINE('',#9418,#5318);
#4633=LINE('',#9420,#5319);
#4634=LINE('',#9422,#5320);
#4635=LINE('',#9424,#5321);
#4636=LINE('',#9427,#5322);
#4637=LINE('',#9429,#5323);
#4638=LINE('',#9431,#5324);
#4639=LINE('',#9433,#5325);
#4640=LINE('',#9435,#5326);
#4641=LINE('',#9436,#5327);
#4642=LINE('',#9438,#5328);
#4643=LINE('',#9440,#5329);
#4644=LINE('',#9441,#5330);
#4645=LINE('',#9446,#5331);
#4646=LINE('',#9449,#5332);
#4647=LINE('',#9451,#5333);
#4648=LINE('',#9453,#5334);
#4649=LINE('',#9457,#5335);
#4650=LINE('',#9458,#5336);
#4651=LINE('',#9461,#5337);
#4652=LINE('',#9463,#5338);
#4653=LINE('',#9465,#5339);
#4654=LINE('',#9467,#5340);
#4655=LINE('',#9469,#5341);
#4656=LINE('',#9471,#5342);
#4657=LINE('',#9473,#5343);
#4658=LINE('',#9475,#5344);
#4659=LINE('',#9478,#5345);
#4660=LINE('',#9480,#5346);
#4661=LINE('',#9482,#5347);
#4662=LINE('',#9484,#5348);
#4663=LINE('',#9485,#5349);
#4664=LINE('',#9487,#5350);
#4665=LINE('',#9489,#5351);
#4666=LINE('',#9490,#5352);
#4667=LINE('',#9493,#5353);
#4668=LINE('',#9495,#5354);
#4669=LINE('',#9497,#5355);
#4670=LINE('',#9499,#5356);
#4671=LINE('',#9501,#5357);
#4672=LINE('',#9504,#5358);
#4673=LINE('',#9509,#5359);
#4674=LINE('',#9511,#5360);
#4675=LINE('',#9513,#5361);
#4676=LINE('',#9515,#5362);
#4677=LINE('',#9519,#5363);
#4678=LINE('',#9543,#5364);
#4679=LINE('',#9546,#5365);
#4680=LINE('',#9548,#5366);
#4681=LINE('',#9550,#5367);
#4682=LINE('',#9552,#5368);
#4683=LINE('',#9554,#5369);
#4684=LINE('',#9556,#5370);
#4685=LINE('',#9558,#5371);
#4686=LINE('',#9560,#5372);
#4687=LINE('',#9562,#5373);
#4688=LINE('',#9564,#5374);
#4689=LINE('',#9565,#5375);
#4690=LINE('',#9575,#5376);
#4691=LINE('',#9578,#5377);
#4692=LINE('',#9580,#5378);
#4693=LINE('',#9582,#5379);
#4694=LINE('',#9584,#5380);
#4695=LINE('',#9586,#5381);
#4696=LINE('',#9588,#5382);
#4697=LINE('',#9590,#5383);
#4698=LINE('',#9592,#5384);
#4699=LINE('',#9594,#5385);
#4700=LINE('',#9601,#5386);
#4701=LINE('',#9602,#5387);
#4702=LINE('',#9607,#5388);
#4703=LINE('',#9610,#5389);
#4704=LINE('',#9628,#5390);
#4705=LINE('',#9630,#5391);
#4706=LINE('',#9632,#5392);
#4707=LINE('',#9634,#5393);
#4708=LINE('',#9636,#5394);
#4709=LINE('',#9638,#5395);
#4710=LINE('',#9652,#5396);
#4711=LINE('',#9653,#5397);
#4712=LINE('',#9656,#5398);
#4713=LINE('',#9674,#5399);
#4714=LINE('',#9676,#5400);
#4715=LINE('',#9678,#5401);
#4716=LINE('',#9696,#5402);
#4717=LINE('',#9706,#5403);
#4718=LINE('',#9710,#5404);
#4719=LINE('',#9712,#5405);
#4720=LINE('',#9714,#5406);
#4721=LINE('',#9716,#5407);
#4722=LINE('',#9718,#5408);
#4723=LINE('',#9720,#5409);
#4724=LINE('',#9813,#5410);
#4725=LINE('',#9816,#5411);
#4726=LINE('',#9818,#5412);
#4727=LINE('',#9820,#5413);
#4728=LINE('',#9829,#5414);
#4729=LINE('',#9832,#5415);
#4730=LINE('',#9834,#5416);
#4731=LINE('',#9836,#5417);
#4732=LINE('',#9837,#5418);
#4733=LINE('',#9856,#5419);
#4734=LINE('',#9858,#5420);
#4735=LINE('',#9860,#5421);
#4736=LINE('',#9862,#5422);
#4737=LINE('',#9864,#5423);
#4738=LINE('',#9866,#5424);
#4739=LINE('',#9880,#5425);
#4740=LINE('',#9882,#5426);
#4741=LINE('',#9883,#5427);
#4742=LINE('',#9886,#5428);
#4743=LINE('',#9890,#5429);
#4744=LINE('',#9892,#5430);
#4745=LINE('',#9894,#5431);
#4746=LINE('',#9896,#5432);
#4747=LINE('',#9898,#5433);
#4748=LINE('',#9900,#5434);
#4749=LINE('',#9902,#5435);
#4750=LINE('',#9904,#5436);
#4751=LINE('',#9906,#5437);
#4752=LINE('',#9908,#5438);
#4753=LINE('',#9910,#5439);
#4754=LINE('',#9914,#5440);
#4755=LINE('',#9916,#5441);
#4756=LINE('',#9918,#5442);
#4757=LINE('',#9948,#5443);
#4758=LINE('',#9950,#5444);
#4759=LINE('',#9962,#5445);
#4760=LINE('',#9965,#5446);
#4761=LINE('',#9968,#5447);
#4762=LINE('',#9970,#5448);
#4763=LINE('',#9972,#5449);
#4764=LINE('',#9974,#5450);
#4765=LINE('',#9976,#5451);
#4766=LINE('',#9978,#5452);
#4767=LINE('',#9980,#5453);
#4768=LINE('',#9982,#5454);
#4769=LINE('',#9984,#5455);
#4770=LINE('',#10021,#5456);
#4771=LINE('',#10024,#5457);
#4772=LINE('',#10042,#5458);
#4773=LINE('',#10044,#5459);
#4774=LINE('',#10046,#5460);
#4775=LINE('',#10048,#5461);
#4776=LINE('',#10050,#5462);
#4777=LINE('',#10052,#5463);
#4778=LINE('',#10066,#5464);
#4779=LINE('',#10084,#5465);
#4780=LINE('',#10130,#5466);
#4781=LINE('',#10159,#5467);
#4782=LINE('',#10162,#5468);
#4783=LINE('',#10180,#5469);
#4784=LINE('',#10182,#5470);
#4785=LINE('',#10184,#5471);
#4786=LINE('',#10186,#5472);
#4787=LINE('',#10188,#5473);
#4788=LINE('',#10190,#5474);
#4789=LINE('',#10204,#5475);
#4790=LINE('',#10205,#5476);
#4791=LINE('',#10208,#5477);
#4792=LINE('',#10214,#5478);
#4793=LINE('',#10220,#5479);
#4794=LINE('',#10222,#5480);
#4795=LINE('',#10224,#5481);
#4796=LINE('',#10226,#5482);
#4797=LINE('',#10228,#5483);
#4798=LINE('',#10234,#5484);
#4799=LINE('',#10240,#5485);
#4800=LINE('',#10242,#5486);
#4801=LINE('',#10244,#5487);
#4802=LINE('',#10250,#5488);
#4803=LINE('',#10258,#5489);
#4804=LINE('',#10260,#5490);
#4805=LINE('',#10274,#5491);
#4806=LINE('',#10276,#5492);
#4807=LINE('',#10278,#5493);
#4808=LINE('',#10310,#5494);
#4809=LINE('',#10312,#5495);
#4810=LINE('',#10324,#5496);
#4811=LINE('',#10328,#5497);
#4812=LINE('',#10331,#5498);
#4813=LINE('',#10332,#5499);
#4814=LINE('',#10334,#5500);
#4815=LINE('',#10336,#5501);
#4816=LINE('',#10338,#5502);
#4817=LINE('',#10340,#5503);
#4818=LINE('',#10342,#5504);
#4819=LINE('',#10345,#5505);
#4820=LINE('',#10346,#5506);
#4821=LINE('',#10348,#5507);
#4822=LINE('',#10350,#5508);
#4823=LINE('',#10352,#5509);
#4824=LINE('',#10354,#5510);
#4825=LINE('',#10368,#5511);
#4826=LINE('',#10370,#5512);
#4827=LINE('',#10373,#5513);
#4828=LINE('',#10375,#5514);
#4829=LINE('',#10377,#5515);
#4830=LINE('',#10379,#5516);
#4831=LINE('',#10381,#5517);
#4832=LINE('',#10383,#5518);
#4833=LINE('',#10385,#5519);
#4834=LINE('',#10394,#5520);
#4835=LINE('',#10407,#5521);
#4836=LINE('',#10413,#5522);
#4837=LINE('',#10417,#5523);
#4838=LINE('',#10421,#5524);
#4839=LINE('',#10423,#5525);
#4840=LINE('',#10425,#5526);
#4841=LINE('',#10427,#5527);
#4842=LINE('',#10429,#5528);
#4843=LINE('',#10431,#5529);
#4844=LINE('',#10433,#5530);
#4845=LINE('',#10435,#5531);
#4846=LINE('',#10437,#5532);
#4847=LINE('',#10439,#5533);
#4848=LINE('',#10441,#5534);
#4849=LINE('',#10443,#5535);
#4850=LINE('',#10452,#5536);
#4851=LINE('',#10465,#5537);
#4852=LINE('',#10478,#5538);
#4853=LINE('',#10496,#5539);
#4854=LINE('',#10498,#5540);
#4855=LINE('',#10500,#5541);
#4856=LINE('',#10502,#5542);
#4857=LINE('',#10504,#5543);
#4858=LINE('',#10506,#5544);
#4859=LINE('',#10508,#5545);
#4860=LINE('',#10510,#5546);
#4861=LINE('',#10512,#5547);
#4862=LINE('',#10514,#5548);
#4863=LINE('',#10518,#5549);
#4864=LINE('',#10520,#5550);
#4865=LINE('',#10522,#5551);
#4866=LINE('',#10524,#5552);
#4867=LINE('',#10526,#5553);
#4868=LINE('',#10528,#5554);
#4869=LINE('',#10530,#5555);
#4870=LINE('',#10532,#5556);
#4871=LINE('',#10534,#5557);
#4872=LINE('',#10536,#5558);
#4873=LINE('',#10538,#5559);
#4874=LINE('',#10540,#5560);
#4875=LINE('',#10542,#5561);
#4876=LINE('',#10544,#5562);
#4877=LINE('',#10546,#5563);
#4878=LINE('',#10548,#5564);
#4879=LINE('',#10550,#5565);
#4880=LINE('',#10552,#5566);
#4881=LINE('',#10554,#5567);
#4882=LINE('',#10556,#5568);
#4883=LINE('',#10558,#5569);
#4884=LINE('',#10560,#5570);
#4885=LINE('',#10562,#5571);
#4886=LINE('',#10566,#5572);
#4887=LINE('',#10581,#5573);
#4888=LINE('',#10587,#5574);
#4889=LINE('',#10600,#5575);
#4890=LINE('',#10617,#5576);
#4891=LINE('',#10623,#5577);
#4892=LINE('',#10625,#5578);
#4893=LINE('',#10627,#5579);
#4894=LINE('',#10636,#5580);
#4895=LINE('',#10642,#5581);
#4896=LINE('',#10651,#5582);
#4897=LINE('',#10657,#5583);
#4898=LINE('',#10661,#5584);
#4899=LINE('',#10663,#5585);
#4900=LINE('',#10665,#5586);
#4901=LINE('',#10676,#5587);
#4902=LINE('',#10689,#5588);
#4903=LINE('',#10695,#5589);
#4904=LINE('',#10697,#5590);
#4905=LINE('',#10699,#5591);
#4906=LINE('',#10701,#5592);
#4907=LINE('',#10710,#5593);
#4908=LINE('',#10723,#5594);
#4909=LINE('',#10736,#5595);
#4910=LINE('',#10749,#5596);
#4911=LINE('',#10781,#5597);
#4912=LINE('',#10783,#5598);
#4913=LINE('',#10785,#5599);
#4914=LINE('',#10787,#5600);
#4915=LINE('',#10789,#5601);
#4916=LINE('',#10791,#5602);
#4917=LINE('',#10793,#5603);
#4918=LINE('',#10795,#5604);
#4919=LINE('',#10797,#5605);
#4920=LINE('',#10799,#5606);
#4921=LINE('',#10801,#5607);
#4922=LINE('',#10803,#5608);
#4923=LINE('',#10805,#5609);
#4924=LINE('',#10807,#5610);
#4925=LINE('',#10809,#5611);
#4926=LINE('',#10811,#5612);
#4927=LINE('',#10813,#5613);
#4928=LINE('',#10815,#5614);
#4929=LINE('',#10817,#5615);
#4930=LINE('',#10819,#5616);
#4931=LINE('',#10834,#5617);
#4932=LINE('',#10840,#5618);
#4933=LINE('',#10853,#5619);
#4934=LINE('',#10870,#5620);
#4935=LINE('',#10887,#5621);
#4936=LINE('',#10904,#5622);
#4937=LINE('',#10921,#5623);
#4938=LINE('',#10938,#5624);
#4939=LINE('',#10951,#5625);
#4940=LINE('',#10957,#5626);
#4941=LINE('',#10966,#5627);
#4942=LINE('',#10979,#5628);
#4943=LINE('',#10992,#5629);
#4944=LINE('',#11005,#5630);
#4945=LINE('',#11018,#5631);
#4946=LINE('',#11031,#5632);
#4947=LINE('',#11044,#5633);
#4948=LINE('',#11088,#5634);
#4949=LINE('',#11094,#5635);
#4950=LINE('',#11107,#5636);
#4951=LINE('',#11124,#5637);
#4952=LINE('',#11141,#5638);
#4953=LINE('',#11158,#5639);
#4954=LINE('',#11175,#5640);
#4955=LINE('',#11192,#5641);
#4956=LINE('',#11205,#5642);
#4957=LINE('',#11211,#5643);
#4958=LINE('',#11220,#5644);
#4959=LINE('',#11233,#5645);
#4960=LINE('',#11246,#5646);
#4961=LINE('',#11259,#5647);
#4962=LINE('',#11272,#5648);
#4963=LINE('',#11285,#5649);
#4964=LINE('',#11298,#5650);
#4965=LINE('',#11330,#5651);
#4966=LINE('',#11332,#5652);
#4967=LINE('',#11334,#5653);
#4968=LINE('',#11336,#5654);
#4969=LINE('',#11338,#5655);
#4970=LINE('',#11340,#5656);
#4971=LINE('',#11342,#5657);
#4972=LINE('',#11351,#5658);
#4973=LINE('',#11364,#5659);
#4974=LINE('',#11370,#5660);
#4975=LINE('',#11374,#5661);
#4976=LINE('',#11378,#5662);
#4977=LINE('',#11380,#5663);
#4978=LINE('',#11382,#5664);
#4979=LINE('',#11384,#5665);
#4980=LINE('',#11386,#5666);
#4981=LINE('',#11388,#5667);
#4982=LINE('',#11390,#5668);
#4983=LINE('',#11392,#5669);
#4984=LINE('',#11394,#5670);
#4985=LINE('',#11396,#5671);
#4986=LINE('',#11398,#5672);
#4987=LINE('',#11400,#5673);
#4988=LINE('',#11409,#5674);
#4989=LINE('',#11422,#5675);
#4990=LINE('',#11435,#5676);
#4991=LINE('',#11460,#5677);
#4992=LINE('',#11466,#5678);
#4993=LINE('',#11475,#5679);
#4994=LINE('',#11488,#5680);
#4995=LINE('',#11501,#5681);
#4996=LINE('',#11514,#5682);
#4997=LINE('',#11527,#5683);
#4998=LINE('',#11540,#5684);
#4999=LINE('',#11553,#5685);
#5000=LINE('',#11566,#5686);
#5001=LINE('',#11572,#5687);
#5002=LINE('',#11574,#5688);
#5003=LINE('',#11583,#5689);
#5004=LINE('',#11596,#5690);
#5005=LINE('',#11609,#5691);
#5006=LINE('',#11622,#5692);
#5007=LINE('',#11635,#5693);
#5008=LINE('',#11648,#5694);
#5009=LINE('',#11661,#5695);
#5010=LINE('',#11674,#5696);
#5011=LINE('',#11687,#5697);
#5012=LINE('',#11700,#5698);
#5013=LINE('',#11706,#5699);
#5014=LINE('',#11710,#5700);
#5015=LINE('',#11714,#5701);
#5016=LINE('',#11716,#5702);
#5017=LINE('',#11725,#5703);
#5018=LINE('',#11743,#5704);
#5019=LINE('',#11745,#5705);
#5020=LINE('',#11747,#5706);
#5021=LINE('',#11749,#5707);
#5022=LINE('',#11751,#5708);
#5023=LINE('',#11753,#5709);
#5024=LINE('',#11755,#5710);
#5025=LINE('',#11764,#5711);
#5026=LINE('',#11777,#5712);
#5027=LINE('',#11783,#5713);
#5028=LINE('',#11787,#5714);
#5029=LINE('',#11791,#5715);
#5030=LINE('',#11793,#5716);
#5031=LINE('',#11795,#5717);
#5032=LINE('',#11797,#5718);
#5033=LINE('',#11799,#5719);
#5034=LINE('',#11801,#5720);
#5035=LINE('',#11803,#5721);
#5036=LINE('',#11805,#5722);
#5037=LINE('',#11807,#5723);
#5038=LINE('',#11809,#5724);
#5039=LINE('',#11811,#5725);
#5040=LINE('',#11813,#5726);
#5041=LINE('',#11822,#5727);
#5042=LINE('',#11835,#5728);
#5043=LINE('',#11848,#5729);
#5044=LINE('',#11866,#5730);
#5045=LINE('',#11868,#5731);
#5046=LINE('',#11870,#5732);
#5047=LINE('',#11872,#5733);
#5048=LINE('',#11874,#5734);
#5049=LINE('',#11876,#5735);
#5050=LINE('',#11878,#5736);
#5051=LINE('',#11880,#5737);
#5052=LINE('',#11882,#5738);
#5053=LINE('',#11891,#5739);
#5054=LINE('',#11897,#5740);
#5055=LINE('',#11901,#5741);
#5056=LINE('',#11903,#5742);
#5057=LINE('',#11912,#5743);
#5058=LINE('',#11918,#5744);
#5059=LINE('',#11920,#5745);
#5060=LINE('',#11922,#5746);
#5061=LINE('',#11924,#5747);
#5062=LINE('',#11926,#5748);
#5063=LINE('',#11928,#5749);
#5064=LINE('',#11930,#5750);
#5065=LINE('',#11934,#5751);
#5066=LINE('',#11938,#5752);
#5067=LINE('',#11940,#5753);
#5068=LINE('',#11949,#5754);
#5069=LINE('',#11955,#5755);
#5070=LINE('',#11957,#5756);
#5071=LINE('',#11959,#5757);
#5072=LINE('',#11961,#5758);
#5073=LINE('',#11963,#5759);
#5074=LINE('',#11965,#5760);
#5075=LINE('',#11967,#5761);
#5076=LINE('',#11969,#5762);
#5077=LINE('',#11971,#5763);
#5078=LINE('',#11973,#5764);
#5079=LINE('',#11982,#5765);
#5080=LINE('',#11988,#5766);
#5081=LINE('',#11990,#5767);
#5082=LINE('',#12016,#5768);
#5083=LINE('',#12022,#5769);
#5084=LINE('',#12035,#5770);
#5085=LINE('',#12052,#5771);
#5086=LINE('',#12069,#5772);
#5087=LINE('',#12086,#5773);
#5088=LINE('',#12103,#5774);
#5089=LINE('',#12120,#5775);
#5090=LINE('',#12133,#5776);
#5091=LINE('',#12139,#5777);
#5092=LINE('',#12148,#5778);
#5093=LINE('',#12161,#5779);
#5094=LINE('',#12174,#5780);
#5095=LINE('',#12187,#5781);
#5096=LINE('',#12200,#5782);
#5097=LINE('',#12213,#5783);
#5098=LINE('',#12226,#5784);
#5099=LINE('',#12270,#5785);
#5100=LINE('',#12276,#5786);
#5101=LINE('',#12289,#5787);
#5102=LINE('',#12306,#5788);
#5103=LINE('',#12312,#5789);
#5104=LINE('',#12314,#5790);
#5105=LINE('',#12316,#5791);
#5106=LINE('',#12318,#5792);
#5107=LINE('',#12320,#5793);
#5108=LINE('',#12322,#5794);
#5109=LINE('',#12324,#5795);
#5110=LINE('',#12326,#5796);
#5111=LINE('',#12328,#5797);
#5112=LINE('',#12337,#5798);
#5113=LINE('',#12343,#5799);
#5114=LINE('',#12352,#5800);
#5115=LINE('',#12365,#5801);
#5116=LINE('',#12371,#5802);
#5117=LINE('',#12373,#5803);
#5118=LINE('',#12375,#5804);
#5119=LINE('',#12377,#5805);
#5120=LINE('',#12379,#5806);
#5121=LINE('',#12381,#5807);
#5122=LINE('',#12421,#5808);
#5123=LINE('',#12427,#5809);
#5124=LINE('',#12440,#5810);
#5125=LINE('',#12457,#5811);
#5126=LINE('',#12474,#5812);
#5127=LINE('',#12491,#5813);
#5128=LINE('',#12508,#5814);
#5129=LINE('',#12525,#5815);
#5130=LINE('',#12531,#5816);
#5131=LINE('',#12533,#5817);
#5132=LINE('',#12535,#5818);
#5133=LINE('',#12537,#5819);
#5134=LINE('',#12541,#5820);
#5135=LINE('',#12550,#5821);
#5136=LINE('',#12563,#5822);
#5137=LINE('',#12576,#5823);
#5138=LINE('',#12589,#5824);
#5139=LINE('',#12602,#5825);
#5140=LINE('',#12615,#5826);
#5141=LINE('',#12621,#5827);
#5142=LINE('',#12623,#5828);
#5143=LINE('',#12625,#5829);
#5144=LINE('',#12627,#5830);
#5145=LINE('',#12629,#5831);
#5146=LINE('',#12631,#5832);
#5147=LINE('',#12633,#5833);
#5148=LINE('',#12635,#5834);
#5149=LINE('',#12637,#5835);
#5150=LINE('',#12639,#5836);
#5151=LINE('',#12641,#5837);
#5152=LINE('',#12643,#5838);
#5153=LINE('',#12645,#5839);
#5154=LINE('',#12649,#5840);
#5155=LINE('',#12651,#5841);
#5156=LINE('',#12670,#5842);
#5157=LINE('',#12672,#5843);
#5158=LINE('',#12674,#5844);
#5159=LINE('',#12676,#5845);
#5160=LINE('',#12678,#5846);
#5161=LINE('',#12680,#5847);
#5162=LINE('',#12682,#5848);
#5163=LINE('',#12691,#5849);
#5164=LINE('',#12704,#5850);
#5165=LINE('',#12717,#5851);
#5166=LINE('',#12730,#5852);
#5167=LINE('',#12736,#5853);
#5168=LINE('',#12738,#5854);
#5169=LINE('',#12740,#5855);
#5170=LINE('',#12742,#5856);
#5171=LINE('',#12744,#5857);
#5172=LINE('',#12746,#5858);
#5173=LINE('',#12755,#5859);
#5174=LINE('',#12768,#5860);
#5175=LINE('',#12781,#5861);
#5176=LINE('',#12799,#5862);
#5177=LINE('',#12801,#5863);
#5178=LINE('',#12803,#5864);
#5179=LINE('',#12805,#5865);
#5180=LINE('',#12807,#5866);
#5181=LINE('',#12809,#5867);
#5182=LINE('',#12811,#5868);
#5183=LINE('',#12820,#5869);
#5184=LINE('',#12833,#5870);
#5185=LINE('',#12839,#5871);
#5186=LINE('',#12843,#5872);
#5187=LINE('',#12847,#5873);
#5188=LINE('',#12849,#5874);
#5189=LINE('',#12851,#5875);
#5190=LINE('',#12853,#5876);
#5191=LINE('',#12855,#5877);
#5192=LINE('',#12857,#5878);
#5193=LINE('',#12859,#5879);
#5194=LINE('',#12861,#5880);
#5195=LINE('',#12863,#5881);
#5196=LINE('',#12865,#5882);
#5197=LINE('',#12867,#5883);
#5198=LINE('',#12869,#5884);
#5199=LINE('',#12878,#5885);
#5200=LINE('',#12891,#5886);
#5201=LINE('',#12904,#5887);
#5202=LINE('',#12934,#5888);
#5203=LINE('',#12940,#5889);
#5204=LINE('',#12953,#5890);
#5205=LINE('',#12970,#5891);
#5206=LINE('',#12976,#5892);
#5207=LINE('',#12978,#5893);
#5208=LINE('',#12980,#5894);
#5209=LINE('',#12989,#5895);
#5210=LINE('',#12995,#5896);
#5211=LINE('',#12997,#5897);
#5212=LINE('',#13001,#5898);
#5213=LINE('',#13005,#5899);
#5214=LINE('',#13007,#5900);
#5215=LINE('',#13009,#5901);
#5216=LINE('',#13020,#5902);
#5217=LINE('',#13033,#5903);
#5218=LINE('',#13039,#5904);
#5219=LINE('',#13041,#5905);
#5220=LINE('',#13043,#5906);
#5221=LINE('',#13045,#5907);
#5222=LINE('',#13054,#5908);
#5223=LINE('',#13067,#5909);
#5224=LINE('',#13080,#5910);
#5225=LINE('',#13093,#5911);
#5226=LINE('',#13133,#5912);
#5227=LINE('',#13136,#5913);
#5228=LINE('',#13138,#5914);
#5229=LINE('',#13140,#5915);
#5230=LINE('',#13142,#5916);
#5231=LINE('',#13144,#5917);
#5232=LINE('',#13146,#5918);
#5233=LINE('',#13148,#5919);
#5234=LINE('',#13150,#5920);
#5235=LINE('',#13152,#5921);
#5236=LINE('',#13159,#5922);
#5237=LINE('',#13160,#5923);
#5238=VECTOR('',#7889,1.);
#5239=VECTOR('',#7890,1.);
#5240=VECTOR('',#7891,1.);
#5241=VECTOR('',#7892,1.);
#5242=VECTOR('',#7895,1.);
#5243=VECTOR('',#7896,1.);
#5244=VECTOR('',#7897,1.);
#5245=VECTOR('',#7900,1.);
#5246=VECTOR('',#7901,1.);
#5247=VECTOR('',#7902,1.);
#5248=VECTOR('',#7905,1.);
#5249=VECTOR('',#7906,1.);
#5250=VECTOR('',#7915,1.);
#5251=VECTOR('',#7916,1.);
#5252=VECTOR('',#7917,1.);
#5253=VECTOR('',#7918,1.);
#5254=VECTOR('',#7919,1.);
#5255=VECTOR('',#7920,1.);
#5256=VECTOR('',#7921,1.);
#5257=VECTOR('',#7922,1.);
#5258=VECTOR('',#7923,1.);
#5259=VECTOR('',#7924,1.);
#5260=VECTOR('',#7925,1.);
#5261=VECTOR('',#7926,1.);
#5262=VECTOR('',#7927,1.);
#5263=VECTOR('',#7928,1.);
#5264=VECTOR('',#7929,1.);
#5265=VECTOR('',#7930,1.);
#5266=VECTOR('',#7931,1.);
#5267=VECTOR('',#7932,1.);
#5268=VECTOR('',#7933,1.);
#5269=VECTOR('',#7934,1.);
#5270=VECTOR('',#7935,1.);
#5271=VECTOR('',#7936,1.);
#5272=VECTOR('',#7937,1.);
#5273=VECTOR('',#7938,1.);
#5274=VECTOR('',#7939,1.);
#5275=VECTOR('',#7940,1.);
#5276=VECTOR('',#7943,1.);
#5277=VECTOR('',#7944,1.);
#5278=VECTOR('',#7945,1.);
#5279=VECTOR('',#7946,1.);
#5280=VECTOR('',#7947,1.);
#5281=VECTOR('',#7948,1.);
#5282=VECTOR('',#7951,1.);
#5283=VECTOR('',#7952,1.);
#5284=VECTOR('',#7953,1.);
#5285=VECTOR('',#7954,1.);
#5286=VECTOR('',#7957,1.);
#5287=VECTOR('',#7958,1.);
#5288=VECTOR('',#7959,1.);
#5289=VECTOR('',#7960,1.);
#5290=VECTOR('',#7961,1.);
#5291=VECTOR('',#7962,1.);
#5292=VECTOR('',#7963,1.);
#5293=VECTOR('',#7964,1.);
#5294=VECTOR('',#7967,1.);
#5295=VECTOR('',#7968,1.);
#5296=VECTOR('',#7973,1.);
#5297=VECTOR('',#7974,1.);
#5298=VECTOR('',#7975,1.);
#5299=VECTOR('',#7978,1.);
#5300=VECTOR('',#7981,1.);
#5301=VECTOR('',#7990,1.);
#5302=VECTOR('',#7991,1.);
#5303=VECTOR('',#7992,1.);
#5304=VECTOR('',#7993,1.);
#5305=VECTOR('',#7994,1.);
#5306=VECTOR('',#7995,1.);
#5307=VECTOR('',#7996,1.);
#5308=VECTOR('',#7999,1.);
#5309=VECTOR('',#8000,1.);
#5310=VECTOR('',#8001,1.);
#5311=VECTOR('',#8012,1.);
#5312=VECTOR('',#8013,1.);
#5313=VECTOR('',#8014,1.);
#5314=VECTOR('',#8015,1.);
#5315=VECTOR('',#8016,1.);
#5316=VECTOR('',#8017,1.);
#5317=VECTOR('',#8018,1.);
#5318=VECTOR('',#8029,1.);
#5319=VECTOR('',#8030,1.);
#5320=VECTOR('',#8031,1.);
#5321=VECTOR('',#8034,1.);
#5322=VECTOR('',#8035,1.);
#5323=VECTOR('',#8036,1.);
#5324=VECTOR('',#8037,1.);
#5325=VECTOR('',#8038,1.);
#5326=VECTOR('',#8039,1.);
#5327=VECTOR('',#8040,1.);
#5328=VECTOR('',#8043,1.);
#5329=VECTOR('',#8046,1.);
#5330=VECTOR('',#8047,1.);
#5331=VECTOR('',#8054,1.);
#5332=VECTOR('',#8055,1.);
#5333=VECTOR('',#8056,1.);
#5334=VECTOR('',#8057,1.);
#5335=VECTOR('',#8062,1.);
#5336=VECTOR('',#8063,1.);
#5337=VECTOR('',#8068,1.);
#5338=VECTOR('',#8071,1.);
#5339=VECTOR('',#8074,1.);
#5340=VECTOR('',#8075,1.);
#5341=VECTOR('',#8078,1.);
#5342=VECTOR('',#8079,1.);
#5343=VECTOR('',#8082,1.);
#5344=VECTOR('',#8085,1.);
#5345=VECTOR('',#8086,1.);
#5346=VECTOR('',#8087,1.);
#5347=VECTOR('',#8088,1.);
#5348=VECTOR('',#8091,1.);
#5349=VECTOR('',#8092,1.);
#5350=VECTOR('',#8095,1.);
#5351=VECTOR('',#8098,1.);
#5352=VECTOR('',#8099,1.);
#5353=VECTOR('',#8104,1.);
#5354=VECTOR('',#8105,1.);
#5355=VECTOR('',#8108,1.);
#5356=VECTOR('',#8111,1.);
#5357=VECTOR('',#8114,1.);
#5358=VECTOR('',#8119,1.);
#5359=VECTOR('',#8128,1.);
#5360=VECTOR('',#8129,1.);
#5361=VECTOR('',#8132,1.);
#5362=VECTOR('',#8133,1.);
#5363=VECTOR('',#8138,1.);
#5364=VECTOR('',#8175,1.);
#5365=VECTOR('',#8176,1.);
#5366=VECTOR('',#8177,1.);
#5367=VECTOR('',#8178,1.);
#5368=VECTOR('',#8181,1.);
#5369=VECTOR('',#8182,1.);
#5370=VECTOR('',#8183,1.);
#5371=VECTOR('',#8186,1.);
#5372=VECTOR('',#8187,1.);
#5373=VECTOR('',#8188,1.);
#5374=VECTOR('',#8191,1.);
#5375=VECTOR('',#8192,1.);
#5376=VECTOR('',#8207,1.);
#5377=VECTOR('',#8208,1.);
#5378=VECTOR('',#8209,1.);
#5379=VECTOR('',#8210,1.);
#5380=VECTOR('',#8213,1.);
#5381=VECTOR('',#8214,1.);
#5382=VECTOR('',#8215,1.);
#5383=VECTOR('',#8218,1.);
#5384=VECTOR('',#8219,1.);
#5385=VECTOR('',#8220,1.);
#5386=VECTOR('',#8229,1.);
#5387=VECTOR('',#8230,1.);
#5388=VECTOR('',#8239,1.);
#5389=VECTOR('',#8240,1.);
#5390=VECTOR('',#8241,1.);
#5391=VECTOR('',#8242,1.);
#5392=VECTOR('',#8243,1.);
#5393=VECTOR('',#8244,1.);
#5394=VECTOR('',#8245,1.);
#5395=VECTOR('',#8246,1.);
#5396=VECTOR('',#8251,1.);
#5397=VECTOR('',#8252,1.);
#5398=VECTOR('',#8253,1.);
#5399=VECTOR('',#8254,1.);
#5400=VECTOR('',#8255,1.);
#5401=VECTOR('',#8256,1.);
#5402=VECTOR('',#8257,1.);
#5403=VECTOR('',#8262,1.);
#5404=VECTOR('',#8265,1.);
#5405=VECTOR('',#8266,1.);
#5406=VECTOR('',#8267,1.);
#5407=VECTOR('',#8268,1.);
#5408=VECTOR('',#8269,1.);
#5409=VECTOR('',#8270,1.);
#5410=VECTOR('',#8271,1.);
#5411=VECTOR('',#8272,1.);
#5412=VECTOR('',#8273,1.);
#5413=VECTOR('',#8274,1.);
#5414=VECTOR('',#8283,1.);
#5415=VECTOR('',#8284,1.);
#5416=VECTOR('',#8285,1.);
#5417=VECTOR('',#8286,1.);
#5418=VECTOR('',#8287,1.);
#5419=VECTOR('',#8288,1.);
#5420=VECTOR('',#8289,1.);
#5421=VECTOR('',#8290,1.);
#5422=VECTOR('',#8291,1.);
#5423=VECTOR('',#8292,1.);
#5424=VECTOR('',#8293,1.);
#5425=VECTOR('',#8298,1.);
#5426=VECTOR('',#8299,1.);
#5427=VECTOR('',#8300,1.);
#5428=VECTOR('',#8301,1.);
#5429=VECTOR('',#8304,1.);
#5430=VECTOR('',#8305,1.);
#5431=VECTOR('',#8306,1.);
#5432=VECTOR('',#8307,1.);
#5433=VECTOR('',#8308,1.);
#5434=VECTOR('',#8309,1.);
#5435=VECTOR('',#8310,1.);
#5436=VECTOR('',#8311,1.);
#5437=VECTOR('',#8312,1.);
#5438=VECTOR('',#8313,1.);
#5439=VECTOR('',#8314,1.);
#5440=VECTOR('',#8317,1.);
#5441=VECTOR('',#8318,1.);
#5442=VECTOR('',#8319,1.);
#5443=VECTOR('',#8320,1.);
#5444=VECTOR('',#8321,1.);
#5445=VECTOR('',#8324,1.);
#5446=VECTOR('',#8327,1.);
#5447=VECTOR('',#8328,1.);
#5448=VECTOR('',#8329,1.);
#5449=VECTOR('',#8330,1.);
#5450=VECTOR('',#8331,1.);
#5451=VECTOR('',#8332,1.);
#5452=VECTOR('',#8333,1.);
#5453=VECTOR('',#8334,1.);
#5454=VECTOR('',#8335,1.);
#5455=VECTOR('',#8336,1.);
#5456=VECTOR('',#8337,1.);
#5457=VECTOR('',#8338,1.);
#5458=VECTOR('',#8339,1.);
#5459=VECTOR('',#8340,1.);
#5460=VECTOR('',#8341,1.);
#5461=VECTOR('',#8342,1.);
#5462=VECTOR('',#8343,1.);
#5463=VECTOR('',#8344,1.);
#5464=VECTOR('',#8349,1.);
#5465=VECTOR('',#8350,1.);
#5466=VECTOR('',#8355,1.);
#5467=VECTOR('',#8356,1.);
#5468=VECTOR('',#8357,1.);
#5469=VECTOR('',#8358,1.);
#5470=VECTOR('',#8359,1.);
#5471=VECTOR('',#8360,1.);
#5472=VECTOR('',#8361,1.);
#5473=VECTOR('',#8362,1.);
#5474=VECTOR('',#8363,1.);
#5475=VECTOR('',#8368,1.);
#5476=VECTOR('',#8369,1.);
#5477=VECTOR('',#8370,1.);
#5478=VECTOR('',#8371,1.);
#5479=VECTOR('',#8372,1.);
#5480=VECTOR('',#8373,1.);
#5481=VECTOR('',#8374,1.);
#5482=VECTOR('',#8375,1.);
#5483=VECTOR('',#8376,1.);
#5484=VECTOR('',#8377,1.);
#5485=VECTOR('',#8382,1.);
#5486=VECTOR('',#8383,1.);
#5487=VECTOR('',#8384,1.);
#5488=VECTOR('',#8385,1.);
#5489=VECTOR('',#8388,1.);
#5490=VECTOR('',#8389,1.);
#5491=VECTOR('',#8390,1.);
#5492=VECTOR('',#8391,1.);
#5493=VECTOR('',#8392,1.);
#5494=VECTOR('',#8395,1.);
#5495=VECTOR('',#8396,1.);
#5496=VECTOR('',#8399,1.);
#5497=VECTOR('',#8404,1.);
#5498=VECTOR('',#8405,1.);
#5499=VECTOR('',#8406,1.);
#5500=VECTOR('',#8409,1.);
#5501=VECTOR('',#8410,1.);
#5502=VECTOR('',#8413,1.);
#5503=VECTOR('',#8414,1.);
#5504=VECTOR('',#8417,1.);
#5505=VECTOR('',#8418,1.);
#5506=VECTOR('',#8419,1.);
#5507=VECTOR('',#8422,1.);
#5508=VECTOR('',#8423,1.);
#5509=VECTOR('',#8426,1.);
#5510=VECTOR('',#8427,1.);
#5511=VECTOR('',#8446,1.);
#5512=VECTOR('',#8449,1.);
#5513=VECTOR('',#8454,1.);
#5514=VECTOR('',#8455,1.);
#5515=VECTOR('',#8456,1.);
#5516=VECTOR('',#8459,1.);
#5517=VECTOR('',#8460,1.);
#5518=VECTOR('',#8463,1.);
#5519=VECTOR('',#8464,1.);
#5520=VECTOR('',#8465,1.);
#5521=VECTOR('',#8466,1.);
#5522=VECTOR('',#8469,1.);
#5523=VECTOR('',#8474,1.);
#5524=VECTOR('',#8479,1.);
#5525=VECTOR('',#8480,1.);
#5526=VECTOR('',#8483,1.);
#5527=VECTOR('',#8484,1.);
#5528=VECTOR('',#8487,1.);
#5529=VECTOR('',#8488,1.);
#5530=VECTOR('',#8491,1.);
#5531=VECTOR('',#8492,1.);
#5532=VECTOR('',#8495,1.);
#5533=VECTOR('',#8496,1.);
#5534=VECTOR('',#8499,1.);
#5535=VECTOR('',#8500,1.);
#5536=VECTOR('',#8501,1.);
#5537=VECTOR('',#8502,1.);
#5538=VECTOR('',#8503,1.);
#5539=VECTOR('',#8508,1.);
#5540=VECTOR('',#8509,1.);
#5541=VECTOR('',#8510,1.);
#5542=VECTOR('',#8513,1.);
#5543=VECTOR('',#8514,1.);
#5544=VECTOR('',#8517,1.);
#5545=VECTOR('',#8518,1.);
#5546=VECTOR('',#8521,1.);
#5547=VECTOR('',#8522,1.);
#5548=VECTOR('',#8525,1.);
#5549=VECTOR('',#8530,1.);
#5550=VECTOR('',#8531,1.);
#5551=VECTOR('',#8534,1.);
#5552=VECTOR('',#8535,1.);
#5553=VECTOR('',#8538,1.);
#5554=VECTOR('',#8539,1.);
#5555=VECTOR('',#8542,1.);
#5556=VECTOR('',#8543,1.);
#5557=VECTOR('',#8546,1.);
#5558=VECTOR('',#8547,1.);
#5559=VECTOR('',#8550,1.);
#5560=VECTOR('',#8551,1.);
#5561=VECTOR('',#8554,1.);
#5562=VECTOR('',#8555,1.);
#5563=VECTOR('',#8558,1.);
#5564=VECTOR('',#8559,1.);
#5565=VECTOR('',#8562,1.);
#5566=VECTOR('',#8563,1.);
#5567=VECTOR('',#8566,1.);
#5568=VECTOR('',#8567,1.);
#5569=VECTOR('',#8570,1.);
#5570=VECTOR('',#8571,1.);
#5571=VECTOR('',#8574,1.);
#5572=VECTOR('',#8579,1.);
#5573=VECTOR('',#8582,1.);
#5574=VECTOR('',#8583,1.);
#5575=VECTOR('',#8584,1.);
#5576=VECTOR('',#8585,1.);
#5577=VECTOR('',#8588,1.);
#5578=VECTOR('',#8589,1.);
#5579=VECTOR('',#8590,1.);
#5580=VECTOR('',#8591,1.);
#5581=VECTOR('',#8592,1.);
#5582=VECTOR('',#8593,1.);
#5583=VECTOR('',#8596,1.);
#5584=VECTOR('',#8601,1.);
#5585=VECTOR('',#8602,1.);
#5586=VECTOR('',#8605,1.);
#5587=VECTOR('',#8608,1.);
#5588=VECTOR('',#8609,1.);
#5589=VECTOR('',#8612,1.);
#5590=VECTOR('',#8613,1.);
#5591=VECTOR('',#8616,1.);
#5592=VECTOR('',#8617,1.);
#5593=VECTOR('',#8618,1.);
#5594=VECTOR('',#8619,1.);
#5595=VECTOR('',#8620,1.);
#5596=VECTOR('',#8621,1.);
#5597=VECTOR('',#8626,1.);
#5598=VECTOR('',#8627,1.);
#5599=VECTOR('',#8628,1.);
#5600=VECTOR('',#8631,1.);
#5601=VECTOR('',#8632,1.);
#5602=VECTOR('',#8635,1.);
#5603=VECTOR('',#8636,1.);
#5604=VECTOR('',#8639,1.);
#5605=VECTOR('',#8640,1.);
#5606=VECTOR('',#8643,1.);
#5607=VECTOR('',#8644,1.);
#5608=VECTOR('',#8647,1.);
#5609=VECTOR('',#8648,1.);
#5610=VECTOR('',#8651,1.);
#5611=VECTOR('',#8652,1.);
#5612=VECTOR('',#8655,1.);
#5613=VECTOR('',#8656,1.);
#5614=VECTOR('',#8659,1.);
#5615=VECTOR('',#8660,1.);
#5616=VECTOR('',#8663,1.);
#5617=VECTOR('',#8666,1.);
#5618=VECTOR('',#8667,1.);
#5619=VECTOR('',#8668,1.);
#5620=VECTOR('',#8669,1.);
#5621=VECTOR('',#8670,1.);
#5622=VECTOR('',#8671,1.);
#5623=VECTOR('',#8672,1.);
#5624=VECTOR('',#8673,1.);
#5625=VECTOR('',#8674,1.);
#5626=VECTOR('',#8675,1.);
#5627=VECTOR('',#8676,1.);
#5628=VECTOR('',#8677,1.);
#5629=VECTOR('',#8678,1.);
#5630=VECTOR('',#8679,1.);
#5631=VECTOR('',#8680,1.);
#5632=VECTOR('',#8681,1.);
#5633=VECTOR('',#8682,1.);
#5634=VECTOR('',#8685,1.);
#5635=VECTOR('',#8686,1.);
#5636=VECTOR('',#8687,1.);
#5637=VECTOR('',#8688,1.);
#5638=VECTOR('',#8689,1.);
#5639=VECTOR('',#8690,1.);
#5640=VECTOR('',#8691,1.);
#5641=VECTOR('',#8692,1.);
#5642=VECTOR('',#8693,1.);
#5643=VECTOR('',#8694,1.);
#5644=VECTOR('',#8695,1.);
#5645=VECTOR('',#8696,1.);
#5646=VECTOR('',#8697,1.);
#5647=VECTOR('',#8698,1.);
#5648=VECTOR('',#8699,1.);
#5649=VECTOR('',#8700,1.);
#5650=VECTOR('',#8701,1.);
#5651=VECTOR('',#8706,1.);
#5652=VECTOR('',#8707,1.);
#5653=VECTOR('',#8708,1.);
#5654=VECTOR('',#8711,1.);
#5655=VECTOR('',#8712,1.);
#5656=VECTOR('',#8715,1.);
#5657=VECTOR('',#8716,1.);
#5658=VECTOR('',#8717,1.);
#5659=VECTOR('',#8718,1.);
#5660=VECTOR('',#8721,1.);
#5661=VECTOR('',#8726,1.);
#5662=VECTOR('',#8731,1.);
#5663=VECTOR('',#8732,1.);
#5664=VECTOR('',#8735,1.);
#5665=VECTOR('',#8736,1.);
#5666=VECTOR('',#8739,1.);
#5667=VECTOR('',#8740,1.);
#5668=VECTOR('',#8743,1.);
#5669=VECTOR('',#8744,1.);
#5670=VECTOR('',#8747,1.);
#5671=VECTOR('',#8748,1.);
#5672=VECTOR('',#8751,1.);
#5673=VECTOR('',#8752,1.);
#5674=VECTOR('',#8753,1.);
#5675=VECTOR('',#8754,1.);
#5676=VECTOR('',#8755,1.);
#5677=VECTOR('',#8758,1.);
#5678=VECTOR('',#8759,1.);
#5679=VECTOR('',#8760,1.);
#5680=VECTOR('',#8761,1.);
#5681=VECTOR('',#8762,1.);
#5682=VECTOR('',#8763,1.);
#5683=VECTOR('',#8764,1.);
#5684=VECTOR('',#8765,1.);
#5685=VECTOR('',#8766,1.);
#5686=VECTOR('',#8767,1.);
#5687=VECTOR('',#8770,1.);
#5688=VECTOR('',#8771,1.);
#5689=VECTOR('',#8772,1.);
#5690=VECTOR('',#8773,1.);
#5691=VECTOR('',#8774,1.);
#5692=VECTOR('',#8775,1.);
#5693=VECTOR('',#8776,1.);
#5694=VECTOR('',#8777,1.);
#5695=VECTOR('',#8778,1.);
#5696=VECTOR('',#8779,1.);
#5697=VECTOR('',#8780,1.);
#5698=VECTOR('',#8781,1.);
#5699=VECTOR('',#8784,1.);
#5700=VECTOR('',#8789,1.);
#5701=VECTOR('',#8794,1.);
#5702=VECTOR('',#8795,1.);
#5703=VECTOR('',#8796,1.);
#5704=VECTOR('',#8801,1.);
#5705=VECTOR('',#8802,1.);
#5706=VECTOR('',#8803,1.);
#5707=VECTOR('',#8806,1.);
#5708=VECTOR('',#8807,1.);
#5709=VECTOR('',#8810,1.);
#5710=VECTOR('',#8811,1.);
#5711=VECTOR('',#8812,1.);
#5712=VECTOR('',#8813,1.);
#5713=VECTOR('',#8816,1.);
#5714=VECTOR('',#8821,1.);
#5715=VECTOR('',#8826,1.);
#5716=VECTOR('',#8827,1.);
#5717=VECTOR('',#8830,1.);
#5718=VECTOR('',#8831,1.);
#5719=VECTOR('',#8834,1.);
#5720=VECTOR('',#8835,1.);
#5721=VECTOR('',#8838,1.);
#5722=VECTOR('',#8839,1.);
#5723=VECTOR('',#8842,1.);
#5724=VECTOR('',#8843,1.);
#5725=VECTOR('',#8846,1.);
#5726=VECTOR('',#8847,1.);
#5727=VECTOR('',#8848,1.);
#5728=VECTOR('',#8849,1.);
#5729=VECTOR('',#8850,1.);
#5730=VECTOR('',#8855,1.);
#5731=VECTOR('',#8856,1.);
#5732=VECTOR('',#8857,1.);
#5733=VECTOR('',#8860,1.);
#5734=VECTOR('',#8861,1.);
#5735=VECTOR('',#8864,1.);
#5736=VECTOR('',#8865,1.);
#5737=VECTOR('',#8868,1.);
#5738=VECTOR('',#8869,1.);
#5739=VECTOR('',#8870,1.);
#5740=VECTOR('',#8873,1.);
#5741=VECTOR('',#8878,1.);
#5742=VECTOR('',#8879,1.);
#5743=VECTOR('',#8880,1.);
#5744=VECTOR('',#8883,1.);
#5745=VECTOR('',#8884,1.);
#5746=VECTOR('',#8887,1.);
#5747=VECTOR('',#8888,1.);
#5748=VECTOR('',#8891,1.);
#5749=VECTOR('',#8892,1.);
#5750=VECTOR('',#8895,1.);
#5751=VECTOR('',#8900,1.);
#5752=VECTOR('',#8905,1.);
#5753=VECTOR('',#8906,1.);
#5754=VECTOR('',#8907,1.);
#5755=VECTOR('',#8910,1.);
#5756=VECTOR('',#8911,1.);
#5757=VECTOR('',#8914,1.);
#5758=VECTOR('',#8915,1.);
#5759=VECTOR('',#8918,1.);
#5760=VECTOR('',#8919,1.);
#5761=VECTOR('',#8922,1.);
#5762=VECTOR('',#8923,1.);
#5763=VECTOR('',#8926,1.);
#5764=VECTOR('',#8927,1.);
#5765=VECTOR('',#8928,1.);
#5766=VECTOR('',#8931,1.);
#5767=VECTOR('',#8932,1.);
#5768=VECTOR('',#8935,1.);
#5769=VECTOR('',#8936,1.);
#5770=VECTOR('',#8937,1.);
#5771=VECTOR('',#8938,1.);
#5772=VECTOR('',#8939,1.);
#5773=VECTOR('',#8940,1.);
#5774=VECTOR('',#8941,1.);
#5775=VECTOR('',#8942,1.);
#5776=VECTOR('',#8943,1.);
#5777=VECTOR('',#8944,1.);
#5778=VECTOR('',#8945,1.);
#5779=VECTOR('',#8946,1.);
#5780=VECTOR('',#8947,1.);
#5781=VECTOR('',#8948,1.);
#5782=VECTOR('',#8949,1.);
#5783=VECTOR('',#8950,1.);
#5784=VECTOR('',#8951,1.);
#5785=VECTOR('',#8954,1.);
#5786=VECTOR('',#8955,1.);
#5787=VECTOR('',#8956,1.);
#5788=VECTOR('',#8957,1.);
#5789=VECTOR('',#8960,1.);
#5790=VECTOR('',#8961,1.);
#5791=VECTOR('',#8962,1.);
#5792=VECTOR('',#8965,1.);
#5793=VECTOR('',#8966,1.);
#5794=VECTOR('',#8967,1.);
#5795=VECTOR('',#8970,1.);
#5796=VECTOR('',#8971,1.);
#5797=VECTOR('',#8972,1.);
#5798=VECTOR('',#8973,1.);
#5799=VECTOR('',#8974,1.);
#5800=VECTOR('',#8975,1.);
#5801=VECTOR('',#8976,1.);
#5802=VECTOR('',#8979,1.);
#5803=VECTOR('',#8980,1.);
#5804=VECTOR('',#8983,1.);
#5805=VECTOR('',#8984,1.);
#5806=VECTOR('',#8987,1.);
#5807=VECTOR('',#8988,1.);
#5808=VECTOR('',#8991,1.);
#5809=VECTOR('',#8992,1.);
#5810=VECTOR('',#8993,1.);
#5811=VECTOR('',#8994,1.);
#5812=VECTOR('',#8995,1.);
#5813=VECTOR('',#8996,1.);
#5814=VECTOR('',#8997,1.);
#5815=VECTOR('',#8998,1.);
#5816=VECTOR('',#9001,1.);
#5817=VECTOR('',#9002,1.);
#5818=VECTOR('',#9003,1.);
#5819=VECTOR('',#9006,1.);
#5820=VECTOR('',#9009,1.);
#5821=VECTOR('',#9010,1.);
#5822=VECTOR('',#9011,1.);
#5823=VECTOR('',#9012,1.);
#5824=VECTOR('',#9013,1.);
#5825=VECTOR('',#9014,1.);
#5826=VECTOR('',#9015,1.);
#5827=VECTOR('',#9018,1.);
#5828=VECTOR('',#9019,1.);
#5829=VECTOR('',#9022,1.);
#5830=VECTOR('',#9023,1.);
#5831=VECTOR('',#9026,1.);
#5832=VECTOR('',#9027,1.);
#5833=VECTOR('',#9030,1.);
#5834=VECTOR('',#9031,1.);
#5835=VECTOR('',#9034,1.);
#5836=VECTOR('',#9035,1.);
#5837=VECTOR('',#9038,1.);
#5838=VECTOR('',#9039,1.);
#5839=VECTOR('',#9042,1.);
#5840=VECTOR('',#9047,1.);
#5841=VECTOR('',#9048,1.);
#5842=VECTOR('',#9057,1.);
#5843=VECTOR('',#9058,1.);
#5844=VECTOR('',#9059,1.);
#5845=VECTOR('',#9062,1.);
#5846=VECTOR('',#9063,1.);
#5847=VECTOR('',#9066,1.);
#5848=VECTOR('',#9067,1.);
#5849=VECTOR('',#9068,1.);
#5850=VECTOR('',#9069,1.);
#5851=VECTOR('',#9070,1.);
#5852=VECTOR('',#9071,1.);
#5853=VECTOR('',#9074,1.);
#5854=VECTOR('',#9075,1.);
#5855=VECTOR('',#9078,1.);
#5856=VECTOR('',#9079,1.);
#5857=VECTOR('',#9082,1.);
#5858=VECTOR('',#9083,1.);
#5859=VECTOR('',#9084,1.);
#5860=VECTOR('',#9085,1.);
#5861=VECTOR('',#9086,1.);
#5862=VECTOR('',#9091,1.);
#5863=VECTOR('',#9092,1.);
#5864=VECTOR('',#9093,1.);
#5865=VECTOR('',#9096,1.);
#5866=VECTOR('',#9097,1.);
#5867=VECTOR('',#9100,1.);
#5868=VECTOR('',#9101,1.);
#5869=VECTOR('',#9102,1.);
#5870=VECTOR('',#9103,1.);
#5871=VECTOR('',#9106,1.);
#5872=VECTOR('',#9111,1.);
#5873=VECTOR('',#9116,1.);
#5874=VECTOR('',#9117,1.);
#5875=VECTOR('',#9120,1.);
#5876=VECTOR('',#9121,1.);
#5877=VECTOR('',#9124,1.);
#5878=VECTOR('',#9125,1.);
#5879=VECTOR('',#9128,1.);
#5880=VECTOR('',#9129,1.);
#5881=VECTOR('',#9132,1.);
#5882=VECTOR('',#9133,1.);
#5883=VECTOR('',#9136,1.);
#5884=VECTOR('',#9137,1.);
#5885=VECTOR('',#9138,1.);
#5886=VECTOR('',#9139,1.);
#5887=VECTOR('',#9140,1.);
#5888=VECTOR('',#9143,1.);
#5889=VECTOR('',#9144,1.);
#5890=VECTOR('',#9145,1.);
#5891=VECTOR('',#9146,1.);
#5892=VECTOR('',#9149,1.);
#5893=VECTOR('',#9150,1.);
#5894=VECTOR('',#9151,1.);
#5895=VECTOR('',#9152,1.);
#5896=VECTOR('',#9153,1.);
#5897=VECTOR('',#9156,1.);
#5898=VECTOR('',#9161,1.);
#5899=VECTOR('',#9166,1.);
#5900=VECTOR('',#9167,1.);
#5901=VECTOR('',#9170,1.);
#5902=VECTOR('',#9173,1.);
#5903=VECTOR('',#9174,1.);
#5904=VECTOR('',#9177,1.);
#5905=VECTOR('',#9178,1.);
#5906=VECTOR('',#9181,1.);
#5907=VECTOR('',#9182,1.);
#5908=VECTOR('',#9183,1.);
#5909=VECTOR('',#9184,1.);
#5910=VECTOR('',#9185,1.);
#5911=VECTOR('',#9186,1.);
#5912=VECTOR('',#9207,1.);
#5913=VECTOR('',#9208,1.);
#5914=VECTOR('',#9209,1.);
#5915=VECTOR('',#9210,1.);
#5916=VECTOR('',#9213,1.);
#5917=VECTOR('',#9214,1.);
#5918=VECTOR('',#9215,1.);
#5919=VECTOR('',#9218,1.);
#5920=VECTOR('',#9219,1.);
#5921=VECTOR('',#9220,1.);
#5922=VECTOR('',#9229,1.);
#5923=VECTOR('',#9230,1.);
#5924=EDGE_LOOP('',(#604,#605,#606,#607));
#5925=EDGE_LOOP('',(#608,#609,#610,#611));
#5926=EDGE_LOOP('',(#612,#613,#614,#615));
#5927=EDGE_LOOP('',(#616,#617,#618,#619));
#5928=EDGE_LOOP('',(#620,#621,#622,#623));
#5929=EDGE_LOOP('',(#624,#625,#626,#627));
#5930=EDGE_LOOP('',(#628,#629,#630,#631,#632,#633,#634,#635,#636,#637,#638,
#639,#640,#641,#642,#643,#644,#645,#646,#647,#648,#649,#650,#651,#652,#653));
#5931=EDGE_LOOP('',(#654,#655,#656,#657,#658,#659,#660,#661));
#5932=EDGE_LOOP('',(#662,#663,#664,#665,#666,#667));
#5933=EDGE_LOOP('',(#668,#669,#670,#671,#672,#673,#674,#675,#676,#677));
#5934=EDGE_LOOP('',(#678,#679,#680,#681));
#5935=EDGE_LOOP('',(#682));
#5936=EDGE_LOOP('',(#683,#684,#685,#686,#687,#688));
#5937=EDGE_LOOP('',(#689,#690,#691,#692));
#5938=EDGE_LOOP('',(#693,#694,#695,#696));
#5939=EDGE_LOOP('',(#697));
#5940=EDGE_LOOP('',(#698));
#5941=EDGE_LOOP('',(#699,#700,#701,#702));
#5942=EDGE_LOOP('',(#703,#704,#705,#706));
#5943=EDGE_LOOP('',(#707,#708,#709,#710));
#5944=EDGE_LOOP('',(#711,#712,#713,#714));
#5945=EDGE_LOOP('',(#715));
#5946=EDGE_LOOP('',(#716));
#5947=EDGE_LOOP('',(#717));
#5948=EDGE_LOOP('',(#718));
#5949=EDGE_LOOP('',(#719,#720,#721,#722,#723,#724,#725,#726));
#5950=EDGE_LOOP('',(#727,#728,#729,#730));
#5951=EDGE_LOOP('',(#731));
#5952=EDGE_LOOP('',(#732));
#5953=EDGE_LOOP('',(#733));
#5954=EDGE_LOOP('',(#734,#735,#736,#737));
#5955=EDGE_LOOP('',(#738));
#5956=EDGE_LOOP('',(#739,#740,#741,#742,#743,#744,#745,#746));
#5957=EDGE_LOOP('',(#747,#748,#749,#750));
#5958=EDGE_LOOP('',(#751,#752,#753,#754));
#5959=EDGE_LOOP('',(#755));
#5960=EDGE_LOOP('',(#756,#757,#758,#759));
#5961=EDGE_LOOP('',(#760));
#5962=EDGE_LOOP('',(#761,#762,#763,#764));
#5963=EDGE_LOOP('',(#765));
#5964=EDGE_LOOP('',(#766));
#5965=EDGE_LOOP('',(#767,#768,#769,#770));
#5966=EDGE_LOOP('',(#771,#772,#773,#774));
#5967=EDGE_LOOP('',(#775,#776,#777,#778));
#5968=EDGE_LOOP('',(#779,#780,#781,#782));
#5969=EDGE_LOOP('',(#783,#784,#785,#786));
#5970=EDGE_LOOP('',(#787,#788,#789,#790));
#5971=EDGE_LOOP('',(#791,#792,#793,#794));
#5972=EDGE_LOOP('',(#795,#796,#797,#798));
#5973=EDGE_LOOP('',(#799,#800,#801,#802,#803,#804,#805,#806,#807,#808));
#5974=EDGE_LOOP('',(#809,#810,#811,#812));
#5975=EDGE_LOOP('',(#813,#814,#815,#816));
#5976=EDGE_LOOP('',(#817,#818,#819,#820));
#5977=EDGE_LOOP('',(#821,#822,#823,#824,#825,#826,#827,#828));
#5978=EDGE_LOOP('',(#829,#830,#831,#832));
#5979=EDGE_LOOP('',(#833,#834,#835,#836));
#5980=EDGE_LOOP('',(#837,#838,#839,#840,#841,#842));
#5981=EDGE_LOOP('',(#843,#844,#845,#846,#847,#848));
#5982=EDGE_LOOP('',(#849,#850,#851,#852,#853,#854));
#5983=EDGE_LOOP('',(#855));
#5984=EDGE_LOOP('',(#856,#857,#858,#859));
#5985=EDGE_LOOP('',(#860,#861,#862,#863));
#5986=EDGE_LOOP('',(#864));
#5987=EDGE_LOOP('',(#865,#866,#867,#868));
#5988=EDGE_LOOP('',(#869,#870,#871,#872));
#5989=EDGE_LOOP('',(#873));
#5990=EDGE_LOOP('',(#874));
#5991=EDGE_LOOP('',(#875));
#5992=EDGE_LOOP('',(#876));
#5993=EDGE_LOOP('',(#877));
#5994=EDGE_LOOP('',(#878));
#5995=EDGE_LOOP('',(#879));
#5996=EDGE_LOOP('',(#880));
#5997=EDGE_LOOP('',(#881));
#5998=EDGE_LOOP('',(#882));
#5999=EDGE_LOOP('',(#883));
#6000=EDGE_LOOP('',(#884));
#6001=EDGE_LOOP('',(#885));
#6002=EDGE_LOOP('',(#886));
#6003=EDGE_LOOP('',(#887));
#6004=EDGE_LOOP('',(#888,#889,#890,#891));
#6005=EDGE_LOOP('',(#892,#893,#894,#895));
#6006=EDGE_LOOP('',(#896,#897,#898,#899));
#6007=EDGE_LOOP('',(#900,#901,#902,#903));
#6008=EDGE_LOOP('',(#904));
#6009=EDGE_LOOP('',(#905));
#6010=EDGE_LOOP('',(#906,#907,#908,#909));
#6011=EDGE_LOOP('',(#910));
#6012=EDGE_LOOP('',(#911,#912,#913,#914));
#6013=EDGE_LOOP('',(#915));
#6014=EDGE_LOOP('',(#916,#917,#918,#919));
#6015=EDGE_LOOP('',(#920,#921,#922,#923));
#6016=EDGE_LOOP('',(#924,#925,#926,#927));
#6017=EDGE_LOOP('',(#928));
#6018=EDGE_LOOP('',(#929));
#6019=EDGE_LOOP('',(#930,#931,#932,#933));
#6020=EDGE_LOOP('',(#934));
#6021=EDGE_LOOP('',(#935,#936,#937,#938));
#6022=EDGE_LOOP('',(#939));
#6023=EDGE_LOOP('',(#940,#941,#942,#943));
#6024=EDGE_LOOP('',(#944,#945,#946,#947,#948,#949,#950,#951,#952,#953,#954,
#955,#956,#957,#958,#959,#960));
#6025=EDGE_LOOP('',(#961,#962,#963,#964,#965,#966,#967,#968,#969,#970,#971,
#972,#973,#974));
#6026=EDGE_LOOP('',(#975,#976,#977,#978,#979,#980,#981,#982,#983,#984,#985,
#986,#987,#988,#989,#990));
#6027=EDGE_LOOP('',(#991,#992,#993,#994,#995,#996,#997,#998,#999));
#6028=EDGE_LOOP('',(#1000,#1001,#1002,#1003,#1004,#1005,#1006,#1007,#1008));
#6029=EDGE_LOOP('',(#1009,#1010,#1011,#1012));
#6030=EDGE_LOOP('',(#1013));
#6031=EDGE_LOOP('',(#1014));
#6032=EDGE_LOOP('',(#1015));
#6033=EDGE_LOOP('',(#1016));
#6034=EDGE_LOOP('',(#1017,#1018,#1019,#1020));
#6035=EDGE_LOOP('',(#1021,#1022,#1023,#1024,#1025,#1026,#1027,#1028,#1029,
#1030,#1031,#1032,#1033,#1034,#1035,#1036,#1037));
#6036=EDGE_LOOP('',(#1038,#1039,#1040,#1041,#1042,#1043,#1044,#1045,#1046,
#1047,#1048,#1049,#1050,#1051,#1052,#1053,#1054,#1055));
#6037=EDGE_LOOP('',(#1056,#1057,#1058,#1059,#1060,#1061,#1062,#1063,#1064,
#1065,#1066,#1067,#1068,#1069));
#6038=EDGE_LOOP('',(#1070,#1071,#1072,#1073,#1074,#1075,#1076,#1077,#1078,
#1079));
#6039=EDGE_LOOP('',(#1080,#1081,#1082,#1083,#1084,#1085,#1086,#1087,#1088));
#6040=EDGE_LOOP('',(#1089,#1090,#1091,#1092,#1093,#1094,#1095,#1096,#1097,
#1098,#1099,#1100,#1101,#1102,#1103,#1104,#1105));
#6041=EDGE_LOOP('',(#1106,#1107,#1108,#1109,#1110,#1111,#1112,#1113,#1114,
#1115,#1116,#1117,#1118,#1119,#1120,#1121,#1122,#1123,#1124,#1125,#1126,
#1127,#1128,#1129,#1130));
#6042=EDGE_LOOP('',(#1131,#1132,#1133,#1134,#1135,#1136,#1137,#1138,#1139,
#1140,#1141,#1142,#1143,#1144,#1145,#1146,#1147));
#6043=EDGE_LOOP('',(#1148,#1149,#1150,#1151,#1152,#1153,#1154,#1155,#1156,
#1157,#1158,#1159,#1160,#1161,#1162,#1163,#1164,#1165,#1166,#1167,#1168,
#1169,#1170));
#6044=EDGE_LOOP('',(#1171,#1172,#1173,#1174,#1175,#1176,#1177));
#6045=EDGE_LOOP('',(#1178,#1179,#1180,#1181,#1182,#1183,#1184,#1185,#1186,
#1187,#1188,#1189,#1190,#1191));
#6046=EDGE_LOOP('',(#1192,#1193,#1194,#1195));
#6047=EDGE_LOOP('',(#1196,#1197,#1198,#1199));
#6048=EDGE_LOOP('',(#1200,#1201,#1202,#1203));
#6049=EDGE_LOOP('',(#1204,#1205,#1206,#1207));
#6050=EDGE_LOOP('',(#1208,#1209,#1210,#1211));
#6051=EDGE_LOOP('',(#1212,#1213,#1214,#1215));
#6052=EDGE_LOOP('',(#1216));
#6053=EDGE_LOOP('',(#1217));
#6054=EDGE_LOOP('',(#1218));
#6055=EDGE_LOOP('',(#1219));
#6056=EDGE_LOOP('',(#1220));
#6057=EDGE_LOOP('',(#1221));
#6058=EDGE_LOOP('',(#1222));
#6059=EDGE_LOOP('',(#1223));
#6060=EDGE_LOOP('',(#1224,#1225,#1226,#1227));
#6061=EDGE_LOOP('',(#1228,#1229,#1230,#1231));
#6062=EDGE_LOOP('',(#1232,#1233,#1234,#1235));
#6063=EDGE_LOOP('',(#1236));
#6064=EDGE_LOOP('',(#1237));
#6065=EDGE_LOOP('',(#1238));
#6066=EDGE_LOOP('',(#1239));
#6067=EDGE_LOOP('',(#1240,#1241,#1242,#1243));
#6068=EDGE_LOOP('',(#1244,#1245,#1246,#1247));
#6069=EDGE_LOOP('',(#1248,#1249,#1250,#1251));
#6070=EDGE_LOOP('',(#1252,#1253,#1254,#1255));
#6071=EDGE_LOOP('',(#1256,#1257,#1258,#1259));
#6072=EDGE_LOOP('',(#1260,#1261,#1262,#1263));
#6073=EDGE_LOOP('',(#1264,#1265,#1266,#1267));
#6074=EDGE_LOOP('',(#1268,#1269,#1270,#1271));
#6075=EDGE_LOOP('',(#1272,#1273,#1274,#1275));
#6076=EDGE_LOOP('',(#1276,#1277,#1278,#1279));
#6077=EDGE_LOOP('',(#1280,#1281,#1282,#1283));
#6078=EDGE_LOOP('',(#1284,#1285,#1286,#1287));
#6079=EDGE_LOOP('',(#1288,#1289,#1290,#1291));
#6080=EDGE_LOOP('',(#1292,#1293,#1294,#1295));
#6081=EDGE_LOOP('',(#1296,#1297,#1298,#1299));
#6082=EDGE_LOOP('',(#1300,#1301,#1302,#1303));
#6083=EDGE_LOOP('',(#1304,#1305,#1306,#1307));
#6084=EDGE_LOOP('',(#1308,#1309,#1310,#1311));
#6085=EDGE_LOOP('',(#1312,#1313,#1314,#1315,#1316,#1317,#1318,#1319,#1320,
#1321,#1322,#1323,#1324,#1325,#1326,#1327,#1328));
#6086=EDGE_LOOP('',(#1329,#1330,#1331,#1332));
#6087=EDGE_LOOP('',(#1333,#1334,#1335,#1336));
#6088=EDGE_LOOP('',(#1337,#1338,#1339,#1340));
#6089=EDGE_LOOP('',(#1341,#1342,#1343,#1344));
#6090=EDGE_LOOP('',(#1345,#1346,#1347,#1348));
#6091=EDGE_LOOP('',(#1349,#1350,#1351,#1352));
#6092=EDGE_LOOP('',(#1353,#1354,#1355,#1356));
#6093=EDGE_LOOP('',(#1357,#1358,#1359,#1360));
#6094=EDGE_LOOP('',(#1361,#1362,#1363,#1364));
#6095=EDGE_LOOP('',(#1365,#1366,#1367,#1368));
#6096=EDGE_LOOP('',(#1369,#1370,#1371,#1372));
#6097=EDGE_LOOP('',(#1373,#1374,#1375,#1376));
#6098=EDGE_LOOP('',(#1377,#1378,#1379,#1380));
#6099=EDGE_LOOP('',(#1381,#1382,#1383,#1384));
#6100=EDGE_LOOP('',(#1385,#1386,#1387,#1388));
#6101=EDGE_LOOP('',(#1389,#1390,#1391,#1392));
#6102=EDGE_LOOP('',(#1393,#1394,#1395,#1396));
#6103=EDGE_LOOP('',(#1397,#1398,#1399,#1400));
#6104=EDGE_LOOP('',(#1401,#1402,#1403,#1404,#1405,#1406,#1407,#1408,#1409,
#1410,#1411,#1412,#1413,#1414,#1415,#1416,#1417,#1418));
#6105=EDGE_LOOP('',(#1419,#1420,#1421,#1422));
#6106=EDGE_LOOP('',(#1423,#1424,#1425,#1426));
#6107=EDGE_LOOP('',(#1427,#1428,#1429,#1430));
#6108=EDGE_LOOP('',(#1431,#1432,#1433,#1434));
#6109=EDGE_LOOP('',(#1435,#1436,#1437,#1438));
#6110=EDGE_LOOP('',(#1439,#1440,#1441,#1442));
#6111=EDGE_LOOP('',(#1443,#1444,#1445,#1446));
#6112=EDGE_LOOP('',(#1447,#1448,#1449,#1450));
#6113=EDGE_LOOP('',(#1451,#1452,#1453,#1454));
#6114=EDGE_LOOP('',(#1455,#1456,#1457,#1458));
#6115=EDGE_LOOP('',(#1459,#1460,#1461,#1462));
#6116=EDGE_LOOP('',(#1463,#1464,#1465,#1466));
#6117=EDGE_LOOP('',(#1467,#1468,#1469,#1470));
#6118=EDGE_LOOP('',(#1471,#1472,#1473,#1474));
#6119=EDGE_LOOP('',(#1475,#1476,#1477,#1478));
#6120=EDGE_LOOP('',(#1479,#1480,#1481,#1482));
#6121=EDGE_LOOP('',(#1483,#1484,#1485,#1486));
#6122=EDGE_LOOP('',(#1487,#1488,#1489,#1490));
#6123=EDGE_LOOP('',(#1491,#1492,#1493,#1494));
#6124=EDGE_LOOP('',(#1495,#1496,#1497,#1498,#1499,#1500,#1501,#1502,#1503,
#1504,#1505,#1506,#1507,#1508));
#6125=EDGE_LOOP('',(#1509,#1510,#1511,#1512,#1513));
#6126=EDGE_LOOP('',(#1514,#1515,#1516,#1517));
#6127=EDGE_LOOP('',(#1518,#1519,#1520,#1521));
#6128=EDGE_LOOP('',(#1522,#1523,#1524,#1525));
#6129=EDGE_LOOP('',(#1526,#1527,#1528,#1529));
#6130=EDGE_LOOP('',(#1530,#1531,#1532,#1533));
#6131=EDGE_LOOP('',(#1534,#1535,#1536,#1537));
#6132=EDGE_LOOP('',(#1538,#1539,#1540,#1541));
#6133=EDGE_LOOP('',(#1542,#1543,#1544,#1545));
#6134=EDGE_LOOP('',(#1546,#1547,#1548,#1549));
#6135=EDGE_LOOP('',(#1550,#1551,#1552,#1553));
#6136=EDGE_LOOP('',(#1554,#1555,#1556,#1557,#1558,#1559,#1560,#1561,#1562,
#1563));
#6137=EDGE_LOOP('',(#1564,#1565,#1566,#1567));
#6138=EDGE_LOOP('',(#1568,#1569,#1570,#1571));
#6139=EDGE_LOOP('',(#1572,#1573,#1574,#1575));
#6140=EDGE_LOOP('',(#1576,#1577,#1578,#1579));
#6141=EDGE_LOOP('',(#1580,#1581,#1582,#1583));
#6142=EDGE_LOOP('',(#1584,#1585,#1586,#1587));
#6143=EDGE_LOOP('',(#1588,#1589,#1590,#1591));
#6144=EDGE_LOOP('',(#1592,#1593,#1594,#1595));
#6145=EDGE_LOOP('',(#1596,#1597,#1598,#1599));
#6146=EDGE_LOOP('',(#1600,#1601,#1602,#1603));
#6147=EDGE_LOOP('',(#1604,#1605,#1606,#1607));
#6148=EDGE_LOOP('',(#1608,#1609,#1610,#1611));
#6149=EDGE_LOOP('',(#1612,#1613,#1614,#1615));
#6150=EDGE_LOOP('',(#1616,#1617,#1618,#1619));
#6151=EDGE_LOOP('',(#1620,#1621,#1622,#1623));
#6152=EDGE_LOOP('',(#1624,#1625,#1626,#1627));
#6153=EDGE_LOOP('',(#1628,#1629,#1630,#1631));
#6154=EDGE_LOOP('',(#1632,#1633,#1634,#1635,#1636,#1637,#1638,#1639,#1640));
#6155=EDGE_LOOP('',(#1641,#1642,#1643,#1644,#1645,#1646,#1647,#1648));
#6156=EDGE_LOOP('',(#1649,#1650,#1651,#1652));
#6157=EDGE_LOOP('',(#1653,#1654,#1655,#1656));
#6158=EDGE_LOOP('',(#1657,#1658,#1659,#1660));
#6159=EDGE_LOOP('',(#1661,#1662,#1663,#1664));
#6160=EDGE_LOOP('',(#1665,#1666,#1667,#1668));
#6161=EDGE_LOOP('',(#1669,#1670,#1671,#1672));
#6162=EDGE_LOOP('',(#1673,#1674,#1675,#1676));
#6163=EDGE_LOOP('',(#1677,#1678,#1679,#1680));
#6164=EDGE_LOOP('',(#1681,#1682,#1683,#1684));
#6165=EDGE_LOOP('',(#1685,#1686,#1687,#1688));
#6166=EDGE_LOOP('',(#1689,#1690,#1691,#1692));
#6167=EDGE_LOOP('',(#1693,#1694,#1695,#1696));
#6168=EDGE_LOOP('',(#1697,#1698,#1699,#1700));
#6169=EDGE_LOOP('',(#1701,#1702,#1703,#1704));
#6170=EDGE_LOOP('',(#1705,#1706,#1707,#1708));
#6171=EDGE_LOOP('',(#1709,#1710,#1711,#1712));
#6172=EDGE_LOOP('',(#1713,#1714,#1715,#1716));
#6173=EDGE_LOOP('',(#1717,#1718,#1719,#1720,#1721,#1722,#1723,#1724,#1725));
#6174=EDGE_LOOP('',(#1726,#1727,#1728,#1729,#1730,#1731,#1732,#1733));
#6175=EDGE_LOOP('',(#1734,#1735,#1736,#1737));
#6176=EDGE_LOOP('',(#1738,#1739,#1740,#1741));
#6177=EDGE_LOOP('',(#1742,#1743,#1744,#1745));
#6178=EDGE_LOOP('',(#1746,#1747,#1748,#1749));
#6179=EDGE_LOOP('',(#1750,#1751,#1752,#1753));
#6180=EDGE_LOOP('',(#1754,#1755,#1756,#1757));
#6181=EDGE_LOOP('',(#1758,#1759,#1760,#1761));
#6182=EDGE_LOOP('',(#1762,#1763,#1764,#1765));
#6183=EDGE_LOOP('',(#1766,#1767,#1768,#1769));
#6184=EDGE_LOOP('',(#1770,#1771,#1772,#1773));
#6185=EDGE_LOOP('',(#1774,#1775,#1776,#1777));
#6186=EDGE_LOOP('',(#1778,#1779,#1780,#1781));
#6187=EDGE_LOOP('',(#1782,#1783,#1784,#1785));
#6188=EDGE_LOOP('',(#1786,#1787,#1788,#1789));
#6189=EDGE_LOOP('',(#1790,#1791,#1792,#1793));
#6190=EDGE_LOOP('',(#1794,#1795,#1796,#1797));
#6191=EDGE_LOOP('',(#1798,#1799,#1800,#1801));
#6192=EDGE_LOOP('',(#1802,#1803,#1804,#1805,#1806,#1807,#1808,#1809,#1810,
#1811,#1812,#1813,#1814,#1815,#1816,#1817,#1818));
#6193=EDGE_LOOP('',(#1819,#1820,#1821,#1822));
#6194=EDGE_LOOP('',(#1823,#1824,#1825,#1826));
#6195=EDGE_LOOP('',(#1827,#1828,#1829,#1830));
#6196=EDGE_LOOP('',(#1831,#1832,#1833,#1834));
#6197=EDGE_LOOP('',(#1835,#1836,#1837,#1838));
#6198=EDGE_LOOP('',(#1839,#1840,#1841,#1842));
#6199=EDGE_LOOP('',(#1843,#1844,#1845,#1846));
#6200=EDGE_LOOP('',(#1847,#1848,#1849,#1850));
#6201=EDGE_LOOP('',(#1851,#1852,#1853,#1854));
#6202=EDGE_LOOP('',(#1855,#1856,#1857,#1858));
#6203=EDGE_LOOP('',(#1859,#1860,#1861,#1862));
#6204=EDGE_LOOP('',(#1863,#1864,#1865,#1866));
#6205=EDGE_LOOP('',(#1867,#1868,#1869,#1870));
#6206=EDGE_LOOP('',(#1871,#1872,#1873,#1874));
#6207=EDGE_LOOP('',(#1875,#1876,#1877,#1878));
#6208=EDGE_LOOP('',(#1879,#1880,#1881,#1882));
#6209=EDGE_LOOP('',(#1883,#1884,#1885,#1886));
#6210=EDGE_LOOP('',(#1887,#1888,#1889,#1890));
#6211=EDGE_LOOP('',(#1891,#1892,#1893,#1894));
#6212=EDGE_LOOP('',(#1895,#1896,#1897,#1898));
#6213=EDGE_LOOP('',(#1899,#1900,#1901,#1902));
#6214=EDGE_LOOP('',(#1903,#1904,#1905,#1906));
#6215=EDGE_LOOP('',(#1907,#1908,#1909,#1910));
#6216=EDGE_LOOP('',(#1911,#1912,#1913,#1914));
#6217=EDGE_LOOP('',(#1915,#1916,#1917,#1918));
#6218=EDGE_LOOP('',(#1919,#1920,#1921,#1922,#1923,#1924,#1925,#1926,#1927,
#1928,#1929,#1930,#1931,#1932,#1933,#1934,#1935,#1936,#1937,#1938,#1939,
#1940,#1941,#1942,#1943));
#6219=EDGE_LOOP('',(#1944,#1945,#1946,#1947));
#6220=EDGE_LOOP('',(#1948,#1949,#1950,#1951));
#6221=EDGE_LOOP('',(#1952,#1953,#1954,#1955));
#6222=EDGE_LOOP('',(#1956,#1957,#1958,#1959));
#6223=EDGE_LOOP('',(#1960,#1961,#1962,#1963));
#6224=EDGE_LOOP('',(#1964,#1965,#1966,#1967));
#6225=EDGE_LOOP('',(#1968,#1969,#1970,#1971));
#6226=EDGE_LOOP('',(#1972,#1973,#1974,#1975));
#6227=EDGE_LOOP('',(#1976,#1977,#1978,#1979));
#6228=EDGE_LOOP('',(#1980,#1981,#1982,#1983));
#6229=EDGE_LOOP('',(#1984,#1985,#1986,#1987));
#6230=EDGE_LOOP('',(#1988,#1989,#1990,#1991));
#6231=EDGE_LOOP('',(#1992,#1993,#1994,#1995));
#6232=EDGE_LOOP('',(#1996,#1997,#1998,#1999));
#6233=EDGE_LOOP('',(#2000,#2001,#2002,#2003));
#6234=EDGE_LOOP('',(#2004,#2005,#2006,#2007));
#6235=EDGE_LOOP('',(#2008,#2009,#2010,#2011));
#6236=EDGE_LOOP('',(#2012,#2013,#2014,#2015,#2016,#2017,#2018,#2019,#2020,
#2021,#2022,#2023,#2024,#2025,#2026,#2027,#2028));
#6237=EDGE_LOOP('',(#2029,#2030,#2031,#2032));
#6238=EDGE_LOOP('',(#2033,#2034,#2035,#2036));
#6239=EDGE_LOOP('',(#2037,#2038,#2039,#2040));
#6240=EDGE_LOOP('',(#2041,#2042,#2043,#2044));
#6241=EDGE_LOOP('',(#2045,#2046,#2047,#2048));
#6242=EDGE_LOOP('',(#2049,#2050,#2051,#2052));
#6243=EDGE_LOOP('',(#2053,#2054,#2055,#2056));
#6244=EDGE_LOOP('',(#2057,#2058,#2059,#2060));
#6245=EDGE_LOOP('',(#2061,#2062,#2063,#2064));
#6246=EDGE_LOOP('',(#2065,#2066,#2067,#2068));
#6247=EDGE_LOOP('',(#2069,#2070,#2071,#2072));
#6248=EDGE_LOOP('',(#2073,#2074,#2075,#2076));
#6249=EDGE_LOOP('',(#2077,#2078,#2079,#2080));
#6250=EDGE_LOOP('',(#2081,#2082,#2083,#2084));
#6251=EDGE_LOOP('',(#2085,#2086,#2087,#2088));
#6252=EDGE_LOOP('',(#2089,#2090,#2091,#2092));
#6253=EDGE_LOOP('',(#2093,#2094,#2095,#2096));
#6254=EDGE_LOOP('',(#2097,#2098,#2099,#2100));
#6255=EDGE_LOOP('',(#2101,#2102,#2103,#2104));
#6256=EDGE_LOOP('',(#2105,#2106,#2107,#2108));
#6257=EDGE_LOOP('',(#2109,#2110,#2111,#2112));
#6258=EDGE_LOOP('',(#2113,#2114,#2115,#2116));
#6259=EDGE_LOOP('',(#2117,#2118,#2119,#2120));
#6260=EDGE_LOOP('',(#2121,#2122,#2123,#2124,#2125,#2126,#2127,#2128,#2129,
#2130,#2131,#2132,#2133,#2134,#2135,#2136,#2137,#2138,#2139,#2140,#2141,
#2142,#2143));
#6261=EDGE_LOOP('',(#2144,#2145,#2146,#2147));
#6262=EDGE_LOOP('',(#2148,#2149,#2150,#2151));
#6263=EDGE_LOOP('',(#2152,#2153,#2154,#2155));
#6264=EDGE_LOOP('',(#2156,#2157,#2158,#2159));
#6265=EDGE_LOOP('',(#2160,#2161,#2162,#2163));
#6266=EDGE_LOOP('',(#2164,#2165,#2166,#2167));
#6267=EDGE_LOOP('',(#2168,#2169,#2170,#2171));
#6268=EDGE_LOOP('',(#2172,#2173,#2174,#2175));
#6269=EDGE_LOOP('',(#2176,#2177,#2178,#2179));
#6270=EDGE_LOOP('',(#2180,#2181,#2182,#2183));
#6271=EDGE_LOOP('',(#2184,#2185,#2186,#2187));
#6272=EDGE_LOOP('',(#2188,#2189,#2190,#2191));
#6273=EDGE_LOOP('',(#2192,#2193,#2194,#2195));
#6274=EDGE_LOOP('',(#2196,#2197,#2198,#2199));
#6275=EDGE_LOOP('',(#2200,#2201,#2202,#2203));
#6276=EDGE_LOOP('',(#2204,#2205,#2206,#2207));
#6277=EDGE_LOOP('',(#2208,#2209,#2210,#2211));
#6278=EDGE_LOOP('',(#2212,#2213,#2214,#2215,#2216,#2217,#2218,#2219,#2220));
#6279=EDGE_LOOP('',(#2221,#2222,#2223,#2224,#2225,#2226,#2227,#2228));
#6280=EDGE_LOOP('',(#2229,#2230,#2231,#2232));
#6281=EDGE_LOOP('',(#2233,#2234,#2235,#2236));
#6282=EDGE_LOOP('',(#2237,#2238,#2239,#2240));
#6283=EDGE_LOOP('',(#2241,#2242,#2243,#2244));
#6284=EDGE_LOOP('',(#2245,#2246,#2247,#2248));
#6285=EDGE_LOOP('',(#2249,#2250,#2251,#2252));
#6286=EDGE_LOOP('',(#2253,#2254,#2255,#2256));
#6287=EDGE_LOOP('',(#2257,#2258,#2259,#2260));
#6288=EDGE_LOOP('',(#2261,#2262,#2263,#2264));
#6289=EDGE_LOOP('',(#2265,#2266,#2267,#2268));
#6290=EDGE_LOOP('',(#2269,#2270,#2271,#2272));
#6291=EDGE_LOOP('',(#2273,#2274,#2275,#2276));
#6292=EDGE_LOOP('',(#2277,#2278,#2279,#2280));
#6293=EDGE_LOOP('',(#2281,#2282,#2283,#2284));
#6294=EDGE_LOOP('',(#2285,#2286,#2287,#2288,#2289,#2290,#2291));
#6295=EDGE_LOOP('',(#2292,#2293,#2294,#2295,#2296,#2297,#2298));
#6296=EDGE_LOOP('',(#2299,#2300,#2301,#2302));
#6297=EDGE_LOOP('',(#2303,#2304,#2305,#2306));
#6298=EDGE_LOOP('',(#2307,#2308,#2309,#2310));
#6299=EDGE_LOOP('',(#2311,#2312,#2313,#2314));
#6300=EDGE_LOOP('',(#2315,#2316,#2317,#2318));
#6301=EDGE_LOOP('',(#2319,#2320,#2321,#2322));
#6302=EDGE_LOOP('',(#2323,#2324,#2325,#2326));
#6303=EDGE_LOOP('',(#2327,#2328,#2329,#2330));
#6304=EDGE_LOOP('',(#2331,#2332,#2333,#2334));
#6305=EDGE_LOOP('',(#2335,#2336,#2337,#2338));
#6306=EDGE_LOOP('',(#2339,#2340,#2341,#2342));
#6307=EDGE_LOOP('',(#2343,#2344,#2345,#2346));
#6308=EDGE_LOOP('',(#2347,#2348,#2349,#2350));
#6309=EDGE_LOOP('',(#2351,#2352,#2353,#2354));
#6310=EDGE_LOOP('',(#2355,#2356,#2357,#2358));
#6311=EDGE_LOOP('',(#2359,#2360,#2361,#2362));
#6312=EDGE_LOOP('',(#2363,#2364,#2365,#2366));
#6313=EDGE_LOOP('',(#2367,#2368,#2369,#2370));
#6314=EDGE_LOOP('',(#2371,#2372,#2373,#2374));
#6315=EDGE_LOOP('',(#2375,#2376,#2377,#2378));
#6316=EDGE_LOOP('',(#2379,#2380,#2381,#2382));
#6317=EDGE_LOOP('',(#2383,#2384,#2385,#2386));
#6318=EDGE_LOOP('',(#2387,#2388,#2389,#2390));
#6319=EDGE_LOOP('',(#2391,#2392,#2393,#2394));
#6320=EDGE_LOOP('',(#2395,#2396,#2397,#2398));
#6321=EDGE_LOOP('',(#2399,#2400,#2401,#2402,#2403,#2404,#2405,#2406,#2407,
#2408,#2409,#2410,#2411,#2412,#2413,#2414));
#6322=EDGE_LOOP('',(#2415,#2416,#2417,#2418,#2419,#2420,#2421,#2422,#2423));
#6323=EDGE_LOOP('',(#2424,#2425,#2426,#2427));
#6324=EDGE_LOOP('',(#2428,#2429,#2430,#2431));
#6325=EDGE_LOOP('',(#2432,#2433,#2434,#2435));
#6326=EDGE_LOOP('',(#2436,#2437,#2438,#2439));
#6327=EDGE_LOOP('',(#2440,#2441,#2442,#2443));
#6328=EDGE_LOOP('',(#2444,#2445,#2446,#2447));
#6329=EDGE_LOOP('',(#2448,#2449,#2450,#2451));
#6330=EDGE_LOOP('',(#2452,#2453,#2454,#2455));
#6331=EDGE_LOOP('',(#2456,#2457,#2458,#2459));
#6332=EDGE_LOOP('',(#2460,#2461,#2462,#2463));
#6333=EDGE_LOOP('',(#2464,#2465,#2466,#2467));
#6334=EDGE_LOOP('',(#2468,#2469,#2470,#2471));
#6335=EDGE_LOOP('',(#2472,#2473,#2474,#2475));
#6336=EDGE_LOOP('',(#2476,#2477,#2478,#2479));
#6337=EDGE_LOOP('',(#2480,#2481,#2482,#2483,#2484,#2485,#2486,#2487,#2488,
#2489,#2490,#2491,#2492,#2493));
#6338=EDGE_LOOP('',(#2494,#2495,#2496,#2497));
#6339=EDGE_LOOP('',(#2498,#2499,#2500,#2501));
#6340=EDGE_LOOP('',(#2502,#2503,#2504,#2505));
#6341=EDGE_LOOP('',(#2506,#2507,#2508,#2509));
#6342=EDGE_LOOP('',(#2510,#2511,#2512,#2513));
#6343=EDGE_LOOP('',(#2514,#2515,#2516,#2517));
#6344=EDGE_LOOP('',(#2518,#2519,#2520,#2521));
#6345=EDGE_LOOP('',(#2522,#2523,#2524,#2525));
#6346=EDGE_LOOP('',(#2526,#2527,#2528,#2529));
#6347=EDGE_LOOP('',(#2530,#2531,#2532,#2533));
#6348=EDGE_LOOP('',(#2534,#2535,#2536,#2537));
#6349=EDGE_LOOP('',(#2538,#2539,#2540,#2541));
#6350=EDGE_LOOP('',(#2542,#2543,#2544,#2545));
#6351=EDGE_LOOP('',(#2546,#2547,#2548,#2549));
#6352=EDGE_LOOP('',(#2550,#2551,#2552,#2553));
#6353=EDGE_LOOP('',(#2554,#2555,#2556,#2557));
#6354=EDGE_LOOP('',(#2558,#2559,#2560,#2561));
#6355=EDGE_LOOP('',(#2562,#2563,#2564,#2565,#2566,#2567,#2568,#2569,#2570,
#2571,#2572,#2573,#2574,#2575,#2576,#2577,#2578));
#6356=EDGE_LOOP('',(#2579,#2580,#2581,#2582));
#6357=EDGE_LOOP('',(#2583,#2584,#2585,#2586));
#6358=EDGE_LOOP('',(#2587,#2588,#2589,#2590));
#6359=EDGE_LOOP('',(#2591,#2592,#2593,#2594));
#6360=EDGE_LOOP('',(#2595,#2596,#2597,#2598));
#6361=EDGE_LOOP('',(#2599,#2600,#2601,#2602));
#6362=EDGE_LOOP('',(#2603,#2604,#2605,#2606));
#6363=EDGE_LOOP('',(#2607,#2608,#2609,#2610));
#6364=EDGE_LOOP('',(#2611,#2612,#2613,#2614));
#6365=EDGE_LOOP('',(#2615,#2616,#2617,#2618));
#6366=EDGE_LOOP('',(#2619,#2620,#2621,#2622));
#6367=EDGE_LOOP('',(#2623,#2624,#2625,#2626));
#6368=EDGE_LOOP('',(#2627,#2628,#2629,#2630));
#6369=EDGE_LOOP('',(#2631,#2632,#2633,#2634));
#6370=EDGE_LOOP('',(#2635,#2636,#2637,#2638));
#6371=EDGE_LOOP('',(#2639,#2640,#2641,#2642));
#6372=EDGE_LOOP('',(#2643,#2644,#2645,#2646));
#6373=EDGE_LOOP('',(#2647,#2648,#2649,#2650));
#6374=EDGE_LOOP('',(#2651,#2652,#2653,#2654));
#6375=EDGE_LOOP('',(#2655,#2656,#2657,#2658,#2659,#2660,#2661,#2662,#2663,
#2664,#2665,#2666,#2667,#2668));
#6376=EDGE_LOOP('',(#2669,#2670,#2671,#2672,#2673));
#6377=EDGE_LOOP('',(#2674,#2675,#2676,#2677,#2678));
#6378=EDGE_LOOP('',(#2679,#2680,#2681,#2682,#2683,#2684,#2685,#2686));
#6379=EDGE_LOOP('',(#2687,#2688,#2689,#2690,#2691,#2692,#2693,#2694));
#6380=EDGE_LOOP('',(#2695,#2696,#2697,#2698,#2699,#2700,#2701,#2702));
#6381=EDGE_LOOP('',(#2703,#2704,#2705,#2706,#2707,#2708,#2709));
#6382=EDGE_LOOP('',(#2710,#2711,#2712,#2713,#2714,#2715,#2716,#2717,#2718));
#6383=EDGE_LOOP('',(#2719,#2720,#2721,#2722,#2723));
#6384=EDGE_LOOP('',(#2724,#2725,#2726,#2727));
#6385=EDGE_LOOP('',(#2728,#2729,#2730,#2731));
#6386=EDGE_LOOP('',(#2732,#2733,#2734,#2735));
#6387=EDGE_LOOP('',(#2736));
#6388=EDGE_LOOP('',(#2737));
#6389=EDGE_LOOP('',(#2738,#2739,#2740,#2741));
#6390=EDGE_LOOP('',(#2742));
#6391=EDGE_LOOP('',(#2743,#2744,#2745,#2746));
#6392=EDGE_LOOP('',(#2747));
#6393=EDGE_LOOP('',(#2748,#2749,#2750,#2751));
#6394=FACE_BOUND('',#5924,.T.);
#6395=FACE_BOUND('',#5925,.T.);
#6396=FACE_BOUND('',#5926,.T.);
#6397=FACE_BOUND('',#5927,.T.);
#6398=FACE_BOUND('',#5928,.T.);
#6399=FACE_BOUND('',#5929,.T.);
#6400=FACE_BOUND('',#5930,.T.);
#6401=FACE_BOUND('',#5931,.T.);
#6402=FACE_BOUND('',#5932,.T.);
#6403=FACE_BOUND('',#5933,.T.);
#6404=FACE_BOUND('',#5934,.T.);
#6405=FACE_BOUND('',#5935,.T.);
#6406=FACE_BOUND('',#5936,.T.);
#6407=FACE_BOUND('',#5937,.T.);
#6408=FACE_BOUND('',#5938,.T.);
#6409=FACE_BOUND('',#5939,.T.);
#6410=FACE_BOUND('',#5940,.T.);
#6411=FACE_BOUND('',#5941,.T.);
#6412=FACE_BOUND('',#5942,.T.);
#6413=FACE_BOUND('',#5943,.T.);
#6414=FACE_BOUND('',#5944,.T.);
#6415=FACE_BOUND('',#5945,.T.);
#6416=FACE_BOUND('',#5946,.T.);
#6417=FACE_BOUND('',#5947,.T.);
#6418=FACE_BOUND('',#5948,.T.);
#6419=FACE_BOUND('',#5949,.T.);
#6420=FACE_BOUND('',#5950,.T.);
#6421=FACE_BOUND('',#5951,.T.);
#6422=FACE_BOUND('',#5952,.T.);
#6423=FACE_BOUND('',#5953,.T.);
#6424=FACE_BOUND('',#5954,.T.);
#6425=FACE_BOUND('',#5955,.T.);
#6426=FACE_BOUND('',#5956,.T.);
#6427=FACE_BOUND('',#5957,.T.);
#6428=FACE_BOUND('',#5958,.T.);
#6429=FACE_BOUND('',#5959,.T.);
#6430=FACE_BOUND('',#5960,.T.);
#6431=FACE_BOUND('',#5961,.T.);
#6432=FACE_BOUND('',#5962,.T.);
#6433=FACE_BOUND('',#5963,.T.);
#6434=FACE_BOUND('',#5964,.T.);
#6435=FACE_BOUND('',#5965,.T.);
#6436=FACE_BOUND('',#5966,.T.);
#6437=FACE_BOUND('',#5967,.T.);
#6438=FACE_BOUND('',#5968,.T.);
#6439=FACE_BOUND('',#5969,.T.);
#6440=FACE_BOUND('',#5970,.T.);
#6441=FACE_BOUND('',#5971,.T.);
#6442=FACE_BOUND('',#5972,.T.);
#6443=FACE_BOUND('',#5973,.T.);
#6444=FACE_BOUND('',#5974,.T.);
#6445=FACE_BOUND('',#5975,.T.);
#6446=FACE_BOUND('',#5976,.T.);
#6447=FACE_BOUND('',#5977,.T.);
#6448=FACE_BOUND('',#5978,.T.);
#6449=FACE_BOUND('',#5979,.T.);
#6450=FACE_BOUND('',#5980,.T.);
#6451=FACE_BOUND('',#5981,.T.);
#6452=FACE_BOUND('',#5982,.T.);
#6453=FACE_BOUND('',#5983,.T.);
#6454=FACE_BOUND('',#5984,.T.);
#6455=FACE_BOUND('',#5985,.T.);
#6456=FACE_BOUND('',#5986,.T.);
#6457=FACE_BOUND('',#5987,.T.);
#6458=FACE_BOUND('',#5988,.T.);
#6459=FACE_BOUND('',#5989,.T.);
#6460=FACE_BOUND('',#5990,.T.);
#6461=FACE_BOUND('',#5991,.T.);
#6462=FACE_BOUND('',#5992,.T.);
#6463=FACE_BOUND('',#5993,.T.);
#6464=FACE_BOUND('',#5994,.T.);
#6465=FACE_BOUND('',#5995,.T.);
#6466=FACE_BOUND('',#5996,.T.);
#6467=FACE_BOUND('',#5997,.T.);
#6468=FACE_BOUND('',#5998,.T.);
#6469=FACE_BOUND('',#5999,.T.);
#6470=FACE_BOUND('',#6000,.T.);
#6471=FACE_BOUND('',#6001,.T.);
#6472=FACE_BOUND('',#6002,.T.);
#6473=FACE_BOUND('',#6003,.T.);
#6474=FACE_BOUND('',#6004,.T.);
#6475=FACE_BOUND('',#6005,.T.);
#6476=FACE_BOUND('',#6006,.T.);
#6477=FACE_BOUND('',#6007,.T.);
#6478=FACE_BOUND('',#6008,.T.);
#6479=FACE_BOUND('',#6009,.T.);
#6480=FACE_BOUND('',#6010,.T.);
#6481=FACE_BOUND('',#6011,.T.);
#6482=FACE_BOUND('',#6012,.T.);
#6483=FACE_BOUND('',#6013,.T.);
#6484=FACE_BOUND('',#6014,.T.);
#6485=FACE_BOUND('',#6015,.T.);
#6486=FACE_BOUND('',#6016,.T.);
#6487=FACE_BOUND('',#6017,.T.);
#6488=FACE_BOUND('',#6018,.T.);
#6489=FACE_BOUND('',#6019,.T.);
#6490=FACE_BOUND('',#6020,.T.);
#6491=FACE_BOUND('',#6021,.T.);
#6492=FACE_BOUND('',#6022,.T.);
#6493=FACE_BOUND('',#6023,.T.);
#6494=FACE_BOUND('',#6024,.T.);
#6495=FACE_BOUND('',#6025,.T.);
#6496=FACE_BOUND('',#6026,.T.);
#6497=FACE_BOUND('',#6027,.T.);
#6498=FACE_BOUND('',#6028,.T.);
#6499=FACE_BOUND('',#6029,.T.);
#6500=FACE_BOUND('',#6030,.T.);
#6501=FACE_BOUND('',#6031,.T.);
#6502=FACE_BOUND('',#6032,.T.);
#6503=FACE_BOUND('',#6033,.T.);
#6504=FACE_BOUND('',#6034,.T.);
#6505=FACE_BOUND('',#6035,.T.);
#6506=FACE_BOUND('',#6036,.T.);
#6507=FACE_BOUND('',#6037,.T.);
#6508=FACE_BOUND('',#6038,.T.);
#6509=FACE_BOUND('',#6039,.T.);
#6510=FACE_BOUND('',#6040,.T.);
#6511=FACE_BOUND('',#6041,.T.);
#6512=FACE_BOUND('',#6042,.T.);
#6513=FACE_BOUND('',#6043,.T.);
#6514=FACE_BOUND('',#6044,.T.);
#6515=FACE_BOUND('',#6045,.T.);
#6516=FACE_BOUND('',#6046,.T.);
#6517=FACE_BOUND('',#6047,.T.);
#6518=FACE_BOUND('',#6048,.T.);
#6519=FACE_BOUND('',#6049,.T.);
#6520=FACE_BOUND('',#6050,.T.);
#6521=FACE_BOUND('',#6051,.T.);
#6522=FACE_BOUND('',#6052,.T.);
#6523=FACE_BOUND('',#6053,.T.);
#6524=FACE_BOUND('',#6054,.T.);
#6525=FACE_BOUND('',#6055,.T.);
#6526=FACE_BOUND('',#6056,.T.);
#6527=FACE_BOUND('',#6057,.T.);
#6528=FACE_BOUND('',#6058,.T.);
#6529=FACE_BOUND('',#6059,.T.);
#6530=FACE_BOUND('',#6060,.T.);
#6531=FACE_BOUND('',#6061,.T.);
#6532=FACE_BOUND('',#6062,.T.);
#6533=FACE_BOUND('',#6063,.T.);
#6534=FACE_BOUND('',#6064,.T.);
#6535=FACE_BOUND('',#6065,.T.);
#6536=FACE_BOUND('',#6066,.T.);
#6537=FACE_BOUND('',#6067,.T.);
#6538=FACE_BOUND('',#6068,.T.);
#6539=FACE_BOUND('',#6069,.T.);
#6540=FACE_BOUND('',#6070,.T.);
#6541=FACE_BOUND('',#6071,.T.);
#6542=FACE_BOUND('',#6072,.T.);
#6543=FACE_BOUND('',#6073,.T.);
#6544=FACE_BOUND('',#6074,.T.);
#6545=FACE_BOUND('',#6075,.T.);
#6546=FACE_BOUND('',#6076,.T.);
#6547=FACE_BOUND('',#6077,.T.);
#6548=FACE_BOUND('',#6078,.T.);
#6549=FACE_BOUND('',#6079,.T.);
#6550=FACE_BOUND('',#6080,.T.);
#6551=FACE_BOUND('',#6081,.T.);
#6552=FACE_BOUND('',#6082,.T.);
#6553=FACE_BOUND('',#6083,.T.);
#6554=FACE_BOUND('',#6084,.T.);
#6555=FACE_BOUND('',#6085,.T.);
#6556=FACE_BOUND('',#6086,.T.);
#6557=FACE_BOUND('',#6087,.T.);
#6558=FACE_BOUND('',#6088,.T.);
#6559=FACE_BOUND('',#6089,.T.);
#6560=FACE_BOUND('',#6090,.T.);
#6561=FACE_BOUND('',#6091,.T.);
#6562=FACE_BOUND('',#6092,.T.);
#6563=FACE_BOUND('',#6093,.T.);
#6564=FACE_BOUND('',#6094,.T.);
#6565=FACE_BOUND('',#6095,.T.);
#6566=FACE_BOUND('',#6096,.T.);
#6567=FACE_BOUND('',#6097,.T.);
#6568=FACE_BOUND('',#6098,.T.);
#6569=FACE_BOUND('',#6099,.T.);
#6570=FACE_BOUND('',#6100,.T.);
#6571=FACE_BOUND('',#6101,.T.);
#6572=FACE_BOUND('',#6102,.T.);
#6573=FACE_BOUND('',#6103,.T.);
#6574=FACE_BOUND('',#6104,.T.);
#6575=FACE_BOUND('',#6105,.T.);
#6576=FACE_BOUND('',#6106,.T.);
#6577=FACE_BOUND('',#6107,.T.);
#6578=FACE_BOUND('',#6108,.T.);
#6579=FACE_BOUND('',#6109,.T.);
#6580=FACE_BOUND('',#6110,.T.);
#6581=FACE_BOUND('',#6111,.T.);
#6582=FACE_BOUND('',#6112,.T.);
#6583=FACE_BOUND('',#6113,.T.);
#6584=FACE_BOUND('',#6114,.T.);
#6585=FACE_BOUND('',#6115,.T.);
#6586=FACE_BOUND('',#6116,.T.);
#6587=FACE_BOUND('',#6117,.T.);
#6588=FACE_BOUND('',#6118,.T.);
#6589=FACE_BOUND('',#6119,.T.);
#6590=FACE_BOUND('',#6120,.T.);
#6591=FACE_BOUND('',#6121,.T.);
#6592=FACE_BOUND('',#6122,.T.);
#6593=FACE_BOUND('',#6123,.T.);
#6594=FACE_BOUND('',#6124,.T.);
#6595=FACE_BOUND('',#6125,.T.);
#6596=FACE_BOUND('',#6126,.T.);
#6597=FACE_BOUND('',#6127,.T.);
#6598=FACE_BOUND('',#6128,.T.);
#6599=FACE_BOUND('',#6129,.T.);
#6600=FACE_BOUND('',#6130,.T.);
#6601=FACE_BOUND('',#6131,.T.);
#6602=FACE_BOUND('',#6132,.T.);
#6603=FACE_BOUND('',#6133,.T.);
#6604=FACE_BOUND('',#6134,.T.);
#6605=FACE_BOUND('',#6135,.T.);
#6606=FACE_BOUND('',#6136,.T.);
#6607=FACE_BOUND('',#6137,.T.);
#6608=FACE_BOUND('',#6138,.T.);
#6609=FACE_BOUND('',#6139,.T.);
#6610=FACE_BOUND('',#6140,.T.);
#6611=FACE_BOUND('',#6141,.T.);
#6612=FACE_BOUND('',#6142,.T.);
#6613=FACE_BOUND('',#6143,.T.);
#6614=FACE_BOUND('',#6144,.T.);
#6615=FACE_BOUND('',#6145,.T.);
#6616=FACE_BOUND('',#6146,.T.);
#6617=FACE_BOUND('',#6147,.T.);
#6618=FACE_BOUND('',#6148,.T.);
#6619=FACE_BOUND('',#6149,.T.);
#6620=FACE_BOUND('',#6150,.T.);
#6621=FACE_BOUND('',#6151,.T.);
#6622=FACE_BOUND('',#6152,.T.);
#6623=FACE_BOUND('',#6153,.T.);
#6624=FACE_BOUND('',#6154,.T.);
#6625=FACE_BOUND('',#6155,.T.);
#6626=FACE_BOUND('',#6156,.T.);
#6627=FACE_BOUND('',#6157,.T.);
#6628=FACE_BOUND('',#6158,.T.);
#6629=FACE_BOUND('',#6159,.T.);
#6630=FACE_BOUND('',#6160,.T.);
#6631=FACE_BOUND('',#6161,.T.);
#6632=FACE_BOUND('',#6162,.T.);
#6633=FACE_BOUND('',#6163,.T.);
#6634=FACE_BOUND('',#6164,.T.);
#6635=FACE_BOUND('',#6165,.T.);
#6636=FACE_BOUND('',#6166,.T.);
#6637=FACE_BOUND('',#6167,.T.);
#6638=FACE_BOUND('',#6168,.T.);
#6639=FACE_BOUND('',#6169,.T.);
#6640=FACE_BOUND('',#6170,.T.);
#6641=FACE_BOUND('',#6171,.T.);
#6642=FACE_BOUND('',#6172,.T.);
#6643=FACE_BOUND('',#6173,.T.);
#6644=FACE_BOUND('',#6174,.T.);
#6645=FACE_BOUND('',#6175,.T.);
#6646=FACE_BOUND('',#6176,.T.);
#6647=FACE_BOUND('',#6177,.T.);
#6648=FACE_BOUND('',#6178,.T.);
#6649=FACE_BOUND('',#6179,.T.);
#6650=FACE_BOUND('',#6180,.T.);
#6651=FACE_BOUND('',#6181,.T.);
#6652=FACE_BOUND('',#6182,.T.);
#6653=FACE_BOUND('',#6183,.T.);
#6654=FACE_BOUND('',#6184,.T.);
#6655=FACE_BOUND('',#6185,.T.);
#6656=FACE_BOUND('',#6186,.T.);
#6657=FACE_BOUND('',#6187,.T.);
#6658=FACE_BOUND('',#6188,.T.);
#6659=FACE_BOUND('',#6189,.T.);
#6660=FACE_BOUND('',#6190,.T.);
#6661=FACE_BOUND('',#6191,.T.);
#6662=FACE_BOUND('',#6192,.T.);
#6663=FACE_BOUND('',#6193,.T.);
#6664=FACE_BOUND('',#6194,.T.);
#6665=FACE_BOUND('',#6195,.T.);
#6666=FACE_BOUND('',#6196,.T.);
#6667=FACE_BOUND('',#6197,.T.);
#6668=FACE_BOUND('',#6198,.T.);
#6669=FACE_BOUND('',#6199,.T.);
#6670=FACE_BOUND('',#6200,.T.);
#6671=FACE_BOUND('',#6201,.T.);
#6672=FACE_BOUND('',#6202,.T.);
#6673=FACE_BOUND('',#6203,.T.);
#6674=FACE_BOUND('',#6204,.T.);
#6675=FACE_BOUND('',#6205,.T.);
#6676=FACE_BOUND('',#6206,.T.);
#6677=FACE_BOUND('',#6207,.T.);
#6678=FACE_BOUND('',#6208,.T.);
#6679=FACE_BOUND('',#6209,.T.);
#6680=FACE_BOUND('',#6210,.T.);
#6681=FACE_BOUND('',#6211,.T.);
#6682=FACE_BOUND('',#6212,.T.);
#6683=FACE_BOUND('',#6213,.T.);
#6684=FACE_BOUND('',#6214,.T.);
#6685=FACE_BOUND('',#6215,.T.);
#6686=FACE_BOUND('',#6216,.T.);
#6687=FACE_BOUND('',#6217,.T.);
#6688=FACE_BOUND('',#6218,.T.);
#6689=FACE_BOUND('',#6219,.T.);
#6690=FACE_BOUND('',#6220,.T.);
#6691=FACE_BOUND('',#6221,.T.);
#6692=FACE_BOUND('',#6222,.T.);
#6693=FACE_BOUND('',#6223,.T.);
#6694=FACE_BOUND('',#6224,.T.);
#6695=FACE_BOUND('',#6225,.T.);
#6696=FACE_BOUND('',#6226,.T.);
#6697=FACE_BOUND('',#6227,.T.);
#6698=FACE_BOUND('',#6228,.T.);
#6699=FACE_BOUND('',#6229,.T.);
#6700=FACE_BOUND('',#6230,.T.);
#6701=FACE_BOUND('',#6231,.T.);
#6702=FACE_BOUND('',#6232,.T.);
#6703=FACE_BOUND('',#6233,.T.);
#6704=FACE_BOUND('',#6234,.T.);
#6705=FACE_BOUND('',#6235,.T.);
#6706=FACE_BOUND('',#6236,.T.);
#6707=FACE_BOUND('',#6237,.T.);
#6708=FACE_BOUND('',#6238,.T.);
#6709=FACE_BOUND('',#6239,.T.);
#6710=FACE_BOUND('',#6240,.T.);
#6711=FACE_BOUND('',#6241,.T.);
#6712=FACE_BOUND('',#6242,.T.);
#6713=FACE_BOUND('',#6243,.T.);
#6714=FACE_BOUND('',#6244,.T.);
#6715=FACE_BOUND('',#6245,.T.);
#6716=FACE_BOUND('',#6246,.T.);
#6717=FACE_BOUND('',#6247,.T.);
#6718=FACE_BOUND('',#6248,.T.);
#6719=FACE_BOUND('',#6249,.T.);
#6720=FACE_BOUND('',#6250,.T.);
#6721=FACE_BOUND('',#6251,.T.);
#6722=FACE_BOUND('',#6252,.T.);
#6723=FACE_BOUND('',#6253,.T.);
#6724=FACE_BOUND('',#6254,.T.);
#6725=FACE_BOUND('',#6255,.T.);
#6726=FACE_BOUND('',#6256,.T.);
#6727=FACE_BOUND('',#6257,.T.);
#6728=FACE_BOUND('',#6258,.T.);
#6729=FACE_BOUND('',#6259,.T.);
#6730=FACE_BOUND('',#6260,.T.);
#6731=FACE_BOUND('',#6261,.T.);
#6732=FACE_BOUND('',#6262,.T.);
#6733=FACE_BOUND('',#6263,.T.);
#6734=FACE_BOUND('',#6264,.T.);
#6735=FACE_BOUND('',#6265,.T.);
#6736=FACE_BOUND('',#6266,.T.);
#6737=FACE_BOUND('',#6267,.T.);
#6738=FACE_BOUND('',#6268,.T.);
#6739=FACE_BOUND('',#6269,.T.);
#6740=FACE_BOUND('',#6270,.T.);
#6741=FACE_BOUND('',#6271,.T.);
#6742=FACE_BOUND('',#6272,.T.);
#6743=FACE_BOUND('',#6273,.T.);
#6744=FACE_BOUND('',#6274,.T.);
#6745=FACE_BOUND('',#6275,.T.);
#6746=FACE_BOUND('',#6276,.T.);
#6747=FACE_BOUND('',#6277,.T.);
#6748=FACE_BOUND('',#6278,.T.);
#6749=FACE_BOUND('',#6279,.T.);
#6750=FACE_BOUND('',#6280,.T.);
#6751=FACE_BOUND('',#6281,.T.);
#6752=FACE_BOUND('',#6282,.T.);
#6753=FACE_BOUND('',#6283,.T.);
#6754=FACE_BOUND('',#6284,.T.);
#6755=FACE_BOUND('',#6285,.T.);
#6756=FACE_BOUND('',#6286,.T.);
#6757=FACE_BOUND('',#6287,.T.);
#6758=FACE_BOUND('',#6288,.T.);
#6759=FACE_BOUND('',#6289,.T.);
#6760=FACE_BOUND('',#6290,.T.);
#6761=FACE_BOUND('',#6291,.T.);
#6762=FACE_BOUND('',#6292,.T.);
#6763=FACE_BOUND('',#6293,.T.);
#6764=FACE_BOUND('',#6294,.T.);
#6765=FACE_BOUND('',#6295,.T.);
#6766=FACE_BOUND('',#6296,.T.);
#6767=FACE_BOUND('',#6297,.T.);
#6768=FACE_BOUND('',#6298,.T.);
#6769=FACE_BOUND('',#6299,.T.);
#6770=FACE_BOUND('',#6300,.T.);
#6771=FACE_BOUND('',#6301,.T.);
#6772=FACE_BOUND('',#6302,.T.);
#6773=FACE_BOUND('',#6303,.T.);
#6774=FACE_BOUND('',#6304,.T.);
#6775=FACE_BOUND('',#6305,.T.);
#6776=FACE_BOUND('',#6306,.T.);
#6777=FACE_BOUND('',#6307,.T.);
#6778=FACE_BOUND('',#6308,.T.);
#6779=FACE_BOUND('',#6309,.T.);
#6780=FACE_BOUND('',#6310,.T.);
#6781=FACE_BOUND('',#6311,.T.);
#6782=FACE_BOUND('',#6312,.T.);
#6783=FACE_BOUND('',#6313,.T.);
#6784=FACE_BOUND('',#6314,.T.);
#6785=FACE_BOUND('',#6315,.T.);
#6786=FACE_BOUND('',#6316,.T.);
#6787=FACE_BOUND('',#6317,.T.);
#6788=FACE_BOUND('',#6318,.T.);
#6789=FACE_BOUND('',#6319,.T.);
#6790=FACE_BOUND('',#6320,.T.);
#6791=FACE_BOUND('',#6321,.T.);
#6792=FACE_BOUND('',#6322,.T.);
#6793=FACE_BOUND('',#6323,.T.);
#6794=FACE_BOUND('',#6324,.T.);
#6795=FACE_BOUND('',#6325,.T.);
#6796=FACE_BOUND('',#6326,.T.);
#6797=FACE_BOUND('',#6327,.T.);
#6798=FACE_BOUND('',#6328,.T.);
#6799=FACE_BOUND('',#6329,.T.);
#6800=FACE_BOUND('',#6330,.T.);
#6801=FACE_BOUND('',#6331,.T.);
#6802=FACE_BOUND('',#6332,.T.);
#6803=FACE_BOUND('',#6333,.T.);
#6804=FACE_BOUND('',#6334,.T.);
#6805=FACE_BOUND('',#6335,.T.);
#6806=FACE_BOUND('',#6336,.T.);
#6807=FACE_BOUND('',#6337,.T.);
#6808=FACE_BOUND('',#6338,.T.);
#6809=FACE_BOUND('',#6339,.T.);
#6810=FACE_BOUND('',#6340,.T.);
#6811=FACE_BOUND('',#6341,.T.);
#6812=FACE_BOUND('',#6342,.T.);
#6813=FACE_BOUND('',#6343,.T.);
#6814=FACE_BOUND('',#6344,.T.);
#6815=FACE_BOUND('',#6345,.T.);
#6816=FACE_BOUND('',#6346,.T.);
#6817=FACE_BOUND('',#6347,.T.);
#6818=FACE_BOUND('',#6348,.T.);
#6819=FACE_BOUND('',#6349,.T.);
#6820=FACE_BOUND('',#6350,.T.);
#6821=FACE_BOUND('',#6351,.T.);
#6822=FACE_BOUND('',#6352,.T.);
#6823=FACE_BOUND('',#6353,.T.);
#6824=FACE_BOUND('',#6354,.T.);
#6825=FACE_BOUND('',#6355,.T.);
#6826=FACE_BOUND('',#6356,.T.);
#6827=FACE_BOUND('',#6357,.T.);
#6828=FACE_BOUND('',#6358,.T.);
#6829=FACE_BOUND('',#6359,.T.);
#6830=FACE_BOUND('',#6360,.T.);
#6831=FACE_BOUND('',#6361,.T.);
#6832=FACE_BOUND('',#6362,.T.);
#6833=FACE_BOUND('',#6363,.T.);
#6834=FACE_BOUND('',#6364,.T.);
#6835=FACE_BOUND('',#6365,.T.);
#6836=FACE_BOUND('',#6366,.T.);
#6837=FACE_BOUND('',#6367,.T.);
#6838=FACE_BOUND('',#6368,.T.);
#6839=FACE_BOUND('',#6369,.T.);
#6840=FACE_BOUND('',#6370,.T.);
#6841=FACE_BOUND('',#6371,.T.);
#6842=FACE_BOUND('',#6372,.T.);
#6843=FACE_BOUND('',#6373,.T.);
#6844=FACE_BOUND('',#6374,.T.);
#6845=FACE_BOUND('',#6375,.T.);
#6846=FACE_BOUND('',#6376,.T.);
#6847=FACE_BOUND('',#6377,.T.);
#6848=FACE_BOUND('',#6378,.T.);
#6849=FACE_BOUND('',#6379,.T.);
#6850=FACE_BOUND('',#6380,.T.);
#6851=FACE_BOUND('',#6381,.T.);
#6852=FACE_BOUND('',#6382,.T.);
#6853=FACE_BOUND('',#6383,.T.);
#6854=FACE_BOUND('',#6384,.T.);
#6855=FACE_BOUND('',#6385,.T.);
#6856=FACE_BOUND('',#6386,.T.);
#6857=FACE_BOUND('',#6387,.T.);
#6858=FACE_BOUND('',#6388,.T.);
#6859=FACE_BOUND('',#6389,.T.);
#6860=FACE_BOUND('',#6390,.T.);
#6861=FACE_BOUND('',#6391,.T.);
#6862=FACE_BOUND('',#6392,.T.);
#6863=FACE_BOUND('',#6393,.T.);
#6864=PLANE('',#7554);
#6865=PLANE('',#7555);
#6866=PLANE('',#7556);
#6867=PLANE('',#7557);
#6868=PLANE('',#7558);
#6869=PLANE('',#7559);
#6870=PLANE('',#7561);
#6871=PLANE('',#7562);
#6872=PLANE('',#7563);
#6873=PLANE('',#7564);
#6874=PLANE('',#7565);
#6875=PLANE('',#7566);
#6876=PLANE('',#7568);
#6877=PLANE('',#7569);
#6878=PLANE('',#7572);
#6879=PLANE('',#7573);
#6880=PLANE('',#7574);
#6881=PLANE('',#7575);
#6882=PLANE('',#7580);
#6883=PLANE('',#7584);
#6884=PLANE('',#7585);
#6885=PLANE('',#7586);
#6886=PLANE('',#7587);
#6887=PLANE('',#7588);
#6888=PLANE('',#7590);
#6889=PLANE('',#7592);
#6890=PLANE('',#7594);
#6891=PLANE('',#7595);
#6892=PLANE('',#7596);
#6893=PLANE('',#7597);
#6894=PLANE('',#7598);
#6895=PLANE('',#7599);
#6896=PLANE('',#7600);
#6897=PLANE('',#7601);
#6898=PLANE('',#7602);
#6899=PLANE('',#7603);
#6900=PLANE('',#7604);
#6901=PLANE('',#7605);
#6902=PLANE('',#7606);
#6903=PLANE('',#7607);
#6904=PLANE('',#7608);
#6905=PLANE('',#7609);
#6906=PLANE('',#7610);
#6907=PLANE('',#7611);
#6908=PLANE('',#7612);
#6909=PLANE('',#7613);
#6910=PLANE('',#7614);
#6911=PLANE('',#7615);
#6912=PLANE('',#7617);
#6913=PLANE('',#7620);
#6914=PLANE('',#7623);
#6915=PLANE('',#7626);
#6916=PLANE('',#7629);
#6917=PLANE('',#7632);
#6918=PLANE('',#7634);
#6919=PLANE('',#7635);
#6920=PLANE('',#7636);
#6921=PLANE('',#7637);
#6922=PLANE('',#7641);
#6923=PLANE('',#7642);
#6924=PLANE('',#7644);
#6925=PLANE('',#7645);
#6926=PLANE('',#7646);
#6927=PLANE('',#7650);
#6928=PLANE('',#7651);
#6929=PLANE('',#7652);
#6930=PLANE('',#7654);
#6931=PLANE('',#7682);
#6932=PLANE('',#7683);
#6933=PLANE('',#7684);
#6934=PLANE('',#7685);
#6935=PLANE('',#7686);
#6936=PLANE('',#7687);
#6937=PLANE('',#7696);
#6938=PLANE('',#7697);
#6939=PLANE('',#7698);
#6940=PLANE('',#7699);
#6941=PLANE('',#7700);
#6942=PLANE('',#7701);
#6943=PLANE('',#7706);
#6944=PLANE('',#7707);
#6945=PLANE('',#7708);
#6946=PLANE('',#7709);
#6947=PLANE('',#7710);
#6948=PLANE('',#7711);
#6949=PLANE('',#7712);
#6950=PLANE('',#7713);
#6951=PLANE('',#7714);
#6952=PLANE('',#7715);
#6953=PLANE('',#7716);
#6954=PLANE('',#7719);
#6955=PLANE('',#7720);
#6956=PLANE('',#7721);
#6957=PLANE('',#7722);
#6958=PLANE('',#7723);
#6959=PLANE('',#7724);
#6960=PLANE('',#7725);
#6961=PLANE('',#7726);
#6962=PLANE('',#7727);
#6963=PLANE('',#7728);
#6964=PLANE('',#7729);
#6965=PLANE('',#7732);
#6966=PLANE('',#7733);
#6967=PLANE('',#7734);
#6968=PLANE('',#7737);
#6969=PLANE('',#7740);
#6970=PLANE('',#7741);
#6971=PLANE('',#7742);
#6972=PLANE('',#7743);
#6973=PLANE('',#7744);
#6974=PLANE('',#7745);
#6975=PLANE('',#7746);
#6976=PLANE('',#7747);
#6977=PLANE('',#7748);
#6978=PLANE('',#7749);
#6979=PLANE('',#7750);
#6980=PLANE('',#7751);
#6981=PLANE('',#7752);
#6982=PLANE('',#7753);
#6983=PLANE('',#7754);
#6984=PLANE('',#7755);
#6985=PLANE('',#7756);
#6986=PLANE('',#7757);
#6987=PLANE('',#7758);
#6988=PLANE('',#7763);
#6989=PLANE('',#7764);
#6990=PLANE('',#7765);
#6991=PLANE('',#7766);
#6992=PLANE('',#7767);
#6993=PLANE('',#7768);
#6994=PLANE('',#7769);
#6995=PLANE('',#7770);
#6996=PLANE('',#7775);
#6997=PLANE('',#7776);
#6998=PLANE('',#7777);
#6999=PLANE('',#7778);
#7000=PLANE('',#7779);
#7001=PLANE('',#7784);
#7002=PLANE('',#7785);
#7003=PLANE('',#7786);
#7004=PLANE('',#7787);
#7005=PLANE('',#7788);
#7006=PLANE('',#7789);
#7007=PLANE('',#7790);
#7008=PLANE('',#7791);
#7009=PLANE('',#7792);
#7010=PLANE('',#7793);
#7011=PLANE('',#7794);
#7012=PLANE('',#7797);
#7013=PLANE('',#7798);
#7014=PLANE('',#7799);
#7015=PLANE('',#7800);
#7016=PLANE('',#7805);
#7017=PLANE('',#7806);
#7018=PLANE('',#7807);
#7019=PLANE('',#7808);
#7020=PLANE('',#7809);
#7021=PLANE('',#7810);
#7022=PLANE('',#7811);
#7023=PLANE('',#7812);
#7024=PLANE('',#7813);
#7025=PLANE('',#7814);
#7026=PLANE('',#7815);
#7027=PLANE('',#7816);
#7028=PLANE('',#7817);
#7029=PLANE('',#7818);
#7030=PLANE('',#7819);
#7031=PLANE('',#7820);
#7032=PLANE('',#7821);
#7033=PLANE('',#7824);
#7034=PLANE('',#7825);
#7035=PLANE('',#7826);
#7036=PLANE('',#7827);
#7037=PLANE('',#7828);
#7038=PLANE('',#7829);
#7039=PLANE('',#7832);
#7040=PLANE('',#7835);
#7041=PLANE('',#7836);
#7042=PLANE('',#7837);
#7043=PLANE('',#7838);
#7044=PLANE('',#7839);
#7045=PLANE('',#7840);
#7046=PLANE('',#7841);
#7047=PLANE('',#7842);
#7048=PLANE('',#7843);
#7049=PLANE('',#7844);
#7050=PLANE('',#7845);
#7051=PLANE('',#7850);
#7052=PLANE('',#7851);
#7053=PLANE('',#7852);
#7054=PLANE('',#7853);
#7055=PLANE('',#7854);
#7056=PLANE('',#7855);
#7057=PLANE('',#7856);
#7058=PLANE('',#7857);
#7059=PLANE('',#7862);
#7060=PLANE('',#7865);
#7061=PLANE('',#7866);
#7062=PLANE('',#7867);
#7063=PLANE('',#7868);
#7064=PLANE('',#7869);
#7065=PLANE('',#7870);
#7066=PLANE('',#7871);
#7067=PLANE('',#7872);
#7068=PLANE('',#7873);
#7069=PLANE('',#7874);
#7070=PLANE('',#7876);
#7071=PLANE('',#7877);
#7072=PLANE('',#7878);
#7073=PLANE('',#7882);
#7074=PLANE('',#7883);
#7075=PLANE('',#7884);
#7076=ADVANCED_FACE('',(#6394),#6864,.T.);
#7077=ADVANCED_FACE('',(#6395),#6865,.F.);
#7078=ADVANCED_FACE('',(#6396),#6866,.F.);
#7079=ADVANCED_FACE('',(#6397),#6867,.T.);
#7080=ADVANCED_FACE('',(#6398),#6868,.T.);
#7081=ADVANCED_FACE('',(#6399),#6869,.F.);
#7082=ADVANCED_FACE('',(#6400),#6870,.T.);
#7083=ADVANCED_FACE('',(#6401),#6871,.F.);
#7084=ADVANCED_FACE('',(#6402),#6872,.F.);
#7085=ADVANCED_FACE('',(#6403),#6873,.T.);
#7086=ADVANCED_FACE('',(#6404),#6874,.F.);
#7087=ADVANCED_FACE('',(#6405,#6406),#6875,.T.);
#7088=ADVANCED_FACE('',(#6407),#6876,.T.);
#7089=ADVANCED_FACE('',(#6408),#6877,.F.);
#7090=ADVANCED_FACE('',(#6409,#6410),#478,.F.);
#7091=ADVANCED_FACE('',(#6411),#6878,.T.);
#7092=ADVANCED_FACE('',(#6412,#6413),#6879,.T.);
#7093=ADVANCED_FACE('',(#6414),#6880,.F.);
#7094=ADVANCED_FACE('',(#6415,#6416,#6417,#6418,#6419,#6420),#6881,.T.);
#7095=ADVANCED_FACE('',(#6421),#6882,.T.);
#7096=ADVANCED_FACE('',(#6422,#6423),#479,.F.);
#7097=ADVANCED_FACE('',(#6424),#6883,.T.);
#7098=ADVANCED_FACE('',(#6425,#6426),#6884,.T.);
#7099=ADVANCED_FACE('',(#6427),#6885,.F.);
#7100=ADVANCED_FACE('',(#6428),#6886,.F.);
#7101=ADVANCED_FACE('',(#6429),#6887,.T.);
#7102=ADVANCED_FACE('',(#6430,#6431),#6888,.T.);
#7103=ADVANCED_FACE('',(#6432),#6889,.T.);
#7104=ADVANCED_FACE('',(#6433,#6434),#480,.F.);
#7105=ADVANCED_FACE('',(#6435),#6890,.F.);
#7106=ADVANCED_FACE('',(#6436),#6891,.T.);
#7107=ADVANCED_FACE('',(#6437),#6892,.F.);
#7108=ADVANCED_FACE('',(#6438),#6893,.F.);
#7109=ADVANCED_FACE('',(#6439),#6894,.T.);
#7110=ADVANCED_FACE('',(#6440),#6895,.T.);
#7111=ADVANCED_FACE('',(#6441),#6896,.F.);
#7112=ADVANCED_FACE('',(#6442),#6897,.T.);
#7113=ADVANCED_FACE('',(#6443),#6898,.T.);
#7114=ADVANCED_FACE('',(#6444),#6899,.T.);
#7115=ADVANCED_FACE('',(#6445),#6900,.F.);
#7116=ADVANCED_FACE('',(#6446),#6901,.T.);
#7117=ADVANCED_FACE('',(#6447),#6902,.F.);
#7118=ADVANCED_FACE('',(#6448),#6903,.T.);
#7119=ADVANCED_FACE('',(#6449),#6904,.T.);
#7120=ADVANCED_FACE('',(#6450),#6905,.T.);
#7121=ADVANCED_FACE('',(#6451),#6906,.F.);
#7122=ADVANCED_FACE('',(#6452),#6907,.F.);
#7123=ADVANCED_FACE('',(#6453),#6908,.T.);
#7124=ADVANCED_FACE('',(#6454),#6909,.F.);
#7125=ADVANCED_FACE('',(#6455),#6910,.T.);
#7126=ADVANCED_FACE('',(#6456,#6457),#6911,.T.);
#7127=ADVANCED_FACE('',(#6458),#6912,.F.);
#7128=ADVANCED_FACE('',(#6459,#6460),#481,.F.);
#7129=ADVANCED_FACE('',(#6461),#6913,.T.);
#7130=ADVANCED_FACE('',(#6462,#6463),#482,.F.);
#7131=ADVANCED_FACE('',(#6464),#6914,.T.);
#7132=ADVANCED_FACE('',(#6465,#6466),#483,.F.);
#7133=ADVANCED_FACE('',(#6467),#6915,.T.);
#7134=ADVANCED_FACE('',(#6468,#6469),#484,.F.);
#7135=ADVANCED_FACE('',(#6470),#6916,.T.);
#7136=ADVANCED_FACE('',(#6471,#6472),#485,.F.);
#7137=ADVANCED_FACE('',(#6473),#6917,.T.);
#7138=ADVANCED_FACE('',(#6474),#6918,.T.);
#7139=ADVANCED_FACE('',(#6475),#6919,.F.);
#7140=ADVANCED_FACE('',(#6476),#6920,.F.);
#7141=ADVANCED_FACE('',(#6477),#6921,.T.);
#7142=ADVANCED_FACE('',(#6478,#6479),#486,.F.);
#7143=ADVANCED_FACE('',(#6480,#6481),#6922,.T.);
#7144=ADVANCED_FACE('',(#6482,#6483),#6923,.F.);
#7145=ADVANCED_FACE('',(#6484),#6924,.T.);
#7146=ADVANCED_FACE('',(#6485),#6925,.F.);
#7147=ADVANCED_FACE('',(#6486),#6926,.F.);
#7148=ADVANCED_FACE('',(#6487,#6488),#487,.F.);
#7149=ADVANCED_FACE('',(#6489),#6927,.T.);
#7150=ADVANCED_FACE('',(#6490,#6491),#6928,.T.);
#7151=ADVANCED_FACE('',(#6492,#6493),#6929,.F.);
#7152=ADVANCED_FACE('',(#6494,#6495,#6496,#6497,#6498,#6499,#6500,#6501,
#6502,#6503,#6504,#6505,#6506,#6507,#6508,#6509,#6510,#6511,#6512,#6513,
#6514,#6515),#6930,.T.);
#7153=ADVANCED_FACE('',(#6516),#6931,.T.);
#7154=ADVANCED_FACE('',(#6517),#6932,.F.);
#7155=ADVANCED_FACE('',(#6518),#6933,.F.);
#7156=ADVANCED_FACE('',(#6519),#6934,.T.);
#7157=ADVANCED_FACE('',(#6520),#6935,.F.);
#7158=ADVANCED_FACE('',(#6521),#6936,.F.);
#7159=ADVANCED_FACE('',(#6522,#6523),#488,.F.);
#7160=ADVANCED_FACE('',(#6524,#6525),#489,.F.);
#7161=ADVANCED_FACE('',(#6526,#6527),#490,.F.);
#7162=ADVANCED_FACE('',(#6528,#6529),#491,.F.);
#7163=ADVANCED_FACE('',(#6530),#6937,.T.);
#7164=ADVANCED_FACE('',(#6531),#6938,.T.);
#7165=ADVANCED_FACE('',(#6532,#6533,#6534,#6535,#6536,#6537),#6939,.F.);
#7166=ADVANCED_FACE('',(#6538),#6940,.T.);
#7167=ADVANCED_FACE('',(#6539),#6941,.T.);
#7168=ADVANCED_FACE('',(#6540),#6942,.T.);
#7169=ADVANCED_FACE('',(#6541),#10,.T.);
#7170=ADVANCED_FACE('',(#6542),#11,.T.);
#7171=ADVANCED_FACE('',(#6543),#492,.T.);
#7172=ADVANCED_FACE('',(#6544),#493,.T.);
#7173=ADVANCED_FACE('',(#6545),#6943,.T.);
#7174=ADVANCED_FACE('',(#6546),#6944,.T.);
#7175=ADVANCED_FACE('',(#6547),#6945,.T.);
#7176=ADVANCED_FACE('',(#6548),#6946,.T.);
#7177=ADVANCED_FACE('',(#6549),#6947,.T.);
#7178=ADVANCED_FACE('',(#6550),#6948,.T.);
#7179=ADVANCED_FACE('',(#6551),#12,.T.);
#7180=ADVANCED_FACE('',(#6552),#13,.T.);
#7181=ADVANCED_FACE('',(#6553),#14,.T.);
#7182=ADVANCED_FACE('',(#6554),#15,.T.);
#7183=ADVANCED_FACE('',(#6555),#6949,.T.);
#7184=ADVANCED_FACE('',(#6556),#6950,.T.);
#7185=ADVANCED_FACE('',(#6557),#6951,.T.);
#7186=ADVANCED_FACE('',(#6558),#6952,.T.);
#7187=ADVANCED_FACE('',(#6559),#6953,.T.);
#7188=ADVANCED_FACE('',(#6560),#494,.T.);
#7189=ADVANCED_FACE('',(#6561),#6954,.T.);
#7190=ADVANCED_FACE('',(#6562),#6955,.T.);
#7191=ADVANCED_FACE('',(#6563),#6956,.T.);
#7192=ADVANCED_FACE('',(#6564),#6957,.T.);
#7193=ADVANCED_FACE('',(#6565),#6958,.T.);
#7194=ADVANCED_FACE('',(#6566),#6959,.T.);
#7195=ADVANCED_FACE('',(#6567),#6960,.T.);
#7196=ADVANCED_FACE('',(#6568),#6961,.T.);
#7197=ADVANCED_FACE('',(#6569),#6962,.T.);
#7198=ADVANCED_FACE('',(#6570),#6963,.T.);
#7199=ADVANCED_FACE('',(#6571),#6964,.T.);
#7200=ADVANCED_FACE('',(#6572),#495,.T.);
#7201=ADVANCED_FACE('',(#6573),#6965,.T.);
#7202=ADVANCED_FACE('',(#6574),#6966,.T.);
#7203=ADVANCED_FACE('',(#6575),#16,.T.);
#7204=ADVANCED_FACE('',(#6576),#17,.T.);
#7205=ADVANCED_FACE('',(#6577),#18,.T.);
#7206=ADVANCED_FACE('',(#6578),#6967,.T.);
#7207=ADVANCED_FACE('',(#6579),#19,.T.);
#7208=ADVANCED_FACE('',(#6580),#20,.T.);
#7209=ADVANCED_FACE('',(#6581),#496,.T.);
#7210=ADVANCED_FACE('',(#6582),#6968,.T.);
#7211=ADVANCED_FACE('',(#6583),#497,.F.);
#7212=ADVANCED_FACE('',(#6584),#21,.T.);
#7213=ADVANCED_FACE('',(#6585),#22,.T.);
#7214=ADVANCED_FACE('',(#6586),#6969,.T.);
#7215=ADVANCED_FACE('',(#6587),#6970,.T.);
#7216=ADVANCED_FACE('',(#6588),#23,.T.);
#7217=ADVANCED_FACE('',(#6589),#24,.T.);
#7218=ADVANCED_FACE('',(#6590),#25,.T.);
#7219=ADVANCED_FACE('',(#6591),#26,.T.);
#7220=ADVANCED_FACE('',(#6592),#27,.T.);
#7221=ADVANCED_FACE('',(#6593),#28,.T.);
#7222=ADVANCED_FACE('',(#6594,#6595),#6971,.T.);
#7223=ADVANCED_FACE('',(#6596),#6972,.T.);
#7224=ADVANCED_FACE('',(#6597),#6973,.T.);
#7225=ADVANCED_FACE('',(#6598),#6974,.T.);
#7226=ADVANCED_FACE('',(#6599),#6975,.T.);
#7227=ADVANCED_FACE('',(#6600),#6976,.T.);
#7228=ADVANCED_FACE('',(#6601),#6977,.T.);
#7229=ADVANCED_FACE('',(#6602),#6978,.T.);
#7230=ADVANCED_FACE('',(#6603),#6979,.T.);
#7231=ADVANCED_FACE('',(#6604),#6980,.T.);
#7232=ADVANCED_FACE('',(#6605),#6981,.T.);
#7233=ADVANCED_FACE('',(#6606),#6982,.T.);
#7234=ADVANCED_FACE('',(#6607),#29,.T.);
#7235=ADVANCED_FACE('',(#6608),#30,.T.);
#7236=ADVANCED_FACE('',(#6609),#31,.T.);
#7237=ADVANCED_FACE('',(#6610),#32,.T.);
#7238=ADVANCED_FACE('',(#6611),#33,.T.);
#7239=ADVANCED_FACE('',(#6612),#34,.T.);
#7240=ADVANCED_FACE('',(#6613),#35,.T.);
#7241=ADVANCED_FACE('',(#6614),#36,.T.);
#7242=ADVANCED_FACE('',(#6615),#37,.T.);
#7243=ADVANCED_FACE('',(#6616),#38,.T.);
#7244=ADVANCED_FACE('',(#6617),#39,.T.);
#7245=ADVANCED_FACE('',(#6618),#40,.T.);
#7246=ADVANCED_FACE('',(#6619),#41,.T.);
#7247=ADVANCED_FACE('',(#6620),#42,.T.);
#7248=ADVANCED_FACE('',(#6621),#43,.T.);
#7249=ADVANCED_FACE('',(#6622),#44,.T.);
#7250=ADVANCED_FACE('',(#6623),#45,.T.);
#7251=ADVANCED_FACE('',(#6624,#6625),#6983,.T.);
#7252=ADVANCED_FACE('',(#6626),#46,.T.);
#7253=ADVANCED_FACE('',(#6627),#47,.T.);
#7254=ADVANCED_FACE('',(#6628),#48,.T.);
#7255=ADVANCED_FACE('',(#6629),#49,.T.);
#7256=ADVANCED_FACE('',(#6630),#50,.T.);
#7257=ADVANCED_FACE('',(#6631),#51,.T.);
#7258=ADVANCED_FACE('',(#6632),#52,.T.);
#7259=ADVANCED_FACE('',(#6633),#53,.T.);
#7260=ADVANCED_FACE('',(#6634),#54,.T.);
#7261=ADVANCED_FACE('',(#6635),#55,.T.);
#7262=ADVANCED_FACE('',(#6636),#56,.T.);
#7263=ADVANCED_FACE('',(#6637),#57,.T.);
#7264=ADVANCED_FACE('',(#6638),#58,.T.);
#7265=ADVANCED_FACE('',(#6639),#59,.T.);
#7266=ADVANCED_FACE('',(#6640),#60,.T.);
#7267=ADVANCED_FACE('',(#6641),#61,.T.);
#7268=ADVANCED_FACE('',(#6642),#62,.T.);
#7269=ADVANCED_FACE('',(#6643,#6644),#6984,.T.);
#7270=ADVANCED_FACE('',(#6645),#6985,.T.);
#7271=ADVANCED_FACE('',(#6646),#6986,.T.);
#7272=ADVANCED_FACE('',(#6647),#6987,.T.);
#7273=ADVANCED_FACE('',(#6648),#63,.T.);
#7274=ADVANCED_FACE('',(#6649),#64,.T.);
#7275=ADVANCED_FACE('',(#6650),#498,.T.);
#7276=ADVANCED_FACE('',(#6651),#499,.T.);
#7277=ADVANCED_FACE('',(#6652),#6988,.T.);
#7278=ADVANCED_FACE('',(#6653),#6989,.T.);
#7279=ADVANCED_FACE('',(#6654),#6990,.T.);
#7280=ADVANCED_FACE('',(#6655),#6991,.T.);
#7281=ADVANCED_FACE('',(#6656),#6992,.T.);
#7282=ADVANCED_FACE('',(#6657),#6993,.T.);
#7283=ADVANCED_FACE('',(#6658),#65,.T.);
#7284=ADVANCED_FACE('',(#6659),#66,.T.);
#7285=ADVANCED_FACE('',(#6660),#67,.T.);
#7286=ADVANCED_FACE('',(#6661),#68,.T.);
#7287=ADVANCED_FACE('',(#6662),#6994,.T.);
#7288=ADVANCED_FACE('',(#6663),#69,.T.);
#7289=ADVANCED_FACE('',(#6664),#70,.T.);
#7290=ADVANCED_FACE('',(#6665),#71,.T.);
#7291=ADVANCED_FACE('',(#6666),#72,.T.);
#7292=ADVANCED_FACE('',(#6667),#73,.T.);
#7293=ADVANCED_FACE('',(#6668),#74,.T.);
#7294=ADVANCED_FACE('',(#6669),#75,.T.);
#7295=ADVANCED_FACE('',(#6670),#76,.T.);
#7296=ADVANCED_FACE('',(#6671),#77,.T.);
#7297=ADVANCED_FACE('',(#6672),#6995,.T.);
#7298=ADVANCED_FACE('',(#6673),#78,.T.);
#7299=ADVANCED_FACE('',(#6674),#79,.T.);
#7300=ADVANCED_FACE('',(#6675),#80,.T.);
#7301=ADVANCED_FACE('',(#6676),#81,.T.);
#7302=ADVANCED_FACE('',(#6677),#82,.T.);
#7303=ADVANCED_FACE('',(#6678),#83,.T.);
#7304=ADVANCED_FACE('',(#6679),#84,.T.);
#7305=ADVANCED_FACE('',(#6680),#85,.T.);
#7306=ADVANCED_FACE('',(#6681),#86,.T.);
#7307=ADVANCED_FACE('',(#6682),#87,.T.);
#7308=ADVANCED_FACE('',(#6683),#500,.F.);
#7309=ADVANCED_FACE('',(#6684),#501,.F.);
#7310=ADVANCED_FACE('',(#6685),#6996,.T.);
#7311=ADVANCED_FACE('',(#6686),#88,.T.);
#7312=ADVANCED_FACE('',(#6687),#89,.T.);
#7313=ADVANCED_FACE('',(#6688),#6997,.T.);
#7314=ADVANCED_FACE('',(#6689),#6998,.T.);
#7315=ADVANCED_FACE('',(#6690),#6999,.T.);
#7316=ADVANCED_FACE('',(#6691),#7000,.T.);
#7317=ADVANCED_FACE('',(#6692),#90,.T.);
#7318=ADVANCED_FACE('',(#6693),#91,.T.);
#7319=ADVANCED_FACE('',(#6694),#502,.T.);
#7320=ADVANCED_FACE('',(#6695),#503,.T.);
#7321=ADVANCED_FACE('',(#6696),#7001,.T.);
#7322=ADVANCED_FACE('',(#6697),#7002,.T.);
#7323=ADVANCED_FACE('',(#6698),#7003,.T.);
#7324=ADVANCED_FACE('',(#6699),#7004,.T.);
#7325=ADVANCED_FACE('',(#6700),#7005,.T.);
#7326=ADVANCED_FACE('',(#6701),#7006,.T.);
#7327=ADVANCED_FACE('',(#6702),#92,.T.);
#7328=ADVANCED_FACE('',(#6703),#93,.T.);
#7329=ADVANCED_FACE('',(#6704),#94,.T.);
#7330=ADVANCED_FACE('',(#6705),#95,.T.);
#7331=ADVANCED_FACE('',(#6706),#7007,.T.);
#7332=ADVANCED_FACE('',(#6707),#7008,.T.);
#7333=ADVANCED_FACE('',(#6708),#7009,.T.);
#7334=ADVANCED_FACE('',(#6709),#7010,.T.);
#7335=ADVANCED_FACE('',(#6710),#7011,.T.);
#7336=ADVANCED_FACE('',(#6711),#96,.T.);
#7337=ADVANCED_FACE('',(#6712),#504,.T.);
#7338=ADVANCED_FACE('',(#6713),#7012,.T.);
#7339=ADVANCED_FACE('',(#6714),#97,.T.);
#7340=ADVANCED_FACE('',(#6715),#7013,.T.);
#7341=ADVANCED_FACE('',(#6716),#7014,.T.);
#7342=ADVANCED_FACE('',(#6717),#7015,.T.);
#7343=ADVANCED_FACE('',(#6718),#505,.T.);
#7344=ADVANCED_FACE('',(#6719),#506,.T.);
#7345=ADVANCED_FACE('',(#6720),#7016,.T.);
#7346=ADVANCED_FACE('',(#6721),#98,.T.);
#7347=ADVANCED_FACE('',(#6722),#7017,.T.);
#7348=ADVANCED_FACE('',(#6723),#7018,.T.);
#7349=ADVANCED_FACE('',(#6724),#7019,.T.);
#7350=ADVANCED_FACE('',(#6725),#7020,.T.);
#7351=ADVANCED_FACE('',(#6726),#7021,.T.);
#7352=ADVANCED_FACE('',(#6727),#99,.T.);
#7353=ADVANCED_FACE('',(#6728),#7022,.T.);
#7354=ADVANCED_FACE('',(#6729),#100,.T.);
#7355=ADVANCED_FACE('',(#6730),#7023,.T.);
#7356=ADVANCED_FACE('',(#6731),#101,.T.);
#7357=ADVANCED_FACE('',(#6732),#102,.T.);
#7358=ADVANCED_FACE('',(#6733),#103,.T.);
#7359=ADVANCED_FACE('',(#6734),#104,.T.);
#7360=ADVANCED_FACE('',(#6735),#105,.T.);
#7361=ADVANCED_FACE('',(#6736),#106,.T.);
#7362=ADVANCED_FACE('',(#6737),#107,.T.);
#7363=ADVANCED_FACE('',(#6738),#108,.T.);
#7364=ADVANCED_FACE('',(#6739),#109,.T.);
#7365=ADVANCED_FACE('',(#6740),#110,.T.);
#7366=ADVANCED_FACE('',(#6741),#111,.T.);
#7367=ADVANCED_FACE('',(#6742),#112,.T.);
#7368=ADVANCED_FACE('',(#6743),#113,.T.);
#7369=ADVANCED_FACE('',(#6744),#114,.T.);
#7370=ADVANCED_FACE('',(#6745),#115,.T.);
#7371=ADVANCED_FACE('',(#6746),#116,.T.);
#7372=ADVANCED_FACE('',(#6747),#117,.T.);
#7373=ADVANCED_FACE('',(#6748,#6749),#7024,.T.);
#7374=ADVANCED_FACE('',(#6750),#118,.T.);
#7375=ADVANCED_FACE('',(#6751),#119,.T.);
#7376=ADVANCED_FACE('',(#6752),#120,.T.);
#7377=ADVANCED_FACE('',(#6753),#7025,.T.);
#7378=ADVANCED_FACE('',(#6754),#7026,.T.);
#7379=ADVANCED_FACE('',(#6755),#7027,.T.);
#7380=ADVANCED_FACE('',(#6756),#121,.T.);
#7381=ADVANCED_FACE('',(#6757),#122,.T.);
#7382=ADVANCED_FACE('',(#6758),#123,.T.);
#7383=ADVANCED_FACE('',(#6759),#7028,.T.);
#7384=ADVANCED_FACE('',(#6760),#7029,.T.);
#7385=ADVANCED_FACE('',(#6761),#7030,.T.);
#7386=ADVANCED_FACE('',(#6762),#124,.T.);
#7387=ADVANCED_FACE('',(#6763),#125,.T.);
#7388=ADVANCED_FACE('',(#6764,#6765),#7031,.T.);
#7389=ADVANCED_FACE('',(#6766),#126,.T.);
#7390=ADVANCED_FACE('',(#6767),#127,.T.);
#7391=ADVANCED_FACE('',(#6768),#128,.T.);
#7392=ADVANCED_FACE('',(#6769),#129,.T.);
#7393=ADVANCED_FACE('',(#6770),#130,.T.);
#7394=ADVANCED_FACE('',(#6771),#131,.T.);
#7395=ADVANCED_FACE('',(#6772),#132,.T.);
#7396=ADVANCED_FACE('',(#6773),#7032,.T.);
#7397=ADVANCED_FACE('',(#6774),#507,.T.);
#7398=ADVANCED_FACE('',(#6775),#133,.T.);
#7399=ADVANCED_FACE('',(#6776),#134,.T.);
#7400=ADVANCED_FACE('',(#6777),#135,.T.);
#7401=ADVANCED_FACE('',(#6778),#136,.T.);
#7402=ADVANCED_FACE('',(#6779),#137,.T.);
#7403=ADVANCED_FACE('',(#6780),#138,.T.);
#7404=ADVANCED_FACE('',(#6781),#7033,.T.);
#7405=ADVANCED_FACE('',(#6782),#7034,.T.);
#7406=ADVANCED_FACE('',(#6783),#7035,.T.);
#7407=ADVANCED_FACE('',(#6784),#7036,.T.);
#7408=ADVANCED_FACE('',(#6785),#7037,.T.);
#7409=ADVANCED_FACE('',(#6786),#7038,.T.);
#7410=ADVANCED_FACE('',(#6787),#508,.T.);
#7411=ADVANCED_FACE('',(#6788),#7039,.T.);
#7412=ADVANCED_FACE('',(#6789),#509,.T.);
#7413=ADVANCED_FACE('',(#6790),#139,.T.);
#7414=ADVANCED_FACE('',(#6791,#6792),#7040,.T.);
#7415=ADVANCED_FACE('',(#6793),#7041,.T.);
#7416=ADVANCED_FACE('',(#6794),#7042,.T.);
#7417=ADVANCED_FACE('',(#6795),#7043,.T.);
#7418=ADVANCED_FACE('',(#6796),#140,.T.);
#7419=ADVANCED_FACE('',(#6797),#141,.T.);
#7420=ADVANCED_FACE('',(#6798),#142,.T.);
#7421=ADVANCED_FACE('',(#6799),#143,.T.);
#7422=ADVANCED_FACE('',(#6800),#7044,.T.);
#7423=ADVANCED_FACE('',(#6801),#7045,.T.);
#7424=ADVANCED_FACE('',(#6802),#7046,.T.);
#7425=ADVANCED_FACE('',(#6803),#144,.T.);
#7426=ADVANCED_FACE('',(#6804),#145,.T.);
#7427=ADVANCED_FACE('',(#6805),#146,.T.);
#7428=ADVANCED_FACE('',(#6806),#147,.T.);
#7429=ADVANCED_FACE('',(#6807),#7047,.T.);
#7430=ADVANCED_FACE('',(#6808),#7048,.T.);
#7431=ADVANCED_FACE('',(#6809),#7049,.T.);
#7432=ADVANCED_FACE('',(#6810),#7050,.T.);
#7433=ADVANCED_FACE('',(#6811),#148,.T.);
#7434=ADVANCED_FACE('',(#6812),#149,.T.);
#7435=ADVANCED_FACE('',(#6813),#510,.T.);
#7436=ADVANCED_FACE('',(#6814),#511,.T.);
#7437=ADVANCED_FACE('',(#6815),#7051,.T.);
#7438=ADVANCED_FACE('',(#6816),#7052,.T.);
#7439=ADVANCED_FACE('',(#6817),#7053,.T.);
#7440=ADVANCED_FACE('',(#6818),#7054,.T.);
#7441=ADVANCED_FACE('',(#6819),#7055,.T.);
#7442=ADVANCED_FACE('',(#6820),#7056,.T.);
#7443=ADVANCED_FACE('',(#6821),#150,.T.);
#7444=ADVANCED_FACE('',(#6822),#151,.T.);
#7445=ADVANCED_FACE('',(#6823),#152,.T.);
#7446=ADVANCED_FACE('',(#6824),#153,.T.);
#7447=ADVANCED_FACE('',(#6825),#7057,.T.);
#7448=ADVANCED_FACE('',(#6826),#154,.T.);
#7449=ADVANCED_FACE('',(#6827),#155,.T.);
#7450=ADVANCED_FACE('',(#6828),#156,.T.);
#7451=ADVANCED_FACE('',(#6829),#7058,.T.);
#7452=ADVANCED_FACE('',(#6830),#157,.T.);
#7453=ADVANCED_FACE('',(#6831),#512,.T.);
#7454=ADVANCED_FACE('',(#6832),#513,.T.);
#7455=ADVANCED_FACE('',(#6833),#7059,.T.);
#7456=ADVANCED_FACE('',(#6834),#514,.F.);
#7457=ADVANCED_FACE('',(#6835),#158,.T.);
#7458=ADVANCED_FACE('',(#6836),#159,.T.);
#7459=ADVANCED_FACE('',(#6837),#7060,.T.);
#7460=ADVANCED_FACE('',(#6838),#7061,.T.);
#7461=ADVANCED_FACE('',(#6839),#160,.T.);
#7462=ADVANCED_FACE('',(#6840),#161,.T.);
#7463=ADVANCED_FACE('',(#6841),#162,.T.);
#7464=ADVANCED_FACE('',(#6842),#163,.T.);
#7465=ADVANCED_FACE('',(#6843),#164,.T.);
#7466=ADVANCED_FACE('',(#6844),#165,.T.);
#7467=ADVANCED_FACE('',(#6845,#6846),#7062,.T.);
#7468=ADVANCED_FACE('',(#6847),#7063,.T.);
#7469=ADVANCED_FACE('',(#6848),#7064,.T.);
#7470=ADVANCED_FACE('',(#6849),#7065,.T.);
#7471=ADVANCED_FACE('',(#6850),#7066,.T.);
#7472=ADVANCED_FACE('',(#6851),#7067,.T.);
#7473=ADVANCED_FACE('',(#6852),#7068,.T.);
#7474=ADVANCED_FACE('',(#6853),#7069,.T.);
#7475=ADVANCED_FACE('',(#6854),#7070,.T.);
#7476=ADVANCED_FACE('',(#6855),#7071,.F.);
#7477=ADVANCED_FACE('',(#6856),#7072,.F.);
#7478=ADVANCED_FACE('',(#6857,#6858),#515,.F.);
#7479=ADVANCED_FACE('',(#6859),#7073,.T.);
#7480=ADVANCED_FACE('',(#6860,#6861),#7074,.T.);
#7481=ADVANCED_FACE('',(#6862,#6863),#7075,.F.);
#7482=CLOSED_SHELL('',(#7076,#7077,#7078,#7079,#7080,#7081));
#7483=CLOSED_SHELL('',(#7082,#7083,#7084,#7085,#7086,#7087,#7088,#7089,
#7090,#7091,#7092,#7093,#7094,#7095,#7096,#7097,#7098,#7099,#7100,#7101,
#7102,#7103,#7104,#7105,#7106,#7107,#7108,#7109,#7110,#7111,#7112,#7113,
#7114,#7115,#7116,#7117,#7118,#7119,#7120,#7121,#7122,#7123,#7124,#7125,
#7126,#7127,#7128,#7129,#7130,#7131,#7132,#7133,#7134,#7135,#7136,#7137));
#7484=CLOSED_SHELL('',(#7138,#7139,#7140,#7141,#7142,#7143,#7144));
#7485=CLOSED_SHELL('',(#7145,#7146,#7147,#7148,#7149,#7150,#7151));
#7486=CLOSED_SHELL('',(#7152,#7153,#7154,#7155,#7156,#7157,#7158,#7159,
#7160,#7161,#7162,#7163,#7164,#7165,#7166,#7167,#7168,#7169,#7170,#7171,
#7172,#7173,#7174,#7175,#7176,#7177,#7178,#7179,#7180,#7181,#7182,#7183,
#7184,#7185,#7186,#7187,#7188,#7189,#7190,#7191,#7192,#7193,#7194,#7195,
#7196,#7197,#7198,#7199,#7200,#7201,#7202,#7203,#7204,#7205,#7206,#7207,
#7208,#7209,#7210,#7211,#7212,#7213,#7214,#7215,#7216,#7217,#7218,#7219,
#7220,#7221,#7222,#7223,#7224,#7225,#7226,#7227,#7228,#7229,#7230,#7231,
#7232,#7233,#7234,#7235,#7236,#7237,#7238,#7239,#7240,#7241,#7242,#7243,
#7244,#7245,#7246,#7247,#7248,#7249,#7250,#7251,#7252,#7253,#7254,#7255,
#7256,#7257,#7258,#7259,#7260,#7261,#7262,#7263,#7264,#7265,#7266,#7267,
#7268,#7269,#7270,#7271,#7272,#7273,#7274,#7275,#7276,#7277,#7278,#7279,
#7280,#7281,#7282,#7283,#7284,#7285,#7286,#7287,#7288,#7289,#7290,#7291,
#7292,#7293,#7294,#7295,#7296,#7297,#7298,#7299,#7300,#7301,#7302,#7303,
#7304,#7305,#7306,#7307,#7308,#7309,#7310,#7311,#7312,#7313,#7314,#7315,
#7316,#7317,#7318,#7319,#7320,#7321,#7322,#7323,#7324,#7325,#7326,#7327,
#7328,#7329,#7330,#7331,#7332,#7333,#7334,#7335,#7336,#7337,#7338,#7339,
#7340,#7341,#7342,#7343,#7344,#7345,#7346,#7347,#7348,#7349,#7350,#7351,
#7352,#7353,#7354,#7355,#7356,#7357,#7358,#7359,#7360,#7361,#7362,#7363,
#7364,#7365,#7366,#7367,#7368,#7369,#7370,#7371,#7372,#7373,#7374,#7375,
#7376,#7377,#7378,#7379,#7380,#7381,#7382,#7383,#7384,#7385,#7386,#7387,
#7388,#7389,#7390,#7391,#7392,#7393,#7394,#7395,#7396,#7397,#7398,#7399,
#7400,#7401,#7402,#7403,#7404,#7405,#7406,#7407,#7408,#7409,#7410,#7411,
#7412,#7413,#7414,#7415,#7416,#7417,#7418,#7419,#7420,#7421,#7422,#7423,
#7424,#7425,#7426,#7427,#7428,#7429,#7430,#7431,#7432,#7433,#7434,#7435,
#7436,#7437,#7438,#7439,#7440,#7441,#7442,#7443,#7444,#7445,#7446,#7447,
#7448,#7449,#7450,#7451,#7452,#7453,#7454,#7455,#7456,#7457,#7458,#7459,
#7460,#7461,#7462,#7463,#7464,#7465,#7466,#7467,#7468,#7469,#7470,#7471,
#7472,#7473,#7474));
#7487=CLOSED_SHELL('',(#7475,#7476,#7477,#7478,#7479,#7480,#7481));
#7488=STYLED_ITEM('',(#7494),#7535);
#7489=STYLED_ITEM('',(#7495),#7536);
#7490=STYLED_ITEM('',(#7496),#7537);
#7491=STYLED_ITEM('',(#7497),#7538);
#7492=STYLED_ITEM('',(#7498),#7539);
#7493=STYLED_ITEM('',(#7499),#7540);
#7494=PRESENTATION_STYLE_ASSIGNMENT((#7500));
#7495=PRESENTATION_STYLE_ASSIGNMENT((#7501));
#7496=PRESENTATION_STYLE_ASSIGNMENT((#7502));
#7497=PRESENTATION_STYLE_ASSIGNMENT((#7503));
#7498=PRESENTATION_STYLE_ASSIGNMENT((#7504));
#7499=PRESENTATION_STYLE_ASSIGNMENT((#7505));
#7500=SURFACE_STYLE_USAGE(.BOTH.,#7506);
#7501=SURFACE_STYLE_USAGE(.BOTH.,#7507);
#7502=SURFACE_STYLE_USAGE(.BOTH.,#7508);
#7503=SURFACE_STYLE_USAGE(.BOTH.,#7509);
#7504=SURFACE_STYLE_USAGE(.BOTH.,#7510);
#7505=SURFACE_STYLE_USAGE(.BOTH.,#7511);
#7506=SURFACE_SIDE_STYLE('',(#7512));
#7507=SURFACE_SIDE_STYLE('',(#7513));
#7508=SURFACE_SIDE_STYLE('',(#7514));
#7509=SURFACE_SIDE_STYLE('',(#7515));
#7510=SURFACE_SIDE_STYLE('',(#7516));
#7511=SURFACE_SIDE_STYLE('',(#7517));
#7512=SURFACE_STYLE_FILL_AREA(#7518);
#7513=SURFACE_STYLE_FILL_AREA(#7519);
#7514=SURFACE_STYLE_FILL_AREA(#7520);
#7515=SURFACE_STYLE_FILL_AREA(#7521);
#7516=SURFACE_STYLE_FILL_AREA(#7522);
#7517=SURFACE_STYLE_FILL_AREA(#7523);
#7518=FILL_AREA_STYLE('',(#7524));
#7519=FILL_AREA_STYLE('',(#7525));
#7520=FILL_AREA_STYLE('',(#7526));
#7521=FILL_AREA_STYLE('',(#7527));
#7522=FILL_AREA_STYLE('',(#7528));
#7523=FILL_AREA_STYLE('',(#7529));
#7524=FILL_AREA_STYLE_COLOUR('',#7530);
#7525=FILL_AREA_STYLE_COLOUR('',#7531);
#7526=FILL_AREA_STYLE_COLOUR('',#7531);
#7527=FILL_AREA_STYLE_COLOUR('',#7532);
#7528=FILL_AREA_STYLE_COLOUR('',#7533);
#7529=FILL_AREA_STYLE_COLOUR('',#7534);
#7530=COLOUR_RGB('',0.980392156862745,0.713725490196078,0.00392156862745098);
#7531=COLOUR_RGB('',0.768627450980392,0.886274509803922,0.952941176470588);
#7532=COLOUR_RGB('',0.917647058823529,0.917647058823529,0.917647058823529);
#7533=COLOUR_RGB('',0.615686274509804,0.811764705882353,0.929411764705882);
#7534=COLOUR_RGB('',0.972549019607843,0.529411764705882,0.00392156862745098);
#7535=MANIFOLD_SOLID_BREP('Part 5',#7482);
#7536=MANIFOLD_SOLID_BREP('Part 3',#7483);
#7537=MANIFOLD_SOLID_BREP('Part 7',#7484);
#7538=MANIFOLD_SOLID_BREP('Part 6',#7485);
#7539=MANIFOLD_SOLID_BREP('Part 9',#7486);
#7540=MANIFOLD_SOLID_BREP('Part 8',#7487);
#7541=SHAPE_DEFINITION_REPRESENTATION(#13199,#7547);
#7542=SHAPE_DEFINITION_REPRESENTATION(#13200,#7548);
#7543=SHAPE_DEFINITION_REPRESENTATION(#13201,#7549);
#7544=SHAPE_DEFINITION_REPRESENTATION(#13202,#7550);
#7545=SHAPE_DEFINITION_REPRESENTATION(#13203,#7551);
#7546=SHAPE_DEFINITION_REPRESENTATION(#13204,#7552);
#7547=SHAPE_REPRESENTATION('Part 5',(#7553),#13169);
#7548=SHAPE_REPRESENTATION('Part 3',(#7560),#13170);
#7549=SHAPE_REPRESENTATION('Part 7',(#7633),#13171);
#7550=SHAPE_REPRESENTATION('Part 6',(#7643),#13172);
#7551=SHAPE_REPRESENTATION('Part 9',(#7653),#13173);
#7552=SHAPE_REPRESENTATION('Part 8',(#7875),#13174);
#7553=AXIS2_PLACEMENT_3D('',#9235,#7885,#7886);
#7554=AXIS2_PLACEMENT_3D('',#9236,#7887,#7888);
#7555=AXIS2_PLACEMENT_3D('',#9245,#7893,#7894);
#7556=AXIS2_PLACEMENT_3D('',#9251,#7898,#7899);
#7557=AXIS2_PLACEMENT_3D('',#9257,#7903,#7904);
#7558=AXIS2_PLACEMENT_3D('',#9260,#7907,#7908);
#7559=AXIS2_PLACEMENT_3D('',#9261,#7909,#7910);
#7560=AXIS2_PLACEMENT_3D('',#9262,#7911,#7912);
#7561=AXIS2_PLACEMENT_3D('',#9263,#7913,#7914);
#7562=AXIS2_PLACEMENT_3D('',#9316,#7941,#7942);
#7563=AXIS2_PLACEMENT_3D('',#9327,#7949,#7950);
#7564=AXIS2_PLACEMENT_3D('',#9335,#7955,#7956);
#7565=AXIS2_PLACEMENT_3D('',#9350,#7965,#7966);
#7566=AXIS2_PLACEMENT_3D('',#9354,#7969,#7970);
#7567=AXIS2_PLACEMENT_3D('',#9355,#7971,#7972);
#7568=AXIS2_PLACEMENT_3D('',#9362,#7976,#7977);
#7569=AXIS2_PLACEMENT_3D('',#9364,#7979,#7980);
#7570=AXIS2_PLACEMENT_3D('',#9366,#7982,#7983);
#7571=AXIS2_PLACEMENT_3D('',#9367,#7984,#7985);
#7572=AXIS2_PLACEMENT_3D('',#9369,#7986,#7987);
#7573=AXIS2_PLACEMENT_3D('',#9370,#7988,#7989);
#7574=AXIS2_PLACEMENT_3D('',#9384,#7997,#7998);
#7575=AXIS2_PLACEMENT_3D('',#9390,#8002,#8003);
#7576=AXIS2_PLACEMENT_3D('',#9391,#8004,#8005);
#7577=AXIS2_PLACEMENT_3D('',#9393,#8006,#8007);
#7578=AXIS2_PLACEMENT_3D('',#9395,#8008,#8009);
#7579=AXIS2_PLACEMENT_3D('',#9397,#8010,#8011);
#7580=AXIS2_PLACEMENT_3D('',#9411,#8019,#8020);
#7581=AXIS2_PLACEMENT_3D('',#9412,#8021,#8022);
#7582=AXIS2_PLACEMENT_3D('',#9414,#8023,#8024);
#7583=AXIS2_PLACEMENT_3D('',#9415,#8025,#8026);
#7584=AXIS2_PLACEMENT_3D('',#9417,#8027,#8028);
#7585=AXIS2_PLACEMENT_3D('',#9423,#8032,#8033);
#7586=AXIS2_PLACEMENT_3D('',#9437,#8041,#8042);
#7587=AXIS2_PLACEMENT_3D('',#9439,#8044,#8045);
#7588=AXIS2_PLACEMENT_3D('',#9442,#8048,#8049);
#7589=AXIS2_PLACEMENT_3D('',#9443,#8050,#8051);
#7590=AXIS2_PLACEMENT_3D('',#9445,#8052,#8053);
#7591=AXIS2_PLACEMENT_3D('',#9454,#8058,#8059);
#7592=AXIS2_PLACEMENT_3D('',#9456,#8060,#8061);
#7593=AXIS2_PLACEMENT_3D('',#9459,#8064,#8065);
#7594=AXIS2_PLACEMENT_3D('',#9460,#8066,#8067);
#7595=AXIS2_PLACEMENT_3D('',#9462,#8069,#8070);
#7596=AXIS2_PLACEMENT_3D('',#9464,#8072,#8073);
#7597=AXIS2_PLACEMENT_3D('',#9468,#8076,#8077);
#7598=AXIS2_PLACEMENT_3D('',#9472,#8080,#8081);
#7599=AXIS2_PLACEMENT_3D('',#9474,#8083,#8084);
#7600=AXIS2_PLACEMENT_3D('',#9483,#8089,#8090);
#7601=AXIS2_PLACEMENT_3D('',#9486,#8093,#8094);
#7602=AXIS2_PLACEMENT_3D('',#9488,#8096,#8097);
#7603=AXIS2_PLACEMENT_3D('',#9491,#8100,#8101);
#7604=AXIS2_PLACEMENT_3D('',#9492,#8102,#8103);
#7605=AXIS2_PLACEMENT_3D('',#9496,#8106,#8107);
#7606=AXIS2_PLACEMENT_3D('',#9498,#8109,#8110);
#7607=AXIS2_PLACEMENT_3D('',#9500,#8112,#8113);
#7608=AXIS2_PLACEMENT_3D('',#9502,#8115,#8116);
#7609=AXIS2_PLACEMENT_3D('',#9503,#8117,#8118);
#7610=AXIS2_PLACEMENT_3D('',#9505,#8120,#8121);
#7611=AXIS2_PLACEMENT_3D('',#9506,#8122,#8123);
#7612=AXIS2_PLACEMENT_3D('',#9507,#8124,#8125);
#7613=AXIS2_PLACEMENT_3D('',#9508,#8126,#8127);
#7614=AXIS2_PLACEMENT_3D('',#9512,#8130,#8131);
#7615=AXIS2_PLACEMENT_3D('',#9516,#8134,#8135);
#7616=AXIS2_PLACEMENT_3D('',#9517,#8136,#8137);
#7617=AXIS2_PLACEMENT_3D('',#9520,#8139,#8140);
#7618=AXIS2_PLACEMENT_3D('',#9521,#8141,#8142);
#7619=AXIS2_PLACEMENT_3D('',#9522,#8143,#8144);
#7620=AXIS2_PLACEMENT_3D('',#9524,#8145,#8146);
#7621=AXIS2_PLACEMENT_3D('',#9525,#8147,#8148);
#7622=AXIS2_PLACEMENT_3D('',#9526,#8149,#8150);
#7623=AXIS2_PLACEMENT_3D('',#9528,#8151,#8152);
#7624=AXIS2_PLACEMENT_3D('',#9529,#8153,#8154);
#7625=AXIS2_PLACEMENT_3D('',#9530,#8155,#8156);
#7626=AXIS2_PLACEMENT_3D('',#9532,#8157,#8158);
#7627=AXIS2_PLACEMENT_3D('',#9533,#8159,#8160);
#7628=AXIS2_PLACEMENT_3D('',#9534,#8161,#8162);
#7629=AXIS2_PLACEMENT_3D('',#9536,#8163,#8164);
#7630=AXIS2_PLACEMENT_3D('',#9537,#8165,#8166);
#7631=AXIS2_PLACEMENT_3D('',#9538,#8167,#8168);
#7632=AXIS2_PLACEMENT_3D('',#9540,#8169,#8170);
#7633=AXIS2_PLACEMENT_3D('',#9541,#8171,#8172);
#7634=AXIS2_PLACEMENT_3D('',#9542,#8173,#8174);
#7635=AXIS2_PLACEMENT_3D('',#9551,#8179,#8180);
#7636=AXIS2_PLACEMENT_3D('',#9557,#8184,#8185);
#7637=AXIS2_PLACEMENT_3D('',#9563,#8189,#8190);
#7638=AXIS2_PLACEMENT_3D('',#9566,#8193,#8194);
#7639=AXIS2_PLACEMENT_3D('',#9567,#8195,#8196);
#7640=AXIS2_PLACEMENT_3D('',#9569,#8197,#8198);
#7641=AXIS2_PLACEMENT_3D('',#9571,#8199,#8200);
#7642=AXIS2_PLACEMENT_3D('',#9572,#8201,#8202);
#7643=AXIS2_PLACEMENT_3D('',#9573,#8203,#8204);
#7644=AXIS2_PLACEMENT_3D('',#9574,#8205,#8206);
#7645=AXIS2_PLACEMENT_3D('',#9583,#8211,#8212);
#7646=AXIS2_PLACEMENT_3D('',#9589,#8216,#8217);
#7647=AXIS2_PLACEMENT_3D('',#9595,#8221,#8222);
#7648=AXIS2_PLACEMENT_3D('',#9596,#8223,#8224);
#7649=AXIS2_PLACEMENT_3D('',#9598,#8225,#8226);
#7650=AXIS2_PLACEMENT_3D('',#9600,#8227,#8228);
#7651=AXIS2_PLACEMENT_3D('',#9603,#8231,#8232);
#7652=AXIS2_PLACEMENT_3D('',#9604,#8233,#8234);
#7653=AXIS2_PLACEMENT_3D('',#9605,#8235,#8236);
#7654=AXIS2_PLACEMENT_3D('',#9606,#8237,#8238);
#7655=AXIS2_PLACEMENT_3D('',#9640,#8247,#8248);
#7656=AXIS2_PLACEMENT_3D('',#9642,#8249,#8250);
#7657=AXIS2_PLACEMENT_3D('',#9702,#8258,#8259);
#7658=AXIS2_PLACEMENT_3D('',#9704,#8260,#8261);
#7659=AXIS2_PLACEMENT_3D('',#9708,#8263,#8264);
#7660=AXIS2_PLACEMENT_3D('',#9821,#8275,#8276);
#7661=AXIS2_PLACEMENT_3D('',#9823,#8277,#8278);
#7662=AXIS2_PLACEMENT_3D('',#9825,#8279,#8280);
#7663=AXIS2_PLACEMENT_3D('',#9827,#8281,#8282);
#7664=AXIS2_PLACEMENT_3D('',#9868,#8294,#8295);
#7665=AXIS2_PLACEMENT_3D('',#9870,#8296,#8297);
#7666=AXIS2_PLACEMENT_3D('',#9888,#8302,#8303);
#7667=AXIS2_PLACEMENT_3D('',#9912,#8315,#8316);
#7668=AXIS2_PLACEMENT_3D('',#9960,#8322,#8323);
#7669=AXIS2_PLACEMENT_3D('',#9964,#8325,#8326);
#7670=AXIS2_PLACEMENT_3D('',#10054,#8345,#8346);
#7671=AXIS2_PLACEMENT_3D('',#10056,#8347,#8348);
#7672=AXIS2_PLACEMENT_3D('',#10086,#8351,#8352);
#7673=AXIS2_PLACEMENT_3D('',#10088,#8353,#8354);
#7674=AXIS2_PLACEMENT_3D('',#10192,#8364,#8365);
#7675=AXIS2_PLACEMENT_3D('',#10194,#8366,#8367);
#7676=AXIS2_PLACEMENT_3D('',#10236,#8378,#8379);
#7677=AXIS2_PLACEMENT_3D('',#10238,#8380,#8381);
#7678=AXIS2_PLACEMENT_3D('',#10252,#8386,#8387);
#7679=AXIS2_PLACEMENT_3D('',#10283,#8393,#8394);
#7680=AXIS2_PLACEMENT_3D('',#10322,#8397,#8398);
#7681=AXIS2_PLACEMENT_3D('',#10326,#8400,#8401);
#7682=AXIS2_PLACEMENT_3D('',#10327,#8402,#8403);
#7683=AXIS2_PLACEMENT_3D('',#10333,#8407,#8408);
#7684=AXIS2_PLACEMENT_3D('',#10337,#8411,#8412);
#7685=AXIS2_PLACEMENT_3D('',#10341,#8415,#8416);
#7686=AXIS2_PLACEMENT_3D('',#10347,#8420,#8421);
#7687=AXIS2_PLACEMENT_3D('',#10351,#8424,#8425);
#7688=AXIS2_PLACEMENT_3D('',#10355,#8428,#8429);
#7689=AXIS2_PLACEMENT_3D('',#10356,#8430,#8431);
#7690=AXIS2_PLACEMENT_3D('',#10358,#8432,#8433);
#7691=AXIS2_PLACEMENT_3D('',#10359,#8434,#8435);
#7692=AXIS2_PLACEMENT_3D('',#10361,#8436,#8437);
#7693=AXIS2_PLACEMENT_3D('',#10362,#8438,#8439);
#7694=AXIS2_PLACEMENT_3D('',#10364,#8440,#8441);
#7695=AXIS2_PLACEMENT_3D('',#10365,#8442,#8443);
#7696=AXIS2_PLACEMENT_3D('',#10367,#8444,#8445);
#7697=AXIS2_PLACEMENT_3D('',#10369,#8447,#8448);
#7698=AXIS2_PLACEMENT_3D('',#10371,#8450,#8451);
#7699=AXIS2_PLACEMENT_3D('',#10372,#8452,#8453);
#7700=AXIS2_PLACEMENT_3D('',#10378,#8457,#8458);
#7701=AXIS2_PLACEMENT_3D('',#10382,#8461,#8462);
#7702=AXIS2_PLACEMENT_3D('',#10412,#8467,#8468);
#7703=AXIS2_PLACEMENT_3D('',#10415,#8470,#8471);
#7704=AXIS2_PLACEMENT_3D('',#10416,#8472,#8473);
#7705=AXIS2_PLACEMENT_3D('',#10419,#8475,#8476);
#7706=AXIS2_PLACEMENT_3D('',#10420,#8477,#8478);
#7707=AXIS2_PLACEMENT_3D('',#10424,#8481,#8482);
#7708=AXIS2_PLACEMENT_3D('',#10428,#8485,#8486);
#7709=AXIS2_PLACEMENT_3D('',#10432,#8489,#8490);
#7710=AXIS2_PLACEMENT_3D('',#10436,#8493,#8494);
#7711=AXIS2_PLACEMENT_3D('',#10440,#8497,#8498);
#7712=AXIS2_PLACEMENT_3D('',#10494,#8504,#8505);
#7713=AXIS2_PLACEMENT_3D('',#10495,#8506,#8507);
#7714=AXIS2_PLACEMENT_3D('',#10501,#8511,#8512);
#7715=AXIS2_PLACEMENT_3D('',#10505,#8515,#8516);
#7716=AXIS2_PLACEMENT_3D('',#10509,#8519,#8520);
#7717=AXIS2_PLACEMENT_3D('',#10513,#8523,#8524);
#7718=AXIS2_PLACEMENT_3D('',#10516,#8526,#8527);
#7719=AXIS2_PLACEMENT_3D('',#10517,#8528,#8529);
#7720=AXIS2_PLACEMENT_3D('',#10521,#8532,#8533);
#7721=AXIS2_PLACEMENT_3D('',#10525,#8536,#8537);
#7722=AXIS2_PLACEMENT_3D('',#10529,#8540,#8541);
#7723=AXIS2_PLACEMENT_3D('',#10533,#8544,#8545);
#7724=AXIS2_PLACEMENT_3D('',#10537,#8548,#8549);
#7725=AXIS2_PLACEMENT_3D('',#10541,#8552,#8553);
#7726=AXIS2_PLACEMENT_3D('',#10545,#8556,#8557);
#7727=AXIS2_PLACEMENT_3D('',#10549,#8560,#8561);
#7728=AXIS2_PLACEMENT_3D('',#10553,#8564,#8565);
#7729=AXIS2_PLACEMENT_3D('',#10557,#8568,#8569);
#7730=AXIS2_PLACEMENT_3D('',#10561,#8572,#8573);
#7731=AXIS2_PLACEMENT_3D('',#10564,#8575,#8576);
#7732=AXIS2_PLACEMENT_3D('',#10565,#8577,#8578);
#7733=AXIS2_PLACEMENT_3D('',#10567,#8580,#8581);
#7734=AXIS2_PLACEMENT_3D('',#10622,#8586,#8587);
#7735=AXIS2_PLACEMENT_3D('',#10656,#8594,#8595);
#7736=AXIS2_PLACEMENT_3D('',#10659,#8597,#8598);
#7737=AXIS2_PLACEMENT_3D('',#10660,#8599,#8600);
#7738=AXIS2_PLACEMENT_3D('',#10664,#8603,#8604);
#7739=AXIS2_PLACEMENT_3D('',#10667,#8606,#8607);
#7740=AXIS2_PLACEMENT_3D('',#10694,#8610,#8611);
#7741=AXIS2_PLACEMENT_3D('',#10698,#8614,#8615);
#7742=AXIS2_PLACEMENT_3D('',#10779,#8622,#8623);
#7743=AXIS2_PLACEMENT_3D('',#10780,#8624,#8625);
#7744=AXIS2_PLACEMENT_3D('',#10786,#8629,#8630);
#7745=AXIS2_PLACEMENT_3D('',#10790,#8633,#8634);
#7746=AXIS2_PLACEMENT_3D('',#10794,#8637,#8638);
#7747=AXIS2_PLACEMENT_3D('',#10798,#8641,#8642);
#7748=AXIS2_PLACEMENT_3D('',#10802,#8645,#8646);
#7749=AXIS2_PLACEMENT_3D('',#10806,#8649,#8650);
#7750=AXIS2_PLACEMENT_3D('',#10810,#8653,#8654);
#7751=AXIS2_PLACEMENT_3D('',#10814,#8657,#8658);
#7752=AXIS2_PLACEMENT_3D('',#10818,#8661,#8662);
#7753=AXIS2_PLACEMENT_3D('',#10820,#8664,#8665);
#7754=AXIS2_PLACEMENT_3D('',#11074,#8683,#8684);
#7755=AXIS2_PLACEMENT_3D('',#11328,#8702,#8703);
#7756=AXIS2_PLACEMENT_3D('',#11329,#8704,#8705);
#7757=AXIS2_PLACEMENT_3D('',#11335,#8709,#8710);
#7758=AXIS2_PLACEMENT_3D('',#11339,#8713,#8714);
#7759=AXIS2_PLACEMENT_3D('',#11369,#8719,#8720);
#7760=AXIS2_PLACEMENT_3D('',#11372,#8722,#8723);
#7761=AXIS2_PLACEMENT_3D('',#11373,#8724,#8725);
#7762=AXIS2_PLACEMENT_3D('',#11376,#8727,#8728);
#7763=AXIS2_PLACEMENT_3D('',#11377,#8729,#8730);
#7764=AXIS2_PLACEMENT_3D('',#11381,#8733,#8734);
#7765=AXIS2_PLACEMENT_3D('',#11385,#8737,#8738);
#7766=AXIS2_PLACEMENT_3D('',#11389,#8741,#8742);
#7767=AXIS2_PLACEMENT_3D('',#11393,#8745,#8746);
#7768=AXIS2_PLACEMENT_3D('',#11397,#8749,#8750);
#7769=AXIS2_PLACEMENT_3D('',#11451,#8756,#8757);
#7770=AXIS2_PLACEMENT_3D('',#11571,#8768,#8769);
#7771=AXIS2_PLACEMENT_3D('',#11705,#8782,#8783);
#7772=AXIS2_PLACEMENT_3D('',#11708,#8785,#8786);
#7773=AXIS2_PLACEMENT_3D('',#11709,#8787,#8788);
#7774=AXIS2_PLACEMENT_3D('',#11712,#8790,#8791);
#7775=AXIS2_PLACEMENT_3D('',#11713,#8792,#8793);
#7776=AXIS2_PLACEMENT_3D('',#11741,#8797,#8798);
#7777=AXIS2_PLACEMENT_3D('',#11742,#8799,#8800);
#7778=AXIS2_PLACEMENT_3D('',#11748,#8804,#8805);
#7779=AXIS2_PLACEMENT_3D('',#11752,#8808,#8809);
#7780=AXIS2_PLACEMENT_3D('',#11782,#8814,#8815);
#7781=AXIS2_PLACEMENT_3D('',#11785,#8817,#8818);
#7782=AXIS2_PLACEMENT_3D('',#11786,#8819,#8820);
#7783=AXIS2_PLACEMENT_3D('',#11789,#8822,#8823);
#7784=AXIS2_PLACEMENT_3D('',#11790,#8824,#8825);
#7785=AXIS2_PLACEMENT_3D('',#11794,#8828,#8829);
#7786=AXIS2_PLACEMENT_3D('',#11798,#8832,#8833);
#7787=AXIS2_PLACEMENT_3D('',#11802,#8836,#8837);
#7788=AXIS2_PLACEMENT_3D('',#11806,#8840,#8841);
#7789=AXIS2_PLACEMENT_3D('',#11810,#8844,#8845);
#7790=AXIS2_PLACEMENT_3D('',#11864,#8851,#8852);
#7791=AXIS2_PLACEMENT_3D('',#11865,#8853,#8854);
#7792=AXIS2_PLACEMENT_3D('',#11871,#8858,#8859);
#7793=AXIS2_PLACEMENT_3D('',#11875,#8862,#8863);
#7794=AXIS2_PLACEMENT_3D('',#11879,#8866,#8867);
#7795=AXIS2_PLACEMENT_3D('',#11896,#8871,#8872);
#7796=AXIS2_PLACEMENT_3D('',#11899,#8874,#8875);
#7797=AXIS2_PLACEMENT_3D('',#11900,#8876,#8877);
#7798=AXIS2_PLACEMENT_3D('',#11917,#8881,#8882);
#7799=AXIS2_PLACEMENT_3D('',#11921,#8885,#8886);
#7800=AXIS2_PLACEMENT_3D('',#11925,#8889,#8890);
#7801=AXIS2_PLACEMENT_3D('',#11929,#8893,#8894);
#7802=AXIS2_PLACEMENT_3D('',#11932,#8896,#8897);
#7803=AXIS2_PLACEMENT_3D('',#11933,#8898,#8899);
#7804=AXIS2_PLACEMENT_3D('',#11936,#8901,#8902);
#7805=AXIS2_PLACEMENT_3D('',#11937,#8903,#8904);
#7806=AXIS2_PLACEMENT_3D('',#11954,#8908,#8909);
#7807=AXIS2_PLACEMENT_3D('',#11958,#8912,#8913);
#7808=AXIS2_PLACEMENT_3D('',#11962,#8916,#8917);
#7809=AXIS2_PLACEMENT_3D('',#11966,#8920,#8921);
#7810=AXIS2_PLACEMENT_3D('',#11970,#8924,#8925);
#7811=AXIS2_PLACEMENT_3D('',#11987,#8929,#8930);
#7812=AXIS2_PLACEMENT_3D('',#12002,#8933,#8934);
#7813=AXIS2_PLACEMENT_3D('',#12256,#8952,#8953);
#7814=AXIS2_PLACEMENT_3D('',#12311,#8958,#8959);
#7815=AXIS2_PLACEMENT_3D('',#12317,#8963,#8964);
#7816=AXIS2_PLACEMENT_3D('',#12323,#8968,#8969);
#7817=AXIS2_PLACEMENT_3D('',#12370,#8977,#8978);
#7818=AXIS2_PLACEMENT_3D('',#12374,#8981,#8982);
#7819=AXIS2_PLACEMENT_3D('',#12378,#8985,#8986);
#7820=AXIS2_PLACEMENT_3D('',#12407,#8989,#8990);
#7821=AXIS2_PLACEMENT_3D('',#12530,#8999,#9000);
#7822=AXIS2_PLACEMENT_3D('',#12536,#9004,#9005);
#7823=AXIS2_PLACEMENT_3D('',#12539,#9007,#9008);
#7824=AXIS2_PLACEMENT_3D('',#12620,#9016,#9017);
#7825=AXIS2_PLACEMENT_3D('',#12624,#9020,#9021);
#7826=AXIS2_PLACEMENT_3D('',#12628,#9024,#9025);
#7827=AXIS2_PLACEMENT_3D('',#12632,#9028,#9029);
#7828=AXIS2_PLACEMENT_3D('',#12636,#9032,#9033);
#7829=AXIS2_PLACEMENT_3D('',#12640,#9036,#9037);
#7830=AXIS2_PLACEMENT_3D('',#12644,#9040,#9041);
#7831=AXIS2_PLACEMENT_3D('',#12647,#9043,#9044);
#7832=AXIS2_PLACEMENT_3D('',#12648,#9045,#9046);
#7833=AXIS2_PLACEMENT_3D('',#12652,#9049,#9050);
#7834=AXIS2_PLACEMENT_3D('',#12653,#9051,#9052);
#7835=AXIS2_PLACEMENT_3D('',#12668,#9053,#9054);
#7836=AXIS2_PLACEMENT_3D('',#12669,#9055,#9056);
#7837=AXIS2_PLACEMENT_3D('',#12675,#9060,#9061);
#7838=AXIS2_PLACEMENT_3D('',#12679,#9064,#9065);
#7839=AXIS2_PLACEMENT_3D('',#12735,#9072,#9073);
#7840=AXIS2_PLACEMENT_3D('',#12739,#9076,#9077);
#7841=AXIS2_PLACEMENT_3D('',#12743,#9080,#9081);
#7842=AXIS2_PLACEMENT_3D('',#12797,#9087,#9088);
#7843=AXIS2_PLACEMENT_3D('',#12798,#9089,#9090);
#7844=AXIS2_PLACEMENT_3D('',#12804,#9094,#9095);
#7845=AXIS2_PLACEMENT_3D('',#12808,#9098,#9099);
#7846=AXIS2_PLACEMENT_3D('',#12838,#9104,#9105);
#7847=AXIS2_PLACEMENT_3D('',#12841,#9107,#9108);
#7848=AXIS2_PLACEMENT_3D('',#12842,#9109,#9110);
#7849=AXIS2_PLACEMENT_3D('',#12845,#9112,#9113);
#7850=AXIS2_PLACEMENT_3D('',#12846,#9114,#9115);
#7851=AXIS2_PLACEMENT_3D('',#12850,#9118,#9119);
#7852=AXIS2_PLACEMENT_3D('',#12854,#9122,#9123);
#7853=AXIS2_PLACEMENT_3D('',#12858,#9126,#9127);
#7854=AXIS2_PLACEMENT_3D('',#12862,#9130,#9131);
#7855=AXIS2_PLACEMENT_3D('',#12866,#9134,#9135);
#7856=AXIS2_PLACEMENT_3D('',#12920,#9141,#9142);
#7857=AXIS2_PLACEMENT_3D('',#12975,#9147,#9148);
#7858=AXIS2_PLACEMENT_3D('',#12996,#9154,#9155);
#7859=AXIS2_PLACEMENT_3D('',#12999,#9157,#9158);
#7860=AXIS2_PLACEMENT_3D('',#13000,#9159,#9160);
#7861=AXIS2_PLACEMENT_3D('',#13003,#9162,#9163);
#7862=AXIS2_PLACEMENT_3D('',#13004,#9164,#9165);
#7863=AXIS2_PLACEMENT_3D('',#13008,#9168,#9169);
#7864=AXIS2_PLACEMENT_3D('',#13011,#9171,#9172);
#7865=AXIS2_PLACEMENT_3D('',#13038,#9175,#9176);
#7866=AXIS2_PLACEMENT_3D('',#13042,#9179,#9180);
#7867=AXIS2_PLACEMENT_3D('',#13123,#9187,#9188);
#7868=AXIS2_PLACEMENT_3D('',#13124,#9189,#9190);
#7869=AXIS2_PLACEMENT_3D('',#13125,#9191,#9192);
#7870=AXIS2_PLACEMENT_3D('',#13126,#9193,#9194);
#7871=AXIS2_PLACEMENT_3D('',#13127,#9195,#9196);
#7872=AXIS2_PLACEMENT_3D('',#13128,#9197,#9198);
#7873=AXIS2_PLACEMENT_3D('',#13129,#9199,#9200);
#7874=AXIS2_PLACEMENT_3D('',#13130,#9201,#9202);
#7875=AXIS2_PLACEMENT_3D('',#13131,#9203,#9204);
#7876=AXIS2_PLACEMENT_3D('',#13132,#9205,#9206);
#7877=AXIS2_PLACEMENT_3D('',#13141,#9211,#9212);
#7878=AXIS2_PLACEMENT_3D('',#13147,#9216,#9217);
#7879=AXIS2_PLACEMENT_3D('',#13153,#9221,#9222);
#7880=AXIS2_PLACEMENT_3D('',#13154,#9223,#9224);
#7881=AXIS2_PLACEMENT_3D('',#13156,#9225,#9226);
#7882=AXIS2_PLACEMENT_3D('',#13158,#9227,#9228);
#7883=AXIS2_PLACEMENT_3D('',#13161,#9231,#9232);
#7884=AXIS2_PLACEMENT_3D('',#13162,#9233,#9234);
#7885=DIRECTION('',(0.,0.,1.));
#7886=DIRECTION('',(1.,0.,0.));
#7887=DIRECTION('',(1.96848054011552E-16,-1.,0.));
#7888=DIRECTION('',(1.,1.96848054011552E-16,0.));
#7889=DIRECTION('',(-1.,-1.96848054011552E-16,0.));
#7890=DIRECTION('',(0.,0.,-1.));
#7891=DIRECTION('',(-1.,-1.96848054011552E-16,0.));
#7892=DIRECTION('',(0.,0.,-1.));
#7893=DIRECTION('',(-1.,0.,0.));
#7894=DIRECTION('',(0.,0.,1.));
#7895=DIRECTION('',(0.,1.,0.));
#7896=DIRECTION('',(0.,0.,-1.));
#7897=DIRECTION('',(0.,1.,0.));
#7898=DIRECTION('',(0.,-1.,0.));
#7899=DIRECTION('',(0.,0.,-1.));
#7900=DIRECTION('',(-1.,0.,0.));
#7901=DIRECTION('',(0.,0.,-1.));
#7902=DIRECTION('',(-1.,0.,0.));
#7903=DIRECTION('',(-1.,0.,0.));
#7904=DIRECTION('',(0.,0.,1.));
#7905=DIRECTION('',(0.,1.,0.));
#7906=DIRECTION('',(0.,1.,0.));
#7907=DIRECTION('',(0.,0.,1.));
#7908=DIRECTION('',(1.,0.,0.));
#7909=DIRECTION('',(0.,0.,1.));
#7910=DIRECTION('',(1.,0.,0.));
#7911=DIRECTION('',(0.,0.,1.));
#7912=DIRECTION('',(1.,0.,0.));
#7913=DIRECTION('',(0.,0.,1.));
#7914=DIRECTION('',(1.,0.,0.));
#7915=DIRECTION('',(0.,-1.,0.));
#7916=DIRECTION('',(-1.,0.,0.));
#7917=DIRECTION('',(0.,-1.,0.));
#7918=DIRECTION('',(-1.,0.,0.));
#7919=DIRECTION('',(0.,-1.,0.));
#7920=DIRECTION('',(-1.,-1.1760837125266E-16,0.));
#7921=DIRECTION('',(0.,-1.,0.));
#7922=DIRECTION('',(1.,0.,0.));
#7923=DIRECTION('',(0.,-1.,0.));
#7924=DIRECTION('',(1.,0.,0.));
#7925=DIRECTION('',(0.,-1.,0.));
#7926=DIRECTION('',(1.,0.,0.));
#7927=DIRECTION('',(0.,1.,0.));
#7928=DIRECTION('',(-1.,0.,0.));
#7929=DIRECTION('',(0.,1.,0.));
#7930=DIRECTION('',(-1.,-1.96848054011552E-16,0.));
#7931=DIRECTION('',(0.,1.,0.));
#7932=DIRECTION('',(1.,0.,0.));
#7933=DIRECTION('',(0.,1.,0.));
#7934=DIRECTION('',(-1.,-1.56811161670214E-16,0.));
#7935=DIRECTION('',(0.,1.,0.));
#7936=DIRECTION('',(-1.,0.,0.));
#7937=DIRECTION('',(0.,1.,0.));
#7938=DIRECTION('',(-1.,0.,0.));
#7939=DIRECTION('',(0.,1.,0.));
#7940=DIRECTION('',(-1.,0.,0.));
#7941=DIRECTION('',(1.,0.,0.));
#7942=DIRECTION('',(0.,0.,-1.));
#7943=DIRECTION('',(0.,0.,1.));
#7944=DIRECTION('',(0.,1.,0.));
#7945=DIRECTION('',(0.,0.,1.));
#7946=DIRECTION('',(0.,0.,1.));
#7947=DIRECTION('',(0.,-1.,0.));
#7948=DIRECTION('',(0.,0.,-1.));
#7949=DIRECTION('',(0.,-1.,0.));
#7950=DIRECTION('',(0.,0.,-1.));
#7951=DIRECTION('',(0.,0.,1.));
#7952=DIRECTION('',(1.,0.,0.));
#7953=DIRECTION('',(0.,0.,-1.));
#7954=DIRECTION('',(-1.,0.,0.));
#7955=DIRECTION('',(-1.,0.,0.));
#7956=DIRECTION('',(0.,0.,1.));
#7957=DIRECTION('',(0.,0.,1.));
#7958=DIRECTION('',(1.32801797203962E-16,-1.,0.));
#7959=DIRECTION('',(0.,0.,-1.));
#7960=DIRECTION('',(1.32801797203962E-16,-1.,0.));
#7961=DIRECTION('',(0.,0.,1.));
#7962=DIRECTION('',(0.,1.,0.));
#7963=DIRECTION('',(0.,-1.,0.));
#7964=DIRECTION('',(0.,0.,-1.));
#7965=DIRECTION('',(-1.,0.,0.));
#7966=DIRECTION('',(0.,0.,1.));
#7967=DIRECTION('',(0.,0.,-1.));
#7968=DIRECTION('',(0.,1.,0.));
#7969=DIRECTION('',(0.,0.,1.));
#7970=DIRECTION('',(1.,0.,0.));
#7971=DIRECTION('',(0.,0.,1.));
#7972=DIRECTION('',(1.,0.,0.));
#7973=DIRECTION('',(-1.,0.,0.));
#7974=DIRECTION('',(0.,1.,0.));
#7975=DIRECTION('',(-1.,0.,0.));
#7976=DIRECTION('',(0.,-1.,0.));
#7977=DIRECTION('',(0.,0.,-1.));
#7978=DIRECTION('',(0.,0.,-1.));
#7979=DIRECTION('',(0.,-1.,0.));
#7980=DIRECTION('',(0.,0.,-1.));
#7981=DIRECTION('',(0.,0.,-1.));
#7982=DIRECTION('',(0.,0.,-1.));
#7983=DIRECTION('',(-1.,0.,0.));
#7984=DIRECTION('',(0.,0.,1.));
#7985=DIRECTION('',(1.,0.,0.));
#7986=DIRECTION('',(-1.,0.,0.));
#7987=DIRECTION('',(0.,0.,1.));
#7988=DIRECTION('',(0.,-1.,0.));
#7989=DIRECTION('',(0.,0.,-1.));
#7990=DIRECTION('',(1.,1.32801797203962E-16,0.));
#7991=DIRECTION('',(1.,1.32801797203962E-16,0.));
#7992=DIRECTION('',(0.,0.,-1.));
#7993=DIRECTION('',(-1.,-1.32801797203962E-16,0.));
#7994=DIRECTION('',(0.,0.,-1.));
#7995=DIRECTION('',(-1.,0.,0.));
#7996=DIRECTION('',(0.,0.,-1.));
#7997=DIRECTION('',(-1.,0.,0.));
#7998=DIRECTION('',(0.,0.,1.));
#7999=DIRECTION('',(3.808342207143E-16,-1.,0.));
#8000=DIRECTION('',(0.,0.,1.));
#8001=DIRECTION('',(0.,1.,0.));
#8002=DIRECTION('',(0.,0.,1.));
#8003=DIRECTION('',(1.,0.,0.));
#8004=DIRECTION('',(0.,0.,1.));
#8005=DIRECTION('',(1.,0.,0.));
#8006=DIRECTION('',(0.,0.,1.));
#8007=DIRECTION('',(1.,0.,0.));
#8008=DIRECTION('',(0.,0.,1.));
#8009=DIRECTION('',(1.,0.,0.));
#8010=DIRECTION('',(0.,0.,1.));
#8011=DIRECTION('',(1.,0.,0.));
#8012=DIRECTION('',(-1.,-1.56811161670214E-16,0.));
#8013=DIRECTION('',(0.,1.,0.));
#8014=DIRECTION('',(1.,0.,0.));
#8015=DIRECTION('',(0.,-1.,0.));
#8016=DIRECTION('',(-1.,-1.1760837125266E-16,0.));
#8017=DIRECTION('',(-1.,-1.32801797203962E-16,0.));
#8018=DIRECTION('',(0.,1.,0.));
#8019=DIRECTION('',(0.,0.,1.));
#8020=DIRECTION('',(1.,0.,0.));
#8021=DIRECTION('',(0.,0.,1.));
#8022=DIRECTION('',(1.,0.,0.));
#8023=DIRECTION('',(0.,0.,-1.));
#8024=DIRECTION('',(-1.,0.,0.));
#8025=DIRECTION('',(0.,0.,1.));
#8026=DIRECTION('',(1.,0.,0.));
#8027=DIRECTION('',(0.,1.,0.));
#8028=DIRECTION('',(0.,0.,1.));
#8029=DIRECTION('',(0.,0.,-1.));
#8030=DIRECTION('',(1.,0.,0.));
#8031=DIRECTION('',(0.,0.,-1.));
#8032=DIRECTION('',(0.,0.,1.));
#8033=DIRECTION('',(1.,0.,0.));
#8034=DIRECTION('',(-1.,0.,0.));
#8035=DIRECTION('',(0.,-1.,0.));
#8036=DIRECTION('',(1.,0.,0.));
#8037=DIRECTION('',(0.,-1.,0.));
#8038=DIRECTION('',(1.,0.,0.));
#8039=DIRECTION('',(0.,1.,0.));
#8040=DIRECTION('',(0.,1.,0.));
#8041=DIRECTION('',(-1.,0.,0.));
#8042=DIRECTION('',(0.,0.,1.));
#8043=DIRECTION('',(0.,0.,1.));
#8044=DIRECTION('',(0.,1.,0.));
#8045=DIRECTION('',(0.,0.,1.));
#8046=DIRECTION('',(0.,0.,1.));
#8047=DIRECTION('',(0.,0.,1.));
#8048=DIRECTION('',(0.,0.,1.));
#8049=DIRECTION('',(1.,0.,0.));
#8050=DIRECTION('',(0.,0.,1.));
#8051=DIRECTION('',(1.,0.,0.));
#8052=DIRECTION('',(0.,0.,1.));
#8053=DIRECTION('',(1.,0.,0.));
#8054=DIRECTION('',(0.,1.,0.));
#8055=DIRECTION('',(1.,0.,0.));
#8056=DIRECTION('',(0.,-1.,0.));
#8057=DIRECTION('',(1.,0.,0.));
#8058=DIRECTION('',(0.,0.,1.));
#8059=DIRECTION('',(1.,0.,0.));
#8060=DIRECTION('',(1.,0.,0.));
#8061=DIRECTION('',(0.,0.,-1.));
#8062=DIRECTION('',(0.,0.,-1.));
#8063=DIRECTION('',(0.,0.,-1.));
#8064=DIRECTION('',(0.,0.,-1.));
#8065=DIRECTION('',(-1.,0.,0.));
#8066=DIRECTION('',(0.,1.,0.));
#8067=DIRECTION('',(0.,0.,1.));
#8068=DIRECTION('',(0.,0.,-1.));
#8069=DIRECTION('',(0.,1.,0.));
#8070=DIRECTION('',(0.,0.,1.));
#8071=DIRECTION('',(0.,0.,-1.));
#8072=DIRECTION('',(0.,0.,-1.));
#8073=DIRECTION('',(-1.,0.,0.));
#8074=DIRECTION('',(1.,1.32801797203962E-16,0.));
#8075=DIRECTION('',(1.32801797203962E-16,-1.,0.));
#8076=DIRECTION('',(-1.,-1.32801797203962E-16,0.));
#8077=DIRECTION('',(1.32801797203962E-16,-1.,0.));
#8078=DIRECTION('',(0.,0.,-1.));
#8079=DIRECTION('',(1.32801797203962E-16,-1.,0.));
#8080=DIRECTION('',(0.,0.,-1.));
#8081=DIRECTION('',(-1.,0.,0.));
#8082=DIRECTION('',(1.,1.32801797203962E-16,0.));
#8083=DIRECTION('',(0.,0.,1.));
#8084=DIRECTION('',(1.,0.,0.));
#8085=DIRECTION('',(-1.,-1.96848054011552E-16,0.));
#8086=DIRECTION('',(0.,1.,0.));
#8087=DIRECTION('',(-1.,0.,0.));
#8088=DIRECTION('',(0.,1.,0.));
#8089=DIRECTION('',(-1.,0.,0.));
#8090=DIRECTION('',(0.,0.,1.));
#8091=DIRECTION('',(0.,0.,-1.));
#8092=DIRECTION('',(0.,0.,-1.));
#8093=DIRECTION('',(1.96848054011552E-16,-1.,0.));
#8094=DIRECTION('',(1.,1.96848054011552E-16,0.));
#8095=DIRECTION('',(0.,0.,-1.));
#8096=DIRECTION('',(1.,0.,0.));
#8097=DIRECTION('',(0.,0.,-1.));
#8098=DIRECTION('',(0.,0.,-1.));
#8099=DIRECTION('',(0.,0.,-1.));
#8100=DIRECTION('',(1.1760837125266E-16,-1.,0.));
#8101=DIRECTION('',(1.,1.1760837125266E-16,0.));
#8102=DIRECTION('',(0.,0.,1.));
#8103=DIRECTION('',(1.,0.,0.));
#8104=DIRECTION('',(2.85625665535726E-16,-1.,0.));
#8105=DIRECTION('',(-1.,-1.32801797203962E-16,0.));
#8106=DIRECTION('',(-1.32801797203962E-16,1.,0.));
#8107=DIRECTION('',(-1.,-1.32801797203962E-16,0.));
#8108=DIRECTION('',(0.,0.,1.));
#8109=DIRECTION('',(1.56811161670214E-16,-1.,0.));
#8110=DIRECTION('',(1.,1.56811161670214E-16,0.));
#8111=DIRECTION('',(0.,0.,1.));
#8112=DIRECTION('',(0.,1.,0.));
#8113=DIRECTION('',(0.,0.,1.));
#8114=DIRECTION('',(0.,0.,-1.));
#8115=DIRECTION('',(-1.,0.,0.));
#8116=DIRECTION('',(0.,0.,1.));
#8117=DIRECTION('',(-1.,0.,0.));
#8118=DIRECTION('',(0.,0.,1.));
#8119=DIRECTION('',(0.,0.,-1.));
#8120=DIRECTION('',(0.,-1.,0.));
#8121=DIRECTION('',(0.,0.,-1.));
#8122=DIRECTION('',(-1.,0.,0.));
#8123=DIRECTION('',(0.,0.,1.));
#8124=DIRECTION('',(0.,0.,1.));
#8125=DIRECTION('',(1.,0.,0.));
#8126=DIRECTION('',(0.,-1.,0.));
#8127=DIRECTION('',(0.,0.,-1.));
#8128=DIRECTION('',(0.,0.,-1.));
#8129=DIRECTION('',(-1.,0.,0.));
#8130=DIRECTION('',(0.,-1.,0.));
#8131=DIRECTION('',(0.,0.,-1.));
#8132=DIRECTION('',(-1.,0.,0.));
#8133=DIRECTION('',(0.,0.,-1.));
#8134=DIRECTION('',(0.,0.,1.));
#8135=DIRECTION('',(1.,0.,0.));
#8136=DIRECTION('',(0.,0.,1.));
#8137=DIRECTION('',(1.,0.,0.));
#8138=DIRECTION('',(0.,-1.,0.));
#8139=DIRECTION('',(1.,0.,0.));
#8140=DIRECTION('',(0.,0.,-1.));
#8141=DIRECTION('',(0.,0.,-1.));
#8142=DIRECTION('',(-1.,0.,0.));
#8143=DIRECTION('',(0.,0.,1.));
#8144=DIRECTION('',(1.,0.,0.));
#8145=DIRECTION('',(0.,0.,1.));
#8146=DIRECTION('',(1.,0.,0.));
#8147=DIRECTION('',(0.,0.,1.));
#8148=DIRECTION('',(1.,0.,0.));
#8149=DIRECTION('',(0.,0.,1.));
#8150=DIRECTION('',(1.,0.,0.));
#8151=DIRECTION('',(0.,0.,1.));
#8152=DIRECTION('',(1.,0.,0.));
#8153=DIRECTION('',(0.,0.,1.));
#8154=DIRECTION('',(1.,0.,0.));
#8155=DIRECTION('',(0.,0.,1.));
#8156=DIRECTION('',(1.,0.,0.));
#8157=DIRECTION('',(0.,0.,1.));
#8158=DIRECTION('',(1.,0.,0.));
#8159=DIRECTION('',(0.,0.,1.));
#8160=DIRECTION('',(1.,0.,0.));
#8161=DIRECTION('',(0.,0.,1.));
#8162=DIRECTION('',(1.,0.,0.));
#8163=DIRECTION('',(0.,0.,1.));
#8164=DIRECTION('',(1.,0.,0.));
#8165=DIRECTION('',(0.,0.,1.));
#8166=DIRECTION('',(1.,0.,0.));
#8167=DIRECTION('',(0.,0.,1.));
#8168=DIRECTION('',(1.,0.,0.));
#8169=DIRECTION('',(0.,0.,1.));
#8170=DIRECTION('',(1.,0.,0.));
#8171=DIRECTION('',(0.,0.,1.));
#8172=DIRECTION('',(1.,0.,0.));
#8173=DIRECTION('',(1.,0.,0.));
#8174=DIRECTION('',(0.,0.,-1.));
#8175=DIRECTION('',(0.,-1.,0.));
#8176=DIRECTION('',(0.,0.,-1.));
#8177=DIRECTION('',(0.,-1.,0.));
#8178=DIRECTION('',(0.,0.,-1.));
#8179=DIRECTION('',(0.,-1.,0.));
#8180=DIRECTION('',(0.,0.,-1.));
#8181=DIRECTION('',(-1.,0.,0.));
#8182=DIRECTION('',(0.,0.,-1.));
#8183=DIRECTION('',(-1.,0.,0.));
#8184=DIRECTION('',(1.,0.,0.));
#8185=DIRECTION('',(0.,0.,-1.));
#8186=DIRECTION('',(0.,-1.,0.));
#8187=DIRECTION('',(0.,0.,-1.));
#8188=DIRECTION('',(0.,-1.,0.));
#8189=DIRECTION('',(0.,-1.,0.));
#8190=DIRECTION('',(0.,0.,-1.));
#8191=DIRECTION('',(-1.,0.,0.));
#8192=DIRECTION('',(-1.,0.,0.));
#8193=DIRECTION('',(0.,0.,-1.));
#8194=DIRECTION('',(-1.,0.,0.));
#8195=DIRECTION('',(0.,0.,1.));
#8196=DIRECTION('',(1.,0.,0.));
#8197=DIRECTION('',(0.,0.,1.));
#8198=DIRECTION('',(1.,0.,0.));
#8199=DIRECTION('',(0.,0.,1.));
#8200=DIRECTION('',(1.,0.,0.));
#8201=DIRECTION('',(0.,0.,1.));
#8202=DIRECTION('',(1.,0.,0.));
#8203=DIRECTION('',(0.,0.,1.));
#8204=DIRECTION('',(1.,0.,0.));
#8205=DIRECTION('',(0.,-1.,0.));
#8206=DIRECTION('',(0.,0.,-1.));
#8207=DIRECTION('',(-1.,0.,0.));
#8208=DIRECTION('',(0.,0.,-1.));
#8209=DIRECTION('',(-1.,0.,0.));
#8210=DIRECTION('',(0.,0.,-1.));
#8211=DIRECTION('',(-1.,0.,0.));
#8212=DIRECTION('',(0.,0.,1.));
#8213=DIRECTION('',(0.,1.,0.));
#8214=DIRECTION('',(0.,0.,-1.));
#8215=DIRECTION('',(0.,1.,0.));
#8216=DIRECTION('',(0.,-1.,0.));
#8217=DIRECTION('',(0.,0.,-1.));
#8218=DIRECTION('',(-1.,0.,0.));
#8219=DIRECTION('',(0.,0.,-1.));
#8220=DIRECTION('',(-1.,0.,0.));
#8221=DIRECTION('',(0.,0.,-1.));
#8222=DIRECTION('',(-1.,0.,0.));
#8223=DIRECTION('',(0.,0.,1.));
#8224=DIRECTION('',(1.,0.,0.));
#8225=DIRECTION('',(0.,0.,1.));
#8226=DIRECTION('',(1.,0.,0.));
#8227=DIRECTION('',(-1.,0.,0.));
#8228=DIRECTION('',(0.,0.,1.));
#8229=DIRECTION('',(0.,1.,0.));
#8230=DIRECTION('',(0.,1.,0.));
#8231=DIRECTION('',(0.,0.,1.));
#8232=DIRECTION('',(1.,0.,0.));
#8233=DIRECTION('',(0.,0.,1.));
#8234=DIRECTION('',(1.,0.,0.));
#8235=DIRECTION('',(0.,0.,1.));
#8236=DIRECTION('',(1.,0.,0.));
#8237=DIRECTION('',(0.,0.,1.));
#8238=DIRECTION('',(1.,0.,0.));
#8239=DIRECTION('',(1.,0.,0.));
#8240=DIRECTION('',(0.,-1.,0.));
#8241=DIRECTION('',(0.,1.,0.));
#8242=DIRECTION('',(1.,0.,0.));
#8243=DIRECTION('',(0.,-1.,0.));
#8244=DIRECTION('',(-1.,0.,0.));
#8245=DIRECTION('',(-0.161260120599603,0.986911938069553,0.));
#8246=DIRECTION('',(-1.,0.,0.));
#8247=DIRECTION('',(0.,0.,-1.));
#8248=DIRECTION('',(-1.,0.,0.));
#8249=DIRECTION('',(0.,0.,-1.));
#8250=DIRECTION('',(-1.,0.,0.));
#8251=DIRECTION('',(0.,1.,0.));
#8252=DIRECTION('',(1.,0.,0.));
#8253=DIRECTION('',(0.,-1.,0.));
#8254=DIRECTION('',(0.,1.,0.));
#8255=DIRECTION('',(1.,0.,0.));
#8256=DIRECTION('',(0.,-1.,0.));
#8257=DIRECTION('',(0.,1.,0.));
#8258=DIRECTION('',(0.,0.,-1.));
#8259=DIRECTION('',(-1.,0.,0.));
#8260=DIRECTION('',(0.,0.,-1.));
#8261=DIRECTION('',(-1.,0.,0.));
#8262=DIRECTION('',(-1.,0.,0.));
#8263=DIRECTION('',(0.,0.,-1.));
#8264=DIRECTION('',(-1.,0.,0.));
#8265=DIRECTION('',(0.,-1.,0.));
#8266=DIRECTION('',(-1.,0.,0.));
#8267=DIRECTION('',(0.,1.,0.));
#8268=DIRECTION('',(1.,0.,0.));
#8269=DIRECTION('',(0.151740441420702,-0.988420375365386,0.));
#8270=DIRECTION('',(1.,0.,0.));
#8271=DIRECTION('',(3.808342207143E-16,-1.,0.));
#8272=DIRECTION('',(-1.,-1.32801797203962E-16,0.));
#8273=DIRECTION('',(2.85625665535726E-16,-1.,0.));
#8274=DIRECTION('',(-1.,-1.32801797203962E-16,0.));
#8275=DIRECTION('',(0.,0.,1.));
#8276=DIRECTION('',(1.,0.,0.));
#8277=DIRECTION('',(0.,0.,1.));
#8278=DIRECTION('',(1.,0.,0.));
#8279=DIRECTION('',(0.,0.,1.));
#8280=DIRECTION('',(1.,0.,0.));
#8281=DIRECTION('',(0.,0.,1.));
#8282=DIRECTION('',(1.,0.,0.));
#8283=DIRECTION('',(0.,-1.,0.));
#8284=DIRECTION('',(1.,1.24224842583638E-16,0.));
#8285=DIRECTION('',(0.,-1.,0.));
#8286=DIRECTION('',(1.,9.03453400608278E-17,0.));
#8287=DIRECTION('',(0.,1.,0.));
#8288=DIRECTION('',(0.,-1.,0.));
#8289=DIRECTION('',(-1.,0.,0.));
#8290=DIRECTION('',(0.,1.,0.));
#8291=DIRECTION('',(1.,0.,0.));
#8292=DIRECTION('',(0.176299100283093,-0.984336643247305,0.));
#8293=DIRECTION('',(1.,0.,0.));
#8294=DIRECTION('',(0.,0.,-1.));
#8295=DIRECTION('',(-1.,0.,0.));
#8296=DIRECTION('',(0.,0.,-1.));
#8297=DIRECTION('',(-1.,0.,0.));
#8298=DIRECTION('',(0.,-1.,0.));
#8299=DIRECTION('',(-1.,0.,0.));
#8300=DIRECTION('',(-0.357433315245117,0.93393866241466,0.));
#8301=DIRECTION('',(-1.,0.,0.));
#8302=DIRECTION('',(0.,0.,-1.));
#8303=DIRECTION('',(-1.,0.,0.));
#8304=DIRECTION('',(0.,-1.,0.));
#8305=DIRECTION('',(-1.,0.,0.));
#8306=DIRECTION('',(0.,1.,0.));
#8307=DIRECTION('',(1.,0.,0.));
#8308=DIRECTION('',(0.358414677639012,-0.933562487920827,0.));
#8309=DIRECTION('',(1.,0.,0.));
#8310=DIRECTION('',(0.361001044035785,0.932565411220614,0.));
#8311=DIRECTION('',(1.,0.,0.));
#8312=DIRECTION('',(0.,-1.,0.));
#8313=DIRECTION('',(-1.,0.,0.));
#8314=DIRECTION('',(0.,1.,0.));
#8315=DIRECTION('',(0.,0.,-1.));
#8316=DIRECTION('',(-1.,0.,0.));
#8317=DIRECTION('',(-1.,0.,0.));
#8318=DIRECTION('',(-0.360508745614235,-0.932755833182324,0.));
#8319=DIRECTION('',(-1.,0.,0.));
#8320=DIRECTION('',(0.,-1.,0.));
#8321=DIRECTION('',(-1.,0.,0.));
#8322=DIRECTION('',(0.,0.,-1.));
#8323=DIRECTION('',(-1.,0.,0.));
#8324=DIRECTION('',(0.,-1.,0.));
#8325=DIRECTION('',(0.,0.,-1.));
#8326=DIRECTION('',(-1.,0.,0.));
#8327=DIRECTION('',(0.,-1.,0.));
#8328=DIRECTION('',(-1.,-3.10047359843034E-16,0.));
#8329=DIRECTION('',(0.,1.,0.));
#8330=DIRECTION('',(0.573606519308755,0.819130979151988,0.));
#8331=DIRECTION('',(-1.,0.,0.));
#8332=DIRECTION('',(0.,1.,0.));
#8333=DIRECTION('',(1.,0.,0.));
#8334=DIRECTION('',(0.,-1.,0.));
#8335=DIRECTION('',(-0.575702191023332,-0.817659456773377,0.));
#8336=DIRECTION('',(1.,0.,0.));
#8337=DIRECTION('',(-1.,0.,0.));
#8338=DIRECTION('',(0.,1.,0.));
#8339=DIRECTION('',(0.,-1.,0.));
#8340=DIRECTION('',(-1.,0.,0.));
#8341=DIRECTION('',(0.,1.,0.));
#8342=DIRECTION('',(1.,0.,0.));
#8343=DIRECTION('',(0.176299100283102,-0.984336643247303,0.));
#8344=DIRECTION('',(1.,0.,0.));
#8345=DIRECTION('',(0.,0.,-1.));
#8346=DIRECTION('',(-1.,0.,0.));
#8347=DIRECTION('',(0.,0.,-1.));
#8348=DIRECTION('',(-1.,0.,0.));
#8349=DIRECTION('',(0.,-1.,0.));
#8350=DIRECTION('',(0.,1.,0.));
#8351=DIRECTION('',(0.,0.,-1.));
#8352=DIRECTION('',(-1.,0.,0.));
#8353=DIRECTION('',(0.,0.,-1.));
#8354=DIRECTION('',(-1.,0.,0.));
#8355=DIRECTION('',(-0.338142350146584,-0.941094974504351,0.));
#8356=DIRECTION('',(-1.,0.,0.));
#8357=DIRECTION('',(0.,1.,0.));
#8358=DIRECTION('',(0.,-1.,0.));
#8359=DIRECTION('',(-1.,0.,0.));
#8360=DIRECTION('',(0.,1.,0.));
#8361=DIRECTION('',(1.,0.,0.));
#8362=DIRECTION('',(0.176299100283102,-0.984336643247303,0.));
#8363=DIRECTION('',(1.,0.,0.));
#8364=DIRECTION('',(0.,0.,-1.));
#8365=DIRECTION('',(-1.,0.,0.));
#8366=DIRECTION('',(0.,0.,-1.));
#8367=DIRECTION('',(-1.,0.,0.));
#8368=DIRECTION('',(0.,-1.,0.));
#8369=DIRECTION('',(-1.,0.,0.));
#8370=DIRECTION('',(-0.298356146119815,0.954454613940617,0.));
#8371=DIRECTION('',(-1.,0.,0.));
#8372=DIRECTION('',(-0.307377537424253,-0.951587646770912,0.));
#8373=DIRECTION('',(-1.,0.,0.));
#8374=DIRECTION('',(-0.26309357084705,0.96477032136097,0.));
#8375=DIRECTION('',(1.,0.,0.));
#8376=DIRECTION('',(0.248553049464009,-0.968618284775867,0.));
#8377=DIRECTION('',(1.,0.,0.));
#8378=DIRECTION('',(0.,0.,-1.));
#8379=DIRECTION('',(-1.,0.,0.));
#8380=DIRECTION('',(0.,0.,-1.));
#8381=DIRECTION('',(-1.,0.,0.));
#8382=DIRECTION('',(0.304283423085269,0.952581544244644,0.));
#8383=DIRECTION('',(1.,0.,0.));
#8384=DIRECTION('',(0.297666649048958,-0.954669872806283,0.));
#8385=DIRECTION('',(1.,0.,0.));
#8386=DIRECTION('',(0.,0.,-1.));
#8387=DIRECTION('',(-1.,0.,0.));
#8388=DIRECTION('',(1.,0.,0.));
#8389=DIRECTION('',(-0.266235606691477,-0.963907984057411,0.));
#8390=DIRECTION('',(-1.,0.,0.));
#8391=DIRECTION('',(-3.18124335048944E-16,1.,0.));
#8392=DIRECTION('',(1.,0.,0.));
#8393=DIRECTION('',(0.,0.,-1.));
#8394=DIRECTION('',(-1.,0.,0.));
#8395=DIRECTION('',(0.,-1.,0.));
#8396=DIRECTION('',(-1.,0.,0.));
#8397=DIRECTION('',(0.,0.,-1.));
#8398=DIRECTION('',(-1.,0.,0.));
#8399=DIRECTION('',(0.,-1.,0.));
#8400=DIRECTION('',(0.,0.,-1.));
#8401=DIRECTION('',(-1.,0.,0.));
#8402=DIRECTION('',(1.,3.808342207143E-16,0.));
#8403=DIRECTION('',(-3.808342207143E-16,1.,0.));
#8404=DIRECTION('',(3.808342207143E-16,-1.,0.));
#8405=DIRECTION('',(0.,0.,-1.));
#8406=DIRECTION('',(0.,0.,-1.));
#8407=DIRECTION('',(1.32801797203962E-16,-1.,0.));
#8408=DIRECTION('',(1.,1.32801797203962E-16,0.));
#8409=DIRECTION('',(-1.,-1.32801797203962E-16,0.));
#8410=DIRECTION('',(0.,0.,-1.));
#8411=DIRECTION('',(1.,2.85625665535726E-16,0.));
#8412=DIRECTION('',(-2.85625665535726E-16,1.,0.));
#8413=DIRECTION('',(2.85625665535726E-16,-1.,0.));
#8414=DIRECTION('',(0.,0.,-1.));
#8415=DIRECTION('',(1.,0.,0.));
#8416=DIRECTION('',(0.,0.,-1.));
#8417=DIRECTION('',(0.,-1.,0.));
#8418=DIRECTION('',(0.,0.,-1.));
#8419=DIRECTION('',(0.,0.,-1.));
#8420=DIRECTION('',(-1.24224842583638E-16,1.,0.));
#8421=DIRECTION('',(-1.,-1.24224842583638E-16,0.));
#8422=DIRECTION('',(1.,1.24224842583638E-16,0.));
#8423=DIRECTION('',(0.,0.,-1.));
#8424=DIRECTION('',(1.,0.,0.));
#8425=DIRECTION('',(0.,0.,-1.));
#8426=DIRECTION('',(0.,-1.,0.));
#8427=DIRECTION('',(0.,0.,-1.));
#8428=DIRECTION('',(0.,0.,-1.));
#8429=DIRECTION('',(-1.,0.,0.));
#8430=DIRECTION('',(0.,0.,1.));
#8431=DIRECTION('',(1.,0.,0.));
#8432=DIRECTION('',(0.,0.,-1.));
#8433=DIRECTION('',(-1.,0.,0.));
#8434=DIRECTION('',(0.,0.,1.));
#8435=DIRECTION('',(1.,0.,0.));
#8436=DIRECTION('',(0.,0.,-1.));
#8437=DIRECTION('',(-1.,0.,0.));
#8438=DIRECTION('',(0.,0.,1.));
#8439=DIRECTION('',(1.,0.,0.));
#8440=DIRECTION('',(0.,0.,-1.));
#8441=DIRECTION('',(-1.,0.,0.));
#8442=DIRECTION('',(0.,0.,1.));
#8443=DIRECTION('',(1.,0.,0.));
#8444=DIRECTION('',(-9.03453400608278E-17,1.,0.));
#8445=DIRECTION('',(-1.,-9.03453400608278E-17,0.));
#8446=DIRECTION('',(1.,9.03453400608278E-17,0.));
#8447=DIRECTION('',(1.32801797203962E-16,-1.,0.));
#8448=DIRECTION('',(1.,1.32801797203962E-16,0.));
#8449=DIRECTION('',(-1.,-1.32801797203962E-16,0.));
#8450=DIRECTION('',(0.,0.,1.));
#8451=DIRECTION('',(1.,0.,0.));
#8452=DIRECTION('',(-1.,0.,0.));
#8453=DIRECTION('',(0.,0.,1.));
#8454=DIRECTION('',(0.,0.,-1.));
#8455=DIRECTION('',(0.,1.,0.));
#8456=DIRECTION('',(0.,0.,-1.));
#8457=DIRECTION('',(0.,-1.,0.));
#8458=DIRECTION('',(0.,0.,-1.));
#8459=DIRECTION('',(0.,0.,-1.));
#8460=DIRECTION('',(-1.,0.,0.));
#8461=DIRECTION('',(1.,0.,0.));
#8462=DIRECTION('',(0.,0.,-1.));
#8463=DIRECTION('',(0.,0.,-1.));
#8464=DIRECTION('',(0.,-1.,0.));
#8465=DIRECTION('',(0.,0.,-1.));
#8466=DIRECTION('',(0.,0.,-1.));
#8467=DIRECTION('',(0.,0.,-1.));
#8468=DIRECTION('',(-0.216632098567905,0.976253314396456,0.));
#8469=DIRECTION('',(0.,0.,-1.));
#8470=DIRECTION('',(0.,0.,-1.));
#8471=DIRECTION('',(-1.,0.,0.));
#8472=DIRECTION('',(0.,0.,-1.));
#8473=DIRECTION('',(-0.661841092660881,0.749644160962687,0.));
#8474=DIRECTION('',(0.,0.,-1.));
#8475=DIRECTION('',(0.,0.,-1.));
#8476=DIRECTION('',(-1.,0.,0.));
#8477=DIRECTION('',(0.,1.,0.));
#8478=DIRECTION('',(0.,0.,1.));
#8479=DIRECTION('',(0.,0.,-1.));
#8480=DIRECTION('',(1.,0.,0.));
#8481=DIRECTION('',(0.984336643247305,0.176299100283093,0.));
#8482=DIRECTION('',(-0.176299100283093,0.984336643247305,0.));
#8483=DIRECTION('',(0.,0.,-1.));
#8484=DIRECTION('',(0.176299100283093,-0.984336643247305,0.));
#8485=DIRECTION('',(0.,1.,0.));
#8486=DIRECTION('',(0.,0.,1.));
#8487=DIRECTION('',(0.,0.,-1.));
#8488=DIRECTION('',(1.,0.,0.));
#8489=DIRECTION('',(-1.,0.,0.));
#8490=DIRECTION('',(0.,0.,1.));
#8491=DIRECTION('',(0.,0.,-1.));
#8492=DIRECTION('',(0.,1.,0.));
#8493=DIRECTION('',(0.,-1.,0.));
#8494=DIRECTION('',(0.,0.,-1.));
#8495=DIRECTION('',(0.,0.,-1.));
#8496=DIRECTION('',(-1.,0.,0.));
#8497=DIRECTION('',(1.,0.,0.));
#8498=DIRECTION('',(0.,0.,-1.));
#8499=DIRECTION('',(0.,0.,-1.));
#8500=DIRECTION('',(0.,-1.,0.));
#8501=DIRECTION('',(0.,0.,-1.));
#8502=DIRECTION('',(0.,0.,-1.));
#8503=DIRECTION('',(0.,0.,-1.));
#8504=DIRECTION('',(0.,0.,1.));
#8505=DIRECTION('',(1.,0.,0.));
#8506=DIRECTION('',(-0.93393866241466,-0.357433315245117,0.));
#8507=DIRECTION('',(0.357433315245117,-0.93393866241466,0.));
#8508=DIRECTION('',(0.,0.,-1.));
#8509=DIRECTION('',(-0.357433315245117,0.93393866241466,0.));
#8510=DIRECTION('',(0.,0.,-1.));
#8511=DIRECTION('',(0.,-1.,0.));
#8512=DIRECTION('',(0.,0.,-1.));
#8513=DIRECTION('',(0.,0.,-1.));
#8514=DIRECTION('',(-1.,0.,0.));
#8515=DIRECTION('',(0.932755833182324,-0.360508745614235,0.));
#8516=DIRECTION('',(0.360508745614235,0.932755833182324,0.));
#8517=DIRECTION('',(0.,0.,-1.));
#8518=DIRECTION('',(-0.360508745614235,-0.932755833182324,0.));
#8519=DIRECTION('',(0.,-1.,0.));
#8520=DIRECTION('',(0.,0.,-1.));
#8521=DIRECTION('',(0.,0.,-1.));
#8522=DIRECTION('',(-1.,0.,0.));
#8523=DIRECTION('',(0.,0.,-1.));
#8524=DIRECTION('',(-0.999239931362855,0.0389815285738855,0.));
#8525=DIRECTION('',(0.,0.,-1.));
#8526=DIRECTION('',(0.,0.,-1.));
#8527=DIRECTION('',(-1.,0.,0.));
#8528=DIRECTION('',(-1.,0.,0.));
#8529=DIRECTION('',(0.,0.,1.));
#8530=DIRECTION('',(0.,0.,-1.));
#8531=DIRECTION('',(0.,1.,0.));
#8532=DIRECTION('',(0.,-1.,0.));
#8533=DIRECTION('',(0.,0.,-1.));
#8534=DIRECTION('',(0.,0.,-1.));
#8535=DIRECTION('',(-1.,0.,0.));
#8536=DIRECTION('',(1.,0.,0.));
#8537=DIRECTION('',(0.,0.,-1.));
#8538=DIRECTION('',(0.,0.,-1.));
#8539=DIRECTION('',(0.,-1.,0.));
#8540=DIRECTION('',(0.,1.,0.));
#8541=DIRECTION('',(0.,0.,1.));
#8542=DIRECTION('',(0.,0.,-1.));
#8543=DIRECTION('',(1.,0.,0.));
#8544=DIRECTION('',(-0.932565411220614,0.361001044035785,0.));
#8545=DIRECTION('',(-0.361001044035785,-0.932565411220614,0.));
#8546=DIRECTION('',(0.,0.,-1.));
#8547=DIRECTION('',(0.361001044035785,0.932565411220614,0.));
#8548=DIRECTION('',(0.,1.,0.));
#8549=DIRECTION('',(0.,0.,1.));
#8550=DIRECTION('',(0.,0.,-1.));
#8551=DIRECTION('',(1.,0.,0.));
#8552=DIRECTION('',(0.933562487920827,0.358414677639012,0.));
#8553=DIRECTION('',(-0.358414677639012,0.933562487920827,0.));
#8554=DIRECTION('',(0.,0.,-1.));
#8555=DIRECTION('',(0.358414677639012,-0.933562487920827,0.));
#8556=DIRECTION('',(0.,1.,0.));
#8557=DIRECTION('',(0.,0.,1.));
#8558=DIRECTION('',(0.,0.,-1.));
#8559=DIRECTION('',(1.,0.,0.));
#8560=DIRECTION('',(-1.,0.,0.));
#8561=DIRECTION('',(0.,0.,1.));
#8562=DIRECTION('',(0.,0.,-1.));
#8563=DIRECTION('',(0.,1.,0.));
#8564=DIRECTION('',(0.,-1.,0.));
#8565=DIRECTION('',(0.,0.,-1.));
#8566=DIRECTION('',(0.,0.,-1.));
#8567=DIRECTION('',(-1.,0.,0.));
#8568=DIRECTION('',(1.,0.,0.));
#8569=DIRECTION('',(0.,0.,-1.));
#8570=DIRECTION('',(0.,0.,-1.));
#8571=DIRECTION('',(0.,-1.,0.));
#8572=DIRECTION('',(0.,0.,-1.));
#8573=DIRECTION('',(0.999170132367398,0.0407313955679925,0.));
#8574=DIRECTION('',(0.,0.,-1.));
#8575=DIRECTION('',(0.,0.,-1.));
#8576=DIRECTION('',(-1.,0.,0.));
#8577=DIRECTION('',(0.,-1.,0.));
#8578=DIRECTION('',(0.,0.,-1.));
#8579=DIRECTION('',(-1.,0.,0.));
#8580=DIRECTION('',(0.,0.,1.));
#8581=DIRECTION('',(1.,0.,0.));
#8582=DIRECTION('',(0.,0.,-1.));
#8583=DIRECTION('',(0.,0.,-1.));
#8584=DIRECTION('',(0.,0.,-1.));
#8585=DIRECTION('',(0.,0.,-1.));
#8586=DIRECTION('',(0.,1.,0.));
#8587=DIRECTION('',(0.,0.,1.));
#8588=DIRECTION('',(1.,0.,0.));
#8589=DIRECTION('',(0.,0.,-1.));
#8590=DIRECTION('',(1.,0.,0.));
#8591=DIRECTION('',(0.,0.,-1.));
#8592=DIRECTION('',(0.,0.,-1.));
#8593=DIRECTION('',(0.,0.,-1.));
#8594=DIRECTION('',(0.,0.,-1.));
#8595=DIRECTION('',(0.308001104403883,-0.951385999311525,0.));
#8596=DIRECTION('',(0.,0.,-1.));
#8597=DIRECTION('',(0.,0.,-1.));
#8598=DIRECTION('',(-1.,0.,0.));
#8599=DIRECTION('',(1.,0.,0.));
#8600=DIRECTION('',(0.,0.,-1.));
#8601=DIRECTION('',(0.,0.,-1.));
#8602=DIRECTION('',(0.,-1.,0.));
#8603=DIRECTION('',(0.,0.,-1.));
#8604=DIRECTION('',(0.204721178766046,-0.978820330277544,0.));
#8605=DIRECTION('',(0.,0.,-1.));
#8606=DIRECTION('',(0.,0.,-1.));
#8607=DIRECTION('',(-1.,0.,0.));
#8608=DIRECTION('',(0.,0.,-1.));
#8609=DIRECTION('',(0.,0.,-1.));
#8610=DIRECTION('',(0.,-1.,0.));
#8611=DIRECTION('',(0.,0.,-1.));
#8612=DIRECTION('',(0.,0.,-1.));
#8613=DIRECTION('',(-1.,0.,0.));
#8614=DIRECTION('',(1.,0.,0.));
#8615=DIRECTION('',(0.,0.,-1.));
#8616=DIRECTION('',(0.,0.,-1.));
#8617=DIRECTION('',(0.,-1.,0.));
#8618=DIRECTION('',(0.,0.,-1.));
#8619=DIRECTION('',(0.,0.,-1.));
#8620=DIRECTION('',(0.,0.,-1.));
#8621=DIRECTION('',(0.,0.,-1.));
#8622=DIRECTION('',(0.,0.,1.));
#8623=DIRECTION('',(1.,0.,0.));
#8624=DIRECTION('',(3.10047359843034E-16,-1.,0.));
#8625=DIRECTION('',(1.,3.10047359843034E-16,0.));
#8626=DIRECTION('',(0.,0.,-1.));
#8627=DIRECTION('',(-1.,-3.10047359843034E-16,0.));
#8628=DIRECTION('',(0.,0.,-1.));
#8629=DIRECTION('',(1.,0.,0.));
#8630=DIRECTION('',(0.,0.,-1.));
#8631=DIRECTION('',(0.,0.,-1.));
#8632=DIRECTION('',(0.,-1.,0.));
#8633=DIRECTION('',(0.,1.,0.));
#8634=DIRECTION('',(0.,0.,1.));
#8635=DIRECTION('',(0.,0.,-1.));
#8636=DIRECTION('',(1.,0.,0.));
#8637=DIRECTION('',(0.817659456773377,-0.575702191023332,0.));
#8638=DIRECTION('',(0.575702191023332,0.817659456773377,0.));
#8639=DIRECTION('',(0.,0.,-1.));
#8640=DIRECTION('',(-0.575702191023332,-0.817659456773377,0.));
#8641=DIRECTION('',(1.,0.,0.));
#8642=DIRECTION('',(0.,0.,-1.));
#8643=DIRECTION('',(0.,0.,-1.));
#8644=DIRECTION('',(0.,-1.,0.));
#8645=DIRECTION('',(0.,1.,0.));
#8646=DIRECTION('',(0.,0.,1.));
#8647=DIRECTION('',(0.,0.,-1.));
#8648=DIRECTION('',(1.,0.,0.));
#8649=DIRECTION('',(-1.,0.,0.));
#8650=DIRECTION('',(0.,0.,1.));
#8651=DIRECTION('',(0.,0.,-1.));
#8652=DIRECTION('',(0.,1.,0.));
#8653=DIRECTION('',(0.,-1.,0.));
#8654=DIRECTION('',(0.,0.,-1.));
#8655=DIRECTION('',(0.,0.,-1.));
#8656=DIRECTION('',(-1.,0.,0.));
#8657=DIRECTION('',(-0.819130979151988,0.573606519308755,0.));
#8658=DIRECTION('',(-0.573606519308755,-0.819130979151988,0.));
#8659=DIRECTION('',(0.,0.,-1.));
#8660=DIRECTION('',(0.573606519308755,0.819130979151988,0.));
#8661=DIRECTION('',(-1.,0.,0.));
#8662=DIRECTION('',(0.,0.,1.));
#8663=DIRECTION('',(0.,1.,0.));
#8664=DIRECTION('',(0.,0.,1.));
#8665=DIRECTION('',(1.,0.,0.));
#8666=DIRECTION('',(0.,0.,-1.));
#8667=DIRECTION('',(0.,0.,-1.));
#8668=DIRECTION('',(0.,0.,-1.));
#8669=DIRECTION('',(0.,0.,-1.));
#8670=DIRECTION('',(0.,0.,-1.));
#8671=DIRECTION('',(0.,0.,-1.));
#8672=DIRECTION('',(0.,0.,-1.));
#8673=DIRECTION('',(0.,0.,-1.));
#8674=DIRECTION('',(0.,0.,-1.));
#8675=DIRECTION('',(0.,0.,-1.));
#8676=DIRECTION('',(0.,0.,-1.));
#8677=DIRECTION('',(0.,0.,-1.));
#8678=DIRECTION('',(0.,0.,-1.));
#8679=DIRECTION('',(0.,0.,-1.));
#8680=DIRECTION('',(0.,0.,-1.));
#8681=DIRECTION('',(0.,0.,-1.));
#8682=DIRECTION('',(0.,0.,-1.));
#8683=DIRECTION('',(0.,0.,1.));
#8684=DIRECTION('',(1.,0.,0.));
#8685=DIRECTION('',(0.,0.,-1.));
#8686=DIRECTION('',(0.,0.,-1.));
#8687=DIRECTION('',(0.,0.,-1.));
#8688=DIRECTION('',(0.,0.,-1.));
#8689=DIRECTION('',(0.,0.,-1.));
#8690=DIRECTION('',(0.,0.,-1.));
#8691=DIRECTION('',(0.,0.,-1.));
#8692=DIRECTION('',(0.,0.,-1.));
#8693=DIRECTION('',(0.,0.,-1.));
#8694=DIRECTION('',(0.,0.,-1.));
#8695=DIRECTION('',(0.,0.,-1.));
#8696=DIRECTION('',(0.,0.,-1.));
#8697=DIRECTION('',(0.,0.,-1.));
#8698=DIRECTION('',(0.,0.,-1.));
#8699=DIRECTION('',(0.,0.,-1.));
#8700=DIRECTION('',(0.,0.,-1.));
#8701=DIRECTION('',(0.,0.,-1.));
#8702=DIRECTION('',(0.,0.,1.));
#8703=DIRECTION('',(1.,0.,0.));
#8704=DIRECTION('',(-1.,0.,0.));
#8705=DIRECTION('',(0.,0.,1.));
#8706=DIRECTION('',(0.,0.,-1.));
#8707=DIRECTION('',(0.,1.,0.));
#8708=DIRECTION('',(0.,0.,-1.));
#8709=DIRECTION('',(0.,-1.,0.));
#8710=DIRECTION('',(0.,0.,-1.));
#8711=DIRECTION('',(0.,0.,-1.));
#8712=DIRECTION('',(-1.,0.,0.));
#8713=DIRECTION('',(1.,0.,0.));
#8714=DIRECTION('',(0.,0.,-1.));
#8715=DIRECTION('',(0.,0.,-1.));
#8716=DIRECTION('',(0.,-1.,0.));
#8717=DIRECTION('',(0.,0.,-1.));
#8718=DIRECTION('',(0.,0.,-1.));
#8719=DIRECTION('',(0.,0.,-1.));
#8720=DIRECTION('',(-0.216632098567896,0.976253314396458,0.));
#8721=DIRECTION('',(0.,0.,-1.));
#8722=DIRECTION('',(0.,0.,-1.));
#8723=DIRECTION('',(-1.,0.,0.));
#8724=DIRECTION('',(0.,0.,-1.));
#8725=DIRECTION('',(-0.66184109266089,0.749644160962679,0.));
#8726=DIRECTION('',(0.,0.,-1.));
#8727=DIRECTION('',(0.,0.,-1.));
#8728=DIRECTION('',(-1.,0.,0.));
#8729=DIRECTION('',(0.,1.,0.));
#8730=DIRECTION('',(0.,0.,1.));
#8731=DIRECTION('',(0.,0.,-1.));
#8732=DIRECTION('',(1.,0.,0.));
#8733=DIRECTION('',(0.984336643247303,0.176299100283102,0.));
#8734=DIRECTION('',(-0.176299100283102,0.984336643247303,0.));
#8735=DIRECTION('',(0.,0.,-1.));
#8736=DIRECTION('',(0.176299100283102,-0.984336643247303,0.));
#8737=DIRECTION('',(0.,1.,0.));
#8738=DIRECTION('',(0.,0.,1.));
#8739=DIRECTION('',(0.,0.,-1.));
#8740=DIRECTION('',(1.,0.,0.));
#8741=DIRECTION('',(-1.,0.,0.));
#8742=DIRECTION('',(0.,0.,1.));
#8743=DIRECTION('',(0.,0.,-1.));
#8744=DIRECTION('',(0.,1.,0.));
#8745=DIRECTION('',(0.,-1.,0.));
#8746=DIRECTION('',(0.,0.,-1.));
#8747=DIRECTION('',(0.,0.,-1.));
#8748=DIRECTION('',(-1.,0.,0.));
#8749=DIRECTION('',(1.,0.,0.));
#8750=DIRECTION('',(0.,0.,-1.));
#8751=DIRECTION('',(0.,0.,-1.));
#8752=DIRECTION('',(0.,-1.,0.));
#8753=DIRECTION('',(0.,0.,-1.));
#8754=DIRECTION('',(0.,0.,-1.));
#8755=DIRECTION('',(0.,0.,-1.));
#8756=DIRECTION('',(0.,0.,1.));
#8757=DIRECTION('',(1.,0.,0.));
#8758=DIRECTION('',(0.,0.,-1.));
#8759=DIRECTION('',(0.,0.,-1.));
#8760=DIRECTION('',(0.,0.,-1.));
#8761=DIRECTION('',(0.,0.,-1.));
#8762=DIRECTION('',(0.,0.,-1.));
#8763=DIRECTION('',(0.,0.,-1.));
#8764=DIRECTION('',(0.,0.,-1.));
#8765=DIRECTION('',(0.,0.,-1.));
#8766=DIRECTION('',(0.,0.,-1.));
#8767=DIRECTION('',(0.,0.,-1.));
#8768=DIRECTION('',(0.941094974504351,-0.338142350146583,0.));
#8769=DIRECTION('',(0.338142350146583,0.941094974504351,0.));
#8770=DIRECTION('',(0.,0.,-1.));
#8771=DIRECTION('',(-0.338142350146584,-0.941094974504351,0.));
#8772=DIRECTION('',(0.,0.,-1.));
#8773=DIRECTION('',(0.,0.,-1.));
#8774=DIRECTION('',(0.,0.,-1.));
#8775=DIRECTION('',(0.,0.,-1.));
#8776=DIRECTION('',(0.,0.,-1.));
#8777=DIRECTION('',(0.,0.,-1.));
#8778=DIRECTION('',(0.,0.,-1.));
#8779=DIRECTION('',(0.,0.,-1.));
#8780=DIRECTION('',(0.,0.,-1.));
#8781=DIRECTION('',(0.,0.,-1.));
#8782=DIRECTION('',(0.,0.,-1.));
#8783=DIRECTION('',(-0.103930416659102,-0.994584570809876,0.));
#8784=DIRECTION('',(0.,0.,-1.));
#8785=DIRECTION('',(0.,0.,-1.));
#8786=DIRECTION('',(-1.,0.,0.));
#8787=DIRECTION('',(0.,0.,-1.));
#8788=DIRECTION('',(-0.293310951628146,-0.956017094854999,0.));
#8789=DIRECTION('',(0.,0.,-1.));
#8790=DIRECTION('',(0.,0.,-1.));
#8791=DIRECTION('',(-1.,0.,0.));
#8792=DIRECTION('',(-1.,0.,0.));
#8793=DIRECTION('',(0.,0.,1.));
#8794=DIRECTION('',(0.,0.,-1.));
#8795=DIRECTION('',(0.,1.,0.));
#8796=DIRECTION('',(0.,0.,-1.));
#8797=DIRECTION('',(0.,0.,1.));
#8798=DIRECTION('',(1.,0.,0.));
#8799=DIRECTION('',(-1.,0.,0.));
#8800=DIRECTION('',(0.,0.,1.));
#8801=DIRECTION('',(0.,0.,-1.));
#8802=DIRECTION('',(0.,1.,0.));
#8803=DIRECTION('',(0.,0.,-1.));
#8804=DIRECTION('',(0.,-1.,0.));
#8805=DIRECTION('',(0.,0.,-1.));
#8806=DIRECTION('',(0.,0.,-1.));
#8807=DIRECTION('',(-1.,0.,0.));
#8808=DIRECTION('',(1.,0.,0.));
#8809=DIRECTION('',(0.,0.,-1.));
#8810=DIRECTION('',(0.,0.,-1.));
#8811=DIRECTION('',(0.,-1.,0.));
#8812=DIRECTION('',(0.,0.,-1.));
#8813=DIRECTION('',(0.,0.,-1.));
#8814=DIRECTION('',(0.,0.,-1.));
#8815=DIRECTION('',(-0.216632098567893,0.976253314396459,0.));
#8816=DIRECTION('',(0.,0.,-1.));
#8817=DIRECTION('',(0.,0.,-1.));
#8818=DIRECTION('',(-1.,0.,0.));
#8819=DIRECTION('',(0.,0.,-1.));
#8820=DIRECTION('',(-0.661841092660882,0.749644160962686,0.));
#8821=DIRECTION('',(0.,0.,-1.));
#8822=DIRECTION('',(0.,0.,-1.));
#8823=DIRECTION('',(-1.,0.,0.));
#8824=DIRECTION('',(0.,1.,0.));
#8825=DIRECTION('',(0.,0.,1.));
#8826=DIRECTION('',(0.,0.,-1.));
#8827=DIRECTION('',(1.,0.,0.));
#8828=DIRECTION('',(0.984336643247303,0.176299100283102,0.));
#8829=DIRECTION('',(-0.176299100283102,0.984336643247303,0.));
#8830=DIRECTION('',(0.,0.,-1.));
#8831=DIRECTION('',(0.176299100283102,-0.984336643247303,0.));
#8832=DIRECTION('',(0.,1.,0.));
#8833=DIRECTION('',(0.,0.,1.));
#8834=DIRECTION('',(0.,0.,-1.));
#8835=DIRECTION('',(1.,0.,0.));
#8836=DIRECTION('',(-1.,0.,0.));
#8837=DIRECTION('',(0.,0.,1.));
#8838=DIRECTION('',(0.,0.,-1.));
#8839=DIRECTION('',(0.,1.,0.));
#8840=DIRECTION('',(0.,-1.,0.));
#8841=DIRECTION('',(0.,0.,-1.));
#8842=DIRECTION('',(0.,0.,-1.));
#8843=DIRECTION('',(-1.,0.,0.));
#8844=DIRECTION('',(1.,0.,0.));
#8845=DIRECTION('',(0.,0.,-1.));
#8846=DIRECTION('',(0.,0.,-1.));
#8847=DIRECTION('',(0.,-1.,0.));
#8848=DIRECTION('',(0.,0.,-1.));
#8849=DIRECTION('',(0.,0.,-1.));
#8850=DIRECTION('',(0.,0.,-1.));
#8851=DIRECTION('',(0.,0.,1.));
#8852=DIRECTION('',(1.,0.,0.));
#8853=DIRECTION('',(-0.954454613940617,-0.298356146119814,0.));
#8854=DIRECTION('',(0.298356146119815,-0.954454613940617,0.));
#8855=DIRECTION('',(0.,0.,-1.));
#8856=DIRECTION('',(-0.298356146119815,0.954454613940617,0.));
#8857=DIRECTION('',(0.,0.,-1.));
#8858=DIRECTION('',(0.,-1.,0.));
#8859=DIRECTION('',(0.,0.,-1.));
#8860=DIRECTION('',(0.,0.,-1.));
#8861=DIRECTION('',(-1.,0.,0.));
#8862=DIRECTION('',(0.96390798405741,-0.266235606691477,0.));
#8863=DIRECTION('',(0.266235606691477,0.963907984057411,0.));
#8864=DIRECTION('',(0.,0.,-1.));
#8865=DIRECTION('',(-0.266235606691477,-0.963907984057411,0.));
#8866=DIRECTION('',(0.,1.,0.));
#8867=DIRECTION('',(0.,0.,1.));
#8868=DIRECTION('',(0.,0.,-1.));
#8869=DIRECTION('',(1.,0.,0.));
#8870=DIRECTION('',(0.,0.,-1.));
#8871=DIRECTION('',(0.,0.,-1.));
#8872=DIRECTION('',(-0.982723647817124,0.185078988599476,0.));
#8873=DIRECTION('',(0.,0.,-1.));
#8874=DIRECTION('',(0.,0.,-1.));
#8875=DIRECTION('',(-1.,0.,0.));
#8876=DIRECTION('',(0.,1.,0.));
#8877=DIRECTION('',(0.,0.,1.));
#8878=DIRECTION('',(0.,0.,-1.));
#8879=DIRECTION('',(1.,0.,0.));
#8880=DIRECTION('',(0.,0.,-1.));
#8881=DIRECTION('',(0.954669872806283,0.297666649048958,0.));
#8882=DIRECTION('',(-0.297666649048958,0.954669872806283,0.));
#8883=DIRECTION('',(0.,0.,-1.));
#8884=DIRECTION('',(0.297666649048958,-0.954669872806283,0.));
#8885=DIRECTION('',(0.,1.,0.));
#8886=DIRECTION('',(0.,0.,1.));
#8887=DIRECTION('',(0.,0.,-1.));
#8888=DIRECTION('',(1.,0.,0.));
#8889=DIRECTION('',(-0.952581544244644,0.304283423085269,0.));
#8890=DIRECTION('',(-0.304283423085269,-0.952581544244644,0.));
#8891=DIRECTION('',(0.,0.,-1.));
#8892=DIRECTION('',(0.304283423085269,0.952581544244644,0.));
#8893=DIRECTION('',(0.,0.,-1.));
#8894=DIRECTION('',(-0.957594306936628,0.288120015484102,0.));
#8895=DIRECTION('',(0.,0.,-1.));
#8896=DIRECTION('',(0.,0.,-1.));
#8897=DIRECTION('',(-1.,0.,0.));
#8898=DIRECTION('',(0.,0.,-1.));
#8899=DIRECTION('',(-0.973088718400711,0.230430783796919,0.));
#8900=DIRECTION('',(0.,0.,-1.));
#8901=DIRECTION('',(0.,0.,-1.));
#8902=DIRECTION('',(-1.,0.,0.));
#8903=DIRECTION('',(0.,1.,0.));
#8904=DIRECTION('',(0.,0.,1.));
#8905=DIRECTION('',(0.,0.,-1.));
#8906=DIRECTION('',(1.,0.,0.));
#8907=DIRECTION('',(0.,0.,-1.));
#8908=DIRECTION('',(0.968618284775867,0.248553049464009,-5.63845181634242E-25));
#8909=DIRECTION('',(0.248553049464009,-0.968618284775867,-7.1174362480817E-16));
#8910=DIRECTION('',(-5.8211288233601E-25,0.,-1.));
#8911=DIRECTION('',(0.248553049464009,-0.968618284775867,-7.1174362480817E-16));
#8912=DIRECTION('',(0.,1.,0.));
#8913=DIRECTION('',(0.,0.,1.));
#8914=DIRECTION('',(0.,0.,-1.));
#8915=DIRECTION('',(1.,0.,0.));
#8916=DIRECTION('',(-0.964770321360969,-0.26309357084705,0.));
#8917=DIRECTION('',(0.26309357084705,-0.96477032136097,0.));
#8918=DIRECTION('',(0.,0.,-1.));
#8919=DIRECTION('',(-0.26309357084705,0.96477032136097,0.));
#8920=DIRECTION('',(0.,-1.,0.));
#8921=DIRECTION('',(0.,0.,-1.));
#8922=DIRECTION('',(0.,0.,-1.));
#8923=DIRECTION('',(-1.,0.,0.));
#8924=DIRECTION('',(0.951587646770912,-0.307377537424253,0.));
#8925=DIRECTION('',(0.307377537424253,0.951587646770912,0.));
#8926=DIRECTION('',(0.,0.,-1.));
#8927=DIRECTION('',(-0.307377537424253,-0.951587646770912,0.));
#8928=DIRECTION('',(0.,0.,-1.));
#8929=DIRECTION('',(0.,-1.,0.));
#8930=DIRECTION('',(0.,0.,-1.));
#8931=DIRECTION('',(0.,0.,-1.));
#8932=DIRECTION('',(-1.,0.,0.));
#8933=DIRECTION('',(0.,0.,1.));
#8934=DIRECTION('',(1.,0.,0.));
#8935=DIRECTION('',(0.,0.,-1.));
#8936=DIRECTION('',(0.,0.,-1.));
#8937=DIRECTION('',(0.,0.,-1.));
#8938=DIRECTION('',(0.,0.,-1.));
#8939=DIRECTION('',(0.,0.,-1.));
#8940=DIRECTION('',(0.,0.,-1.));
#8941=DIRECTION('',(0.,0.,-1.));
#8942=DIRECTION('',(0.,0.,-1.));
#8943=DIRECTION('',(0.,0.,-1.));
#8944=DIRECTION('',(0.,0.,-1.));
#8945=DIRECTION('',(0.,0.,-1.));
#8946=DIRECTION('',(0.,0.,-1.));
#8947=DIRECTION('',(0.,0.,-1.));
#8948=DIRECTION('',(0.,0.,-1.));
#8949=DIRECTION('',(0.,0.,-1.));
#8950=DIRECTION('',(0.,0.,-1.));
#8951=DIRECTION('',(0.,0.,-1.));
#8952=DIRECTION('',(0.,0.,1.));
#8953=DIRECTION('',(1.,0.,0.));
#8954=DIRECTION('',(0.,0.,-1.));
#8955=DIRECTION('',(0.,0.,-1.));
#8956=DIRECTION('',(0.,0.,-1.));
#8957=DIRECTION('',(0.,0.,-1.));
#8958=DIRECTION('',(0.,1.,0.));
#8959=DIRECTION('',(0.,0.,1.));
#8960=DIRECTION('',(1.,0.,0.));
#8961=DIRECTION('',(0.,0.,-1.));
#8962=DIRECTION('',(1.,0.,0.));
#8963=DIRECTION('',(1.,0.,0.));
#8964=DIRECTION('',(0.,0.,-1.));
#8965=DIRECTION('',(0.,-1.,0.));
#8966=DIRECTION('',(0.,0.,-1.));
#8967=DIRECTION('',(0.,-1.,0.));
#8968=DIRECTION('',(0.,-1.,0.));
#8969=DIRECTION('',(0.,0.,-1.));
#8970=DIRECTION('',(-1.,0.,0.));
#8971=DIRECTION('',(0.,0.,-1.));
#8972=DIRECTION('',(-1.,0.,0.));
#8973=DIRECTION('',(0.,0.,-1.));
#8974=DIRECTION('',(0.,0.,-1.));
#8975=DIRECTION('',(0.,0.,-1.));
#8976=DIRECTION('',(0.,0.,-1.));
#8977=DIRECTION('',(0.,1.,0.));
#8978=DIRECTION('',(0.,0.,1.));
#8979=DIRECTION('',(0.,0.,-1.));
#8980=DIRECTION('',(1.,0.,0.));
#8981=DIRECTION('',(-1.,-3.18124335048944E-16,0.));
#8982=DIRECTION('',(3.18124335048944E-16,-1.,0.));
#8983=DIRECTION('',(0.,0.,-1.));
#8984=DIRECTION('',(-3.18124335048944E-16,1.,0.));
#8985=DIRECTION('',(0.,-1.,0.));
#8986=DIRECTION('',(0.,0.,-1.));
#8987=DIRECTION('',(0.,0.,-1.));
#8988=DIRECTION('',(-1.,0.,0.));
#8989=DIRECTION('',(0.,0.,1.));
#8990=DIRECTION('',(1.,0.,0.));
#8991=DIRECTION('',(0.,0.,-1.));
#8992=DIRECTION('',(0.,0.,-1.));
#8993=DIRECTION('',(0.,0.,-1.));
#8994=DIRECTION('',(0.,0.,-1.));
#8995=DIRECTION('',(0.,0.,-1.));
#8996=DIRECTION('',(0.,0.,-1.));
#8997=DIRECTION('',(0.,0.,-1.));
#8998=DIRECTION('',(0.,0.,-1.));
#8999=DIRECTION('',(1.,0.,0.));
#9000=DIRECTION('',(0.,0.,-1.));
#9001=DIRECTION('',(0.,-1.,0.));
#9002=DIRECTION('',(0.,0.,-1.));
#9003=DIRECTION('',(0.,-1.,0.));
#9004=DIRECTION('',(0.,0.,-1.));
#9005=DIRECTION('',(-0.201554764423439,-0.979477246769016,0.));
#9006=DIRECTION('',(0.,0.,-1.));
#9007=DIRECTION('',(0.,0.,-1.));
#9008=DIRECTION('',(-1.,0.,0.));
#9009=DIRECTION('',(0.,0.,-1.));
#9010=DIRECTION('',(0.,0.,-1.));
#9011=DIRECTION('',(0.,0.,-1.));
#9012=DIRECTION('',(0.,0.,-1.));
#9013=DIRECTION('',(0.,0.,-1.));
#9014=DIRECTION('',(0.,0.,-1.));
#9015=DIRECTION('',(0.,0.,-1.));
#9016=DIRECTION('',(0.,1.,0.));
#9017=DIRECTION('',(0.,0.,1.));
#9018=DIRECTION('',(0.,0.,-1.));
#9019=DIRECTION('',(1.,0.,0.));
#9020=DIRECTION('',(0.988420375365386,0.151740441420702,0.));
#9021=DIRECTION('',(-0.151740441420702,0.988420375365386,0.));
#9022=DIRECTION('',(0.,0.,-1.));
#9023=DIRECTION('',(0.151740441420702,-0.988420375365386,0.));
#9024=DIRECTION('',(0.,1.,0.));
#9025=DIRECTION('',(0.,0.,1.));
#9026=DIRECTION('',(0.,0.,-1.));
#9027=DIRECTION('',(1.,0.,0.));
#9028=DIRECTION('',(-1.,0.,0.));
#9029=DIRECTION('',(0.,0.,1.));
#9030=DIRECTION('',(0.,0.,-1.));
#9031=DIRECTION('',(0.,1.,0.));
#9032=DIRECTION('',(0.,-1.,0.));
#9033=DIRECTION('',(0.,0.,-1.));
#9034=DIRECTION('',(0.,0.,-1.));
#9035=DIRECTION('',(-1.,0.,0.));
#9036=DIRECTION('',(1.,0.,0.));
#9037=DIRECTION('',(0.,0.,-1.));
#9038=DIRECTION('',(0.,0.,-1.));
#9039=DIRECTION('',(0.,-1.,0.));
#9040=DIRECTION('',(0.,0.,-1.));
#9041=DIRECTION('',(0.997857743372586,0.0654211280196954,0.));
#9042=DIRECTION('',(0.,0.,-1.));
#9043=DIRECTION('',(0.,0.,-1.));
#9044=DIRECTION('',(-1.,0.,0.));
#9045=DIRECTION('',(0.,-1.,0.));
#9046=DIRECTION('',(0.,0.,-1.));
#9047=DIRECTION('',(0.,0.,-1.));
#9048=DIRECTION('',(-1.,0.,0.));
#9049=DIRECTION('',(0.,0.,-1.));
#9050=DIRECTION('',(-0.632771373895152,-0.774338678085269,0.));
#9051=DIRECTION('',(0.,0.,-1.));
#9052=DIRECTION('',(-1.,0.,0.));
#9053=DIRECTION('',(0.,0.,1.));
#9054=DIRECTION('',(1.,0.,0.));
#9055=DIRECTION('',(1.,0.,0.));
#9056=DIRECTION('',(0.,0.,-1.));
#9057=DIRECTION('',(0.,0.,-1.));
#9058=DIRECTION('',(0.,-1.,0.));
#9059=DIRECTION('',(0.,0.,-1.));
#9060=DIRECTION('',(0.,1.,0.));
#9061=DIRECTION('',(0.,0.,1.));
#9062=DIRECTION('',(0.,0.,-1.));
#9063=DIRECTION('',(1.,0.,0.));
#9064=DIRECTION('',(-1.,0.,0.));
#9065=DIRECTION('',(0.,0.,1.));
#9066=DIRECTION('',(0.,0.,-1.));
#9067=DIRECTION('',(0.,1.,0.));
#9068=DIRECTION('',(0.,0.,-1.));
#9069=DIRECTION('',(0.,0.,-1.));
#9070=DIRECTION('',(0.,0.,-1.));
#9071=DIRECTION('',(0.,0.,-1.));
#9072=DIRECTION('',(1.,0.,0.));
#9073=DIRECTION('',(0.,0.,-1.));
#9074=DIRECTION('',(0.,0.,-1.));
#9075=DIRECTION('',(0.,-1.,0.));
#9076=DIRECTION('',(0.,1.,0.));
#9077=DIRECTION('',(0.,0.,1.));
#9078=DIRECTION('',(0.,0.,-1.));
#9079=DIRECTION('',(1.,0.,0.));
#9080=DIRECTION('',(-1.,0.,0.));
#9081=DIRECTION('',(0.,0.,1.));
#9082=DIRECTION('',(0.,0.,-1.));
#9083=DIRECTION('',(0.,1.,0.));
#9084=DIRECTION('',(0.,0.,-1.));
#9085=DIRECTION('',(0.,0.,-1.));
#9086=DIRECTION('',(0.,0.,-1.));
#9087=DIRECTION('',(0.,0.,1.));
#9088=DIRECTION('',(1.,0.,0.));
#9089=DIRECTION('',(1.,0.,0.));
#9090=DIRECTION('',(0.,0.,-1.));
#9091=DIRECTION('',(0.,0.,-1.));
#9092=DIRECTION('',(0.,-1.,0.));
#9093=DIRECTION('',(0.,0.,-1.));
#9094=DIRECTION('',(0.,1.,0.));
#9095=DIRECTION('',(0.,0.,1.));
#9096=DIRECTION('',(0.,0.,-1.));
#9097=DIRECTION('',(1.,0.,0.));
#9098=DIRECTION('',(-1.,0.,0.));
#9099=DIRECTION('',(0.,0.,1.));
#9100=DIRECTION('',(0.,0.,-1.));
#9101=DIRECTION('',(0.,1.,0.));
#9102=DIRECTION('',(0.,0.,-1.));
#9103=DIRECTION('',(0.,0.,-1.));
#9104=DIRECTION('',(0.,0.,-1.));
#9105=DIRECTION('',(0.209354158016432,-0.977839882864895,0.));
#9106=DIRECTION('',(0.,0.,-1.));
#9107=DIRECTION('',(0.,0.,-1.));
#9108=DIRECTION('',(-1.,0.,0.));
#9109=DIRECTION('',(0.,0.,-1.));
#9110=DIRECTION('',(0.661046543161409,-0.75034489921259,0.));
#9111=DIRECTION('',(0.,0.,-1.));
#9112=DIRECTION('',(0.,0.,-1.));
#9113=DIRECTION('',(-1.,0.,0.));
#9114=DIRECTION('',(0.,-1.,0.));
#9115=DIRECTION('',(0.,0.,-1.));
#9116=DIRECTION('',(0.,0.,-1.));
#9117=DIRECTION('',(-1.,0.,0.));
#9118=DIRECTION('',(-0.986911938069553,-0.161260120599603,0.));
#9119=DIRECTION('',(0.161260120599603,-0.986911938069553,0.));
#9120=DIRECTION('',(0.,0.,-1.));
#9121=DIRECTION('',(-0.161260120599603,0.986911938069553,0.));
#9122=DIRECTION('',(0.,-1.,0.));
#9123=DIRECTION('',(0.,0.,-1.));
#9124=DIRECTION('',(0.,0.,-1.));
#9125=DIRECTION('',(-1.,0.,0.));
#9126=DIRECTION('',(1.,0.,0.));
#9127=DIRECTION('',(0.,0.,-1.));
#9128=DIRECTION('',(0.,0.,-1.));
#9129=DIRECTION('',(0.,-1.,0.));
#9130=DIRECTION('',(0.,1.,0.));
#9131=DIRECTION('',(0.,0.,1.));
#9132=DIRECTION('',(0.,0.,-1.));
#9133=DIRECTION('',(1.,0.,0.));
#9134=DIRECTION('',(-1.,0.,0.));
#9135=DIRECTION('',(0.,0.,1.));
#9136=DIRECTION('',(0.,0.,-1.));
#9137=DIRECTION('',(0.,1.,0.));
#9138=DIRECTION('',(0.,0.,-1.));
#9139=DIRECTION('',(0.,0.,-1.));
#9140=DIRECTION('',(0.,0.,-1.));
#9141=DIRECTION('',(0.,0.,1.));
#9142=DIRECTION('',(1.,0.,0.));
#9143=DIRECTION('',(0.,0.,-1.));
#9144=DIRECTION('',(0.,0.,-1.));
#9145=DIRECTION('',(0.,0.,-1.));
#9146=DIRECTION('',(0.,0.,-1.));
#9147=DIRECTION('',(0.,1.,0.));
#9148=DIRECTION('',(0.,0.,1.));
#9149=DIRECTION('',(1.,0.,0.));
#9150=DIRECTION('',(0.,0.,-1.));
#9151=DIRECTION('',(1.,0.,0.));
#9152=DIRECTION('',(0.,0.,-1.));
#9153=DIRECTION('',(0.,0.,-1.));
#9154=DIRECTION('',(0.,0.,-1.));
#9155=DIRECTION('',(0.0929446933497413,-0.99567127305056,0.));
#9156=DIRECTION('',(0.,0.,-1.));
#9157=DIRECTION('',(0.,0.,-1.));
#9158=DIRECTION('',(-1.,0.,0.));
#9159=DIRECTION('',(0.,0.,-1.));
#9160=DIRECTION('',(0.308001104403861,-0.951385999311532,0.));
#9161=DIRECTION('',(0.,0.,-1.));
#9162=DIRECTION('',(0.,0.,-1.));
#9163=DIRECTION('',(-1.,0.,0.));
#9164=DIRECTION('',(1.,0.,0.));
#9165=DIRECTION('',(0.,0.,-1.));
#9166=DIRECTION('',(0.,0.,-1.));
#9167=DIRECTION('',(0.,-1.,0.));
#9168=DIRECTION('',(0.,0.,-1.));
#9169=DIRECTION('',(0.204721178766051,-0.978820330277543,0.));
#9170=DIRECTION('',(0.,0.,-1.));
#9171=DIRECTION('',(0.,0.,-1.));
#9172=DIRECTION('',(-1.,0.,0.));
#9173=DIRECTION('',(0.,0.,-1.));
#9174=DIRECTION('',(0.,0.,-1.));
#9175=DIRECTION('',(0.,-1.,0.));
#9176=DIRECTION('',(0.,0.,-1.));
#9177=DIRECTION('',(0.,0.,-1.));
#9178=DIRECTION('',(-1.,0.,0.));
#9179=DIRECTION('',(1.,0.,0.));
#9180=DIRECTION('',(0.,0.,-1.));
#9181=DIRECTION('',(0.,0.,-1.));
#9182=DIRECTION('',(0.,-1.,0.));
#9183=DIRECTION('',(0.,0.,-1.));
#9184=DIRECTION('',(0.,0.,-1.));
#9185=DIRECTION('',(0.,0.,-1.));
#9186=DIRECTION('',(0.,0.,-1.));
#9187=DIRECTION('',(0.,0.,1.));
#9188=DIRECTION('',(1.,0.,0.));
#9189=DIRECTION('',(0.,0.,1.));
#9190=DIRECTION('',(1.,0.,0.));
#9191=DIRECTION('',(0.,0.,1.));
#9192=DIRECTION('',(1.,0.,0.));
#9193=DIRECTION('',(0.,0.,1.));
#9194=DIRECTION('',(1.,0.,0.));
#9195=DIRECTION('',(0.,0.,1.));
#9196=DIRECTION('',(1.,0.,0.));
#9197=DIRECTION('',(0.,0.,1.));
#9198=DIRECTION('',(1.,0.,0.));
#9199=DIRECTION('',(0.,0.,1.));
#9200=DIRECTION('',(1.,0.,0.));
#9201=DIRECTION('',(0.,0.,1.));
#9202=DIRECTION('',(1.,0.,0.));
#9203=DIRECTION('',(0.,0.,1.));
#9204=DIRECTION('',(1.,0.,0.));
#9205=DIRECTION('',(0.,1.,0.));
#9206=DIRECTION('',(0.,0.,1.));
#9207=DIRECTION('',(1.,0.,0.));
#9208=DIRECTION('',(0.,0.,-1.));
#9209=DIRECTION('',(1.,0.,0.));
#9210=DIRECTION('',(0.,0.,-1.));
#9211=DIRECTION('',(1.,0.,0.));
#9212=DIRECTION('',(0.,0.,-1.));
#9213=DIRECTION('',(0.,-1.,0.));
#9214=DIRECTION('',(0.,0.,-1.));
#9215=DIRECTION('',(0.,-1.,0.));
#9216=DIRECTION('',(0.,1.,0.));
#9217=DIRECTION('',(0.,0.,1.));
#9218=DIRECTION('',(1.,0.,0.));
#9219=DIRECTION('',(0.,0.,-1.));
#9220=DIRECTION('',(1.,0.,0.));
#9221=DIRECTION('',(0.,0.,-1.));
#9222=DIRECTION('',(-1.,0.,0.));
#9223=DIRECTION('',(0.,0.,1.));
#9224=DIRECTION('',(1.,0.,0.));
#9225=DIRECTION('',(0.,0.,1.));
#9226=DIRECTION('',(1.,0.,0.));
#9227=DIRECTION('',(1.,0.,0.));
#9228=DIRECTION('',(0.,0.,-1.));
#9229=DIRECTION('',(0.,-1.,0.));
#9230=DIRECTION('',(0.,-1.,0.));
#9231=DIRECTION('',(0.,0.,1.));
#9232=DIRECTION('',(1.,0.,0.));
#9233=DIRECTION('',(0.,0.,1.));
#9234=DIRECTION('',(1.,0.,0.));
#9235=CARTESIAN_POINT('',(0.,0.,0.));
#9236=CARTESIAN_POINT('',(4.09874933958166E-5,-0.0327115828481317,0.033));
#9237=CARTESIAN_POINT('',(4.09874933958166E-5,-0.0327115828481317,0.));
#9238=CARTESIAN_POINT('',(0.0352909874933958,-0.0327115828481317,0.));
#9239=CARTESIAN_POINT('',(-0.0352090125066042,-0.0327115828481317,0.));
#9240=CARTESIAN_POINT('',(0.0352909874933958,-0.0327115828481317,0.033));
#9241=CARTESIAN_POINT('',(0.0352909874933958,-0.0327115828481317,0.033));
#9242=CARTESIAN_POINT('',(4.09874933958166E-5,-0.0327115828481317,0.033));
#9243=CARTESIAN_POINT('',(-0.0352090125066042,-0.0327115828481317,0.033));
#9244=CARTESIAN_POINT('',(-0.0352090125066042,-0.0327115828481317,0.033));
#9245=CARTESIAN_POINT('',(0.0352909874933958,-0.0282115828481317,0.033));
#9246=CARTESIAN_POINT('',(0.0352909874933958,-0.0282115828481317,0.));
#9247=CARTESIAN_POINT('',(0.0352909874933958,-0.0237115828481317,0.));
#9248=CARTESIAN_POINT('',(0.0352909874933958,-0.0237115828481317,0.033));
#9249=CARTESIAN_POINT('',(0.0352909874933958,-0.0237115828481317,0.033));
#9250=CARTESIAN_POINT('',(0.0352909874933958,-0.0282115828481317,0.033));
#9251=CARTESIAN_POINT('',(4.09874933958096E-5,-0.0237115828481317,0.033));
#9252=CARTESIAN_POINT('',(4.09874933958096E-5,-0.0237115828481317,0.));
#9253=CARTESIAN_POINT('',(-0.0352090125066042,-0.0237115828481317,0.));
#9254=CARTESIAN_POINT('',(-0.0352090125066042,-0.0237115828481317,0.033));
#9255=CARTESIAN_POINT('',(-0.0352090125066042,-0.0237115828481317,0.033));
#9256=CARTESIAN_POINT('',(4.09874933958096E-5,-0.0237115828481317,0.033));
#9257=CARTESIAN_POINT('',(-0.0352090125066042,-0.0282115828481317,0.033));
#9258=CARTESIAN_POINT('',(-0.0352090125066042,-0.0282115828481317,0.));
#9259=CARTESIAN_POINT('',(-0.0352090125066042,-0.0282115828481317,0.033));
#9260=CARTESIAN_POINT('',(0.00198598749339638,-0.0319915828481317,0.033));
#9261=CARTESIAN_POINT('',(0.00198598749339638,-0.0319915828481317,0.));
#9262=CARTESIAN_POINT('',(0.,0.,0.));
#9263=CARTESIAN_POINT('',(0.00198598749339636,-0.00383108708127283,0.));
#9264=CARTESIAN_POINT('',(0.0462359874933981,-0.00633108708127282,0.));
#9265=CARTESIAN_POINT('',(0.0462359874933981,0.0147133914679289,0.));
#9266=CARTESIAN_POINT('',(0.0462359874933981,-0.0237115828481317,0.));
#9267=CARTESIAN_POINT('',(0.0418349094688893,0.0147133914679289,0.));
#9268=CARTESIAN_POINT('',(0.0373349094688892,0.0147133914679289,0.));
#9269=CARTESIAN_POINT('',(0.0373349094688892,0.0192133914679289,0.));
#9270=CARTESIAN_POINT('',(0.0373349094688892,0.0237133914679289,0.));
#9271=CARTESIAN_POINT('',(0.0418349094688893,0.0237133914679289,0.));
#9272=CARTESIAN_POINT('',(0.0462359874933981,0.0237133914679289,0.));
#9273=CARTESIAN_POINT('',(0.0462359874933981,-0.00633108708127282,0.));
#9274=CARTESIAN_POINT('',(0.0462359874933981,0.024609408685586,0.));
#9275=CARTESIAN_POINT('',(0.00198598749339636,0.024609408685586,0.));
#9276=CARTESIAN_POINT('',(-0.0422640125066054,0.024609408685586,0.));
#9277=CARTESIAN_POINT('',(-0.0422640125066054,-0.00633108708127282,0.));
#9278=CARTESIAN_POINT('',(-0.0422640125066054,0.0242606012225151,0.));
#9279=CARTESIAN_POINT('',(-0.0378250181674958,0.0242606012225151,0.));
#9280=CARTESIAN_POINT('',(-0.0333250181674958,0.0242606012225151,0.));
#9281=CARTESIAN_POINT('',(-0.0333250181674958,0.0197606012225151,0.));
#9282=CARTESIAN_POINT('',(-0.0333250181674958,0.0152606012225151,0.));
#9283=CARTESIAN_POINT('',(-0.0378250181674958,0.0152606012225151,0.));
#9284=CARTESIAN_POINT('',(-0.0422640125066054,0.0152606012225151,0.));
#9285=CARTESIAN_POINT('',(-0.0422640125066054,-0.00633108708127282,0.));
#9286=CARTESIAN_POINT('',(-0.0422640125066054,-0.0152399556636811,0.));
#9287=CARTESIAN_POINT('',(-0.0383249036967755,-0.0152399556636811,0.));
#9288=CARTESIAN_POINT('',(-0.0338249036967754,-0.0152399556636811,0.));
#9289=CARTESIAN_POINT('',(-0.0338249036967754,-0.019739955663681,0.));
#9290=CARTESIAN_POINT('',(-0.0338249036967754,-0.0237115828481317,0.));
#9291=CARTESIAN_POINT('',(4.09874933958096E-5,-0.0237115828481317,0.));
#9292=CARTESIAN_POINT('',(0.0352909874933958,-0.0237115828481317,0.));
#9293=CARTESIAN_POINT('',(0.0352909874933958,-0.0282115828481317,0.));
#9294=CARTESIAN_POINT('',(0.0352909874933958,-0.0327115828481317,0.));
#9295=CARTESIAN_POINT('',(4.09874933958166E-5,-0.0327115828481317,0.));
#9296=CARTESIAN_POINT('',(-0.0352090125066042,-0.0327115828481317,0.));
#9297=CARTESIAN_POINT('',(-0.0352090125066042,-0.0282115828481317,0.));
#9298=CARTESIAN_POINT('',(-0.0352090125066042,-0.0242399556636811,0.));
#9299=CARTESIAN_POINT('',(-0.0383249036967755,-0.0242399556636811,0.));
#9300=CARTESIAN_POINT('',(-0.0357042178511619,-0.0242399556636811,0.));
#9301=CARTESIAN_POINT('',(-0.0357042178511619,-0.0320061542199552,0.));
#9302=CARTESIAN_POINT('',(-0.0357042178511619,-0.0372715828481317,0.));
#9303=CARTESIAN_POINT('',(0.00198598749339638,-0.0372715828481317,0.));
#9304=CARTESIAN_POINT('',(0.0390609874933958,-0.0372715828481317,0.));
#9305=CARTESIAN_POINT('',(0.0390609874933958,-0.0319915828481317,0.));
#9306=CARTESIAN_POINT('',(0.0390609874933958,-0.0242344198822975,0.));
#9307=CARTESIAN_POINT('',(0.0416757687926292,-0.0242344198822975,0.));
#9308=CARTESIAN_POINT('',(0.0371757687926293,-0.0242344198822975,0.));
#9309=CARTESIAN_POINT('',(0.0371757687926293,-0.0197344198822975,0.));
#9310=CARTESIAN_POINT('',(0.0371757687926293,-0.0152344198822975,0.));
#9311=CARTESIAN_POINT('',(0.0416757687926292,-0.0152344198822975,0.));
#9312=CARTESIAN_POINT('',(0.0461757687926293,-0.0152344198822975,0.));
#9313=CARTESIAN_POINT('',(0.0461757687926293,-0.0197344198822975,0.));
#9314=CARTESIAN_POINT('',(0.0461757687926293,-0.0237115828481317,0.));
#9315=CARTESIAN_POINT('',(0.0466484874933969,-0.0237115828481317,0.));
#9316=CARTESIAN_POINT('',(0.0462359874933981,-0.00633108708127282,0.033));
#9317=CARTESIAN_POINT('',(0.0462359874933981,0.0237133914679289,0.025));
#9318=CARTESIAN_POINT('',(0.0462359874933981,0.0237133914679289,0.025));
#9319=CARTESIAN_POINT('',(0.0462359874933981,1.0322779417038E-5,0.025));
#9320=CARTESIAN_POINT('',(0.0462359874933981,0.0147133914679289,0.025));
#9321=CARTESIAN_POINT('',(0.0462359874933981,0.0147133914679289,0.025));
#9322=CARTESIAN_POINT('',(0.0462359874933981,-0.0237115828481317,0.033));
#9323=CARTESIAN_POINT('',(0.0462359874933981,-0.0237115828481317,0.033));
#9324=CARTESIAN_POINT('',(0.0462359874933981,-0.00633108708127282,0.033));
#9325=CARTESIAN_POINT('',(0.0462359874933981,0.024609408685586,0.033));
#9326=CARTESIAN_POINT('',(0.0462359874933981,0.024609408685586,0.033));
#9327=CARTESIAN_POINT('',(0.0466484874933969,-0.0237115828481317,0.033));
#9328=CARTESIAN_POINT('',(0.0461757687926293,-0.0237115828481317,0.025));
#9329=CARTESIAN_POINT('',(0.0461757687926293,-0.0237115828481317,0.025));
#9330=CARTESIAN_POINT('',(0.0017550028860569,-0.0237115828481317,0.025));
#9331=CARTESIAN_POINT('',(0.0390609874933958,-0.0237115828481317,0.025));
#9332=CARTESIAN_POINT('',(0.0390609874933958,-0.0237115828481317,0.033));
#9333=CARTESIAN_POINT('',(0.0390609874933958,-0.0237115828481317,0.033));
#9334=CARTESIAN_POINT('',(0.0466484874933969,-0.0237115828481317,0.033));
#9335=CARTESIAN_POINT('',(0.0390609874933958,-0.0319915828481317,0.033));
#9336=CARTESIAN_POINT('',(0.0390609874933958,-0.0372715828481317,0.033));
#9337=CARTESIAN_POINT('',(0.0390609874933958,-0.0372715828481317,0.00316406367198397));
#9338=CARTESIAN_POINT('',(0.0390609874933958,-0.0372715828481317,0.00316406367198397));
#9339=CARTESIAN_POINT('',(0.0390609874933958,-0.0402715828481316,0.00316406367198397));
#9340=CARTESIAN_POINT('',(0.0390609874933958,-0.0402715828481316,0.033));
#9341=CARTESIAN_POINT('',(0.0390609874933958,-0.0402715828481316,0.0240746484472846));
#9342=CARTESIAN_POINT('',(0.0390609874933958,-0.0372715828481317,0.0240746484472846));
#9343=CARTESIAN_POINT('',(0.0390609874933958,-0.0372715828481317,0.0240746484472846));
#9344=CARTESIAN_POINT('',(0.0390609874933958,-0.0372715828481317,0.033));
#9345=CARTESIAN_POINT('',(0.0390609874933958,-0.0372715828481317,0.033));
#9346=CARTESIAN_POINT('',(0.0390609874933958,-0.0319915828481317,0.033));
#9347=CARTESIAN_POINT('',(0.0390609874933958,1.0322779417038E-5,0.025));
#9348=CARTESIAN_POINT('',(0.0390609874933958,-0.0242344198822975,0.025));
#9349=CARTESIAN_POINT('',(0.0390609874933958,-0.0242344198822975,0.025));
#9350=CARTESIAN_POINT('',(0.0461757687926293,-0.0197344198822975,0.025));
#9351=CARTESIAN_POINT('',(0.0461757687926293,-0.0152344198822975,0.025));
#9352=CARTESIAN_POINT('',(0.0461757687926293,-0.0152344198822975,0.025));
#9353=CARTESIAN_POINT('',(0.0461757687926293,-0.0197344198822975,0.025));
#9354=CARTESIAN_POINT('',(0.0017550028860569,1.0322779417038E-5,0.025));
#9355=CARTESIAN_POINT('',(0.0416757687926292,-0.0197344198822975,0.025));
#9356=CARTESIAN_POINT('',(0.0439757687926293,-0.0197344198822975,0.025));
#9357=CARTESIAN_POINT('',(0.0416757687926292,-0.0152344198822975,0.025));
#9358=CARTESIAN_POINT('',(0.0371757687926293,-0.0152344198822975,0.025));
#9359=CARTESIAN_POINT('',(0.0371757687926293,-0.0197344198822975,0.025));
#9360=CARTESIAN_POINT('',(0.0371757687926293,-0.0242344198822975,0.025));
#9361=CARTESIAN_POINT('',(0.0416757687926292,-0.0242344198822975,0.025));
#9362=CARTESIAN_POINT('',(0.0416757687926292,-0.0242344198822975,0.025));
#9363=CARTESIAN_POINT('',(0.0371757687926293,-0.0242344198822975,0.025));
#9364=CARTESIAN_POINT('',(0.0416757687926292,-0.0152344198822975,0.025));
#9365=CARTESIAN_POINT('',(0.0371757687926293,-0.0152344198822975,0.025));
#9366=CARTESIAN_POINT('',(0.0416757687926292,-0.0197344198822975,0.025));
#9367=CARTESIAN_POINT('',(0.0416757687926292,-0.0197344198822975,0.));
#9368=CARTESIAN_POINT('',(0.0439757687926293,-0.0197344198822975,0.));
#9369=CARTESIAN_POINT('',(0.0371757687926293,-0.0197344198822975,0.025));
#9370=CARTESIAN_POINT('',(0.0466484874933969,-0.0402715828481316,0.033));
#9371=CARTESIAN_POINT('',(0.00478303290768593,-0.0402715828481316,0.0240746484472846));
#9372=CARTESIAN_POINT('',(-0.0294949216780239,-0.0402715828481316,0.0240746484472846));
#9373=CARTESIAN_POINT('',(0.00478303290768593,-0.0402715828481316,0.00316406367198397));
#9374=CARTESIAN_POINT('',(-0.0294949216780239,-0.0402715828481316,0.00316406367198397));
#9375=CARTESIAN_POINT('',(-0.0294949216780239,-0.0402715828481316,0.0136193560596343));
#9376=CARTESIAN_POINT('',(0.00198598749339636,-0.0402715828481316,-0.003));
#9377=CARTESIAN_POINT('',(0.0542359874933981,-0.0402715828481316,-0.003));
#9378=CARTESIAN_POINT('',(-0.0502640125066053,-0.0402715828481316,-0.003));
#9379=CARTESIAN_POINT('',(0.0542359874933981,-0.0402715828481316,0.033));
#9380=CARTESIAN_POINT('',(0.0542359874933981,-0.0402715828481316,0.033));
#9381=CARTESIAN_POINT('',(0.0466484874933969,-0.0402715828481316,0.033));
#9382=CARTESIAN_POINT('',(-0.0502640125066053,-0.0402715828481316,0.033));
#9383=CARTESIAN_POINT('',(-0.0502640125066053,-0.0402715828481316,0.033));
#9384=CARTESIAN_POINT('',(0.0542359874933981,-0.0319915828481317,0.033));
#9385=CARTESIAN_POINT('',(0.0542359874933981,-0.00383108708127282,-0.003));
#9386=CARTESIAN_POINT('',(0.0542359874933981,0.032609408685586,-0.003));
#9387=CARTESIAN_POINT('',(0.0542359874933981,0.032609408685586,-0.003));
#9388=CARTESIAN_POINT('',(0.0542359874933981,0.032609408685586,0.033));
#9389=CARTESIAN_POINT('',(0.0542359874933981,-0.0319915828481317,0.033));
#9390=CARTESIAN_POINT('',(0.00198598749339638,-0.0319915828481317,0.033));
#9391=CARTESIAN_POINT('',(-0.0462427581832837,0.027874386421425,0.033));
#9392=CARTESIAN_POINT('',(-0.0439427581832837,0.027874386421425,0.033));
#9393=CARTESIAN_POINT('',(-0.0462427581832837,-0.0362677433829385,0.033));
#9394=CARTESIAN_POINT('',(-0.0439427581832837,-0.0362677433829385,0.033));
#9395=CARTESIAN_POINT('',(0.0500448476721699,-0.036642292694115,0.033));
#9396=CARTESIAN_POINT('',(0.0523448476721699,-0.036642292694115,0.033));
#9397=CARTESIAN_POINT('',(0.0500448476721699,0.0288273308607234,0.033));
#9398=CARTESIAN_POINT('',(0.0523448476721699,0.0288273308607234,0.033));
#9399=CARTESIAN_POINT('',(0.00198598749339638,-0.0372715828481317,0.033));
#9400=CARTESIAN_POINT('',(-0.0357042178511619,-0.0372715828481317,0.033));
#9401=CARTESIAN_POINT('',(-0.0357042178511619,-0.0320061542199552,0.033));
#9402=CARTESIAN_POINT('',(-0.0357042178511619,-0.0237407255917788,0.033));
#9403=CARTESIAN_POINT('',(-0.0429841151788836,-0.0237407255917788,0.033));
#9404=CARTESIAN_POINT('',(-0.0422640125066054,-0.0237407255917788,0.033));
#9405=CARTESIAN_POINT('',(-0.0422640125066054,-0.00633108708127282,0.033));
#9406=CARTESIAN_POINT('',(-0.0422640125066054,0.024609408685586,0.033));
#9407=CARTESIAN_POINT('',(0.00198598749339636,0.024609408685586,0.033));
#9408=CARTESIAN_POINT('',(0.00198598749339635,0.032609408685586,0.033));
#9409=CARTESIAN_POINT('',(-0.0502640125066054,0.032609408685586,0.033));
#9410=CARTESIAN_POINT('',(-0.0502640125066053,-0.0320061542199552,0.033));
#9411=CARTESIAN_POINT('',(0.00198598749339636,-0.00383108708127283,0.));
#9412=CARTESIAN_POINT('',(-0.0383249036967755,-0.019739955663681,0.));
#9413=CARTESIAN_POINT('',(-0.0360249036967755,-0.019739955663681,0.));
#9414=CARTESIAN_POINT('',(-0.0383249036967755,-0.019739955663681,0.025));
#9415=CARTESIAN_POINT('',(-0.0383249036967755,-0.019739955663681,0.025));
#9416=CARTESIAN_POINT('',(-0.0360249036967755,-0.019739955663681,0.025));
#9417=CARTESIAN_POINT('',(-0.0383249036967755,-0.0152399556636811,0.025));
#9418=CARTESIAN_POINT('',(-0.0422640125066054,-0.0152399556636811,0.025));
#9419=CARTESIAN_POINT('',(-0.0422640125066054,-0.0152399556636811,0.025));
#9420=CARTESIAN_POINT('',(-0.0383249036967755,-0.0152399556636811,0.025));
#9421=CARTESIAN_POINT('',(-0.0338249036967754,-0.0152399556636811,0.025));
#9422=CARTESIAN_POINT('',(-0.0338249036967754,-0.0152399556636811,0.025));
#9423=CARTESIAN_POINT('',(0.0017550028860569,1.0322779417038E-5,0.025));
#9424=CARTESIAN_POINT('',(0.0017550028860569,-0.0237407255917788,0.025));
#9425=CARTESIAN_POINT('',(-0.0357042178511619,-0.0237407255917788,0.025));
#9426=CARTESIAN_POINT('',(-0.0422640125066054,-0.0237407255917788,0.025));
#9427=CARTESIAN_POINT('',(-0.0357042178511619,1.0322779417038E-5,0.025));
#9428=CARTESIAN_POINT('',(-0.0357042178511619,-0.0242399556636811,0.025));
#9429=CARTESIAN_POINT('',(-0.0383249036967755,-0.0242399556636811,0.025));
#9430=CARTESIAN_POINT('',(-0.0352090125066042,-0.0242399556636811,0.025));
#9431=CARTESIAN_POINT('',(-0.0352090125066042,1.0322779417038E-5,0.025));
#9432=CARTESIAN_POINT('',(-0.0352090125066042,-0.0237115828481317,0.025));
#9433=CARTESIAN_POINT('',(0.0017550028860569,-0.0237115828481317,0.025));
#9434=CARTESIAN_POINT('',(-0.0338249036967754,-0.0237115828481317,0.025));
#9435=CARTESIAN_POINT('',(-0.0338249036967754,-0.019739955663681,0.025));
#9436=CARTESIAN_POINT('',(-0.0422640125066054,1.0322779417038E-5,0.025));
#9437=CARTESIAN_POINT('',(-0.0338249036967754,-0.019739955663681,0.025));
#9438=CARTESIAN_POINT('',(-0.0338249036967754,-0.0237115828481317,0.025));
#9439=CARTESIAN_POINT('',(-0.0383249036967755,-0.0242399556636811,0.025));
#9440=CARTESIAN_POINT('',(-0.0357042178511619,-0.0242399556636811,0.025));
#9441=CARTESIAN_POINT('',(-0.0352090125066042,-0.0242399556636811,0.025));
#9442=CARTESIAN_POINT('',(0.00198598749339636,-0.00383108708127283,0.));
#9443=CARTESIAN_POINT('',(-0.0378250181674958,0.0197606012225151,0.));
#9444=CARTESIAN_POINT('',(-0.0355250181674958,0.0197606012225151,0.));
#9445=CARTESIAN_POINT('',(0.0017550028860569,1.0322779417038E-5,0.025));
#9446=CARTESIAN_POINT('',(-0.0422640125066054,1.0322779417038E-5,0.025));
#9447=CARTESIAN_POINT('',(-0.0422640125066054,0.0152606012225151,0.025));
#9448=CARTESIAN_POINT('',(-0.0422640125066054,0.0242606012225151,0.025));
#9449=CARTESIAN_POINT('',(-0.0378250181674958,0.0152606012225151,0.025));
#9450=CARTESIAN_POINT('',(-0.0333250181674958,0.0152606012225151,0.025));
#9451=CARTESIAN_POINT('',(-0.0333250181674958,0.0197606012225151,0.025));
#9452=CARTESIAN_POINT('',(-0.0333250181674958,0.0242606012225151,0.025));
#9453=CARTESIAN_POINT('',(-0.0378250181674958,0.0242606012225151,0.025));
#9454=CARTESIAN_POINT('',(-0.0378250181674958,0.0197606012225151,0.025));
#9455=CARTESIAN_POINT('',(-0.0355250181674958,0.0197606012225151,0.025));
#9456=CARTESIAN_POINT('',(-0.0333250181674958,0.0197606012225151,0.025));
#9457=CARTESIAN_POINT('',(-0.0333250181674958,0.0242606012225151,0.025));
#9458=CARTESIAN_POINT('',(-0.0333250181674958,0.0152606012225151,0.025));
#9459=CARTESIAN_POINT('',(-0.0378250181674958,0.0197606012225151,0.025));
#9460=CARTESIAN_POINT('',(-0.0378250181674958,0.0152606012225151,0.025));
#9461=CARTESIAN_POINT('',(-0.0422640125066054,0.0152606012225151,0.025));
#9462=CARTESIAN_POINT('',(-0.0378250181674958,0.0242606012225151,0.025));
#9463=CARTESIAN_POINT('',(-0.0422640125066054,0.0242606012225151,0.025));
#9464=CARTESIAN_POINT('',(0.00478303290768593,-0.0372715828481317,0.00316406367198397));
#9465=CARTESIAN_POINT('',(0.00478303290768593,-0.0372715828481317,0.00316406367198397));
#9466=CARTESIAN_POINT('',(-0.0294949216780239,-0.0372715828481317,0.00316406367198397));
#9467=CARTESIAN_POINT('',(-0.0294949216780239,-0.0372715828481317,0.00316406367198397));
#9468=CARTESIAN_POINT('',(-0.0294949216780239,-0.0372715828481317,0.0136193560596343));
#9469=CARTESIAN_POINT('',(-0.0294949216780239,-0.0372715828481317,0.0136193560596343));
#9470=CARTESIAN_POINT('',(-0.0294949216780239,-0.0372715828481317,0.0240746484472846));
#9471=CARTESIAN_POINT('',(-0.0294949216780239,-0.0372715828481317,0.0240746484472846));
#9472=CARTESIAN_POINT('',(0.00478303290768593,-0.0372715828481317,0.0240746484472846));
#9473=CARTESIAN_POINT('',(0.00478303290768593,-0.0372715828481317,0.0240746484472846));
#9474=CARTESIAN_POINT('',(0.00198598749339638,-0.0319915828481317,0.033));
#9475=CARTESIAN_POINT('',(4.09874933958166E-5,-0.0327115828481317,0.033));
#9476=CARTESIAN_POINT('',(0.0352909874933958,-0.0327115828481317,0.033));
#9477=CARTESIAN_POINT('',(-0.0352090125066042,-0.0327115828481317,0.033));
#9478=CARTESIAN_POINT('',(0.0352909874933958,-0.0282115828481317,0.033));
#9479=CARTESIAN_POINT('',(0.0352909874933958,-0.0237115828481317,0.033));
#9480=CARTESIAN_POINT('',(4.09874933958096E-5,-0.0237115828481317,0.033));
#9481=CARTESIAN_POINT('',(-0.0352090125066042,-0.0237115828481317,0.033));
#9482=CARTESIAN_POINT('',(-0.0352090125066042,-0.0282115828481317,0.033));
#9483=CARTESIAN_POINT('',(0.0352909874933958,-0.0282115828481317,0.033));
#9484=CARTESIAN_POINT('',(0.0352909874933958,-0.0237115828481317,0.033));
#9485=CARTESIAN_POINT('',(0.0352909874933958,-0.0327115828481317,0.033));
#9486=CARTESIAN_POINT('',(4.09874933958166E-5,-0.0327115828481317,0.033));
#9487=CARTESIAN_POINT('',(-0.0352090125066042,-0.0327115828481317,0.033));
#9488=CARTESIAN_POINT('',(-0.0422640125066054,-0.00633108708127282,0.033));
#9489=CARTESIAN_POINT('',(-0.0422640125066054,0.024609408685586,0.033));
#9490=CARTESIAN_POINT('',(-0.0422640125066054,-0.0237407255917788,0.033));
#9491=CARTESIAN_POINT('',(0.00198598749339636,0.024609408685586,0.033));
#9492=CARTESIAN_POINT('',(0.00198598749339636,-0.00383108708127283,-0.003));
#9493=CARTESIAN_POINT('',(-0.0502640125066053,-0.00383108708127284,-0.003));
#9494=CARTESIAN_POINT('',(-0.0502640125066054,0.032609408685586,-0.003));
#9495=CARTESIAN_POINT('',(0.00198598749339635,0.032609408685586,-0.003));
#9496=CARTESIAN_POINT('',(0.00198598749339635,0.032609408685586,-0.003));
#9497=CARTESIAN_POINT('',(-0.0502640125066054,0.032609408685586,-0.003));
#9498=CARTESIAN_POINT('',(0.00198598749339638,-0.0372715828481317,0.033));
#9499=CARTESIAN_POINT('',(-0.0357042178511619,-0.0372715828481317,0.033));
#9500=CARTESIAN_POINT('',(-0.0429841151788836,-0.0237407255917788,0.033));
#9501=CARTESIAN_POINT('',(-0.0357042178511619,-0.0237407255917788,0.033));
#9502=CARTESIAN_POINT('',(-0.0502640125066053,-0.0320061542199552,0.033));
#9503=CARTESIAN_POINT('',(-0.0352090125066042,-0.0282115828481317,0.033));
#9504=CARTESIAN_POINT('',(-0.0352090125066042,-0.0237115828481317,0.033));
#9505=CARTESIAN_POINT('',(4.09874933958096E-5,-0.0237115828481317,0.033));
#9506=CARTESIAN_POINT('',(-0.0357042178511619,-0.0320061542199552,0.033));
#9507=CARTESIAN_POINT('',(0.00198598749339636,-0.00383108708127283,0.));
#9508=CARTESIAN_POINT('',(0.0418349094688893,0.0237133914679289,0.025));
#9509=CARTESIAN_POINT('',(0.0373349094688892,0.0237133914679289,0.025));
#9510=CARTESIAN_POINT('',(0.0373349094688892,0.0237133914679289,0.025));
#9511=CARTESIAN_POINT('',(0.0418349094688893,0.0237133914679289,0.025));
#9512=CARTESIAN_POINT('',(0.0418349094688893,0.0147133914679289,0.025));
#9513=CARTESIAN_POINT('',(0.0418349094688893,0.0147133914679289,0.025));
#9514=CARTESIAN_POINT('',(0.0373349094688892,0.0147133914679289,0.025));
#9515=CARTESIAN_POINT('',(0.0373349094688892,0.0147133914679289,0.025));
#9516=CARTESIAN_POINT('',(0.0017550028860569,1.0322779417038E-5,0.025));
#9517=CARTESIAN_POINT('',(0.0418349094688893,0.0192133914679289,0.025));
#9518=CARTESIAN_POINT('',(0.0441349094688892,0.0192133914679289,0.025));
#9519=CARTESIAN_POINT('',(0.0373349094688892,0.0192133914679289,0.025));
#9520=CARTESIAN_POINT('',(0.0373349094688892,0.0192133914679289,0.025));
#9521=CARTESIAN_POINT('',(0.0418349094688893,0.0192133914679289,0.025));
#9522=CARTESIAN_POINT('',(0.0418349094688893,0.0192133914679289,0.));
#9523=CARTESIAN_POINT('',(0.0441349094688892,0.0192133914679289,0.));
#9524=CARTESIAN_POINT('',(0.00198598749339636,-0.00383108708127283,0.));
#9525=CARTESIAN_POINT('',(0.0500448476721699,0.0288273308607234,0.026));
#9526=CARTESIAN_POINT('',(0.0500448476721699,0.0288273308607234,0.026));
#9527=CARTESIAN_POINT('',(0.0523448476721699,0.0288273308607234,0.026));
#9528=CARTESIAN_POINT('',(0.00198598749339636,-0.00383108708127283,0.026));
#9529=CARTESIAN_POINT('',(0.0500448476721699,-0.036642292694115,0.026));
#9530=CARTESIAN_POINT('',(0.0500448476721699,-0.036642292694115,0.026));
#9531=CARTESIAN_POINT('',(0.0523448476721699,-0.036642292694115,0.026));
#9532=CARTESIAN_POINT('',(0.00198598749339636,-0.00383108708127283,0.026));
#9533=CARTESIAN_POINT('',(-0.0462427581832837,-0.0362677433829385,0.026));
#9534=CARTESIAN_POINT('',(-0.0462427581832837,-0.0362677433829385,0.026));
#9535=CARTESIAN_POINT('',(-0.0439427581832837,-0.0362677433829385,0.026));
#9536=CARTESIAN_POINT('',(0.00198598749339636,-0.00383108708127283,0.026));
#9537=CARTESIAN_POINT('',(-0.0462427581832837,0.027874386421425,0.026));
#9538=CARTESIAN_POINT('',(-0.0462427581832837,0.027874386421425,0.026));
#9539=CARTESIAN_POINT('',(-0.0439427581832837,0.027874386421425,0.026));
#9540=CARTESIAN_POINT('',(0.00198598749339636,-0.00383108708127283,0.026));
#9541=CARTESIAN_POINT('',(0.,0.,0.));
#9542=CARTESIAN_POINT('',(0.0463349094688892,0.0192133914679289,0.025));
#9543=CARTESIAN_POINT('',(0.0463349094688892,0.0192133914679289,0.));
#9544=CARTESIAN_POINT('',(0.0463349094688892,0.0237133914679289,0.));
#9545=CARTESIAN_POINT('',(0.0463349094688892,0.0147133914679289,0.));
#9546=CARTESIAN_POINT('',(0.0463349094688892,0.0237133914679289,0.025));
#9547=CARTESIAN_POINT('',(0.0463349094688892,0.0237133914679289,0.025));
#9548=CARTESIAN_POINT('',(0.0463349094688892,0.0192133914679289,0.025));
#9549=CARTESIAN_POINT('',(0.0463349094688892,0.0147133914679289,0.025));
#9550=CARTESIAN_POINT('',(0.0463349094688892,0.0147133914679289,0.025));
#9551=CARTESIAN_POINT('',(0.0418349094688893,0.0237133914679289,0.025));
#9552=CARTESIAN_POINT('',(0.0418349094688893,0.0237133914679289,0.));
#9553=CARTESIAN_POINT('',(0.0373349094688892,0.0237133914679289,0.));
#9554=CARTESIAN_POINT('',(0.0373349094688892,0.0237133914679289,0.025));
#9555=CARTESIAN_POINT('',(0.0373349094688892,0.0237133914679289,0.025));
#9556=CARTESIAN_POINT('',(0.0418349094688893,0.0237133914679289,0.025));
#9557=CARTESIAN_POINT('',(0.0373349094688892,0.0192133914679289,0.025));
#9558=CARTESIAN_POINT('',(0.0373349094688892,0.0192133914679289,0.));
#9559=CARTESIAN_POINT('',(0.0373349094688892,0.0147133914679289,0.));
#9560=CARTESIAN_POINT('',(0.0373349094688892,0.0147133914679289,0.025));
#9561=CARTESIAN_POINT('',(0.0373349094688892,0.0147133914679289,0.025));
#9562=CARTESIAN_POINT('',(0.0373349094688892,0.0192133914679289,0.025));
#9563=CARTESIAN_POINT('',(0.0418349094688893,0.0147133914679289,0.025));
#9564=CARTESIAN_POINT('',(0.0418349094688893,0.0147133914679289,0.));
#9565=CARTESIAN_POINT('',(0.0418349094688893,0.0147133914679289,0.025));
#9566=CARTESIAN_POINT('',(0.0418349094688893,0.0192133914679289,0.025));
#9567=CARTESIAN_POINT('',(0.0418349094688893,0.0192133914679289,0.025));
#9568=CARTESIAN_POINT('',(0.0441349094688892,0.0192133914679289,0.025));
#9569=CARTESIAN_POINT('',(0.0418349094688893,0.0192133914679289,0.));
#9570=CARTESIAN_POINT('',(0.0441349094688892,0.0192133914679289,0.));
#9571=CARTESIAN_POINT('',(0.0017550028860569,1.0322779417038E-5,0.025));
#9572=CARTESIAN_POINT('',(0.0017550028860569,1.0322779417038E-5,0.));
#9573=CARTESIAN_POINT('',(0.,0.,0.));
#9574=CARTESIAN_POINT('',(0.0416757687926292,-0.0242344198822975,0.025));
#9575=CARTESIAN_POINT('',(0.0416757687926292,-0.0242344198822975,0.));
#9576=CARTESIAN_POINT('',(0.0461757687926293,-0.0242344198822975,0.));
#9577=CARTESIAN_POINT('',(0.0371757687926293,-0.0242344198822975,0.));
#9578=CARTESIAN_POINT('',(0.0461757687926293,-0.0242344198822975,0.025));
#9579=CARTESIAN_POINT('',(0.0461757687926293,-0.0242344198822975,0.025));
#9580=CARTESIAN_POINT('',(0.0416757687926292,-0.0242344198822975,0.025));
#9581=CARTESIAN_POINT('',(0.0371757687926293,-0.0242344198822975,0.025));
#9582=CARTESIAN_POINT('',(0.0371757687926293,-0.0242344198822975,0.025));
#9583=CARTESIAN_POINT('',(0.0461757687926293,-0.0197344198822975,0.025));
#9584=CARTESIAN_POINT('',(0.0461757687926293,-0.0197344198822975,0.));
#9585=CARTESIAN_POINT('',(0.0461757687926293,-0.0152344198822975,0.));
#9586=CARTESIAN_POINT('',(0.0461757687926293,-0.0152344198822975,0.025));
#9587=CARTESIAN_POINT('',(0.0461757687926293,-0.0152344198822975,0.025));
#9588=CARTESIAN_POINT('',(0.0461757687926293,-0.0197344198822975,0.025));
#9589=CARTESIAN_POINT('',(0.0416757687926292,-0.0152344198822975,0.025));
#9590=CARTESIAN_POINT('',(0.0416757687926292,-0.0152344198822975,0.));
#9591=CARTESIAN_POINT('',(0.0371757687926293,-0.0152344198822975,0.));
#9592=CARTESIAN_POINT('',(0.0371757687926293,-0.0152344198822975,0.025));
#9593=CARTESIAN_POINT('',(0.0371757687926293,-0.0152344198822975,0.025));
#9594=CARTESIAN_POINT('',(0.0416757687926292,-0.0152344198822975,0.025));
#9595=CARTESIAN_POINT('',(0.0416757687926292,-0.0197344198822975,0.025));
#9596=CARTESIAN_POINT('',(0.0416757687926292,-0.0197344198822975,0.025));
#9597=CARTESIAN_POINT('',(0.0439757687926293,-0.0197344198822975,0.025));
#9598=CARTESIAN_POINT('',(0.0416757687926292,-0.0197344198822975,0.));
#9599=CARTESIAN_POINT('',(0.0439757687926293,-0.0197344198822975,0.));
#9600=CARTESIAN_POINT('',(0.0371757687926293,-0.0197344198822975,0.025));
#9601=CARTESIAN_POINT('',(0.0371757687926293,-0.0197344198822975,0.));
#9602=CARTESIAN_POINT('',(0.0371757687926293,-0.0197344198822975,0.025));
#9603=CARTESIAN_POINT('',(0.0017550028860569,1.0322779417038E-5,0.025));
#9604=CARTESIAN_POINT('',(0.0017550028860569,1.0322779417038E-5,0.));
#9605=CARTESIAN_POINT('',(0.,0.,0.));
#9606=CARTESIAN_POINT('',(0.00198598749339636,-0.00383108708127283,0.036));
#9607=CARTESIAN_POINT('',(-0.0234027883958174,0.0070057465133268,0.036));
#9608=CARTESIAN_POINT('',(-0.0236560265586824,0.0070057465133268,0.036));
#9609=CARTESIAN_POINT('',(-0.0231495502329523,0.0070057465133268,0.036));
#9610=CARTESIAN_POINT('',(-0.0231495502329523,0.00593394613640104,0.036));
#9611=CARTESIAN_POINT('',(-0.0231495502329523,0.00486214575947529,0.036));
#9612=CARTESIAN_POINT('',(-0.0231495502329523,0.00486214575947529,0.036));
#9613=CARTESIAN_POINT('',(-0.0231495502329523,0.00445792941570221,0.036));
#9614=CARTESIAN_POINT('',(-0.0229657716804732,0.00425919775265386,0.036));
#9615=CARTESIAN_POINT('',(-0.0229657716804732,0.00425919775265386,0.036));
#9616=CARTESIAN_POINT('',(-0.0229657716804732,0.00425919775265386,0.036));
#9617=CARTESIAN_POINT('',(-0.022781993127994,0.00406046608960552,0.036));
#9618=CARTESIAN_POINT('',(-0.0223903181027628,0.00406046608960552,0.036));
#9619=CARTESIAN_POINT('',(-0.0223903181027628,0.00406046608960552,0.036));
#9620=CARTESIAN_POINT('',(-0.0223903181027628,0.00406046608960552,0.036));
#9621=CARTESIAN_POINT('',(-0.021871300458491,0.00406046608960552,0.036));
#9622=CARTESIAN_POINT('',(-0.0216320506893842,0.00434361047360887,0.036));
#9623=CARTESIAN_POINT('',(-0.0216320506893842,0.00434361047360887,0.036));
#9624=CARTESIAN_POINT('',(-0.0216320506893842,0.00434361047360887,0.036));
#9625=CARTESIAN_POINT('',(-0.0213928009202775,0.0046267548576122,0.036));
#9626=CARTESIAN_POINT('',(-0.0213928009202775,0.00526925625368111,0.036));
#9627=CARTESIAN_POINT('',(-0.0213928009202775,0.00526925625368111,0.036));
#9628=CARTESIAN_POINT('',(-0.0213928009202775,0.00613750138350395,0.036));
#9629=CARTESIAN_POINT('',(-0.0213928009202775,0.0070057465133268,0.036));
#9630=CARTESIAN_POINT('',(-0.0211424569078452,0.0070057465133268,0.036));
#9631=CARTESIAN_POINT('',(-0.020892112895413,0.0070057465133268,0.036));
#9632=CARTESIAN_POINT('',(-0.020892112895413,0.00535366897463611,0.036));
#9633=CARTESIAN_POINT('',(-0.020892112895413,0.00370159143594542,0.036));
#9634=CARTESIAN_POINT('',(-0.0210985622929486,0.00370159143594542,0.036));
#9635=CARTESIAN_POINT('',(-0.0213050116904843,0.00370159143594542,0.036));
#9636=CARTESIAN_POINT('',(-0.0213411885708935,0.00392299394405024,0.036));
#9637=CARTESIAN_POINT('',(-0.0213773654513029,0.00414439645215506,0.036));
#9638=CARTESIAN_POINT('',(-0.0213908714866557,0.00414439645215506,0.036));
#9639=CARTESIAN_POINT('',(-0.0214041202609776,0.00414439645215506,0.036));
#9640=CARTESIAN_POINT('',(-0.0222454184904676,0.00467549994110436,0.036));
#9641=CARTESIAN_POINT('',(-0.0218307025777773,0.00377039043325918,0.036));
#9642=CARTESIAN_POINT('',(-0.0224240426997831,0.00507891897011514,0.036));
#9643=CARTESIAN_POINT('',(-0.0224539894122831,0.00364081427685781,0.036));
#9644=CARTESIAN_POINT('',(-0.0224539894122831,0.00364081427685781,0.036));
#9645=CARTESIAN_POINT('',(-0.0230569374191046,0.00364081427685781,0.036));
#9646=CARTESIAN_POINT('',(-0.0233564819888935,0.00392733516969935,0.036));
#9647=CARTESIAN_POINT('',(-0.0233564819888935,0.00392733516969935,0.036));
#9648=CARTESIAN_POINT('',(-0.0233564819888935,0.00392733516969935,0.036));
#9649=CARTESIAN_POINT('',(-0.0236560265586824,0.00421385606254089,0.036));
#9650=CARTESIAN_POINT('',(-0.0236560265586824,0.00484381614006792,0.036));
#9651=CARTESIAN_POINT('',(-0.0236560265586824,0.00484381614006792,0.036));
#9652=CARTESIAN_POINT('',(-0.0236560265586824,0.00592478132669736,0.036));
#9653=CARTESIAN_POINT('',(-0.0129586917597618,0.00838454353973754,0.036));
#9654=CARTESIAN_POINT('',(-0.0132360733882776,0.00838454353973754,0.036));
#9655=CARTESIAN_POINT('',(-0.0126813101312459,0.00838454353973754,0.036));
#9656=CARTESIAN_POINT('',(-0.0126813101312459,0.00684040023673787,0.036));
#9657=CARTESIAN_POINT('',(-0.0126813101312459,0.00529625693373821,0.036));
#9658=CARTESIAN_POINT('',(-0.0126813101312459,0.00529625693373821,0.036));
#9659=CARTESIAN_POINT('',(-0.0126813101312459,0.00447926095068967,0.036));
#9660=CARTESIAN_POINT('',(-0.0131744330263852,0.00401225685296243,0.036));
#9661=CARTESIAN_POINT('',(-0.0131744330263852,0.00401225685296243,0.036));
#9662=CARTESIAN_POINT('',(-0.0131744330263852,0.00401225685296243,0.036));
#9663=CARTESIAN_POINT('',(-0.0136675559215245,0.0035452527552352,0.036));
#9664=CARTESIAN_POINT('',(-0.0145294762361217,0.0035452527552352,0.036));
#9665=CARTESIAN_POINT('',(-0.0145294762361217,0.0035452527552352,0.036));
#9666=CARTESIAN_POINT('',(-0.0145294762361217,0.0035452527552352,0.036));
#9667=CARTESIAN_POINT('',(-0.0153913965507189,0.0035452527552352,0.036));
#9668=CARTESIAN_POINT('',(-0.0158631020319803,0.00401591348460012,0.036));
#9669=CARTESIAN_POINT('',(-0.0158631020319803,0.00401591348460012,0.036));
#9670=CARTESIAN_POINT('',(-0.0158631020319803,0.00401591348460012,0.036));
#9671=CARTESIAN_POINT('',(-0.0163348075132418,0.00448657421396504,0.036));
#9672=CARTESIAN_POINT('',(-0.0163348075132418,0.00530879395649598,0.036));
#9673=CARTESIAN_POINT('',(-0.0163348075132418,0.00530879395649598,0.036));
#9674=CARTESIAN_POINT('',(-0.0163348075132418,0.00684666874811676,0.036));
#9675=CARTESIAN_POINT('',(-0.0163348075132418,0.00838454353973754,0.036));
#9676=CARTESIAN_POINT('',(-0.0160569035087776,0.00838454353973754,0.036));
#9677=CARTESIAN_POINT('',(-0.0157789995043136,0.00838454353973754,0.036));
#9678=CARTESIAN_POINT('',(-0.0157789995043136,0.00682734083803185,0.036));
#9679=CARTESIAN_POINT('',(-0.0157789995043136,0.00527013813632617,0.036));
#9680=CARTESIAN_POINT('',(-0.0157789995043136,0.00527013813632617,0.036));
#9681=CARTESIAN_POINT('',(-0.0157789995043136,0.00467254005153875,0.036));
#9682=CARTESIAN_POINT('',(-0.0154525145366631,0.00435232359526717,0.036));
#9683=CARTESIAN_POINT('',(-0.0154525145366631,0.00435232359526717,0.036));
#9684=CARTESIAN_POINT('',(-0.0154525145366631,0.00435232359526717,0.036));
#9685=CARTESIAN_POINT('',(-0.0151260295690127,0.00403210713899559,0.036));
#9686=CARTESIAN_POINT('',(-0.0144929099197449,0.00403210713899559,0.036));
#9687=CARTESIAN_POINT('',(-0.0144929099197449,0.00403210713899559,0.036));
#9688=CARTESIAN_POINT('',(-0.0144929099197449,0.00403210713899559,0.036));
#9689=CARTESIAN_POINT('',(-0.0138890433235785,0.00403210713899559,0.036));
#9690=CARTESIAN_POINT('',(-0.0135625583559281,0.00435389072311188,0.036));
#9691=CARTESIAN_POINT('',(-0.0135625583559281,0.00435389072311188,0.036));
#9692=CARTESIAN_POINT('',(-0.0135625583559281,0.00435389072311188,0.036));
#9693=CARTESIAN_POINT('',(-0.0132360733882776,0.00467567430722819,0.036));
#9694=CARTESIAN_POINT('',(-0.0132360733882776,0.00527640664770506,0.036));
#9695=CARTESIAN_POINT('',(-0.0132360733882776,0.00527640664770506,0.036));
#9696=CARTESIAN_POINT('',(-0.0132360733882776,0.0068304750937213,0.036));
#9697=CARTESIAN_POINT('',(-0.00874207310556241,0.00403367426684031,0.036));
#9698=CARTESIAN_POINT('',(-0.00913542219458769,0.00354525275523521,0.036));
#9699=CARTESIAN_POINT('',(-0.00983436121333382,0.00354525275523521,0.036));
#9700=CARTESIAN_POINT('',(-0.00874207310556241,0.00403367426684031,0.036));
#9701=CARTESIAN_POINT('',(-0.00983436121333382,0.00354525275523521,0.036));
#9702=CARTESIAN_POINT('',(-0.00985670157372369,0.0050955152351946,0.036));
#9703=CARTESIAN_POINT('',(-0.0104733387601152,0.00367402155259223,0.036));
#9704=CARTESIAN_POINT('',(-0.00998314922891423,0.00476279213818634,0.036));
#9705=CARTESIAN_POINT('',(-0.0109568859205798,0.00407180771106188,0.036));
#9706=CARTESIAN_POINT('',(-0.0109773197880846,0.00407180771106188,0.036));
#9707=CARTESIAN_POINT('',(-0.0109971700741177,0.00407180771106188,0.036));
#9708=CARTESIAN_POINT('',(-0.0157032411168688,0.00345598940266997,0.036));
#9709=CARTESIAN_POINT('',(-0.0109573750431362,0.00347734430699931,0.036));
#9710=CARTESIAN_POINT('',(-0.0109574695020514,0.00274079379494444,0.036));
#9711=CARTESIAN_POINT('',(-0.0109574695020514,0.00200424370792498,0.036));
#9712=CARTESIAN_POINT('',(-0.0112285826191884,0.00200424370792498,0.036));
#9713=CARTESIAN_POINT('',(-0.0114996957363253,0.00200424370792498,0.036));
#9714=CARTESIAN_POINT('',(-0.0114996957363253,0.00459679553904384,0.036));
#9715=CARTESIAN_POINT('',(-0.0114996957363253,0.00718934737016269,0.036));
#9716=CARTESIAN_POINT('',(-0.0112792530861677,0.00718934737016269,0.036));
#9717=CARTESIAN_POINT('',(-0.0110588104360101,0.00718934737016269,0.036));
#9718=CARTESIAN_POINT('',(-0.0110211993677368,0.00694435305043778,0.036));
#9719=CARTESIAN_POINT('',(-0.0109835882994635,0.00669935873071287,0.036));
#9720=CARTESIAN_POINT('',(-0.0109705289007575,0.00669935873071287,0.036));
#9721=CARTESIAN_POINT('',(-0.0109574695020514,0.00669935873071287,0.036));
#9722=CARTESIAN_POINT('',(-0.0109574695020514,0.00669935873071287,0.036));
#9723=CARTESIAN_POINT('',(-0.0107485191227551,0.00699397876552065,0.036));
#9724=CARTESIAN_POINT('',(-0.0104711374942393,0.00712457275258084,0.036));
#9725=CARTESIAN_POINT('',(-0.0104711374942393,0.00712457275258084,0.036));
#9726=CARTESIAN_POINT('',(-0.0104711374942393,0.00712457275258084,0.036));
#9727=CARTESIAN_POINT('',(-0.0101937558657235,0.00725516673964103,0.036));
#9728=CARTESIAN_POINT('',(-0.00983436121333382,0.00725516673964103,0.036));
#9729=CARTESIAN_POINT('',(-0.00983436121333382,0.00725516673964103,0.036));
#9730=CARTESIAN_POINT('',(-0.00983436121333382,0.00725516673964103,0.036));
#9731=CARTESIAN_POINT('',(-0.00912288517182992,0.00725516673964103,0.036));
#9732=CARTESIAN_POINT('',(-0.00873580459418352,0.00676831235588065,0.036));
#9733=CARTESIAN_POINT('',(-0.00873580459418352,0.00676831235588065,0.036));
#9734=CARTESIAN_POINT('',(-0.00873580459418352,0.00676831235588065,0.036));
#9735=CARTESIAN_POINT('',(-0.00834872401653712,0.00628145797212027,0.036));
#9736=CARTESIAN_POINT('',(-0.00834872401653712,0.0054038663790758,0.036));
#9737=CARTESIAN_POINT('',(-0.00834872401653712,0.0054038663790758,0.036));
#9738=CARTESIAN_POINT('',(-0.00834872401653712,0.0054038663790758,0.036));
#9739=CARTESIAN_POINT('',(-0.00834872401653712,0.00452209577844541,0.036));
#9740=CARTESIAN_POINT('',(-0.00874207310556241,0.00403367426684031,0.036));
#9741=CARTESIAN_POINT('',(0.00385899432085305,0.00671485222707973,0.036));
#9742=CARTESIAN_POINT('',(0.00436442967952611,0.00614377591273486,0.036));
#9743=CARTESIAN_POINT('',(0.00436442967952611,0.00517109629687054,0.036));
#9744=CARTESIAN_POINT('',(0.00385899432085305,0.00671485222707973,0.036));
#9745=CARTESIAN_POINT('',(0.00436442967952611,0.00517109629687054,0.036));
#9746=CARTESIAN_POINT('',(0.00436442967952611,0.00517109629687054,0.036));
#9747=CARTESIAN_POINT('',(0.00436442967952611,0.0041709668268162,0.036));
#9748=CARTESIAN_POINT('',(0.00386138126469566,0.00360943828784177,0.036));
#9749=CARTESIAN_POINT('',(0.00386138126469566,0.00360943828784177,0.036));
#9750=CARTESIAN_POINT('',(0.00386138126469566,0.00360943828784177,0.036));
#9751=CARTESIAN_POINT('',(0.00335833284986522,0.00304790974886734,0.036));
#9752=CARTESIAN_POINT('',(0.00247038974041363,0.00304790974886734,0.036));
#9753=CARTESIAN_POINT('',(0.00247038974041363,0.00304790974886734,0.036));
#9754=CARTESIAN_POINT('',(0.00247038974041363,0.00304790974886734,0.036));
#9755=CARTESIAN_POINT('',(0.00192139265661292,0.00304790974886734,0.036));
#9756=CARTESIAN_POINT('',(0.00149651665262801,0.00330569968386941,0.036));
#9757=CARTESIAN_POINT('',(0.00149651665262801,0.00330569968386941,0.036));
#9758=CARTESIAN_POINT('',(0.00149651665262801,0.00330569968386941,0.036));
#9759=CARTESIAN_POINT('',(0.00107164064864311,0.00356348961887149,0.036));
#9760=CARTESIAN_POINT('',(0.000840107095909762,0.00404445880315777,0.036));
#9761=CARTESIAN_POINT('',(0.000840107095909762,0.00404445880315777,0.036));
#9762=CARTESIAN_POINT('',(0.000840107095909762,0.00404445880315777,0.036));
#9763=CARTESIAN_POINT('',(0.000608573543176416,0.00452542798744405,0.036));
#9764=CARTESIAN_POINT('',(0.000608573543176416,0.00517109629687054,0.036));
#9765=CARTESIAN_POINT('',(0.000608573543176416,0.00517109629687054,0.036));
#9766=CARTESIAN_POINT('',(0.000608573543176416,0.00517109629687054,0.036));
#9767=CARTESIAN_POINT('',(0.000608573543176416,0.00617003229500359,0.036));
#9768=CARTESIAN_POINT('',(0.00110863827820359,0.0067279804182141,0.036));
#9769=CARTESIAN_POINT('',(0.00110863827820359,0.0067279804182141,0.036));
#9770=CARTESIAN_POINT('',(0.00110863827820359,0.0067279804182141,0.036));
#9771=CARTESIAN_POINT('',(0.00160870301323076,0.00728592854142461,0.036));
#9772=CARTESIAN_POINT('',(0.00249664612268236,0.00728592854142461,0.036));
#9773=CARTESIAN_POINT('',(0.00249664612268236,0.00728592854142461,0.036));
#9774=CARTESIAN_POINT('',(0.00249664612268236,0.00728592854142461,0.036));
#9775=CARTESIAN_POINT('',(0.00335355896218,0.00728592854142461,0.036));
#9776=CARTESIAN_POINT('',(0.00385899432085305,0.00671485222707973,0.036));
#9777=CARTESIAN_POINT('',(0.0335026837615511,0.00645360355270575,0.036));
#9778=CARTESIAN_POINT('',(0.0339794431392412,0.00591492737271819,0.036));
#9779=CARTESIAN_POINT('',(0.0339794431392412,0.0049974329386746,0.036));
#9780=CARTESIAN_POINT('',(0.0335026837615511,0.00645360355270575,0.036));
#9781=CARTESIAN_POINT('',(0.0339794431392412,0.0049974329386746,0.036));
#9782=CARTESIAN_POINT('',(0.0339794431392412,0.0049974329386746,0.036));
#9783=CARTESIAN_POINT('',(0.0339794431392412,0.00405404602367026,0.036));
#9784=CARTESIAN_POINT('',(0.0335049352816347,0.00352437592401687,0.036));
#9785=CARTESIAN_POINT('',(0.0335049352816347,0.00352437592401687,0.036));
#9786=CARTESIAN_POINT('',(0.0335049352816347,0.00352437592401687,0.036));
#9787=CARTESIAN_POINT('',(0.033030427424028,0.00299470582436349,0.036));
#9788=CARTESIAN_POINT('',(0.0321928619529502,0.00299470582436349,0.036));
#9789=CARTESIAN_POINT('',(0.0321928619529502,0.00299470582436349,0.036));
#9790=CARTESIAN_POINT('',(0.0321928619529502,0.00299470582436349,0.036));
#9791=CARTESIAN_POINT('',(0.0316750123337355,0.00299470582436349,0.036));
#9792=CARTESIAN_POINT('',(0.0312742417588648,0.00323786999338608,0.036));
#9793=CARTESIAN_POINT('',(0.0312742417588648,0.00323786999338608,0.036));
#9794=CARTESIAN_POINT('',(0.0312742417588648,0.00323786999338608,0.036));
#9795=CARTESIAN_POINT('',(0.0308734711839943,0.00348103416240868,0.036));
#9796=CARTESIAN_POINT('',(0.0306550737358907,0.00393471545924251,0.036));
#9797=CARTESIAN_POINT('',(0.0306550737358907,0.00393471545924251,0.036));
#9798=CARTESIAN_POINT('',(0.0306550737358907,0.00393471545924251,0.036));
#9799=CARTESIAN_POINT('',(0.030436676287787,0.00438839675607633,0.036));
#9800=CARTESIAN_POINT('',(0.030436676287787,0.0049974329386746,0.036));
#9801=CARTESIAN_POINT('',(0.030436676287787,0.0049974329386746,0.036));
#9802=CARTESIAN_POINT('',(0.030436676287787,0.0049974329386746,0.036));
#9803=CARTESIAN_POINT('',(0.030436676287787,0.00593969409363716,0.036));
#9804=CARTESIAN_POINT('',(0.0309083697452892,0.00646598691316524,0.036));
#9805=CARTESIAN_POINT('',(0.0309083697452892,0.00646598691316524,0.036));
#9806=CARTESIAN_POINT('',(0.0309083697452892,0.00646598691316524,0.036));
#9807=CARTESIAN_POINT('',(0.0313800632027914,0.00699227973269331,0.036));
#9808=CARTESIAN_POINT('',(0.0322176286738692,0.00699227973269331,0.036));
#9809=CARTESIAN_POINT('',(0.0322176286738692,0.00699227973269331,0.036));
#9810=CARTESIAN_POINT('',(0.0322176286738692,0.00699227973269331,0.036));
#9811=CARTESIAN_POINT('',(0.033025924383861,0.00699227973269331,0.036));
#9812=CARTESIAN_POINT('',(0.0335026837615511,0.00645360355270575,0.036));
#9813=CARTESIAN_POINT('',(0.0542359874933981,-0.00383108708127282,0.036));
#9814=CARTESIAN_POINT('',(0.0542359874933981,0.032609408685586,0.036));
#9815=CARTESIAN_POINT('',(0.0542359874933981,-0.0402715828481316,0.036));
#9816=CARTESIAN_POINT('',(0.00198598749339635,0.032609408685586,0.036));
#9817=CARTESIAN_POINT('',(-0.0502640125066054,0.032609408685586,0.036));
#9818=CARTESIAN_POINT('',(-0.0502640125066053,-0.00383108708127284,0.036));
#9819=CARTESIAN_POINT('',(-0.0502640125066053,-0.0402715828481316,0.036));
#9820=CARTESIAN_POINT('',(0.00198598749339636,-0.0402715828481316,0.036));
#9821=CARTESIAN_POINT('',(-0.0462427581832837,0.027874386421425,0.036));
#9822=CARTESIAN_POINT('',(-0.0446427581832837,0.027874386421425,0.036));
#9823=CARTESIAN_POINT('',(0.0500448476721699,0.0288273308607234,0.036));
#9824=CARTESIAN_POINT('',(0.0516448476721699,0.0288273308607234,0.036));
#9825=CARTESIAN_POINT('',(-0.0462427581832837,-0.0362677433829385,0.036));
#9826=CARTESIAN_POINT('',(-0.0446427581832837,-0.0362677433829385,0.036));
#9827=CARTESIAN_POINT('',(0.0500448476721699,-0.036642292694115,0.036));
#9828=CARTESIAN_POINT('',(0.0516448476721699,-0.036642292694115,0.036));
#9829=CARTESIAN_POINT('',(-0.0389841151788837,-0.00803464466094058,0.036));
#9830=CARTESIAN_POINT('',(-0.0389841151788837,0.00175071067811884,0.036));
#9831=CARTESIAN_POINT('',(-0.0389841151788837,-0.01782,0.036));
#9832=CARTESIAN_POINT('',(-0.000582057589441812,0.00175071067811884,0.036));
#9833=CARTESIAN_POINT('',(0.03782,0.00175071067811885,0.036));
#9834=CARTESIAN_POINT('',(0.03782,-0.00803464466094057,0.036));
#9835=CARTESIAN_POINT('',(0.03782,-0.01782,0.036));
#9836=CARTESIAN_POINT('',(-0.000582057589441812,-0.01782,0.036));
#9837=CARTESIAN_POINT('',(-0.0251484434651668,0.00477049766243843,0.036));
#9838=CARTESIAN_POINT('',(-0.0251484434651668,0.00370159143594542,0.036));
#9839=CARTESIAN_POINT('',(-0.0251484434651668,0.00583940388893144,0.036));
#9840=CARTESIAN_POINT('',(-0.0251484434651668,0.00583940388893144,0.036));
#9841=CARTESIAN_POINT('',(-0.0251484434651668,0.00624265551589361,0.036));
#9842=CARTESIAN_POINT('',(-0.0253322220176459,0.00644186953734741,0.036));
#9843=CARTESIAN_POINT('',(-0.0253322220176459,0.00644186953734741,0.036));
#9844=CARTESIAN_POINT('',(-0.0253322220176459,0.00644186953734741,0.036));
#9845=CARTESIAN_POINT('',(-0.0255160005701251,0.0066410835588012,0.036));
#9846=CARTESIAN_POINT('',(-0.0259086403121672,0.0066410835588012,0.036));
#9847=CARTESIAN_POINT('',(-0.0259086403121672,0.0066410835588012,0.036));
#9848=CARTESIAN_POINT('',(-0.0259086403121672,0.0066410835588012,0.036));
#9849=CARTESIAN_POINT('',(-0.0264266932396282,0.0066410835588012,0.036));
#9850=CARTESIAN_POINT('',(-0.0266678724423567,0.00636083332523061,0.036));
#9851=CARTESIAN_POINT('',(-0.0266678724423567,0.00636083332523061,0.036));
#9852=CARTESIAN_POINT('',(-0.0266678724423567,0.00636083332523061,0.036));
#9853=CARTESIAN_POINT('',(-0.0269090516450853,0.00608058309166001,0.036));
#9854=CARTESIAN_POINT('',(-0.0269090516450853,0.00543518754515836,0.036));
#9855=CARTESIAN_POINT('',(-0.0269090516450853,0.00543518754515836,0.036));
#9856=CARTESIAN_POINT('',(-0.0269090516450853,0.00456838949055189,0.036));
#9857=CARTESIAN_POINT('',(-0.0269090516450853,0.00370159143594542,0.036));
#9858=CARTESIAN_POINT('',(-0.0271593956575176,0.00370159143594542,0.036));
#9859=CARTESIAN_POINT('',(-0.0274097396699498,0.00370159143594542,0.036));
#9860=CARTESIAN_POINT('',(-0.0274097396699498,0.00535366897463611,0.036));
#9861=CARTESIAN_POINT('',(-0.0274097396699498,0.0070057465133268,0.036));
#9862=CARTESIAN_POINT('',(-0.0272061844228468,0.0070057465133268,0.036));
#9863=CARTESIAN_POINT('',(-0.027002629175744,0.0070057465133268,0.036));
#9864=CARTESIAN_POINT('',(-0.0269621110696855,0.0067795204211674,0.036));
#9865=CARTESIAN_POINT('',(-0.0269215929636271,0.006553294329008,0.036));
#9866=CARTESIAN_POINT('',(-0.0269095340034907,0.006553294329008,0.036));
#9867=CARTESIAN_POINT('',(-0.026897896148599,0.006553294329008,0.036));
#9868=CARTESIAN_POINT('',(-0.0260317859855221,0.00599912022647194,0.036));
#9869=CARTESIAN_POINT('',(-0.0264657586054555,0.00693192989782121,0.036));
#9870=CARTESIAN_POINT('',(-0.0258699174237805,0.00566878973473794,0.036));
#9871=CARTESIAN_POINT('',(-0.0258478631530796,0.0070665236724144,0.036));
#9872=CARTESIAN_POINT('',(-0.0258478631530796,0.0070665236724144,0.036));
#9873=CARTESIAN_POINT('',(-0.0252507034471236,0.0070665236724144,0.036));
#9874=CARTESIAN_POINT('',(-0.024949229443713,0.00677855570435649,0.036));
#9875=CARTESIAN_POINT('',(-0.024949229443713,0.00677855570435649,0.036));
#9876=CARTESIAN_POINT('',(-0.024949229443713,0.00677855570435649,0.036));
#9877=CARTESIAN_POINT('',(-0.0246477554403022,0.00649058773629858,0.036));
#9878=CARTESIAN_POINT('',(-0.0246477554403022,0.0058567687915279,0.036));
#9879=CARTESIAN_POINT('',(-0.0246477554403022,0.0058567687915279,0.036));
#9880=CARTESIAN_POINT('',(-0.0246477554403022,0.00477918011373666,0.036));
#9881=CARTESIAN_POINT('',(-0.0246477554403022,0.00370159143594542,0.036));
#9882=CARTESIAN_POINT('',(-0.0248980994527345,0.00370159143594542,0.036));
#9883=CARTESIAN_POINT('',(-0.0351699216969442,0.00565514297804682,0.036));
#9884=CARTESIAN_POINT('',(-0.0344222661684856,0.00370159143594542,0.036));
#9885=CARTESIAN_POINT('',(-0.0359175772254028,0.00760869452014822,0.036));
#9886=CARTESIAN_POINT('',(-0.0359296361855392,0.00760869452014822,0.036));
#9887=CARTESIAN_POINT('',(-0.0359409982572781,0.00760869452014822,0.036));
#9888=CARTESIAN_POINT('',(-0.0483673364782327,0.00659293926303203,0.036));
#9889=CARTESIAN_POINT('',(-0.0358995548393081,0.00650506065398274,0.036));
#9890=CARTESIAN_POINT('',(-0.0358992476059954,0.00510332496220385,0.036));
#9891=CARTESIAN_POINT('',(-0.0358992476059954,0.00370159143594542,0.036));
#9892=CARTESIAN_POINT('',(-0.0361360855830749,0.00370159143594542,0.036));
#9893=CARTESIAN_POINT('',(-0.0363729235601543,0.00370159143594542,0.036));
#9894=CARTESIAN_POINT('',(-0.0363729235601543,0.00590548699047907,0.036));
#9895=CARTESIAN_POINT('',(-0.0363729235601543,0.00810938254501273,0.036));
#9896=CARTESIAN_POINT('',(-0.0359870368357886,0.00810938254501273,0.036));
#9897=CARTESIAN_POINT('',(-0.0356011501114228,0.00810938254501273,0.036));
#9898=CARTESIAN_POINT('',(-0.0349031774987264,0.00629137371484478,0.036));
#9899=CARTESIAN_POINT('',(-0.0342052048860299,0.00447336488467684,0.036));
#9900=CARTESIAN_POINT('',(-0.0341931459258935,0.00447336488467683,0.036));
#9901=CARTESIAN_POINT('',(-0.0341810869657571,0.00447336488467683,0.036));
#9902=CARTESIAN_POINT('',(-0.0334773260521951,0.00629137371484478,0.036));
#9903=CARTESIAN_POINT('',(-0.0327735651386332,0.00810938254501273,0.036));
#9904=CARTESIAN_POINT('',(-0.0323905725647001,0.00810938254501273,0.036));
#9905=CARTESIAN_POINT('',(-0.0320075799907672,0.00810938254501273,0.036));
#9906=CARTESIAN_POINT('',(-0.0320075799907672,0.00590548699047907,0.036));
#9907=CARTESIAN_POINT('',(-0.0320075799907672,0.00370159143594542,0.036));
#9908=CARTESIAN_POINT('',(-0.0322637123040649,0.00370159143594542,0.036));
#9909=CARTESIAN_POINT('',(-0.0325198446173627,0.00370159143594542,0.036));
#9910=CARTESIAN_POINT('',(-0.0325198446173627,0.00512165458161122,0.036));
#9911=CARTESIAN_POINT('',(-0.0325199833508353,0.00654171825337893,0.036));
#9912=CARTESIAN_POINT('',(-0.0180451457226416,0.00648682710520812,0.036));
#9913=CARTESIAN_POINT('',(-0.0324773970776824,0.00760290621928273,0.036));
#9914=CARTESIAN_POINT('',(-0.0324894560378189,0.00760290621928273,0.036));
#9915=CARTESIAN_POINT('',(-0.0325015149979553,0.00760290621928273,0.036));
#9916=CARTESIAN_POINT('',(-0.0332554411856848,0.00565224882761408,0.036));
#9917=CARTESIAN_POINT('',(-0.0340093673734143,0.00370159143594542,0.036));
#9918=CARTESIAN_POINT('',(-0.03421581677095,0.00370159143594542,0.036));
#9919=CARTESIAN_POINT('',(0.040669835067488,0.00305324534653559,0.036));
#9920=CARTESIAN_POINT('',(0.040394023857254,0.00299470582436349,0.036));
#9921=CARTESIAN_POINT('',(0.0400033851227594,0.00299470582436349,0.036));
#9922=CARTESIAN_POINT('',(0.040669835067488,0.00305324534653559,0.036));
#9923=CARTESIAN_POINT('',(0.0400033851227594,0.00299470582436349,0.036));
#9924=CARTESIAN_POINT('',(0.0400033851227594,0.00299470582436349,0.036));
#9925=CARTESIAN_POINT('',(0.039148933251055,0.00299470582436349,0.036));
#9926=CARTESIAN_POINT('',(0.0386541617126965,0.0035159327237036,0.036));
#9927=CARTESIAN_POINT('',(0.0386541617126965,0.0035159327237036,0.036));
#9928=CARTESIAN_POINT('',(0.0386541617126965,0.0035159327237036,0.036));
#9929=CARTESIAN_POINT('',(0.0381593901743381,0.00403715962304369,0.036));
#9930=CARTESIAN_POINT('',(0.0381593901743381,0.00496140861733792,0.036));
#9931=CARTESIAN_POINT('',(0.0381593901743381,0.00496140861733792,0.036));
#9932=CARTESIAN_POINT('',(0.0381593901743381,0.00496140861733792,0.036));
#9933=CARTESIAN_POINT('',(0.0381593901743381,0.00589466369196631,0.036));
#9934=CARTESIAN_POINT('',(0.0386187002713807,0.00644347171232981,0.036));
#9935=CARTESIAN_POINT('',(0.0386187002713807,0.00644347171232981,0.036));
#9936=CARTESIAN_POINT('',(0.0386187002713807,0.00644347171232981,0.036));
#9937=CARTESIAN_POINT('',(0.0390780103684234,0.00699227973269331,0.036));
#9938=CARTESIAN_POINT('',(0.039852533277162,0.00699227973269331,0.036));
#9939=CARTESIAN_POINT('',(0.039852533277162,0.00699227973269331,0.036));
#9940=CARTESIAN_POINT('',(0.039852533277162,0.00699227973269331,0.036));
#9941=CARTESIAN_POINT('',(0.040576396984021,0.00699227973269331,0.036));
#9942=CARTESIAN_POINT('',(0.0409985569996852,0.00651552035500318,0.036));
#9943=CARTESIAN_POINT('',(0.0409985569996852,0.00651552035500318,0.036));
#9944=CARTESIAN_POINT('',(0.0409985569996852,0.00651552035500318,0.036));
#9945=CARTESIAN_POINT('',(0.0414207170153495,0.00603876097731304,0.036));
#9946=CARTESIAN_POINT('',(0.0414207170153495,0.00525748350832377,0.036));
#9947=CARTESIAN_POINT('',(0.0414207170153495,0.00525748350832377,0.036));
#9948=CARTESIAN_POINT('',(0.0414207170153495,0.00507285886147328,0.036));
#9949=CARTESIAN_POINT('',(0.0414207170153495,0.00488823421462279,0.036));
#9950=CARTESIAN_POINT('',(0.0400928830460802,0.00488823421462279,0.036));
#9951=CARTESIAN_POINT('',(0.038765049076811,0.00488823421462279,0.036));
#9952=CARTESIAN_POINT('',(0.038765049076811,0.00488823421462279,0.036));
#9953=CARTESIAN_POINT('',(0.0387830612374793,0.0042094009094347,0.036));
#9954=CARTESIAN_POINT('',(0.0391084058895513,0.00385760089638118,0.036));
#9955=CARTESIAN_POINT('',(0.0391084058895513,0.00385760089638118,0.036));
#9956=CARTESIAN_POINT('',(0.0391084058895513,0.00385760089638118,0.036));
#9957=CARTESIAN_POINT('',(0.0394337505416232,0.00350580088332765,0.036));
#9958=CARTESIAN_POINT('',(0.0400247745635531,0.00350580088332765,0.036));
#9959=CARTESIAN_POINT('',(0.0400247745635531,0.00350580088332765,0.036));
#9960=CARTESIAN_POINT('',(0.040008517938953,0.00660758328228557,0.036));
#9961=CARTESIAN_POINT('',(0.041255230289209,0.00376585145297682,0.036));
#9962=CARTESIAN_POINT('',(0.041255230289209,0.00350523800330676,0.036));
#9963=CARTESIAN_POINT('',(0.041255230289209,0.00324511091081998,0.036));
#9964=CARTESIAN_POINT('',(0.0399789793748387,0.00614238190121373,0.036));
#9965=CARTESIAN_POINT('',(0.037470425028774,0.003292469355412,0.036));
#9966=CARTESIAN_POINT('',(0.037470425028774,0.0035193100038289,0.036));
#9967=CARTESIAN_POINT('',(0.037470425028774,0.00306562870699508,0.036));
#9968=CARTESIAN_POINT('',(0.0360716681768732,0.00306562870699508,0.036));
#9969=CARTESIAN_POINT('',(0.0346729113249723,0.00306562870699508,0.036));
#9970=CARTESIAN_POINT('',(0.0346729113249723,0.00326432535436771,0.036));
#9971=CARTESIAN_POINT('',(0.0346729113249723,0.00346302200174034,0.036));
#9972=CARTESIAN_POINT('',(0.0357249340840076,0.00496534877748412,0.036));
#9973=CARTESIAN_POINT('',(0.0367769568430429,0.00646767555322789,0.036));
#9974=CARTESIAN_POINT('',(0.0357902281664303,0.00646767555322789,0.036));
#9975=CARTESIAN_POINT('',(0.0348034994898178,0.00646767555322789,0.036));
#9976=CARTESIAN_POINT('',(0.0348034994898178,0.00669451620164481,0.036));
#9977=CARTESIAN_POINT('',(0.0348034994898178,0.00692135685006172,0.036));
#9978=CARTESIAN_POINT('',(0.0361105068983143,0.00692135685006172,0.036));
#9979=CARTESIAN_POINT('',(0.0374175143068108,0.00692135685006172,0.036));
#9980=CARTESIAN_POINT('',(0.0374175143068108,0.00669451620164481,0.036));
#9981=CARTESIAN_POINT('',(0.0374175143068108,0.0064676755532279,0.036));
#9982=CARTESIAN_POINT('',(0.0363795635482977,0.0049934927785284,0.036));
#9983=CARTESIAN_POINT('',(0.0353416127897845,0.0035193100038289,0.036));
#9984=CARTESIAN_POINT('',(0.0364060189092793,0.0035193100038289,0.036));
#9985=CARTESIAN_POINT('',(0.0291504954400633,0.00645360355270575,0.036));
#9986=CARTESIAN_POINT('',(0.0296272548177535,0.00591492737271819,0.036));
#9987=CARTESIAN_POINT('',(0.0296272548177535,0.0049974329386746,0.036));
#9988=CARTESIAN_POINT('',(0.0291504954400633,0.00645360355270575,0.036));
#9989=CARTESIAN_POINT('',(0.0296272548177535,0.0049974329386746,0.036));
#9990=CARTESIAN_POINT('',(0.0296272548177535,0.0049974329386746,0.036));
#9991=CARTESIAN_POINT('',(0.0296272548177535,0.00405404602367026,0.036));
#9992=CARTESIAN_POINT('',(0.0291527469601469,0.00352437592401687,0.036));
#9993=CARTESIAN_POINT('',(0.0291527469601469,0.00352437592401687,0.036));
#9994=CARTESIAN_POINT('',(0.0291527469601469,0.00352437592401687,0.036));
#9995=CARTESIAN_POINT('',(0.0286782391025403,0.00299470582436349,0.036));
#9996=CARTESIAN_POINT('',(0.0278406736314625,0.00299470582436349,0.036));
#9997=CARTESIAN_POINT('',(0.0278406736314625,0.00299470582436349,0.036));
#9998=CARTESIAN_POINT('',(0.0278406736314625,0.00299470582436349,0.036));
#9999=CARTESIAN_POINT('',(0.0273228240122476,0.00299470582436349,0.036));
#10000=CARTESIAN_POINT('',(0.0269220534373771,0.00323786999338608,0.036));
#10001=CARTESIAN_POINT('',(0.0269220534373771,0.00323786999338608,0.036));
#10002=CARTESIAN_POINT('',(0.0269220534373771,0.00323786999338608,0.036));
#10003=CARTESIAN_POINT('',(0.0265212828625065,0.00348103416240868,0.036));
#10004=CARTESIAN_POINT('',(0.0263028854144029,0.00393471545924251,0.036));
#10005=CARTESIAN_POINT('',(0.0263028854144029,0.00393471545924251,0.036));
#10006=CARTESIAN_POINT('',(0.0263028854144029,0.00393471545924251,0.036));
#10007=CARTESIAN_POINT('',(0.0260844879662993,0.00438839675607633,0.036));
#10008=CARTESIAN_POINT('',(0.0260844879662993,0.0049974329386746,0.036));
#10009=CARTESIAN_POINT('',(0.0260844879662993,0.0049974329386746,0.036));
#10010=CARTESIAN_POINT('',(0.0260844879662993,0.0049974329386746,0.036));
#10011=CARTESIAN_POINT('',(0.0260844879662993,0.00593969409363716,0.036));
#10012=CARTESIAN_POINT('',(0.0265561814238015,0.00646598691316524,0.036));
#10013=CARTESIAN_POINT('',(0.0265561814238015,0.00646598691316524,0.036));
#10014=CARTESIAN_POINT('',(0.0265561814238015,0.00646598691316524,0.036));
#10015=CARTESIAN_POINT('',(0.0270278748813036,0.00699227973269331,0.036));
#10016=CARTESIAN_POINT('',(0.0278654403523814,0.00699227973269331,0.036));
#10017=CARTESIAN_POINT('',(0.0278654403523814,0.00699227973269331,0.036));
#10018=CARTESIAN_POINT('',(0.0278654403523814,0.00699227973269331,0.036));
#10019=CARTESIAN_POINT('',(0.0286737360623732,0.00699227973269331,0.036));
#10020=CARTESIAN_POINT('',(0.0291504954400633,0.00645360355270575,0.036));
#10021=CARTESIAN_POINT('',(0.0248084389589515,0.00306562870699508,0.036));
#10022=CARTESIAN_POINT('',(0.0251005736897911,0.00306562870699508,0.036));
#10023=CARTESIAN_POINT('',(0.0245163042281118,0.00306562870699508,0.036));
#10024=CARTESIAN_POINT('',(0.0245163042281118,0.00431297083327766,0.036));
#10025=CARTESIAN_POINT('',(0.0245163042281118,0.00556031295956024,0.036));
#10026=CARTESIAN_POINT('',(0.0245163042281118,0.00556031295956024,0.036));
#10027=CARTESIAN_POINT('',(0.0245163042281118,0.00603088065702064,0.036));
#10028=CARTESIAN_POINT('',(0.0243018469401544,0.0062633501056464,0.036));
#10029=CARTESIAN_POINT('',(0.0243018469401544,0.0062633501056464,0.036));
#10030=CARTESIAN_POINT('',(0.0243018469401544,0.0062633501056464,0.036));
#10031=CARTESIAN_POINT('',(0.024087389652197,0.00649581955427217,0.036));
#10032=CARTESIAN_POINT('',(0.0236292053151961,0.00649581955427217,0.036));
#10033=CARTESIAN_POINT('',(0.0236292053151961,0.00649581955427217,0.036));
#10034=CARTESIAN_POINT('',(0.0236292053151961,0.00649581955427217,0.036));
#10035=CARTESIAN_POINT('',(0.0230246721727649,0.00649581955427217,0.036));
#10036=CARTESIAN_POINT('',(0.0227432321623221,0.00616878626213762,0.036));
#10037=CARTESIAN_POINT('',(0.0227432321623221,0.00616878626213762,0.036));
#10038=CARTESIAN_POINT('',(0.0227432321623221,0.00616878626213762,0.036));
#10039=CARTESIAN_POINT('',(0.0224617921518793,0.00584175297000306,0.036));
#10040=CARTESIAN_POINT('',(0.0224617921518793,0.00508861950205807,0.036));
#10041=CARTESIAN_POINT('',(0.0224617921518793,0.00508861950205807,0.036));
#10042=CARTESIAN_POINT('',(0.0224617921518793,0.00407712410452658,0.036));
#10043=CARTESIAN_POINT('',(0.0224617921518793,0.00306562870699508,0.036));
#10044=CARTESIAN_POINT('',(0.0221696574210396,0.00306562870699508,0.036));
#10045=CARTESIAN_POINT('',(0.0218775226902,0.00306562870699508,0.036));
#10046=CARTESIAN_POINT('',(0.0218775226902,0.0049934927785284,0.036));
#10047=CARTESIAN_POINT('',(0.0218775226902,0.00692135685006172,0.036));
#10048=CARTESIAN_POINT('',(0.0221150580590137,0.00692135685006172,0.036));
#10049=CARTESIAN_POINT('',(0.0223525934278274,0.00692135685006172,0.036));
#10050=CARTESIAN_POINT('',(0.0223998753495818,0.00665736612026635,0.036));
#10051=CARTESIAN_POINT('',(0.0224471572713363,0.00639337539047099,0.036));
#10052=CARTESIAN_POINT('',(0.0224612292718584,0.00639337539047099,0.036));
#10053=CARTESIAN_POINT('',(0.0224748098707044,0.00639337539047099,0.036));
#10054=CARTESIAN_POINT('',(0.0234855025447958,0.00574669125087541,0.036));
#10055=CARTESIAN_POINT('',(0.0229790855017667,0.00683521779327858,0.036));
#10056=CARTESIAN_POINT('',(0.0236743923379105,0.00536121764456332,0.036));
#10057=CARTESIAN_POINT('',(0.0237001281978277,0.00699227973269331,0.036));
#10058=CARTESIAN_POINT('',(0.0237001281978277,0.00699227973269331,0.036));
#10059=CARTESIAN_POINT('',(0.0243969736636841,0.00699227973269331,0.036));
#10060=CARTESIAN_POINT('',(0.0247487736767377,0.00665624036022458,0.036));
#10061=CARTESIAN_POINT('',(0.0247487736767377,0.00665624036022458,0.036));
#10062=CARTESIAN_POINT('',(0.0247487736767377,0.00665624036022458,0.036));
#10063=CARTESIAN_POINT('',(0.0251005736897911,0.00632020098775585,0.036));
#10064=CARTESIAN_POINT('',(0.0251005736897911,0.00558057664031212,0.036));
#10065=CARTESIAN_POINT('',(0.0251005736897911,0.00558057664031212,0.036));
#10066=CARTESIAN_POINT('',(0.0251005736897911,0.0043231026736536,0.036));
#10067=CARTESIAN_POINT('',(0.0206087911231238,0.00529238206961867,0.036));
#10068=CARTESIAN_POINT('',(0.020912746334402,0.00496140861733792,0.036));
#10069=CARTESIAN_POINT('',(0.020912746334402,0.00443455291778896,0.036));
#10070=CARTESIAN_POINT('',(0.0206087911231238,0.00529238206961867,0.036));
#10071=CARTESIAN_POINT('',(0.020912746334402,0.00443455291778896,0.036));
#10072=CARTESIAN_POINT('',(0.020912746334402,0.00443455291778896,0.036));
#10073=CARTESIAN_POINT('',(0.020912746334402,0.00375571961260087,0.036));
#10074=CARTESIAN_POINT('',(0.0204202263161271,0.00337521271848218,0.036));
#10075=CARTESIAN_POINT('',(0.0204202263161271,0.00337521271848218,0.036));
#10076=CARTESIAN_POINT('',(0.0204202263161271,0.00337521271848218,0.036));
#10077=CARTESIAN_POINT('',(0.0199277062978521,0.00299470582436348,0.036));
#10078=CARTESIAN_POINT('',(0.0190833862665237,0.00299470582436348,0.036));
#10079=CARTESIAN_POINT('',(0.0190833862665237,0.00299470582436348,0.036));
#10080=CARTESIAN_POINT('',(0.0190833862665237,0.00299470582436348,0.036));
#10081=CARTESIAN_POINT('',(0.0181692691126054,0.00299470582436348,0.036));
#10082=CARTESIAN_POINT('',(0.0176761862143095,0.00323111543313546,0.036));
#10083=CARTESIAN_POINT('',(0.0176761862143095,0.00323111543313546,0.036));
#10084=CARTESIAN_POINT('',(0.0176761862143095,0.0035193100038289,0.036));
#10085=CARTESIAN_POINT('',(0.0176761862143095,0.00380718496960993,0.036));
#10086=CARTESIAN_POINT('',(0.0191190128784058,0.0073115101301469,0.036));
#10087=CARTESIAN_POINT('',(0.018366307113305,0.00359713255841475,0.036));
#10088=CARTESIAN_POINT('',(0.0191125243923384,0.00713033314629826,0.036));
#10089=CARTESIAN_POINT('',(0.0191047757073173,0.0035193100038289,0.036));
#10090=CARTESIAN_POINT('',(0.0191047757073173,0.0035193100038289,0.036));
#10091=CARTESIAN_POINT('',(0.0197025542894978,0.0035193100038289,0.036));
#10092=CARTESIAN_POINT('',(0.0200053837407344,0.00374615065224582,0.036));
#10093=CARTESIAN_POINT('',(0.0200053837407344,0.00374615065224582,0.036));
#10094=CARTESIAN_POINT('',(0.0200053837407344,0.00374615065224582,0.036));
#10095=CARTESIAN_POINT('',(0.0203082131919708,0.00397299130066273,0.036));
#10096=CARTESIAN_POINT('',(0.0203082131919708,0.00437826491570039,0.036));
#10097=CARTESIAN_POINT('',(0.0203082131919708,0.00437826491570039,0.036));
#10098=CARTESIAN_POINT('',(0.0203082131919708,0.00437826491570039,0.036));
#10099=CARTESIAN_POINT('',(0.0203082131919708,0.00464507004560019,0.036));
#10100=CARTESIAN_POINT('',(0.0202007031079816,0.00481562269192854,0.036));
#10101=CARTESIAN_POINT('',(0.0202007031079816,0.00481562269192854,0.036));
#10102=CARTESIAN_POINT('',(0.0202007031079816,0.00481562269192854,0.036));
#10103=CARTESIAN_POINT('',(0.0200931930239925,0.00498617533825688,0.036));
#10104=CARTESIAN_POINT('',(0.0198415856546566,0.00513083550362449,0.036));
#10105=CARTESIAN_POINT('',(0.0198415856546566,0.00513083550362449,0.036));
#10106=CARTESIAN_POINT('',(0.0198415856546566,0.00513083550362449,0.036));
#10107=CARTESIAN_POINT('',(0.0195899782853208,0.0052754956689921,0.036));
#10108=CARTESIAN_POINT('',(0.0190766317062731,0.00545786879575905,0.036));
#10109=CARTESIAN_POINT('',(0.0190766317062731,0.00545786879575905,0.036));
#10110=CARTESIAN_POINT('',(0.0190766317062731,0.00545786879575905,0.036));
#10111=CARTESIAN_POINT('',(0.0183595225596648,0.0057145420852829,0.036));
#10112=CARTESIAN_POINT('',(0.0180516271882403,0.00606634209833643,0.036));
#10113=CARTESIAN_POINT('',(0.0180516271882403,0.00606634209833643,0.036));
#10114=CARTESIAN_POINT('',(0.0180516271882403,0.00606634209833643,0.036));
#10115=CARTESIAN_POINT('',(0.0177437318168158,0.00641814211138995,0.036));
#10116=CARTESIAN_POINT('',(0.0177437318168158,0.00698439941240091,0.036));
#10117=CARTESIAN_POINT('',(0.0177437318168158,0.00698439941240091,0.036));
#10118=CARTESIAN_POINT('',(0.0177437318168158,0.00698439941240091,0.036));
#10119=CARTESIAN_POINT('',(0.0177437318168158,0.00757880071445615,0.036));
#10120=CARTESIAN_POINT('',(0.0181900956733781,0.00793060072750967,0.036));
#10121=CARTESIAN_POINT('',(0.0181900956733781,0.00793060072750967,0.036));
#10122=CARTESIAN_POINT('',(0.0181900956733781,0.00793060072750967,0.036));
#10123=CARTESIAN_POINT('',(0.0186364595299405,0.0082824007405632,0.036));
#10124=CARTESIAN_POINT('',(0.0193727065972589,0.0082824007405632,0.036));
#10125=CARTESIAN_POINT('',(0.0193727065972589,0.0082824007405632,0.036));
#10126=CARTESIAN_POINT('',(0.0193727065972589,0.0082824007405632,0.036));
#10127=CARTESIAN_POINT('',(0.0201393491857051,0.0082824007405632,0.036));
#10128=CARTESIAN_POINT('',(0.0207832839295983,0.00800096073012038,0.036));
#10129=CARTESIAN_POINT('',(0.0207832839295983,0.00800096073012038,0.036));
#10130=CARTESIAN_POINT('',(0.0206898458461313,0.00774091016047121,0.036));
#10131=CARTESIAN_POINT('',(0.0205964077626643,0.00748085959082205,0.036));
#10132=CARTESIAN_POINT('',(0.0205964077626643,0.00748085959082205,0.036));
#10133=CARTESIAN_POINT('',(0.0199592275790217,0.00774766472072184,0.036));
#10134=CARTESIAN_POINT('',(0.0193580717167159,0.00774766472072184,0.036));
#10135=CARTESIAN_POINT('',(0.0193580717167159,0.00774766472072184,0.036));
#10136=CARTESIAN_POINT('',(0.0193580717167159,0.00774766472072184,0.036));
#10137=CARTESIAN_POINT('',(0.0188830009790884,0.00774766472072184,0.036));
#10138=CARTESIAN_POINT('',(0.0186156329691677,0.00754390215316124,0.036));
#10139=CARTESIAN_POINT('',(0.0186156329691677,0.00754390215316124,0.036));
#10140=CARTESIAN_POINT('',(0.0186156329691677,0.00754390215316124,0.036));
#10141=CARTESIAN_POINT('',(0.018348264959247,0.00734013958560063,0.036));
#10142=CARTESIAN_POINT('',(0.018348264959247,0.00697764485215028,0.036));
#10143=CARTESIAN_POINT('',(0.018348264959247,0.00697764485215028,0.036));
#10144=CARTESIAN_POINT('',(0.018348264959247,0.00697764485215028,0.036));
#10145=CARTESIAN_POINT('',(0.018348264959247,0.00671083972225049,0.036));
#10146=CARTESIAN_POINT('',(0.018446768962902,0.00653972419590125,0.036));
#10147=CARTESIAN_POINT('',(0.018446768962902,0.00653972419590125,0.036));
#10148=CARTESIAN_POINT('',(0.018446768962902,0.00653972419590125,0.036));
#10149=CARTESIAN_POINT('',(0.018545272966557,0.00636860866955202,0.036));
#10150=CARTESIAN_POINT('',(0.0187794310552454,0.00622620002426795,0.036));
#10151=CARTESIAN_POINT('',(0.0187794310552454,0.00622620002426795,0.036));
#10152=CARTESIAN_POINT('',(0.0187794310552454,0.00622620002426795,0.036));
#10153=CARTESIAN_POINT('',(0.0190135891439338,0.00608379137898388,0.036));
#10154=CARTESIAN_POINT('',(0.019495414441812,0.00591155009259288,0.036));
#10155=CARTESIAN_POINT('',(0.019495414441812,0.00591155009259288,0.036));
#10156=CARTESIAN_POINT('',(0.019495414441812,0.00591155009259288,0.036));
#10157=CARTESIAN_POINT('',(0.0203048359118455,0.00562335552189943,0.036));
#10158=CARTESIAN_POINT('',(0.0206087911231238,0.00529238206961867,0.036));
#10159=CARTESIAN_POINT('',(0.0144987964992952,0.00312309847990961,0.036));
#10160=CARTESIAN_POINT('',(0.0148085024628741,0.00312309847990961,0.036));
#10161=CARTESIAN_POINT('',(0.0141890905357163,0.00312309847990961,0.036));
#10162=CARTESIAN_POINT('',(0.0141890905357163,0.00444546536871656,0.036));
#10163=CARTESIAN_POINT('',(0.0141890905357163,0.0057678322575235,0.036));
#10164=CARTESIAN_POINT('',(0.0141890905357163,0.0057678322575235,0.036));
#10165=CARTESIAN_POINT('',(0.0141890905357163,0.00626670352062937,0.036));
#10166=CARTESIAN_POINT('',(0.0139617341347075,0.00651315547237904,0.036));
#10167=CARTESIAN_POINT('',(0.0139617341347075,0.00651315547237904,0.036));
#10168=CARTESIAN_POINT('',(0.0139617341347075,0.00651315547237904,0.036));
#10169=CARTESIAN_POINT('',(0.0137343777336988,0.00675960742412871,0.036));
#10170=CARTESIAN_POINT('',(0.0132486346617273,0.00675960742412871,0.036));
#10171=CARTESIAN_POINT('',(0.0132486346617273,0.00675960742412871,0.036));
#10172=CARTESIAN_POINT('',(0.0132486346617273,0.00675960742412871,0.036));
#10173=CARTESIAN_POINT('',(0.012607740239986,0.00675960742412871,0.036));
#10174=CARTESIAN_POINT('',(0.0123093722596595,0.00641290383098934,0.036));
#10175=CARTESIAN_POINT('',(0.0123093722596595,0.00641290383098934,0.036));
#10176=CARTESIAN_POINT('',(0.0123093722596595,0.00641290383098934,0.036));
#10177=CARTESIAN_POINT('',(0.012011004279333,0.00606620023784997,0.036));
#10178=CARTESIAN_POINT('',(0.012011004279333,0.00526776752249632,0.036));
#10179=CARTESIAN_POINT('',(0.012011004279333,0.00526776752249632,0.036));
#10180=CARTESIAN_POINT('',(0.012011004279333,0.00419543300120296,0.036));
#10181=CARTESIAN_POINT('',(0.012011004279333,0.00312309847990961,0.036));
#10182=CARTESIAN_POINT('',(0.0117012983157542,0.00312309847990961,0.036));
#10183=CARTESIAN_POINT('',(0.0113915923521753,0.00312309847990961,0.036));
#10184=CARTESIAN_POINT('',(0.0113915923521753,0.00516691914514597,0.036));
#10185=CARTESIAN_POINT('',(0.0113915923521753,0.00721073981038234,0.036));
#10186=CARTESIAN_POINT('',(0.0116434149275708,0.00721073981038234,0.036));
#10187=CARTESIAN_POINT('',(0.0118952375029664,0.00721073981038234,0.036));
#10188=CARTESIAN_POINT('',(0.0119453633236612,0.0069308706448361,0.036));
#10189=CARTESIAN_POINT('',(0.0119954891443561,0.00665100147928987,0.036));
#10190=CARTESIAN_POINT('',(0.0120104075433724,0.00665100147928987,0.036));
#10191=CARTESIAN_POINT('',(0.012024804984031,0.00665100147928987,0.036));
#10192=CARTESIAN_POINT('',(0.0130962884999141,0.00596542077476693,0.036));
#10193=CARTESIAN_POINT('',(0.0125594116354846,0.00711941968727982,0.036));
#10194=CARTESIAN_POINT('',(0.0132965395800188,0.00555676181684725,0.036));
#10195=CARTESIAN_POINT('',(0.0133238233927695,0.00728592854142461,0.036));
#10196=CARTESIAN_POINT('',(0.0133238233927695,0.00728592854142461,0.036));
#10197=CARTESIAN_POINT('',(0.0140625825120579,0.00728592854142461,0.036));
#10198=CARTESIAN_POINT('',(0.014435542487466,0.0069296771729148,0.036));
#10199=CARTESIAN_POINT('',(0.014435542487466,0.0069296771729148,0.036));
#10200=CARTESIAN_POINT('',(0.014435542487466,0.0069296771729148,0.036));
#10201=CARTESIAN_POINT('',(0.0148085024628741,0.00657342580440498,0.036));
#10202=CARTESIAN_POINT('',(0.0148085024628741,0.005789314752107,0.036));
#10203=CARTESIAN_POINT('',(0.0148085024628741,0.005789314752107,0.036));
#10204=CARTESIAN_POINT('',(0.0148085024628741,0.00445620661600831,0.036));
#10205=CARTESIAN_POINT('',(0.00915621944356932,0.00312309847990961,0.036));
#10206=CARTESIAN_POINT('',(0.00952380879533153,0.00312309847990961,0.036));
#10207=CARTESIAN_POINT('',(0.0087886300918071,0.00312309847990961,0.036));
#10208=CARTESIAN_POINT('',(0.00841387990851704,0.00432194102486139,0.036));
#10209=CARTESIAN_POINT('',(0.00803912972522699,0.00552078356981317,0.036));
#10210=CARTESIAN_POINT('',(0.00803912972522699,0.00552078356981317,0.036));
#10211=CARTESIAN_POINT('',(0.00796752140994863,0.00574157587525477,0.036));
#10212=CARTESIAN_POINT('',(0.00777417895869708,0.00652091303986752,0.036));
#10213=CARTESIAN_POINT('',(0.00777417895869708,0.00652091303986752,0.036));
#10214=CARTESIAN_POINT('',(0.00775926055968075,0.00652091303986752,0.036));
#10215=CARTESIAN_POINT('',(0.00774434216066443,0.00652091303986752,0.036));
#10216=CARTESIAN_POINT('',(0.00774434216066443,0.00652091303986752,0.036));
#10217=CARTESIAN_POINT('',(0.00759515817050119,0.00586808389891319,0.036));
#10218=CARTESIAN_POINT('',(0.00748297180989843,0.00551362273828534,0.036));
#10219=CARTESIAN_POINT('',(0.00748297180989843,0.00551362273828534,0.036));
#10220=CARTESIAN_POINT('',(0.00709688364335597,0.00431836060909747,0.036));
#10221=CARTESIAN_POINT('',(0.00671079547681351,0.00312309847990961,0.036));
#10222=CARTESIAN_POINT('',(0.00635275390042174,0.00312309847990961,0.036));
#10223=CARTESIAN_POINT('',(0.00599471232402997,0.0031230984799096,0.036));
#10224=CARTESIAN_POINT('',(0.00543736093678011,0.00516691914514597,0.036));
#10225=CARTESIAN_POINT('',(0.00488000954953025,0.00721073981038234,0.036));
#10226=CARTESIAN_POINT('',(0.00520463391212546,0.00721073981038234,0.036));
#10227=CARTESIAN_POINT('',(0.00552915880117151,0.00721073981038234,0.036));
#10228=CARTESIAN_POINT('',(0.0058599913291236,0.00592147606381373,0.036));
#10229=CARTESIAN_POINT('',(0.0061313648590195,0.00486437401309493,0.036));
#10230=CARTESIAN_POINT('',(0.0061313648590195,0.00486437401309493,0.036));
#10231=CARTESIAN_POINT('',(0.00633843223736607,0.00405878046621344,0.036));
#10232=CARTESIAN_POINT('',(0.00636826903539872,0.00377950803662785,0.036));
#10233=CARTESIAN_POINT('',(0.00636826903539872,0.00377950803662785,0.036));
#10234=CARTESIAN_POINT('',(0.00638318743441504,0.00377950803662785,0.036));
#10235=CARTESIAN_POINT('',(0.00639765788278097,0.00377950803662785,0.036));
#10236=CARTESIAN_POINT('',(0.0142764666193001,0.00217026335660473,0.036));
#10237=CARTESIAN_POINT('',(0.00653016061983313,0.00432965161265529,0.036));
#10238=CARTESIAN_POINT('',(0.0150361915088468,0.00209862454447462,0.036));
#10239=CARTESIAN_POINT('',(0.00668911248907697,0.00486444044677187,0.036));
#10240=CARTESIAN_POINT('',(0.00706406316552006,0.00603755691173863,0.036));
#10241=CARTESIAN_POINT('',(0.00743881334881012,0.00721073981038234,0.036));
#10242=CARTESIAN_POINT('',(0.00777417895869708,0.00721073981038234,0.036));
#10243=CARTESIAN_POINT('',(0.00810954456858404,0.00721073981038234,0.036));
#10244=CARTESIAN_POINT('',(0.0084753437124643,0.00603755691173863,0.036));
#10245=CARTESIAN_POINT('',(0.00884114285634456,0.00486437401309493,0.036));
#10246=CARTESIAN_POINT('',(0.00884114285634456,0.00486437401309493,0.036));
#10247=CARTESIAN_POINT('',(0.00905000044257309,0.00422347959135365,0.036));
#10248=CARTESIAN_POINT('',(0.00912399570169406,0.00378666886815569,0.036));
#10249=CARTESIAN_POINT('',(0.00912399570169406,0.00378666886815569,0.036));
#10250=CARTESIAN_POINT('',(0.00913891410071038,0.00378666886815569,0.036));
#10251=CARTESIAN_POINT('',(0.00915310155259881,0.00378666886815569,0.036));
#10252=CARTESIAN_POINT('',(0.0134687140670745,0.00315040364371753,0.036));
#10253=CARTESIAN_POINT('',(0.00923439185441485,0.0042014003608095,0.036));
#10254=CARTESIAN_POINT('',(0.00923439185441485,0.0042014003608095,0.036));
#10255=CARTESIAN_POINT('',(0.00929943607412602,0.00448126952635573,0.036));
#10256=CARTESIAN_POINT('',(0.0100119388111456,0.00721073981038234,0.036));
#10257=CARTESIAN_POINT('',(0.0100119388111456,0.00721073981038234,0.036));
#10258=CARTESIAN_POINT('',(0.0103323860220163,0.00721073981038234,0.036));
#10259=CARTESIAN_POINT('',(0.0106528332328869,0.00721073981038234,0.036));
#10260=CARTESIAN_POINT('',(0.0100883210141092,0.00516691914514597,0.036));
#10261=CARTESIAN_POINT('',(-0.000991275567334151,0.00787132651882515,0.036));
#10262=CARTESIAN_POINT('',(-0.000286530397803014,0.00716658134929402,0.036));
#10263=CARTESIAN_POINT('',(-0.000286530397803014,0.00590150111270976,0.036));
#10264=CARTESIAN_POINT('',(-0.000991275567334151,0.00787132651882515,0.036));
#10265=CARTESIAN_POINT('',(-0.000286530397803014,0.00590150111270976,0.036));
#10266=CARTESIAN_POINT('',(-0.000286530397803014,0.00590150111270976,0.036));
#10267=CARTESIAN_POINT('',(-0.000286530397803013,0.00455168436971278,0.036));
#10268=CARTESIAN_POINT('',(-0.00101932215748484,0.00383739142481119,0.036));
#10269=CARTESIAN_POINT('',(-0.00101932215748484,0.00383739142481119,0.036));
#10270=CARTESIAN_POINT('',(-0.00101932215748484,0.00383739142481119,0.036));
#10271=CARTESIAN_POINT('',(-0.00175211391716667,0.0031230984799096,0.036));
#10272=CARTESIAN_POINT('',(-0.00312818704243238,0.0031230984799096,0.036));
#10273=CARTESIAN_POINT('',(-0.00312818704243238,0.0031230984799096,0.036));
#10274=CARTESIAN_POINT('',(-0.00388365476861901,0.0031230984799096,0.036));
#10275=CARTESIAN_POINT('',(-0.00463912249480565,0.0031230984799096,0.036));
#10276=CARTESIAN_POINT('',(-0.00463912249480565,0.00584958508413295,0.036));
#10277=CARTESIAN_POINT('',(-0.00463912249480565,0.00857607168835629,0.036));
#10278=CARTESIAN_POINT('',(-0.00380369214989152,0.00857607168835629,0.036));
#10279=CARTESIAN_POINT('',(-0.00296826180497738,0.00857607168835629,0.036));
#10280=CARTESIAN_POINT('',(-0.00296826180497738,0.00857607168835629,0.036));
#10281=CARTESIAN_POINT('',(-0.00169602073686529,0.00857607168835629,0.036));
#10282=CARTESIAN_POINT('',(-0.000991275567334151,0.00787132651882515,0.036));
#10283=CARTESIAN_POINT('',(-0.0294305882945456,0.00646702120087019,0.036));
#10284=CARTESIAN_POINT('',(-0.0289069012574632,0.00369055953297626,0.036));
#10285=CARTESIAN_POINT('',(-0.02947809251255,0.00364081427685781,0.036));
#10286=CARTESIAN_POINT('',(-0.02947809251255,0.00364081427685781,0.036));
#10287=CARTESIAN_POINT('',(-0.0302103125720339,0.00364081427685781,0.036));
#10288=CARTESIAN_POINT('',(-0.0306343056104308,0.00408747816031112,0.036));
#10289=CARTESIAN_POINT('',(-0.0306343056104308,0.00408747816031112,0.036));
#10290=CARTESIAN_POINT('',(-0.0306343056104308,0.00408747816031112,0.036));
#10291=CARTESIAN_POINT('',(-0.0310582986488275,0.00453414204376443,0.036));
#10292=CARTESIAN_POINT('',(-0.0310582986488275,0.00532617454552505,0.036));
#10293=CARTESIAN_POINT('',(-0.0310582986488275,0.00532617454552505,0.036));
#10294=CARTESIAN_POINT('',(-0.0310582986488275,0.00532617454552505,0.036));
#10295=CARTESIAN_POINT('',(-0.0310582986488275,0.00612592478177298,0.036));
#10296=CARTESIAN_POINT('',(-0.0306646941899745,0.00659622422709369,0.036));
#10297=CARTESIAN_POINT('',(-0.0306646941899745,0.00659622422709369,0.036));
#10298=CARTESIAN_POINT('',(-0.0306646941899745,0.00659622422709369,0.036));
#10299=CARTESIAN_POINT('',(-0.0302710897311215,0.0070665236724144,0.036));
#10300=CARTESIAN_POINT('',(-0.0296073645652125,0.0070665236724144,0.036));
#10301=CARTESIAN_POINT('',(-0.0296073645652125,0.0070665236724144,0.036));
#10302=CARTESIAN_POINT('',(-0.0296073645652125,0.0070665236724144,0.036));
#10303=CARTESIAN_POINT('',(-0.0289870516557946,0.0070665236724144,0.036));
#10304=CARTESIAN_POINT('',(-0.0286252828517017,0.0066579661029922,0.036));
#10305=CARTESIAN_POINT('',(-0.0286252828517017,0.0066579661029922,0.036));
#10306=CARTESIAN_POINT('',(-0.0286252828517017,0.0066579661029922,0.036));
#10307=CARTESIAN_POINT('',(-0.0282635140476089,0.00624940853357001,0.036));
#10308=CARTESIAN_POINT('',(-0.0282635140476089,0.00557989506679551,0.036));
#10309=CARTESIAN_POINT('',(-0.0282635140476089,0.00557989506679551,0.036));
#10310=CARTESIAN_POINT('',(-0.0282635140476089,0.00542168150980556,0.036));
#10311=CARTESIAN_POINT('',(-0.0282635140476089,0.00526346795281562,0.036));
#10312=CARTESIAN_POINT('',(-0.0294013975260823,0.00526346795281562,0.036));
#10313=CARTESIAN_POINT('',(-0.0305392810045557,0.00526346795281562,0.036));
#10314=CARTESIAN_POINT('',(-0.0305392810045557,0.00526346795281562,0.036));
#10315=CARTESIAN_POINT('',(-0.030523845535581,0.00468174371583432,0.036));
#10316=CARTESIAN_POINT('',(-0.0302450423772269,0.0043802697124236,0.036));
#10317=CARTESIAN_POINT('',(-0.0302450423772269,0.0043802697124236,0.036));
#10318=CARTESIAN_POINT('',(-0.0302450423772269,0.0043802697124236,0.036));
#10319=CARTESIAN_POINT('',(-0.0299662392188726,0.00407879570901289,0.036));
#10320=CARTESIAN_POINT('',(-0.0294597628931426,0.00407879570901289,0.036));
#10321=CARTESIAN_POINT('',(-0.0294597628931426,0.00407879570901289,0.036));
#10322=CARTESIAN_POINT('',(-0.0294736939605628,0.00673685916218654,0.036));
#10323=CARTESIAN_POINT('',(-0.0284053274188133,0.0043016452923341,0.036));
#10324=CARTESIAN_POINT('',(-0.0284053274188133,0.00407831335060744,0.036));
#10325=CARTESIAN_POINT('',(-0.0284053274188133,0.00385539819126193,0.036));
#10326=CARTESIAN_POINT('',(-0.0294990069476233,0.00633820618452575,0.036));
#10327=CARTESIAN_POINT('',(0.0542359874933981,-0.00383108708127282,0.036));
#10328=CARTESIAN_POINT('',(0.0542359874933981,-0.00383108708127282,0.033));
#10329=CARTESIAN_POINT('',(0.0542359874933981,0.032609408685586,0.033));
#10330=CARTESIAN_POINT('',(0.0542359874933981,-0.0402715828481316,0.033));
#10331=CARTESIAN_POINT('',(0.0542359874933981,0.032609408685586,0.036));
#10332=CARTESIAN_POINT('',(0.0542359874933981,-0.0402715828481316,0.036));
#10333=CARTESIAN_POINT('',(0.00198598749339635,0.032609408685586,0.036));
#10334=CARTESIAN_POINT('',(0.00198598749339635,0.032609408685586,0.033));
#10335=CARTESIAN_POINT('',(-0.0502640125066054,0.032609408685586,0.033));
#10336=CARTESIAN_POINT('',(-0.0502640125066054,0.032609408685586,0.036));
#10337=CARTESIAN_POINT('',(-0.0502640125066053,-0.00383108708127284,0.036));
#10338=CARTESIAN_POINT('',(-0.0502640125066053,-0.00383108708127284,0.033));
#10339=CARTESIAN_POINT('',(-0.0502640125066053,-0.0402715828481316,0.033));
#10340=CARTESIAN_POINT('',(-0.0502640125066053,-0.0402715828481316,0.036));
#10341=CARTESIAN_POINT('',(-0.0389841151788837,-0.00803464466094058,0.036));
#10342=CARTESIAN_POINT('',(-0.0389841151788837,-0.00803464466094058,0.033));
#10343=CARTESIAN_POINT('',(-0.0389841151788837,0.00175071067811884,0.033));
#10344=CARTESIAN_POINT('',(-0.0389841151788837,-0.01782,0.033));
#10345=CARTESIAN_POINT('',(-0.0389841151788837,0.00175071067811884,0.036));
#10346=CARTESIAN_POINT('',(-0.0389841151788837,-0.01782,0.036));
#10347=CARTESIAN_POINT('',(-0.000582057589441812,0.00175071067811884,0.036));
#10348=CARTESIAN_POINT('',(-0.000582057589441812,0.00175071067811884,0.033));
#10349=CARTESIAN_POINT('',(0.03782,0.00175071067811885,0.033));
#10350=CARTESIAN_POINT('',(0.03782,0.00175071067811885,0.036));
#10351=CARTESIAN_POINT('',(0.03782,-0.00803464466094057,0.036));
#10352=CARTESIAN_POINT('',(0.03782,-0.00803464466094057,0.033));
#10353=CARTESIAN_POINT('',(0.03782,-0.01782,0.033));
#10354=CARTESIAN_POINT('',(0.03782,-0.01782,0.036));
#10355=CARTESIAN_POINT('',(-0.0462427581832837,0.027874386421425,0.036));
#10356=CARTESIAN_POINT('',(-0.0462427581832837,0.027874386421425,0.033));
#10357=CARTESIAN_POINT('',(-0.0446427581832837,0.027874386421425,0.033));
#10358=CARTESIAN_POINT('',(0.0500448476721699,0.0288273308607234,0.036));
#10359=CARTESIAN_POINT('',(0.0500448476721699,0.0288273308607234,0.033));
#10360=CARTESIAN_POINT('',(0.0516448476721699,0.0288273308607234,0.033));
#10361=CARTESIAN_POINT('',(-0.0462427581832837,-0.0362677433829385,0.036));
#10362=CARTESIAN_POINT('',(-0.0462427581832837,-0.0362677433829385,0.033));
#10363=CARTESIAN_POINT('',(-0.0446427581832837,-0.0362677433829385,0.033));
#10364=CARTESIAN_POINT('',(0.0500448476721699,-0.036642292694115,0.036));
#10365=CARTESIAN_POINT('',(0.0500448476721699,-0.036642292694115,0.033));
#10366=CARTESIAN_POINT('',(0.0516448476721699,-0.036642292694115,0.033));
#10367=CARTESIAN_POINT('',(-0.000582057589441812,-0.01782,0.036));
#10368=CARTESIAN_POINT('',(-0.000582057589441812,-0.01782,0.033));
#10369=CARTESIAN_POINT('',(0.00198598749339636,-0.0402715828481316,0.036));
#10370=CARTESIAN_POINT('',(0.00198598749339636,-0.0402715828481316,0.033));
#10371=CARTESIAN_POINT('',(0.00198598749339636,-0.00383108708127283,0.033));
#10372=CARTESIAN_POINT('',(-0.0251484434651668,0.00477049766243843,0.039));
#10373=CARTESIAN_POINT('',(-0.0251484434651668,0.00370159143594542,0.039));
#10374=CARTESIAN_POINT('',(-0.0251484434651668,0.00370159143594542,0.039));
#10375=CARTESIAN_POINT('',(-0.0251484434651668,0.00477049766243843,0.039));
#10376=CARTESIAN_POINT('',(-0.0251484434651668,0.00583940388893144,0.039));
#10377=CARTESIAN_POINT('',(-0.0251484434651668,0.00583940388893144,0.039));
#10378=CARTESIAN_POINT('',(-0.0248980994527345,0.00370159143594542,0.039));
#10379=CARTESIAN_POINT('',(-0.0246477554403022,0.00370159143594542,0.039));
#10380=CARTESIAN_POINT('',(-0.0246477554403022,0.00370159143594542,0.039));
#10381=CARTESIAN_POINT('',(-0.0248980994527345,0.00370159143594542,0.039));
#10382=CARTESIAN_POINT('',(-0.0246477554403022,0.00477918011373666,0.039));
#10383=CARTESIAN_POINT('',(-0.0246477554403022,0.0058567687915279,0.039));
#10384=CARTESIAN_POINT('',(-0.0246477554403022,0.0058567687915279,0.039));
#10385=CARTESIAN_POINT('',(-0.0246477554403022,0.00477918011373666,0.039));
#10386=CARTESIAN_POINT('',(-0.024949229443713,0.00677855570435649,0.039));
#10387=CARTESIAN_POINT('',(-0.024949229443713,0.00677855570435649,0.036));
#10388=CARTESIAN_POINT('',(-0.0247482467747725,0.00658657705898455,0.039));
#10389=CARTESIAN_POINT('',(-0.0247482467747725,0.00658657705898455,0.036));
#10390=CARTESIAN_POINT('',(-0.0246477554403022,0.00627931475470835,0.039));
#10391=CARTESIAN_POINT('',(-0.0246477554403022,0.00627931475470835,0.036));
#10392=CARTESIAN_POINT('',(-0.0246477554403022,0.0058567687915279,0.039));
#10393=CARTESIAN_POINT('',(-0.0246477554403022,0.0058567687915279,0.036));
#10394=CARTESIAN_POINT('',(-0.024949229443713,0.00677855570435649,0.039));
#10395=CARTESIAN_POINT('',(-0.024949229443713,0.00677855570435649,0.039));
#10396=CARTESIAN_POINT('',(-0.024949229443713,0.00677855570435649,0.039));
#10397=CARTESIAN_POINT('',(-0.0246477554403022,0.00649058773629858,0.039));
#10398=CARTESIAN_POINT('',(-0.0246477554403022,0.0058567687915279,0.039));
#10399=CARTESIAN_POINT('',(-0.0258478631530796,0.0070665236724144,0.039));
#10400=CARTESIAN_POINT('',(-0.0258478631530796,0.0070665236724144,0.036));
#10401=CARTESIAN_POINT('',(-0.0254497566824423,0.0070665236724144,0.039));
#10402=CARTESIAN_POINT('',(-0.0254497566824423,0.0070665236724144,0.036));
#10403=CARTESIAN_POINT('',(-0.0251502121126534,0.00697053434972843,0.039));
#10404=CARTESIAN_POINT('',(-0.0251502121126534,0.00697053434972843,0.036));
#10405=CARTESIAN_POINT('',(-0.024949229443713,0.00677855570435649,0.039));
#10406=CARTESIAN_POINT('',(-0.024949229443713,0.00677855570435649,0.036));
#10407=CARTESIAN_POINT('',(-0.0258478631530796,0.0070665236724144,0.039));
#10408=CARTESIAN_POINT('',(-0.0258478631530796,0.0070665236724144,0.039));
#10409=CARTESIAN_POINT('',(-0.0258478631530796,0.0070665236724144,0.039));
#10410=CARTESIAN_POINT('',(-0.0252507034471236,0.0070665236724144,0.039));
#10411=CARTESIAN_POINT('',(-0.024949229443713,0.00677855570435649,0.039));
#10412=CARTESIAN_POINT('',(-0.0258699174237805,0.00566878973473794,0.039));
#10413=CARTESIAN_POINT('',(-0.0264657642704701,0.00693194567729186,0.039));
#10414=CARTESIAN_POINT('',(-0.0264657586054555,0.00693192989782121,0.039));
#10415=CARTESIAN_POINT('',(-0.0258699174237805,0.00566878973473794,0.039));
#10416=CARTESIAN_POINT('',(-0.0260317859855221,0.00599912022647194,0.039));
#10417=CARTESIAN_POINT('',(-0.026897896148599,0.006553294329008,0.039));
#10418=CARTESIAN_POINT('',(-0.026897896148599,0.006553294329008,0.039));
#10419=CARTESIAN_POINT('',(-0.0260317859855221,0.00599912022647194,0.039));
#10420=CARTESIAN_POINT('',(-0.0269095340034907,0.006553294329008,0.039));
#10421=CARTESIAN_POINT('',(-0.0269215929636271,0.006553294329008,0.039));
#10422=CARTESIAN_POINT('',(-0.0269215929636271,0.006553294329008,0.039));
#10423=CARTESIAN_POINT('',(-0.0269095340034907,0.006553294329008,0.039));
#10424=CARTESIAN_POINT('',(-0.0269621110696855,0.0067795204211674,0.039));
#10425=CARTESIAN_POINT('',(-0.027002629175744,0.0070057465133268,0.039));
#10426=CARTESIAN_POINT('',(-0.027002629175744,0.0070057465133268,0.039));
#10427=CARTESIAN_POINT('',(-0.0269621110696855,0.0067795204211674,0.039));
#10428=CARTESIAN_POINT('',(-0.0272061844228468,0.0070057465133268,0.039));
#10429=CARTESIAN_POINT('',(-0.0274097396699498,0.0070057465133268,0.039));
#10430=CARTESIAN_POINT('',(-0.0274097396699498,0.0070057465133268,0.039));
#10431=CARTESIAN_POINT('',(-0.0272061844228468,0.0070057465133268,0.039));
#10432=CARTESIAN_POINT('',(-0.0274097396699498,0.00535366897463611,0.039));
#10433=CARTESIAN_POINT('',(-0.0274097396699498,0.00370159143594542,0.039));
#10434=CARTESIAN_POINT('',(-0.0274097396699498,0.00370159143594542,0.039));
#10435=CARTESIAN_POINT('',(-0.0274097396699498,0.00535366897463611,0.039));
#10436=CARTESIAN_POINT('',(-0.0271593956575176,0.00370159143594542,0.039));
#10437=CARTESIAN_POINT('',(-0.0269090516450853,0.00370159143594542,0.039));
#10438=CARTESIAN_POINT('',(-0.0269090516450853,0.00370159143594542,0.039));
#10439=CARTESIAN_POINT('',(-0.0271593956575176,0.00370159143594542,0.039));
#10440=CARTESIAN_POINT('',(-0.0269090516450853,0.00456838949055189,0.039));
#10441=CARTESIAN_POINT('',(-0.0269090516450853,0.00543518754515836,0.039));
#10442=CARTESIAN_POINT('',(-0.0269090516450853,0.00543518754515836,0.039));
#10443=CARTESIAN_POINT('',(-0.0269090516450853,0.00456838949055189,0.039));
#10444=CARTESIAN_POINT('',(-0.0266678724423567,0.00636083332523061,0.039));
#10445=CARTESIAN_POINT('',(-0.0266678724423567,0.00636083332523061,0.036));
#10446=CARTESIAN_POINT('',(-0.0268286585775091,0.00617399983618354,0.039));
#10447=CARTESIAN_POINT('',(-0.0268286585775091,0.00617399983618354,0.036));
#10448=CARTESIAN_POINT('',(-0.0269090516450853,0.00586545124282613,0.039));
#10449=CARTESIAN_POINT('',(-0.0269090516450853,0.00586545124282613,0.036));
#10450=CARTESIAN_POINT('',(-0.0269090516450853,0.00543518754515836,0.039));
#10451=CARTESIAN_POINT('',(-0.0269090516450853,0.00543518754515836,0.036));
#10452=CARTESIAN_POINT('',(-0.0266678724423567,0.00636083332523061,0.039));
#10453=CARTESIAN_POINT('',(-0.0266678724423567,0.00636083332523061,0.039));
#10454=CARTESIAN_POINT('',(-0.0266678724423567,0.00636083332523061,0.039));
#10455=CARTESIAN_POINT('',(-0.0269090516450853,0.00608058309166001,0.039));
#10456=CARTESIAN_POINT('',(-0.0269090516450853,0.00543518754515836,0.039));
#10457=CARTESIAN_POINT('',(-0.0259086403121672,0.0066410835588012,0.039));
#10458=CARTESIAN_POINT('',(-0.0259086403121672,0.0066410835588012,0.036));
#10459=CARTESIAN_POINT('',(-0.0262540089304745,0.0066410835588012,0.039));
#10460=CARTESIAN_POINT('',(-0.0262540089304745,0.0066410835588012,0.036));
#10461=CARTESIAN_POINT('',(-0.0265070863072043,0.00654766681427767,0.039));
#10462=CARTESIAN_POINT('',(-0.0265070863072043,0.00654766681427767,0.036));
#10463=CARTESIAN_POINT('',(-0.0266678724423567,0.00636083332523061,0.039));
#10464=CARTESIAN_POINT('',(-0.0266678724423567,0.00636083332523061,0.036));
#10465=CARTESIAN_POINT('',(-0.0259086403121672,0.0066410835588012,0.039));
#10466=CARTESIAN_POINT('',(-0.0259086403121672,0.0066410835588012,0.039));
#10467=CARTESIAN_POINT('',(-0.0259086403121672,0.0066410835588012,0.039));
#10468=CARTESIAN_POINT('',(-0.0264266932396282,0.0066410835588012,0.039));
#10469=CARTESIAN_POINT('',(-0.0266678724423567,0.00636083332523061,0.039));
#10470=CARTESIAN_POINT('',(-0.0253322220176459,0.00644186953734741,0.039));
#10471=CARTESIAN_POINT('',(-0.0253322220176459,0.00644186953734741,0.036));
#10472=CARTESIAN_POINT('',(-0.025454741052632,0.00657467888498327,0.039));
#10473=CARTESIAN_POINT('',(-0.025454741052632,0.00657467888498327,0.036));
#10474=CARTESIAN_POINT('',(-0.0256468804841391,0.0066410835588012,0.039));
#10475=CARTESIAN_POINT('',(-0.0256468804841391,0.0066410835588012,0.036));
#10476=CARTESIAN_POINT('',(-0.0259086403121672,0.0066410835588012,0.039));
#10477=CARTESIAN_POINT('',(-0.0259086403121672,0.0066410835588012,0.036));
#10478=CARTESIAN_POINT('',(-0.0253322220176459,0.00644186953734741,0.039));
#10479=CARTESIAN_POINT('',(-0.0253322220176459,0.00644186953734741,0.039));
#10480=CARTESIAN_POINT('',(-0.0253322220176459,0.00644186953734741,0.039));
#10481=CARTESIAN_POINT('',(-0.0255160005701251,0.0066410835588012,0.039));
#10482=CARTESIAN_POINT('',(-0.0259086403121672,0.0066410835588012,0.039));
#10483=CARTESIAN_POINT('',(-0.0251484434651668,0.00583940388893144,0.039));
#10484=CARTESIAN_POINT('',(-0.0251484434651668,0.00583940388893144,0.036));
#10485=CARTESIAN_POINT('',(-0.0251484434651667,0.00610823830690622,0.039));
#10486=CARTESIAN_POINT('',(-0.0251484434651667,0.00610823830690622,0.036));
#10487=CARTESIAN_POINT('',(-0.0252097029826598,0.00630906018971154,0.039));
#10488=CARTESIAN_POINT('',(-0.0252097029826598,0.00630906018971154,0.036));
#10489=CARTESIAN_POINT('',(-0.0253322220176459,0.00644186953734741,0.039));
#10490=CARTESIAN_POINT('',(-0.0253322220176459,0.00644186953734741,0.036));
#10491=CARTESIAN_POINT('',(-0.0251484434651668,0.00583940388893144,0.039));
#10492=CARTESIAN_POINT('',(-0.0251484434651668,0.00624265551589361,0.039));
#10493=CARTESIAN_POINT('',(-0.0253322220176459,0.00644186953734741,0.039));
#10494=CARTESIAN_POINT('',(0.00198598749339636,-0.00383108708127283,0.039));
#10495=CARTESIAN_POINT('',(-0.0351699216969442,0.00565514297804682,0.039));
#10496=CARTESIAN_POINT('',(-0.0344222661684856,0.00370159143594542,0.039));
#10497=CARTESIAN_POINT('',(-0.0344222661684856,0.00370159143594542,0.039));
#10498=CARTESIAN_POINT('',(-0.0351699216969442,0.00565514297804682,0.039));
#10499=CARTESIAN_POINT('',(-0.0359175772254028,0.00760869452014822,0.039));
#10500=CARTESIAN_POINT('',(-0.0359175772254028,0.00760869452014822,0.039));
#10501=CARTESIAN_POINT('',(-0.03421581677095,0.00370159143594542,0.039));
#10502=CARTESIAN_POINT('',(-0.0340093673734143,0.00370159143594542,0.039));
#10503=CARTESIAN_POINT('',(-0.0340093673734143,0.00370159143594542,0.039));
#10504=CARTESIAN_POINT('',(-0.03421581677095,0.00370159143594542,0.039));
#10505=CARTESIAN_POINT('',(-0.0332554411856848,0.00565224882761408,0.039));
#10506=CARTESIAN_POINT('',(-0.0325015149979553,0.00760290621928273,0.039));
#10507=CARTESIAN_POINT('',(-0.0325015149979553,0.00760290621928273,0.039));
#10508=CARTESIAN_POINT('',(-0.0332554411856848,0.00565224882761408,0.039));
#10509=CARTESIAN_POINT('',(-0.0324894560378189,0.00760290621928273,0.039));
#10510=CARTESIAN_POINT('',(-0.0324771352312931,0.00760290621928273,0.039));
#10511=CARTESIAN_POINT('',(-0.0324773970776824,0.00760290621928273,0.039));
#10512=CARTESIAN_POINT('',(-0.0324894560378189,0.00760290621928273,0.039));
#10513=CARTESIAN_POINT('',(-0.0180451457226416,0.00648682710520812,0.038999999999999));
#10514=CARTESIAN_POINT('',(-0.0325198446173627,0.00654171772727703,0.039));
#10515=CARTESIAN_POINT('',(-0.0325199833508354,0.00654171825337893,0.03899999975));
#10516=CARTESIAN_POINT('',(-0.0180451457226416,0.00648682710520812,0.039));
#10517=CARTESIAN_POINT('',(-0.0325198446173627,0.00512165458161122,0.039));
#10518=CARTESIAN_POINT('',(-0.0325198446173627,0.00370159143594542,0.039));
#10519=CARTESIAN_POINT('',(-0.0325198446173627,0.00370159143594542,0.039));
#10520=CARTESIAN_POINT('',(-0.0325198446173627,0.00512165458161122,0.039));
#10521=CARTESIAN_POINT('',(-0.0322637123040649,0.00370159143594542,0.039));
#10522=CARTESIAN_POINT('',(-0.0320075799907672,0.00370159143594542,0.039));
#10523=CARTESIAN_POINT('',(-0.0320075799907672,0.00370159143594542,0.039));
#10524=CARTESIAN_POINT('',(-0.0322637123040649,0.00370159143594542,0.039));
#10525=CARTESIAN_POINT('',(-0.0320075799907672,0.00590548699047907,0.039));
#10526=CARTESIAN_POINT('',(-0.0320075799907672,0.00810938254501273,0.039));
#10527=CARTESIAN_POINT('',(-0.0320075799907672,0.00810938254501273,0.039));
#10528=CARTESIAN_POINT('',(-0.0320075799907672,0.00590548699047907,0.039));
#10529=CARTESIAN_POINT('',(-0.0323905725647001,0.00810938254501273,0.039));
#10530=CARTESIAN_POINT('',(-0.0327735651386332,0.00810938254501273,0.039));
#10531=CARTESIAN_POINT('',(-0.0327735651386332,0.00810938254501273,0.039));
#10532=CARTESIAN_POINT('',(-0.0323905725647001,0.00810938254501273,0.039));
#10533=CARTESIAN_POINT('',(-0.0334773260521951,0.00629137371484478,0.039));
#10534=CARTESIAN_POINT('',(-0.0341810869657571,0.00447336488467683,0.039));
#10535=CARTESIAN_POINT('',(-0.0341810869657571,0.00447336488467683,0.039));
#10536=CARTESIAN_POINT('',(-0.0334773260521951,0.00629137371484478,0.039));
#10537=CARTESIAN_POINT('',(-0.0341931459258935,0.00447336488467683,0.039));
#10538=CARTESIAN_POINT('',(-0.0342052048860299,0.00447336488467683,0.039));
#10539=CARTESIAN_POINT('',(-0.0342052048860299,0.00447336488467683,0.039));
#10540=CARTESIAN_POINT('',(-0.0341931459258935,0.00447336488467683,0.039));
#10541=CARTESIAN_POINT('',(-0.0349031774987264,0.00629137371484478,0.039));
#10542=CARTESIAN_POINT('',(-0.0356011501114228,0.00810938254501273,0.039));
#10543=CARTESIAN_POINT('',(-0.0356011501114228,0.00810938254501273,0.039));
#10544=CARTESIAN_POINT('',(-0.0349031774987264,0.00629137371484478,0.039));
#10545=CARTESIAN_POINT('',(-0.0359870368357886,0.00810938254501273,0.039));
#10546=CARTESIAN_POINT('',(-0.0363729235601543,0.00810938254501273,0.039));
#10547=CARTESIAN_POINT('',(-0.0363729235601543,0.00810938254501273,0.039));
#10548=CARTESIAN_POINT('',(-0.0359870368357886,0.00810938254501273,0.039));
#10549=CARTESIAN_POINT('',(-0.0363729235601543,0.00590548699047907,0.039));
#10550=CARTESIAN_POINT('',(-0.0363729235601543,0.00370159143594542,0.039));
#10551=CARTESIAN_POINT('',(-0.0363729235601543,0.00370159143594542,0.039));
#10552=CARTESIAN_POINT('',(-0.0363729235601543,0.00590548699047907,0.039));
#10553=CARTESIAN_POINT('',(-0.0361360855830749,0.00370159143594542,0.039));
#10554=CARTESIAN_POINT('',(-0.0358992476059954,0.00370159143594542,0.039));
#10555=CARTESIAN_POINT('',(-0.0358992476059954,0.00370159143594542,0.039));
#10556=CARTESIAN_POINT('',(-0.0361360855830749,0.00370159143594542,0.039));
#10557=CARTESIAN_POINT('',(-0.0358992476059954,0.00510332496220385,0.039));
#10558=CARTESIAN_POINT('',(-0.0358992476059954,0.00650505848846229,0.039));
#10559=CARTESIAN_POINT('',(-0.0358995548393081,0.00650506065398275,0.039));
#10560=CARTESIAN_POINT('',(-0.0358992476059954,0.00510332496220385,0.039));
#10561=CARTESIAN_POINT('',(-0.0483673364782327,0.00659293926303203,0.0389999999999993));
#10562=CARTESIAN_POINT('',(-0.0359409982572781,0.00760869452014822,0.039));
#10563=CARTESIAN_POINT('',(-0.0359409982572781,0.00760869452014822,0.039));
#10564=CARTESIAN_POINT('',(-0.0483673364782327,0.00659293926303203,0.039));
#10565=CARTESIAN_POINT('',(-0.0359296361855392,0.00760869452014822,0.039));
#10566=CARTESIAN_POINT('',(-0.0359296361855392,0.00760869452014822,0.039));
#10567=CARTESIAN_POINT('',(0.00198598749339636,-0.00383108708127283,0.039));
#10568=CARTESIAN_POINT('',(0.0398446529568696,0.0065025741145228,0.039));
#10569=CARTESIAN_POINT('',(0.0398446529568696,0.0065025741145228,0.036));
#10570=CARTESIAN_POINT('',(0.0395354441987298,0.0065025741145228,0.039));
#10571=CARTESIAN_POINT('',(0.0395354441987298,0.0065025741145228,0.036));
#10572=CARTESIAN_POINT('',(0.0392887151229082,0.00640181859078427,0.039));
#10573=CARTESIAN_POINT('',(0.0392887151229082,0.00640181859078427,0.036));
#10574=CARTESIAN_POINT('',(0.039104465729405,0.00620030754330722,0.039));
#10575=CARTESIAN_POINT('',(0.039104465729405,0.00620030754330722,0.036));
#10576=CARTESIAN_POINT('',(0.0398446529568696,0.0065025741145228,0.036));
#10577=CARTESIAN_POINT('',(0.0393808398196598,0.0065025741145228,0.036));
#10578=CARTESIAN_POINT('',(0.039104465729405,0.00620030754330722,0.036));
#10579=CARTESIAN_POINT('',(0.0398446529568696,0.0065025741145228,0.036));
#10580=CARTESIAN_POINT('',(0.039104465729405,0.00620030754330722,0.036));
#10581=CARTESIAN_POINT('',(0.0398446529568696,0.0065025741145228,0.039));
#10582=CARTESIAN_POINT('',(0.0398446529568696,0.0065025741145228,0.039));
#10583=CARTESIAN_POINT('',(0.0398446529568696,0.0065025741145228,0.039));
#10584=CARTESIAN_POINT('',(0.0393808398196598,0.0065025741145228,0.039));
#10585=CARTESIAN_POINT('',(0.039104465729405,0.00620030754330722,0.039));
#10586=CARTESIAN_POINT('',(0.039104465729405,0.00620030754330722,0.039));
#10587=CARTESIAN_POINT('',(0.039104465729405,0.00620030754330722,0.039));
#10588=CARTESIAN_POINT('',(0.0405488158629976,0.0062087507436205,0.039));
#10589=CARTESIAN_POINT('',(0.0405488158629976,0.0062087507436205,0.036));
#10590=CARTESIAN_POINT('',(0.0403848301502462,0.0064046329908887,0.039));
#10591=CARTESIAN_POINT('',(0.0403848301502462,0.0064046329908887,0.036));
#10592=CARTESIAN_POINT('',(0.0401501091815369,0.0065025741145228,0.039));
#10593=CARTESIAN_POINT('',(0.0401501091815369,0.0065025741145228,0.036));
#10594=CARTESIAN_POINT('',(0.0398446529568696,0.0065025741145228,0.039));
#10595=CARTESIAN_POINT('',(0.0398446529568696,0.0065025741145228,0.036));
#10596=CARTESIAN_POINT('',(0.0405488158629976,0.0062087507436205,0.036));
#10597=CARTESIAN_POINT('',(0.0403028372938705,0.0065025741145228,0.036));
#10598=CARTESIAN_POINT('',(0.0398446529568696,0.0065025741145228,0.036));
#10599=CARTESIAN_POINT('',(0.0405488158629976,0.0062087507436205,0.036));
#10600=CARTESIAN_POINT('',(0.0405488158629976,0.0062087507436205,0.039));
#10601=CARTESIAN_POINT('',(0.0405488158629976,0.0062087507436205,0.039));
#10602=CARTESIAN_POINT('',(0.0405488158629976,0.0062087507436205,0.039));
#10603=CARTESIAN_POINT('',(0.0403028372938705,0.0065025741145228,0.039));
#10604=CARTESIAN_POINT('',(0.0398446529568696,0.0065025741145228,0.039));
#10605=CARTESIAN_POINT('',(0.0407947944321246,0.00536330495225027,0.039));
#10606=CARTESIAN_POINT('',(0.0407947944321246,0.00536330495225027,0.036));
#10607=CARTESIAN_POINT('',(0.0407947944321246,0.00573105323256222,0.039));
#10608=CARTESIAN_POINT('',(0.0407947944321246,0.00573105323256222,0.036));
#10609=CARTESIAN_POINT('',(0.0407128015757489,0.0060128684963523,0.039));
#10610=CARTESIAN_POINT('',(0.0407128015757489,0.0060128684963523,0.036));
#10611=CARTESIAN_POINT('',(0.0405488158629976,0.0062087507436205,0.039));
#10612=CARTESIAN_POINT('',(0.0405488158629976,0.0062087507436205,0.036));
#10613=CARTESIAN_POINT('',(0.0407947944321246,0.00536330495225027,0.036));
#10614=CARTESIAN_POINT('',(0.0407947944321246,0.0059149273727182,0.036));
#10615=CARTESIAN_POINT('',(0.0405488158629976,0.0062087507436205,0.036));
#10616=CARTESIAN_POINT('',(0.0407947944321246,0.00536330495225027,0.036));
#10617=CARTESIAN_POINT('',(0.0407947944321246,0.00536330495225027,0.039));
#10618=CARTESIAN_POINT('',(0.0407947944321246,0.00536330495225027,0.039));
#10619=CARTESIAN_POINT('',(0.0407947944321246,0.00536330495225027,0.039));
#10620=CARTESIAN_POINT('',(0.0407947944321246,0.0059149273727182,0.039));
#10621=CARTESIAN_POINT('',(0.0405488158629976,0.0062087507436205,0.039));
#10622=CARTESIAN_POINT('',(0.0397866763147184,0.00536330495225027,0.039));
#10623=CARTESIAN_POINT('',(0.0397866763147184,0.00536330495225027,0.036));
#10624=CARTESIAN_POINT('',(0.0387785581973122,0.00536330495225027,0.036));
#10625=CARTESIAN_POINT('',(0.0387785581973122,0.00536330495225027,0.039));
#10626=CARTESIAN_POINT('',(0.0387785581973122,0.00536330495225027,0.039));
#10627=CARTESIAN_POINT('',(0.0397866763147184,0.00536330495225027,0.039));
#10628=CARTESIAN_POINT('',(0.0400033851227594,0.00299470582436349,0.039));
#10629=CARTESIAN_POINT('',(0.0400033851227594,0.00299470582436349,0.036));
#10630=CARTESIAN_POINT('',(0.0394337505416231,0.00299470582436349,0.039));
#10631=CARTESIAN_POINT('',(0.0394337505416231,0.00299470582436349,0.036));
#10632=CARTESIAN_POINT('',(0.0389840094049355,0.00316844812414352,0.039));
#10633=CARTESIAN_POINT('',(0.0389840094049355,0.00316844812414352,0.036));
#10634=CARTESIAN_POINT('',(0.0386541617126965,0.0035159327237036,0.039));
#10635=CARTESIAN_POINT('',(0.0386541617126965,0.0035159327237036,0.036));
#10636=CARTESIAN_POINT('',(0.0400033851227594,0.00299470582436349,0.039));
#10637=CARTESIAN_POINT('',(0.0400033851227594,0.00299470582436349,0.039));
#10638=CARTESIAN_POINT('',(0.0400033851227594,0.00299470582436349,0.039));
#10639=CARTESIAN_POINT('',(0.039148933251055,0.00299470582436349,0.039));
#10640=CARTESIAN_POINT('',(0.0386541617126965,0.0035159327237036,0.039));
#10641=CARTESIAN_POINT('',(0.0386541617126965,0.0035159327237036,0.039));
#10642=CARTESIAN_POINT('',(0.0386541617126965,0.0035159327237036,0.039));
#10643=CARTESIAN_POINT('',(0.040669835067488,0.00305324534653559,0.039));
#10644=CARTESIAN_POINT('',(0.040669835067488,0.00305324534653559,0.036));
#10645=CARTESIAN_POINT('',(0.040485960927332,0.00301421899842086,0.039));
#10646=CARTESIAN_POINT('',(0.040485960927332,0.00301421899842086,0.036));
#10647=CARTESIAN_POINT('',(0.0402638109457558,0.00299470582436349,0.039));
#10648=CARTESIAN_POINT('',(0.0402638109457558,0.00299470582436349,0.036));
#10649=CARTESIAN_POINT('',(0.0400033851227594,0.00299470582436349,0.039));
#10650=CARTESIAN_POINT('',(0.0400033851227594,0.00299470582436349,0.036));
#10651=CARTESIAN_POINT('',(0.040669835067488,0.00305324534653559,0.039));
#10652=CARTESIAN_POINT('',(0.040669835067488,0.00305324534653559,0.039));
#10653=CARTESIAN_POINT('',(0.040669835067488,0.00305324534653559,0.039));
#10654=CARTESIAN_POINT('',(0.040394023857254,0.00299470582436349,0.039));
#10655=CARTESIAN_POINT('',(0.0400033851227594,0.00299470582436349,0.039));
#10656=CARTESIAN_POINT('',(0.0399789793748387,0.00614238190121373,0.0389999999999998));
#10657=CARTESIAN_POINT('',(0.041255230289209,0.00324511091081998,0.039));
#10658=CARTESIAN_POINT('',(0.041255230289209,0.00324511091081998,0.039));
#10659=CARTESIAN_POINT('',(0.0399789793748387,0.00614238190121373,0.039));
#10660=CARTESIAN_POINT('',(0.041255230289209,0.00350523800330676,0.039));
#10661=CARTESIAN_POINT('',(0.041255230289209,0.00376670132121507,0.039));
#10662=CARTESIAN_POINT('',(0.041255230289209,0.00376585145297682,0.039));
#10663=CARTESIAN_POINT('',(0.041255230289209,0.00350523800330676,0.039));
#10664=CARTESIAN_POINT('',(0.040008517938953,0.00660758328228557,0.039));
#10665=CARTESIAN_POINT('',(0.0400247745635531,0.00350580088332765,0.039));
#10666=CARTESIAN_POINT('',(0.0400247745635531,0.00350580088332765,0.039));
#10667=CARTESIAN_POINT('',(0.040008517938953,0.00660758328228557,0.039));
#10668=CARTESIAN_POINT('',(0.0391084058895513,0.00385760089638118,0.039));
#10669=CARTESIAN_POINT('',(0.0391084058895513,0.00385760089638118,0.036));
#10670=CARTESIAN_POINT('',(0.0393253023242658,0.00362306755434549,0.039));
#10671=CARTESIAN_POINT('',(0.0393253023242658,0.00362306755434549,0.036));
#10672=CARTESIAN_POINT('',(0.0396307585489331,0.00350580088332765,0.039));
#10673=CARTESIAN_POINT('',(0.0396307585489331,0.00350580088332765,0.036));
#10674=CARTESIAN_POINT('',(0.0400247745635531,0.00350580088332765,0.039));
#10675=CARTESIAN_POINT('',(0.0400247745635531,0.00350580088332765,0.036));
#10676=CARTESIAN_POINT('',(0.0391084058895513,0.00385760089638118,0.039));
#10677=CARTESIAN_POINT('',(0.0391084058895513,0.00385760089638118,0.039));
#10678=CARTESIAN_POINT('',(0.0391084058895513,0.00385760089638118,0.039));
#10679=CARTESIAN_POINT('',(0.0394337505416232,0.00350580088332765,0.039));
#10680=CARTESIAN_POINT('',(0.0400247745635531,0.00350580088332765,0.039));
#10681=CARTESIAN_POINT('',(0.038765049076811,0.00488823421462279,0.039));
#10682=CARTESIAN_POINT('',(0.038765049076811,0.00488823421462279,0.036));
#10683=CARTESIAN_POINT('',(0.0387770571839232,0.00443567867783073,0.039));
#10684=CARTESIAN_POINT('',(0.0387770571839232,0.00443567867783073,0.036));
#10685=CARTESIAN_POINT('',(0.0388915094548366,0.00409213423841686,0.039));
#10686=CARTESIAN_POINT('',(0.0388915094548366,0.00409213423841686,0.036));
#10687=CARTESIAN_POINT('',(0.0391084058895513,0.00385760089638118,0.039));
#10688=CARTESIAN_POINT('',(0.0391084058895513,0.00385760089638118,0.036));
#10689=CARTESIAN_POINT('',(0.038765049076811,0.00488823421462279,0.039));
#10690=CARTESIAN_POINT('',(0.038765049076811,0.00488823421462279,0.039));
#10691=CARTESIAN_POINT('',(0.038765049076811,0.00488823421462279,0.039));
#10692=CARTESIAN_POINT('',(0.0387830612374793,0.0042094009094347,0.039));
#10693=CARTESIAN_POINT('',(0.0391084058895513,0.00385760089638118,0.039));
#10694=CARTESIAN_POINT('',(0.0400928830460802,0.00488823421462279,0.039));
#10695=CARTESIAN_POINT('',(0.0414207170153495,0.00488823421462279,0.039));
#10696=CARTESIAN_POINT('',(0.0414207170153495,0.00488823421462279,0.039));
#10697=CARTESIAN_POINT('',(0.0400928830460802,0.00488823421462279,0.039));
#10698=CARTESIAN_POINT('',(0.0414207170153495,0.00507285886147328,0.039));
#10699=CARTESIAN_POINT('',(0.0414207170153495,0.00525748350832377,0.039));
#10700=CARTESIAN_POINT('',(0.0414207170153495,0.00525748350832377,0.039));
#10701=CARTESIAN_POINT('',(0.0414207170153495,0.00507285886147328,0.039));
#10702=CARTESIAN_POINT('',(0.0409985569996852,0.00651552035500318,0.039));
#10703=CARTESIAN_POINT('',(0.0409985569996852,0.00651552035500318,0.036));
#10704=CARTESIAN_POINT('',(0.041279997010128,0.00619768076987642,0.039));
#10705=CARTESIAN_POINT('',(0.041279997010128,0.00619768076987642,0.036));
#10706=CARTESIAN_POINT('',(0.0414207170153495,0.00577833515431662,0.039));
#10707=CARTESIAN_POINT('',(0.0414207170153495,0.00577833515431662,0.036));
#10708=CARTESIAN_POINT('',(0.0414207170153495,0.00525748350832377,0.039));
#10709=CARTESIAN_POINT('',(0.0414207170153495,0.00525748350832377,0.036));
#10710=CARTESIAN_POINT('',(0.0409985569996852,0.00651552035500318,0.039));
#10711=CARTESIAN_POINT('',(0.0409985569996852,0.00651552035500318,0.039));
#10712=CARTESIAN_POINT('',(0.0409985569996852,0.00651552035500318,0.039));
#10713=CARTESIAN_POINT('',(0.0414207170153495,0.00603876097731304,0.039));
#10714=CARTESIAN_POINT('',(0.0414207170153495,0.00525748350832377,0.039));
#10715=CARTESIAN_POINT('',(0.039852533277162,0.00699227973269331,0.039));
#10716=CARTESIAN_POINT('',(0.039852533277162,0.00699227973269331,0.036));
#10717=CARTESIAN_POINT('',(0.0403351090817347,0.00699227973269331,0.039));
#10718=CARTESIAN_POINT('',(0.0403351090817347,0.00699227973269331,0.036));
#10719=CARTESIAN_POINT('',(0.0407171169892424,0.00683335994012993,0.039));
#10720=CARTESIAN_POINT('',(0.0407171169892424,0.00683335994012993,0.036));
#10721=CARTESIAN_POINT('',(0.0409985569996852,0.00651552035500318,0.039));
#10722=CARTESIAN_POINT('',(0.0409985569996852,0.00651552035500318,0.036));
#10723=CARTESIAN_POINT('',(0.039852533277162,0.00699227973269331,0.039));
#10724=CARTESIAN_POINT('',(0.039852533277162,0.00699227973269331,0.039));
#10725=CARTESIAN_POINT('',(0.039852533277162,0.00699227973269331,0.039));
#10726=CARTESIAN_POINT('',(0.040576396984021,0.00699227973269331,0.039));
#10727=CARTESIAN_POINT('',(0.0409985569996852,0.00651552035500318,0.039));
#10728=CARTESIAN_POINT('',(0.0386187002713807,0.00644347171232981,0.039));
#10729=CARTESIAN_POINT('',(0.0386187002713807,0.00644347171232981,0.036));
#10730=CARTESIAN_POINT('',(0.0389249070027425,0.00680934372590548,0.039));
#10731=CARTESIAN_POINT('',(0.0389249070027425,0.00680934372590548,0.036));
#10732=CARTESIAN_POINT('',(0.0393361846713363,0.00699227973269331,0.039));
#10733=CARTESIAN_POINT('',(0.0393361846713363,0.00699227973269331,0.036));
#10734=CARTESIAN_POINT('',(0.039852533277162,0.00699227973269331,0.039));
#10735=CARTESIAN_POINT('',(0.039852533277162,0.00699227973269331,0.036));
#10736=CARTESIAN_POINT('',(0.0386187002713807,0.00644347171232981,0.039));
#10737=CARTESIAN_POINT('',(0.0386187002713807,0.00644347171232981,0.039));
#10738=CARTESIAN_POINT('',(0.0386187002713807,0.00644347171232981,0.039));
#10739=CARTESIAN_POINT('',(0.0390780103684234,0.00699227973269331,0.039));
#10740=CARTESIAN_POINT('',(0.039852533277162,0.00699227973269331,0.039));
#10741=CARTESIAN_POINT('',(0.0381593901743381,0.00496140861733792,0.039));
#10742=CARTESIAN_POINT('',(0.0381593901743381,0.00496140861733792,0.036));
#10743=CARTESIAN_POINT('',(0.0381593901743381,0.00558357866709018,0.039));
#10744=CARTESIAN_POINT('',(0.0381593901743381,0.00558357866709018,0.036));
#10745=CARTESIAN_POINT('',(0.0383124935400189,0.00607759969875414,0.039));
#10746=CARTESIAN_POINT('',(0.0383124935400189,0.00607759969875414,0.036));
#10747=CARTESIAN_POINT('',(0.0386187002713807,0.00644347171232981,0.039));
#10748=CARTESIAN_POINT('',(0.0386187002713807,0.00644347171232981,0.036));
#10749=CARTESIAN_POINT('',(0.0381593901743381,0.00496140861733792,0.039));
#10750=CARTESIAN_POINT('',(0.0381593901743381,0.00496140861733792,0.039));
#10751=CARTESIAN_POINT('',(0.0381593901743381,0.00496140861733792,0.039));
#10752=CARTESIAN_POINT('',(0.0381593901743381,0.00589466369196631,0.039));
#10753=CARTESIAN_POINT('',(0.0386187002713807,0.00644347171232981,0.039));
#10754=CARTESIAN_POINT('',(0.0386541617126965,0.0035159327237036,0.039));
#10755=CARTESIAN_POINT('',(0.0386541617126965,0.0035159327237036,0.036));
#10756=CARTESIAN_POINT('',(0.0383243140204575,0.00386341732326366,0.039));
#10757=CARTESIAN_POINT('',(0.0383243140204575,0.00386341732326366,0.036));
#10758=CARTESIAN_POINT('',(0.0381593901743381,0.00434524262114177,0.039));
#10759=CARTESIAN_POINT('',(0.0381593901743381,0.00434524262114177,0.036));
#10760=CARTESIAN_POINT('',(0.0381593901743381,0.00496140861733792,0.039));
#10761=CARTESIAN_POINT('',(0.0381593901743381,0.00496140861733792,0.036));
#10762=CARTESIAN_POINT('',(0.0386541617126965,0.0035159327237036,0.039));
#10763=CARTESIAN_POINT('',(0.0381593901743381,0.00403715962304369,0.039));
#10764=CARTESIAN_POINT('',(0.0381593901743381,0.00496140861733792,0.039));
#10765=CARTESIAN_POINT('',(0.039104465729405,0.00620030754330722,0.039));
#10766=CARTESIAN_POINT('',(0.039104465729405,0.00620030754330722,0.036));
#10767=CARTESIAN_POINT('',(0.0389202163359018,0.00599879649583016,0.039));
#10768=CARTESIAN_POINT('',(0.0389202163359018,0.00599879649583016,0.036));
#10769=CARTESIAN_POINT('',(0.0388115804918709,0.00571979563214451,0.039));
#10770=CARTESIAN_POINT('',(0.0388115804918709,0.00571979563214451,0.036));
#10771=CARTESIAN_POINT('',(0.0387785581973122,0.00536330495225027,0.039));
#10772=CARTESIAN_POINT('',(0.0387785581973122,0.00536330495225027,0.036));
#10773=CARTESIAN_POINT('',(0.039104465729405,0.00620030754330722,0.036));
#10774=CARTESIAN_POINT('',(0.0388280916391502,0.00589804097209163,0.036));
#10775=CARTESIAN_POINT('',(0.0387785581973122,0.00536330495225027,0.036));
#10776=CARTESIAN_POINT('',(0.039104465729405,0.00620030754330722,0.039));
#10777=CARTESIAN_POINT('',(0.0388280916391502,0.00589804097209163,0.039));
#10778=CARTESIAN_POINT('',(0.0387785581973122,0.00536330495225027,0.039));
#10779=CARTESIAN_POINT('',(0.00198598749339636,-0.00383108708127283,0.039));
#10780=CARTESIAN_POINT('',(0.0360716681768732,0.00306562870699508,0.039));
#10781=CARTESIAN_POINT('',(0.037470425028774,0.00306562870699508,0.039));
#10782=CARTESIAN_POINT('',(0.037470425028774,0.00306562870699508,0.039));
#10783=CARTESIAN_POINT('',(0.0360716681768732,0.00306562870699508,0.039));
#10784=CARTESIAN_POINT('',(0.0346729113249723,0.00306562870699508,0.039));
#10785=CARTESIAN_POINT('',(0.0346729113249723,0.00306562870699508,0.039));
#10786=CARTESIAN_POINT('',(0.037470425028774,0.003292469355412,0.039));
#10787=CARTESIAN_POINT('',(0.037470425028774,0.0035193100038289,0.039));
#10788=CARTESIAN_POINT('',(0.037470425028774,0.0035193100038289,0.039));
#10789=CARTESIAN_POINT('',(0.037470425028774,0.003292469355412,0.039));
#10790=CARTESIAN_POINT('',(0.0364060189092793,0.0035193100038289,0.039));
#10791=CARTESIAN_POINT('',(0.0353416127897845,0.0035193100038289,0.039));
#10792=CARTESIAN_POINT('',(0.0353416127897845,0.0035193100038289,0.039));
#10793=CARTESIAN_POINT('',(0.0364060189092793,0.0035193100038289,0.039));
#10794=CARTESIAN_POINT('',(0.0363795635482977,0.0049934927785284,0.039));
#10795=CARTESIAN_POINT('',(0.0374175143068108,0.0064676755532279,0.039));
#10796=CARTESIAN_POINT('',(0.0374175143068108,0.0064676755532279,0.039));
#10797=CARTESIAN_POINT('',(0.0363795635482977,0.0049934927785284,0.039));
#10798=CARTESIAN_POINT('',(0.0374175143068108,0.00669451620164481,0.039));
#10799=CARTESIAN_POINT('',(0.0374175143068108,0.00692135685006172,0.039));
#10800=CARTESIAN_POINT('',(0.0374175143068108,0.00692135685006172,0.039));
#10801=CARTESIAN_POINT('',(0.0374175143068108,0.00669451620164481,0.039));
#10802=CARTESIAN_POINT('',(0.0361105068983143,0.00692135685006172,0.039));
#10803=CARTESIAN_POINT('',(0.0348034994898178,0.00692135685006172,0.039));
#10804=CARTESIAN_POINT('',(0.0348034994898178,0.00692135685006172,0.039));
#10805=CARTESIAN_POINT('',(0.0361105068983143,0.00692135685006172,0.039));
#10806=CARTESIAN_POINT('',(0.0348034994898178,0.00669451620164481,0.039));
#10807=CARTESIAN_POINT('',(0.0348034994898178,0.00646767555322789,0.039));
#10808=CARTESIAN_POINT('',(0.0348034994898178,0.00646767555322789,0.039));
#10809=CARTESIAN_POINT('',(0.0348034994898178,0.00669451620164481,0.039));
#10810=CARTESIAN_POINT('',(0.0357902281664303,0.00646767555322789,0.039));
#10811=CARTESIAN_POINT('',(0.0367769568430429,0.00646767555322789,0.039));
#10812=CARTESIAN_POINT('',(0.0367769568430429,0.00646767555322789,0.039));
#10813=CARTESIAN_POINT('',(0.0357902281664303,0.00646767555322789,0.039));
#10814=CARTESIAN_POINT('',(0.0357249340840076,0.00496534877748412,0.039));
#10815=CARTESIAN_POINT('',(0.0346729113249723,0.00346302200174034,0.039));
#10816=CARTESIAN_POINT('',(0.0346729113249723,0.00346302200174034,0.039));
#10817=CARTESIAN_POINT('',(0.0357249340840076,0.00496534877748412,0.039));
#10818=CARTESIAN_POINT('',(0.0346729113249723,0.00326432535436771,0.039));
#10819=CARTESIAN_POINT('',(0.0346729113249723,0.00326432535436771,0.039));
#10820=CARTESIAN_POINT('',(0.00198598749339636,-0.00383108708127283,0.039));
#10821=CARTESIAN_POINT('',(0.03104233519026,0.0049974329386746,0.039));
#10822=CARTESIAN_POINT('',(0.03104233519026,0.0049974329386746,0.036));
#10823=CARTESIAN_POINT('',(0.03104233519026,0.00450435004037878,0.039));
#10824=CARTESIAN_POINT('',(0.03104233519026,0.00450435004037878,0.036));
#10825=CARTESIAN_POINT('',(0.031140839193915,0.00412890906644805,0.039));
#10826=CARTESIAN_POINT('',(0.031140839193915,0.00412890906644805,0.036));
#10827=CARTESIAN_POINT('',(0.0313378472012249,0.00387111001688243,0.039));
#10828=CARTESIAN_POINT('',(0.0313378472012249,0.00387111001688243,0.036));
#10829=CARTESIAN_POINT('',(0.03104233519026,0.0049974329386746,0.036));
#10830=CARTESIAN_POINT('',(0.03104233519026,0.00425780859123087,0.036));
#10831=CARTESIAN_POINT('',(0.0313378472012249,0.00387111001688243,0.036));
#10832=CARTESIAN_POINT('',(0.03104233519026,0.0049974329386746,0.036));
#10833=CARTESIAN_POINT('',(0.0313378472012249,0.00387111001688243,0.036));
#10834=CARTESIAN_POINT('',(0.03104233519026,0.0049974329386746,0.039));
#10835=CARTESIAN_POINT('',(0.03104233519026,0.0049974329386746,0.039));
#10836=CARTESIAN_POINT('',(0.03104233519026,0.0049974329386746,0.039));
#10837=CARTESIAN_POINT('',(0.03104233519026,0.00425780859123087,0.039));
#10838=CARTESIAN_POINT('',(0.0313378472012249,0.00387111001688243,0.039));
#10839=CARTESIAN_POINT('',(0.0313378472012249,0.00387111001688243,0.039));
#10840=CARTESIAN_POINT('',(0.0313378472012249,0.00387111001688243,0.039));
#10841=CARTESIAN_POINT('',(0.0313344699210997,0.00611925282029968,0.039));
#10842=CARTESIAN_POINT('',(0.0313344699210997,0.00611925282029968,0.036));
#10843=CARTESIAN_POINT('',(0.0311397134338732,0.00586820833098469,0.039));
#10844=CARTESIAN_POINT('',(0.0311397134338732,0.00586820833098469,0.036));
#10845=CARTESIAN_POINT('',(0.03104233519026,0.00549426837044299,0.039));
#10846=CARTESIAN_POINT('',(0.03104233519026,0.00549426837044299,0.036));
#10847=CARTESIAN_POINT('',(0.03104233519026,0.0049974329386746,0.039));
#10848=CARTESIAN_POINT('',(0.03104233519026,0.0049974329386746,0.036));
#10849=CARTESIAN_POINT('',(0.0313344699210997,0.00611925282029968,0.036));
#10850=CARTESIAN_POINT('',(0.03104233519026,0.00574268608632719,0.036));
#10851=CARTESIAN_POINT('',(0.03104233519026,0.0049974329386746,0.036));
#10852=CARTESIAN_POINT('',(0.0313344699210997,0.00611925282029968,0.036));
#10853=CARTESIAN_POINT('',(0.0313344699210997,0.00611925282029968,0.039));
#10854=CARTESIAN_POINT('',(0.0313344699210997,0.00611925282029968,0.039));
#10855=CARTESIAN_POINT('',(0.0313344699210997,0.00611925282029968,0.039));
#10856=CARTESIAN_POINT('',(0.03104233519026,0.00574268608632719,0.039));
#10857=CARTESIAN_POINT('',(0.03104233519026,0.0049974329386746,0.039));
#10858=CARTESIAN_POINT('',(0.0321996165132009,0.00649581955427218,0.039));
#10859=CARTESIAN_POINT('',(0.0321996165132009,0.00649581955427218,0.036));
#10860=CARTESIAN_POINT('',(0.0318176086056931,0.00649581955427218,0.039));
#10861=CARTESIAN_POINT('',(0.0318176086056931,0.00649581955427218,0.036));
#10862=CARTESIAN_POINT('',(0.0315292264083261,0.00637029730961468,0.039));
#10863=CARTESIAN_POINT('',(0.0315292264083261,0.00637029730961468,0.036));
#10864=CARTESIAN_POINT('',(0.0313344699210997,0.00611925282029968,0.039));
#10865=CARTESIAN_POINT('',(0.0313344699210997,0.00611925282029968,0.036));
#10866=CARTESIAN_POINT('',(0.0321996165132009,0.00649581955427218,0.036));
#10867=CARTESIAN_POINT('',(0.0316266046519393,0.00649581955427218,0.036));
#10868=CARTESIAN_POINT('',(0.0313344699210997,0.00611925282029968,0.036));
#10869=CARTESIAN_POINT('',(0.0321996165132009,0.00649581955427218,0.036));
#10870=CARTESIAN_POINT('',(0.0321996165132009,0.00649581955427218,0.039));
#10871=CARTESIAN_POINT('',(0.0321996165132009,0.00649581955427218,0.039));
#10872=CARTESIAN_POINT('',(0.0321996165132009,0.00649581955427218,0.039));
#10873=CARTESIAN_POINT('',(0.0316266046519393,0.00649581955427218,0.039));
#10874=CARTESIAN_POINT('',(0.0313344699210997,0.00611925282029968,0.039));
#10875=CARTESIAN_POINT('',(0.0330777093457824,0.00611418690011171,0.039));
#10876=CARTESIAN_POINT('',(0.0330777093457824,0.00611418690011171,0.036));
#10877=CARTESIAN_POINT('',(0.0328795755784307,0.00636860866955202,0.039));
#10878=CARTESIAN_POINT('',(0.0328795755784307,0.00636860866955202,0.036));
#10879=CARTESIAN_POINT('',(0.0325868779675702,0.00649581955427218,0.039));
#10880=CARTESIAN_POINT('',(0.0325868779675702,0.00649581955427218,0.036));
#10881=CARTESIAN_POINT('',(0.0321996165132009,0.00649581955427218,0.039));
#10882=CARTESIAN_POINT('',(0.0321996165132009,0.00649581955427218,0.036));
#10883=CARTESIAN_POINT('',(0.0330777093457824,0.00611418690011171,0.036));
#10884=CARTESIAN_POINT('',(0.0327805086947549,0.00649581955427218,0.036));
#10885=CARTESIAN_POINT('',(0.0321996165132009,0.00649581955427218,0.036));
#10886=CARTESIAN_POINT('',(0.0330777093457824,0.00611418690011171,0.036));
#10887=CARTESIAN_POINT('',(0.0330777093457824,0.00611418690011171,0.039));
#10888=CARTESIAN_POINT('',(0.0330777093457824,0.00611418690011171,0.039));
#10889=CARTESIAN_POINT('',(0.0330777093457824,0.00611418690011171,0.039));
#10890=CARTESIAN_POINT('',(0.0327805086947549,0.00649581955427218,0.039));
#10891=CARTESIAN_POINT('',(0.0321996165132009,0.00649581955427218,0.039));
#10892=CARTESIAN_POINT('',(0.0333749099968101,0.0049974329386746,0.039));
#10893=CARTESIAN_POINT('',(0.0333749099968101,0.0049974329386746,0.036));
#10894=CARTESIAN_POINT('',(0.0333749099968101,0.00548751381019237,0.039));
#10895=CARTESIAN_POINT('',(0.0333749099968101,0.00548751381019237,0.036));
#10896=CARTESIAN_POINT('',(0.0332758431131342,0.0058597651306714,0.039));
#10897=CARTESIAN_POINT('',(0.0332758431131342,0.0058597651306714,0.036));
#10898=CARTESIAN_POINT('',(0.0330777093457824,0.00611418690011171,0.039));
#10899=CARTESIAN_POINT('',(0.0330777093457824,0.00611418690011171,0.036));
#10900=CARTESIAN_POINT('',(0.0333749099968101,0.0049974329386746,0.036));
#10901=CARTESIAN_POINT('',(0.0333749099968101,0.00573255424595125,0.036));
#10902=CARTESIAN_POINT('',(0.0330777093457824,0.00611418690011171,0.036));
#10903=CARTESIAN_POINT('',(0.0333749099968101,0.0049974329386746,0.036));
#10904=CARTESIAN_POINT('',(0.0333749099968101,0.0049974329386746,0.039));
#10905=CARTESIAN_POINT('',(0.0333749099968101,0.0049974329386746,0.039));
#10906=CARTESIAN_POINT('',(0.0333749099968101,0.0049974329386746,0.039));
#10907=CARTESIAN_POINT('',(0.0333749099968101,0.00573255424595125,0.039));
#10908=CARTESIAN_POINT('',(0.0330777093457824,0.00611418690011171,0.039));
#10909=CARTESIAN_POINT('',(0.0330777093457824,0.00386942137681978,0.039));
#10910=CARTESIAN_POINT('',(0.0330777093457824,0.00386942137681978,0.036));
#10911=CARTESIAN_POINT('',(0.0332758431131342,0.00412609466634363,0.039));
#10912=CARTESIAN_POINT('',(0.0332758431131342,0.00412609466634363,0.036));
#10913=CARTESIAN_POINT('',(0.0333749099968101,0.00450209852029524,0.039));
#10914=CARTESIAN_POINT('',(0.0333749099968101,0.00450209852029524,0.036));
#10915=CARTESIAN_POINT('',(0.0333749099968101,0.0049974329386746,0.039));
#10916=CARTESIAN_POINT('',(0.0333749099968101,0.0049974329386746,0.036));
#10917=CARTESIAN_POINT('',(0.0330777093457824,0.00386942137681978,0.036));
#10918=CARTESIAN_POINT('',(0.0333749099968101,0.00425443131110555,0.036));
#10919=CARTESIAN_POINT('',(0.0333749099968101,0.0049974329386746,0.036));
#10920=CARTESIAN_POINT('',(0.0330777093457824,0.00386942137681978,0.036));
#10921=CARTESIAN_POINT('',(0.0330777093457824,0.00386942137681978,0.039));
#10922=CARTESIAN_POINT('',(0.0330777093457824,0.00386942137681978,0.039));
#10923=CARTESIAN_POINT('',(0.0330777093457824,0.00386942137681978,0.039));
#10924=CARTESIAN_POINT('',(0.0333749099968101,0.00425443131110555,0.039));
#10925=CARTESIAN_POINT('',(0.0333749099968101,0.0049974329386746,0.039));
#10926=CARTESIAN_POINT('',(0.0322063710734515,0.003484411442534,0.039));
#10927=CARTESIAN_POINT('',(0.0322063710734515,0.003484411442534,0.036));
#10928=CARTESIAN_POINT('',(0.0325891294876537,0.003484411442534,0.039));
#10929=CARTESIAN_POINT('',(0.0325891294876537,0.003484411442534,0.036));
#10930=CARTESIAN_POINT('',(0.0328795755784307,0.00361274808729592,0.039));
#10931=CARTESIAN_POINT('',(0.0328795755784307,0.00361274808729592,0.036));
#10932=CARTESIAN_POINT('',(0.0330777093457824,0.00386942137681978,0.039));
#10933=CARTESIAN_POINT('',(0.0330777093457824,0.00386942137681978,0.036));
#10934=CARTESIAN_POINT('',(0.0322063710734515,0.003484411442534,0.036));
#10935=CARTESIAN_POINT('',(0.0327805086947549,0.003484411442534,0.036));
#10936=CARTESIAN_POINT('',(0.0330777093457824,0.00386942137681978,0.036));
#10937=CARTESIAN_POINT('',(0.0322063710734515,0.003484411442534,0.036));
#10938=CARTESIAN_POINT('',(0.0322063710734515,0.003484411442534,0.039));
#10939=CARTESIAN_POINT('',(0.0322063710734515,0.003484411442534,0.039));
#10940=CARTESIAN_POINT('',(0.0322063710734515,0.003484411442534,0.039));
#10941=CARTESIAN_POINT('',(0.0327805086947549,0.003484411442534,0.039));
#10942=CARTESIAN_POINT('',(0.0330777093457824,0.00386942137681978,0.039));
#10943=CARTESIAN_POINT('',(0.0339794431392412,0.0049974329386746,0.039));
#10944=CARTESIAN_POINT('',(0.0339794431392412,0.0049974329386746,0.036));
#10945=CARTESIAN_POINT('',(0.0339794431392412,0.00436850832867171,0.039));
#10946=CARTESIAN_POINT('',(0.0339794431392412,0.00436850832867171,0.036));
#10947=CARTESIAN_POINT('',(0.0338212738533724,0.0038774893237858,0.039));
#10948=CARTESIAN_POINT('',(0.0338212738533724,0.0038774893237858,0.036));
#10949=CARTESIAN_POINT('',(0.0335049352816347,0.00352437592401687,0.039));
#10950=CARTESIAN_POINT('',(0.0335049352816347,0.00352437592401687,0.036));
#10951=CARTESIAN_POINT('',(0.0339794431392412,0.0049974329386746,0.039));
#10952=CARTESIAN_POINT('',(0.0339794431392412,0.0049974329386746,0.039));
#10953=CARTESIAN_POINT('',(0.0339794431392412,0.0049974329386746,0.039));
#10954=CARTESIAN_POINT('',(0.0339794431392412,0.00405404602367026,0.039));
#10955=CARTESIAN_POINT('',(0.0335049352816347,0.00352437592401687,0.039));
#10956=CARTESIAN_POINT('',(0.0335049352816347,0.00352437592401687,0.039));
#10957=CARTESIAN_POINT('',(0.0335049352816347,0.00352437592401687,0.039));
#10958=CARTESIAN_POINT('',(0.0335026837615511,0.00645360355270575,0.039));
#10959=CARTESIAN_POINT('',(0.0335026837615511,0.00645360355270575,0.036));
#10960=CARTESIAN_POINT('',(0.0338205233466779,0.00609448609938071,0.039));
#10961=CARTESIAN_POINT('',(0.0338205233466779,0.00609448609938071,0.036));
#10962=CARTESIAN_POINT('',(0.0339794431392412,0.00560909589470366,0.039));
#10963=CARTESIAN_POINT('',(0.0339794431392412,0.00560909589470366,0.036));
#10964=CARTESIAN_POINT('',(0.0339794431392412,0.0049974329386746,0.039));
#10965=CARTESIAN_POINT('',(0.0339794431392412,0.0049974329386746,0.036));
#10966=CARTESIAN_POINT('',(0.0335026837615511,0.00645360355270575,0.039));
#10967=CARTESIAN_POINT('',(0.0335026837615511,0.00645360355270575,0.039));
#10968=CARTESIAN_POINT('',(0.0335026837615511,0.00645360355270575,0.039));
#10969=CARTESIAN_POINT('',(0.0339794431392412,0.00591492737271819,0.039));
#10970=CARTESIAN_POINT('',(0.0339794431392412,0.0049974329386746,0.039));
#10971=CARTESIAN_POINT('',(0.0322176286738692,0.00699227973269331,0.039));
#10972=CARTESIAN_POINT('',(0.0322176286738692,0.00699227973269331,0.036));
#10973=CARTESIAN_POINT('',(0.0327564924805304,0.00699227973269331,0.039));
#10974=CARTESIAN_POINT('',(0.0327564924805304,0.00699227973269331,0.036));
#10975=CARTESIAN_POINT('',(0.0331848441764244,0.00681272100603079,0.039));
#10976=CARTESIAN_POINT('',(0.0331848441764244,0.00681272100603079,0.036));
#10977=CARTESIAN_POINT('',(0.0335026837615511,0.00645360355270575,0.039));
#10978=CARTESIAN_POINT('',(0.0335026837615511,0.00645360355270575,0.036));
#10979=CARTESIAN_POINT('',(0.0322176286738692,0.00699227973269331,0.039));
#10980=CARTESIAN_POINT('',(0.0322176286738692,0.00699227973269331,0.039));
#10981=CARTESIAN_POINT('',(0.0322176286738692,0.00699227973269331,0.039));
#10982=CARTESIAN_POINT('',(0.033025924383861,0.00699227973269331,0.039));
#10983=CARTESIAN_POINT('',(0.0335026837615511,0.00645360355270575,0.039));
#10984=CARTESIAN_POINT('',(0.0309083697452892,0.00646598691316524,0.039));
#10985=CARTESIAN_POINT('',(0.0309083697452892,0.00646598691316524,0.036));
#10986=CARTESIAN_POINT('',(0.0312228320502907,0.00681684879285062,0.039));
#10987=CARTESIAN_POINT('',(0.0312228320502907,0.00681684879285062,0.036));
#10988=CARTESIAN_POINT('',(0.0316592516931507,0.00699227973269331,0.039));
#10989=CARTESIAN_POINT('',(0.0316592516931507,0.00699227973269331,0.036));
#10990=CARTESIAN_POINT('',(0.0322176286738692,0.00699227973269331,0.039));
#10991=CARTESIAN_POINT('',(0.0322176286738692,0.00699227973269331,0.036));
#10992=CARTESIAN_POINT('',(0.0309083697452892,0.00646598691316524,0.039));
#10993=CARTESIAN_POINT('',(0.0309083697452892,0.00646598691316524,0.039));
#10994=CARTESIAN_POINT('',(0.0309083697452892,0.00646598691316524,0.039));
#10995=CARTESIAN_POINT('',(0.0313800632027914,0.00699227973269331,0.039));
#10996=CARTESIAN_POINT('',(0.0322176286738692,0.00699227973269331,0.039));
#10997=CARTESIAN_POINT('',(0.030436676287787,0.0049974329386746,0.039));
#10998=CARTESIAN_POINT('',(0.030436676287787,0.0049974329386746,0.036));
#10999=CARTESIAN_POINT('',(0.0304366762877871,0.00562560704198297,0.039));
#11000=CARTESIAN_POINT('',(0.0304366762877871,0.00562560704198297,0.036));
#11001=CARTESIAN_POINT('',(0.0305939074402878,0.00611512503347985,0.039));
#11002=CARTESIAN_POINT('',(0.0305939074402878,0.00611512503347985,0.036));
#11003=CARTESIAN_POINT('',(0.0309083697452892,0.00646598691316524,0.039));
#11004=CARTESIAN_POINT('',(0.0309083697452892,0.00646598691316524,0.036));
#11005=CARTESIAN_POINT('',(0.030436676287787,0.0049974329386746,0.039));
#11006=CARTESIAN_POINT('',(0.030436676287787,0.0049974329386746,0.039));
#11007=CARTESIAN_POINT('',(0.030436676287787,0.0049974329386746,0.039));
#11008=CARTESIAN_POINT('',(0.030436676287787,0.00593969409363716,0.039));
#11009=CARTESIAN_POINT('',(0.0309083697452892,0.00646598691316524,0.039));
#11010=CARTESIAN_POINT('',(0.0306550737358907,0.00393471545924251,0.039));
#11011=CARTESIAN_POINT('',(0.0306550737358907,0.00393471545924251,0.036));
#11012=CARTESIAN_POINT('',(0.0305094754371549,0.00423716965713173,0.039));
#11013=CARTESIAN_POINT('',(0.0305094754371549,0.00423716965713173,0.036));
#11014=CARTESIAN_POINT('',(0.0304366762877871,0.00459140881694242,0.039));
#11015=CARTESIAN_POINT('',(0.0304366762877871,0.00459140881694242,0.036));
#11016=CARTESIAN_POINT('',(0.030436676287787,0.0049974329386746,0.039));
#11017=CARTESIAN_POINT('',(0.030436676287787,0.0049974329386746,0.036));
#11018=CARTESIAN_POINT('',(0.0306550737358907,0.00393471545924251,0.039));
#11019=CARTESIAN_POINT('',(0.0306550737358907,0.00393471545924251,0.039));
#11020=CARTESIAN_POINT('',(0.0306550737358907,0.00393471545924251,0.039));
#11021=CARTESIAN_POINT('',(0.030436676287787,0.00438839675607633,0.039));
#11022=CARTESIAN_POINT('',(0.030436676287787,0.0049974329386746,0.039));
#11023=CARTESIAN_POINT('',(0.0312742417588648,0.00323786999338608,0.039));
#11024=CARTESIAN_POINT('',(0.0312742417588648,0.00323786999338608,0.036));
#11025=CARTESIAN_POINT('',(0.0310070613756178,0.00339997943940115,0.039));
#11026=CARTESIAN_POINT('',(0.0310070613756178,0.00339997943940115,0.036));
#11027=CARTESIAN_POINT('',(0.0308006720346264,0.00363226126135329,0.039));
#11028=CARTESIAN_POINT('',(0.0308006720346264,0.00363226126135329,0.036));
#11029=CARTESIAN_POINT('',(0.0306550737358907,0.00393471545924251,0.039));
#11030=CARTESIAN_POINT('',(0.0306550737358907,0.00393471545924251,0.036));
#11031=CARTESIAN_POINT('',(0.0312742417588648,0.00323786999338608,0.039));
#11032=CARTESIAN_POINT('',(0.0312742417588648,0.00323786999338608,0.039));
#11033=CARTESIAN_POINT('',(0.0312742417588648,0.00323786999338608,0.039));
#11034=CARTESIAN_POINT('',(0.0308734711839943,0.00348103416240868,0.039));
#11035=CARTESIAN_POINT('',(0.0306550737358907,0.00393471545924251,0.039));
#11036=CARTESIAN_POINT('',(0.0321928619529502,0.00299470582436349,0.039));
#11037=CARTESIAN_POINT('',(0.0321928619529502,0.00299470582436349,0.036));
#11038=CARTESIAN_POINT('',(0.0318476288734737,0.00299470582436349,0.039));
#11039=CARTESIAN_POINT('',(0.0318476288734737,0.00299470582436349,0.036));
#11040=CARTESIAN_POINT('',(0.0315414221421119,0.00307576054737102,0.039));
#11041=CARTESIAN_POINT('',(0.0315414221421119,0.00307576054737102,0.036));
#11042=CARTESIAN_POINT('',(0.0312742417588648,0.00323786999338608,0.039));
#11043=CARTESIAN_POINT('',(0.0312742417588648,0.00323786999338608,0.036));
#11044=CARTESIAN_POINT('',(0.0321928619529502,0.00299470582436349,0.039));
#11045=CARTESIAN_POINT('',(0.0321928619529502,0.00299470582436349,0.039));
#11046=CARTESIAN_POINT('',(0.0321928619529502,0.00299470582436349,0.039));
#11047=CARTESIAN_POINT('',(0.0316750123337355,0.00299470582436349,0.039));
#11048=CARTESIAN_POINT('',(0.0312742417588648,0.00323786999338608,0.039));
#11049=CARTESIAN_POINT('',(0.0335049352816347,0.00352437592401687,0.039));
#11050=CARTESIAN_POINT('',(0.0335049352816347,0.00352437592401687,0.036));
#11051=CARTESIAN_POINT('',(0.0331885967098969,0.00317126252424795,0.039));
#11052=CARTESIAN_POINT('',(0.0331885967098969,0.00317126252424795,0.036));
#11053=CARTESIAN_POINT('',(0.0327512389336688,0.00299470582436349,0.039));
#11054=CARTESIAN_POINT('',(0.0327512389336688,0.00299470582436349,0.036));
#11055=CARTESIAN_POINT('',(0.0321928619529502,0.00299470582436349,0.039));
#11056=CARTESIAN_POINT('',(0.0321928619529502,0.00299470582436349,0.036));
#11057=CARTESIAN_POINT('',(0.0335049352816347,0.00352437592401687,0.039));
#11058=CARTESIAN_POINT('',(0.033030427424028,0.00299470582436349,0.039));
#11059=CARTESIAN_POINT('',(0.0321928619529502,0.00299470582436349,0.039));
#11060=CARTESIAN_POINT('',(0.0313378472012249,0.00387111001688243,0.039));
#11061=CARTESIAN_POINT('',(0.0313378472012249,0.00387111001688243,0.036));
#11062=CARTESIAN_POINT('',(0.0315348552085349,0.00361331096731681,0.039));
#11063=CARTESIAN_POINT('',(0.0315348552085349,0.00361331096731681,0.036));
#11064=CARTESIAN_POINT('',(0.0318243631659438,0.003484411442534,0.039));
#11065=CARTESIAN_POINT('',(0.0318243631659438,0.003484411442534,0.036));
#11066=CARTESIAN_POINT('',(0.0322063710734515,0.003484411442534,0.039));
#11067=CARTESIAN_POINT('',(0.0322063710734515,0.003484411442534,0.036));
#11068=CARTESIAN_POINT('',(0.0313378472012249,0.00387111001688243,0.036));
#11069=CARTESIAN_POINT('',(0.0316333592121899,0.003484411442534,0.036));
#11070=CARTESIAN_POINT('',(0.0322063710734515,0.003484411442534,0.036));
#11071=CARTESIAN_POINT('',(0.0313378472012249,0.00387111001688243,0.039));
#11072=CARTESIAN_POINT('',(0.0316333592121899,0.003484411442534,0.039));
#11073=CARTESIAN_POINT('',(0.0322063710734515,0.003484411442534,0.039));
#11074=CARTESIAN_POINT('',(0.00198598749339636,-0.00383108708127283,0.039));
#11075=CARTESIAN_POINT('',(0.0266901468687722,0.0049974329386746,0.039));
#11076=CARTESIAN_POINT('',(0.0266901468687722,0.0049974329386746,0.036));
#11077=CARTESIAN_POINT('',(0.0266901468687722,0.00450435004037878,0.039));
#11078=CARTESIAN_POINT('',(0.0266901468687722,0.00450435004037878,0.036));
#11079=CARTESIAN_POINT('',(0.0267886508724272,0.00412890906644805,0.039));
#11080=CARTESIAN_POINT('',(0.0267886508724272,0.00412890906644805,0.036));
#11081=CARTESIAN_POINT('',(0.0269856588797372,0.00387111001688243,0.039));
#11082=CARTESIAN_POINT('',(0.0269856588797372,0.00387111001688243,0.036));
#11083=CARTESIAN_POINT('',(0.0266901468687722,0.0049974329386746,0.036));
#11084=CARTESIAN_POINT('',(0.0266901468687722,0.00425780859123087,0.036));
#11085=CARTESIAN_POINT('',(0.0269856588797372,0.00387111001688243,0.036));
#11086=CARTESIAN_POINT('',(0.0266901468687722,0.0049974329386746,0.036));
#11087=CARTESIAN_POINT('',(0.0269856588797372,0.00387111001688243,0.036));
#11088=CARTESIAN_POINT('',(0.0266901468687722,0.0049974329386746,0.039));
#11089=CARTESIAN_POINT('',(0.0266901468687722,0.0049974329386746,0.039));
#11090=CARTESIAN_POINT('',(0.0266901468687722,0.0049974329386746,0.039));
#11091=CARTESIAN_POINT('',(0.0266901468687722,0.00425780859123087,0.039));
#11092=CARTESIAN_POINT('',(0.0269856588797372,0.00387111001688243,0.039));
#11093=CARTESIAN_POINT('',(0.0269856588797372,0.00387111001688243,0.039));
#11094=CARTESIAN_POINT('',(0.0269856588797372,0.00387111001688243,0.039));
#11095=CARTESIAN_POINT('',(0.0269822815996119,0.00611925282029968,0.039));
#11096=CARTESIAN_POINT('',(0.0269822815996119,0.00611925282029968,0.036));
#11097=CARTESIAN_POINT('',(0.0267875251123854,0.00586820833098469,0.039));
#11098=CARTESIAN_POINT('',(0.0267875251123854,0.00586820833098469,0.036));
#11099=CARTESIAN_POINT('',(0.0266901468687722,0.00549426837044299,0.039));
#11100=CARTESIAN_POINT('',(0.0266901468687722,0.00549426837044299,0.036));
#11101=CARTESIAN_POINT('',(0.0266901468687722,0.0049974329386746,0.039));
#11102=CARTESIAN_POINT('',(0.0266901468687722,0.0049974329386746,0.036));
#11103=CARTESIAN_POINT('',(0.0269822815996119,0.00611925282029968,0.036));
#11104=CARTESIAN_POINT('',(0.0266901468687722,0.00574268608632719,0.036));
#11105=CARTESIAN_POINT('',(0.0266901468687722,0.0049974329386746,0.036));
#11106=CARTESIAN_POINT('',(0.0269822815996119,0.00611925282029968,0.036));
#11107=CARTESIAN_POINT('',(0.0269822815996119,0.00611925282029968,0.039));
#11108=CARTESIAN_POINT('',(0.0269822815996119,0.00611925282029968,0.039));
#11109=CARTESIAN_POINT('',(0.0269822815996119,0.00611925282029968,0.039));
#11110=CARTESIAN_POINT('',(0.0266901468687722,0.00574268608632719,0.039));
#11111=CARTESIAN_POINT('',(0.0266901468687722,0.0049974329386746,0.039));
#11112=CARTESIAN_POINT('',(0.0278474281917131,0.00649581955427218,0.039));
#11113=CARTESIAN_POINT('',(0.0278474281917131,0.00649581955427218,0.036));
#11114=CARTESIAN_POINT('',(0.0274654202842054,0.00649581955427217,0.039));
#11115=CARTESIAN_POINT('',(0.0274654202842054,0.00649581955427217,0.036));
#11116=CARTESIAN_POINT('',(0.0271770380868383,0.00637029730961467,0.039));
#11117=CARTESIAN_POINT('',(0.0271770380868383,0.00637029730961467,0.036));
#11118=CARTESIAN_POINT('',(0.0269822815996119,0.00611925282029968,0.039));
#11119=CARTESIAN_POINT('',(0.0269822815996119,0.00611925282029968,0.036));
#11120=CARTESIAN_POINT('',(0.0278474281917131,0.00649581955427218,0.036));
#11121=CARTESIAN_POINT('',(0.0272744163304515,0.00649581955427217,0.036));
#11122=CARTESIAN_POINT('',(0.0269822815996119,0.00611925282029968,0.036));
#11123=CARTESIAN_POINT('',(0.0278474281917131,0.00649581955427218,0.036));
#11124=CARTESIAN_POINT('',(0.0278474281917131,0.00649581955427218,0.039));
#11125=CARTESIAN_POINT('',(0.0278474281917131,0.00649581955427218,0.039));
#11126=CARTESIAN_POINT('',(0.0278474281917131,0.00649581955427218,0.039));
#11127=CARTESIAN_POINT('',(0.0272744163304515,0.00649581955427217,0.039));
#11128=CARTESIAN_POINT('',(0.0269822815996119,0.00611925282029968,0.039));
#11129=CARTESIAN_POINT('',(0.0287255210242947,0.00611418690011171,0.039));
#11130=CARTESIAN_POINT('',(0.0287255210242947,0.00611418690011171,0.036));
#11131=CARTESIAN_POINT('',(0.0285273872569429,0.00636860866955202,0.039));
#11132=CARTESIAN_POINT('',(0.0285273872569429,0.00636860866955202,0.036));
#11133=CARTESIAN_POINT('',(0.0282346896460824,0.00649581955427218,0.039));
#11134=CARTESIAN_POINT('',(0.0282346896460824,0.00649581955427218,0.036));
#11135=CARTESIAN_POINT('',(0.0278474281917131,0.00649581955427218,0.039));
#11136=CARTESIAN_POINT('',(0.0278474281917131,0.00649581955427218,0.036));
#11137=CARTESIAN_POINT('',(0.0287255210242947,0.00611418690011171,0.036));
#11138=CARTESIAN_POINT('',(0.028428320373267,0.00649581955427218,0.036));
#11139=CARTESIAN_POINT('',(0.0278474281917131,0.00649581955427218,0.036));
#11140=CARTESIAN_POINT('',(0.0287255210242947,0.00611418690011171,0.036));
#11141=CARTESIAN_POINT('',(0.0287255210242947,0.00611418690011171,0.039));
#11142=CARTESIAN_POINT('',(0.0287255210242947,0.00611418690011171,0.039));
#11143=CARTESIAN_POINT('',(0.0287255210242947,0.00611418690011171,0.039));
#11144=CARTESIAN_POINT('',(0.028428320373267,0.00649581955427218,0.039));
#11145=CARTESIAN_POINT('',(0.0278474281917131,0.00649581955427218,0.039));
#11146=CARTESIAN_POINT('',(0.0290227216753223,0.0049974329386746,0.039));
#11147=CARTESIAN_POINT('',(0.0290227216753223,0.0049974329386746,0.036));
#11148=CARTESIAN_POINT('',(0.0290227216753223,0.00548751381019237,0.039));
#11149=CARTESIAN_POINT('',(0.0290227216753223,0.00548751381019237,0.036));
#11150=CARTESIAN_POINT('',(0.0289236547916464,0.0058597651306714,0.039));
#11151=CARTESIAN_POINT('',(0.0289236547916464,0.0058597651306714,0.036));
#11152=CARTESIAN_POINT('',(0.0287255210242947,0.00611418690011171,0.039));
#11153=CARTESIAN_POINT('',(0.0287255210242947,0.00611418690011171,0.036));
#11154=CARTESIAN_POINT('',(0.0290227216753223,0.0049974329386746,0.036));
#11155=CARTESIAN_POINT('',(0.0290227216753223,0.00573255424595125,0.036));
#11156=CARTESIAN_POINT('',(0.0287255210242947,0.00611418690011171,0.036));
#11157=CARTESIAN_POINT('',(0.0290227216753223,0.0049974329386746,0.036));
#11158=CARTESIAN_POINT('',(0.0290227216753223,0.0049974329386746,0.039));
#11159=CARTESIAN_POINT('',(0.0290227216753223,0.0049974329386746,0.039));
#11160=CARTESIAN_POINT('',(0.0290227216753223,0.0049974329386746,0.039));
#11161=CARTESIAN_POINT('',(0.0290227216753223,0.00573255424595125,0.039));
#11162=CARTESIAN_POINT('',(0.0287255210242947,0.00611418690011171,0.039));
#11163=CARTESIAN_POINT('',(0.0287255210242947,0.00386942137681978,0.039));
#11164=CARTESIAN_POINT('',(0.0287255210242947,0.00386942137681978,0.036));
#11165=CARTESIAN_POINT('',(0.0289236547916464,0.00412609466634363,0.039));
#11166=CARTESIAN_POINT('',(0.0289236547916464,0.00412609466634363,0.036));
#11167=CARTESIAN_POINT('',(0.0290227216753223,0.00450209852029524,0.039));
#11168=CARTESIAN_POINT('',(0.0290227216753223,0.00450209852029524,0.036));
#11169=CARTESIAN_POINT('',(0.0290227216753223,0.0049974329386746,0.039));
#11170=CARTESIAN_POINT('',(0.0290227216753223,0.0049974329386746,0.036));
#11171=CARTESIAN_POINT('',(0.0287255210242947,0.00386942137681978,0.036));
#11172=CARTESIAN_POINT('',(0.0290227216753223,0.00425443131110555,0.036));
#11173=CARTESIAN_POINT('',(0.0290227216753223,0.0049974329386746,0.036));
#11174=CARTESIAN_POINT('',(0.0287255210242947,0.00386942137681978,0.036));
#11175=CARTESIAN_POINT('',(0.0287255210242947,0.00386942137681978,0.039));
#11176=CARTESIAN_POINT('',(0.0287255210242947,0.00386942137681978,0.039));
#11177=CARTESIAN_POINT('',(0.0287255210242947,0.00386942137681978,0.039));
#11178=CARTESIAN_POINT('',(0.0290227216753223,0.00425443131110555,0.039));
#11179=CARTESIAN_POINT('',(0.0290227216753223,0.0049974329386746,0.039));
#11180=CARTESIAN_POINT('',(0.0278541827519637,0.003484411442534,0.039));
#11181=CARTESIAN_POINT('',(0.0278541827519637,0.003484411442534,0.036));
#11182=CARTESIAN_POINT('',(0.0282369411661659,0.003484411442534,0.039));
#11183=CARTESIAN_POINT('',(0.0282369411661659,0.003484411442534,0.036));
#11184=CARTESIAN_POINT('',(0.0285273872569429,0.00361274808729592,0.039));
#11185=CARTESIAN_POINT('',(0.0285273872569429,0.00361274808729592,0.036));
#11186=CARTESIAN_POINT('',(0.0287255210242947,0.00386942137681978,0.039));
#11187=CARTESIAN_POINT('',(0.0287255210242947,0.00386942137681978,0.036));
#11188=CARTESIAN_POINT('',(0.0278541827519637,0.003484411442534,0.036));
#11189=CARTESIAN_POINT('',(0.028428320373267,0.003484411442534,0.036));
#11190=CARTESIAN_POINT('',(0.0287255210242947,0.00386942137681978,0.036));
#11191=CARTESIAN_POINT('',(0.0278541827519637,0.003484411442534,0.036));
#11192=CARTESIAN_POINT('',(0.0278541827519637,0.003484411442534,0.039));
#11193=CARTESIAN_POINT('',(0.0278541827519637,0.003484411442534,0.039));
#11194=CARTESIAN_POINT('',(0.0278541827519637,0.003484411442534,0.039));
#11195=CARTESIAN_POINT('',(0.028428320373267,0.003484411442534,0.039));
#11196=CARTESIAN_POINT('',(0.0287255210242947,0.00386942137681978,0.039));
#11197=CARTESIAN_POINT('',(0.0296272548177535,0.0049974329386746,0.039));
#11198=CARTESIAN_POINT('',(0.0296272548177535,0.0049974329386746,0.036));
#11199=CARTESIAN_POINT('',(0.0296272548177535,0.00436850832867171,0.039));
#11200=CARTESIAN_POINT('',(0.0296272548177535,0.00436850832867171,0.036));
#11201=CARTESIAN_POINT('',(0.0294690855318846,0.0038774893237858,0.039));
#11202=CARTESIAN_POINT('',(0.0294690855318846,0.0038774893237858,0.036));
#11203=CARTESIAN_POINT('',(0.0291527469601469,0.00352437592401687,0.039));
#11204=CARTESIAN_POINT('',(0.0291527469601469,0.00352437592401687,0.036));
#11205=CARTESIAN_POINT('',(0.0296272548177535,0.0049974329386746,0.039));
#11206=CARTESIAN_POINT('',(0.0296272548177535,0.0049974329386746,0.039));
#11207=CARTESIAN_POINT('',(0.0296272548177535,0.0049974329386746,0.039));
#11208=CARTESIAN_POINT('',(0.0296272548177535,0.00405404602367026,0.039));
#11209=CARTESIAN_POINT('',(0.0291527469601469,0.00352437592401687,0.039));
#11210=CARTESIAN_POINT('',(0.0291527469601469,0.00352437592401687,0.039));
#11211=CARTESIAN_POINT('',(0.0291527469601469,0.00352437592401687,0.039));
#11212=CARTESIAN_POINT('',(0.0291504954400633,0.00645360355270575,0.039));
#11213=CARTESIAN_POINT('',(0.0291504954400633,0.00645360355270575,0.036));
#11214=CARTESIAN_POINT('',(0.0294683350251901,0.00609448609938071,0.039));
#11215=CARTESIAN_POINT('',(0.0294683350251901,0.00609448609938071,0.036));
#11216=CARTESIAN_POINT('',(0.0296272548177535,0.00560909589470366,0.039));
#11217=CARTESIAN_POINT('',(0.0296272548177535,0.00560909589470366,0.036));
#11218=CARTESIAN_POINT('',(0.0296272548177535,0.0049974329386746,0.039));
#11219=CARTESIAN_POINT('',(0.0296272548177535,0.0049974329386746,0.036));
#11220=CARTESIAN_POINT('',(0.0291504954400633,0.00645360355270575,0.039));
#11221=CARTESIAN_POINT('',(0.0291504954400633,0.00645360355270575,0.039));
#11222=CARTESIAN_POINT('',(0.0291504954400633,0.00645360355270575,0.039));
#11223=CARTESIAN_POINT('',(0.0296272548177535,0.00591492737271819,0.039));
#11224=CARTESIAN_POINT('',(0.0296272548177535,0.0049974329386746,0.039));
#11225=CARTESIAN_POINT('',(0.0278654403523814,0.00699227973269331,0.039));
#11226=CARTESIAN_POINT('',(0.0278654403523814,0.00699227973269331,0.036));
#11227=CARTESIAN_POINT('',(0.0284043041590426,0.00699227973269331,0.039));
#11228=CARTESIAN_POINT('',(0.0284043041590426,0.00699227973269331,0.036));
#11229=CARTESIAN_POINT('',(0.0288326558549366,0.00681272100603079,0.039));
#11230=CARTESIAN_POINT('',(0.0288326558549366,0.00681272100603079,0.036));
#11231=CARTESIAN_POINT('',(0.0291504954400633,0.00645360355270575,0.039));
#11232=CARTESIAN_POINT('',(0.0291504954400633,0.00645360355270575,0.036));
#11233=CARTESIAN_POINT('',(0.0278654403523814,0.00699227973269331,0.039));
#11234=CARTESIAN_POINT('',(0.0278654403523814,0.00699227973269331,0.039));
#11235=CARTESIAN_POINT('',(0.0278654403523814,0.00699227973269331,0.039));
#11236=CARTESIAN_POINT('',(0.0286737360623732,0.00699227973269331,0.039));
#11237=CARTESIAN_POINT('',(0.0291504954400633,0.00645360355270575,0.039));
#11238=CARTESIAN_POINT('',(0.0265561814238015,0.00646598691316524,0.039));
#11239=CARTESIAN_POINT('',(0.0265561814238015,0.00646598691316524,0.036));
#11240=CARTESIAN_POINT('',(0.0268706437288029,0.00681684879285062,0.039));
#11241=CARTESIAN_POINT('',(0.0268706437288029,0.00681684879285062,0.036));
#11242=CARTESIAN_POINT('',(0.0273070633716629,0.00699227973269331,0.039));
#11243=CARTESIAN_POINT('',(0.0273070633716629,0.00699227973269331,0.036));
#11244=CARTESIAN_POINT('',(0.0278654403523814,0.00699227973269331,0.039));
#11245=CARTESIAN_POINT('',(0.0278654403523814,0.00699227973269331,0.036));
#11246=CARTESIAN_POINT('',(0.0265561814238015,0.00646598691316524,0.039));
#11247=CARTESIAN_POINT('',(0.0265561814238015,0.00646598691316524,0.039));
#11248=CARTESIAN_POINT('',(0.0265561814238015,0.00646598691316524,0.039));
#11249=CARTESIAN_POINT('',(0.0270278748813036,0.00699227973269331,0.039));
#11250=CARTESIAN_POINT('',(0.0278654403523814,0.00699227973269331,0.039));
#11251=CARTESIAN_POINT('',(0.0260844879662993,0.0049974329386746,0.039));
#11252=CARTESIAN_POINT('',(0.0260844879662993,0.0049974329386746,0.036));
#11253=CARTESIAN_POINT('',(0.0260844879662993,0.00562560704198297,0.039));
#11254=CARTESIAN_POINT('',(0.0260844879662993,0.00562560704198297,0.036));
#11255=CARTESIAN_POINT('',(0.0262417191188,0.00611512503347985,0.039));
#11256=CARTESIAN_POINT('',(0.0262417191188,0.00611512503347985,0.036));
#11257=CARTESIAN_POINT('',(0.0265561814238015,0.00646598691316524,0.039));
#11258=CARTESIAN_POINT('',(0.0265561814238015,0.00646598691316524,0.036));
#11259=CARTESIAN_POINT('',(0.0260844879662993,0.0049974329386746,0.039));
#11260=CARTESIAN_POINT('',(0.0260844879662993,0.0049974329386746,0.039));
#11261=CARTESIAN_POINT('',(0.0260844879662993,0.0049974329386746,0.039));
#11262=CARTESIAN_POINT('',(0.0260844879662993,0.00593969409363716,0.039));
#11263=CARTESIAN_POINT('',(0.0265561814238015,0.00646598691316524,0.039));
#11264=CARTESIAN_POINT('',(0.0263028854144029,0.00393471545924251,0.039));
#11265=CARTESIAN_POINT('',(0.0263028854144029,0.00393471545924251,0.036));
#11266=CARTESIAN_POINT('',(0.0261572871156671,0.00423716965713173,0.039));
#11267=CARTESIAN_POINT('',(0.0261572871156671,0.00423716965713173,0.036));
#11268=CARTESIAN_POINT('',(0.0260844879662993,0.00459140881694242,0.039));
#11269=CARTESIAN_POINT('',(0.0260844879662993,0.00459140881694242,0.036));
#11270=CARTESIAN_POINT('',(0.0260844879662993,0.0049974329386746,0.039));
#11271=CARTESIAN_POINT('',(0.0260844879662993,0.0049974329386746,0.036));
#11272=CARTESIAN_POINT('',(0.0263028854144029,0.00393471545924251,0.039));
#11273=CARTESIAN_POINT('',(0.0263028854144029,0.00393471545924251,0.039));
#11274=CARTESIAN_POINT('',(0.0263028854144029,0.00393471545924251,0.039));
#11275=CARTESIAN_POINT('',(0.0260844879662993,0.00438839675607633,0.039));
#11276=CARTESIAN_POINT('',(0.0260844879662993,0.0049974329386746,0.039));
#11277=CARTESIAN_POINT('',(0.0269220534373771,0.00323786999338608,0.039));
#11278=CARTESIAN_POINT('',(0.0269220534373771,0.00323786999338608,0.036));
#11279=CARTESIAN_POINT('',(0.02665487305413,0.00339997943940115,0.039));
#11280=CARTESIAN_POINT('',(0.02665487305413,0.00339997943940115,0.036));
#11281=CARTESIAN_POINT('',(0.0264484837131386,0.00363226126135329,0.039));
#11282=CARTESIAN_POINT('',(0.0264484837131386,0.00363226126135329,0.036));
#11283=CARTESIAN_POINT('',(0.0263028854144029,0.00393471545924251,0.039));
#11284=CARTESIAN_POINT('',(0.0263028854144029,0.00393471545924251,0.036));
#11285=CARTESIAN_POINT('',(0.0269220534373771,0.00323786999338608,0.039));
#11286=CARTESIAN_POINT('',(0.0269220534373771,0.00323786999338608,0.039));
#11287=CARTESIAN_POINT('',(0.0269220534373771,0.00323786999338608,0.039));
#11288=CARTESIAN_POINT('',(0.0265212828625065,0.00348103416240868,0.039));
#11289=CARTESIAN_POINT('',(0.0263028854144029,0.00393471545924251,0.039));
#11290=CARTESIAN_POINT('',(0.0278406736314625,0.00299470582436349,0.039));
#11291=CARTESIAN_POINT('',(0.0278406736314625,0.00299470582436349,0.036));
#11292=CARTESIAN_POINT('',(0.0274954405519859,0.00299470582436349,0.039));
#11293=CARTESIAN_POINT('',(0.0274954405519859,0.00299470582436349,0.036));
#11294=CARTESIAN_POINT('',(0.0271892338206241,0.00307576054737102,0.039));
#11295=CARTESIAN_POINT('',(0.0271892338206241,0.00307576054737102,0.036));
#11296=CARTESIAN_POINT('',(0.0269220534373771,0.00323786999338608,0.039));
#11297=CARTESIAN_POINT('',(0.0269220534373771,0.00323786999338608,0.036));
#11298=CARTESIAN_POINT('',(0.0278406736314625,0.00299470582436349,0.039));
#11299=CARTESIAN_POINT('',(0.0278406736314625,0.00299470582436349,0.039));
#11300=CARTESIAN_POINT('',(0.0278406736314625,0.00299470582436349,0.039));
#11301=CARTESIAN_POINT('',(0.0273228240122476,0.00299470582436349,0.039));
#11302=CARTESIAN_POINT('',(0.0269220534373771,0.00323786999338608,0.039));
#11303=CARTESIAN_POINT('',(0.0291527469601469,0.00352437592401687,0.039));
#11304=CARTESIAN_POINT('',(0.0291527469601469,0.00352437592401687,0.036));
#11305=CARTESIAN_POINT('',(0.0288364083884092,0.00317126252424795,0.039));
#11306=CARTESIAN_POINT('',(0.0288364083884092,0.00317126252424795,0.036));
#11307=CARTESIAN_POINT('',(0.028399050612181,0.00299470582436349,0.039));
#11308=CARTESIAN_POINT('',(0.028399050612181,0.00299470582436349,0.036));
#11309=CARTESIAN_POINT('',(0.0278406736314625,0.00299470582436349,0.039));
#11310=CARTESIAN_POINT('',(0.0278406736314625,0.00299470582436349,0.036));
#11311=CARTESIAN_POINT('',(0.0291527469601469,0.00352437592401687,0.039));
#11312=CARTESIAN_POINT('',(0.0286782391025403,0.00299470582436349,0.039));
#11313=CARTESIAN_POINT('',(0.0278406736314625,0.00299470582436349,0.039));
#11314=CARTESIAN_POINT('',(0.0269856588797372,0.00387111001688243,0.039));
#11315=CARTESIAN_POINT('',(0.0269856588797372,0.00387111001688243,0.036));
#11316=CARTESIAN_POINT('',(0.0271826668870472,0.00361331096731681,0.039));
#11317=CARTESIAN_POINT('',(0.0271826668870472,0.00361331096731681,0.036));
#11318=CARTESIAN_POINT('',(0.027472174844456,0.003484411442534,0.039));
#11319=CARTESIAN_POINT('',(0.027472174844456,0.003484411442534,0.036));
#11320=CARTESIAN_POINT('',(0.0278541827519637,0.003484411442534,0.039));
#11321=CARTESIAN_POINT('',(0.0278541827519637,0.003484411442534,0.036));
#11322=CARTESIAN_POINT('',(0.0269856588797372,0.00387111001688243,0.036));
#11323=CARTESIAN_POINT('',(0.0272811708907022,0.003484411442534,0.036));
#11324=CARTESIAN_POINT('',(0.0278541827519637,0.003484411442534,0.036));
#11325=CARTESIAN_POINT('',(0.0269856588797372,0.00387111001688243,0.039));
#11326=CARTESIAN_POINT('',(0.0272811708907022,0.003484411442534,0.039));
#11327=CARTESIAN_POINT('',(0.0278541827519637,0.003484411442534,0.039));
#11328=CARTESIAN_POINT('',(0.00198598749339636,-0.00383108708127283,0.039));
#11329=CARTESIAN_POINT('',(0.0245163042281118,0.00431297083327766,0.039));
#11330=CARTESIAN_POINT('',(0.0245163042281118,0.00306562870699508,0.039));
#11331=CARTESIAN_POINT('',(0.0245163042281118,0.00306562870699508,0.039));
#11332=CARTESIAN_POINT('',(0.0245163042281118,0.00431297083327766,0.039));
#11333=CARTESIAN_POINT('',(0.0245163042281118,0.00556031295956024,0.039));
#11334=CARTESIAN_POINT('',(0.0245163042281118,0.00556031295956024,0.039));
#11335=CARTESIAN_POINT('',(0.0248084389589515,0.00306562870699508,0.039));
#11336=CARTESIAN_POINT('',(0.0251005736897911,0.00306562870699508,0.039));
#11337=CARTESIAN_POINT('',(0.0251005736897911,0.00306562870699508,0.039));
#11338=CARTESIAN_POINT('',(0.0248084389589515,0.00306562870699508,0.039));
#11339=CARTESIAN_POINT('',(0.0251005736897911,0.0043231026736536,0.039));
#11340=CARTESIAN_POINT('',(0.0251005736897911,0.00558057664031212,0.039));
#11341=CARTESIAN_POINT('',(0.0251005736897911,0.00558057664031212,0.039));
#11342=CARTESIAN_POINT('',(0.0251005736897911,0.0043231026736536,0.039));
#11343=CARTESIAN_POINT('',(0.0247487736767377,0.00665624036022458,0.039));
#11344=CARTESIAN_POINT('',(0.0247487736767377,0.00665624036022458,0.036));
#11345=CARTESIAN_POINT('',(0.0249833070187733,0.00643221411191209,0.039));
#11346=CARTESIAN_POINT('',(0.0249833070187733,0.00643221411191209,0.036));
#11347=CARTESIAN_POINT('',(0.0251005736897911,0.00607365953860794,0.039));
#11348=CARTESIAN_POINT('',(0.0251005736897911,0.00607365953860794,0.036));
#11349=CARTESIAN_POINT('',(0.0251005736897911,0.00558057664031212,0.039));
#11350=CARTESIAN_POINT('',(0.0251005736897911,0.00558057664031212,0.036));
#11351=CARTESIAN_POINT('',(0.0247487736767377,0.00665624036022458,0.039));
#11352=CARTESIAN_POINT('',(0.0247487736767377,0.00665624036022458,0.039));
#11353=CARTESIAN_POINT('',(0.0247487736767377,0.00665624036022458,0.039));
#11354=CARTESIAN_POINT('',(0.0251005736897911,0.00632020098775585,0.039));
#11355=CARTESIAN_POINT('',(0.0251005736897911,0.00558057664031212,0.039));
#11356=CARTESIAN_POINT('',(0.0237001281978277,0.00699227973269331,0.039));
#11357=CARTESIAN_POINT('',(0.0237001281978277,0.00699227973269331,0.036));
#11358=CARTESIAN_POINT('',(0.024164691841732,0.00699227973269331,0.039));
#11359=CARTESIAN_POINT('',(0.024164691841732,0.00699227973269331,0.036));
#11360=CARTESIAN_POINT('',(0.0245142403347019,0.00688026660853707,0.039));
#11361=CARTESIAN_POINT('',(0.0245142403347019,0.00688026660853707,0.036));
#11362=CARTESIAN_POINT('',(0.0247487736767377,0.00665624036022458,0.039));
#11363=CARTESIAN_POINT('',(0.0247487736767377,0.00665624036022458,0.036));
#11364=CARTESIAN_POINT('',(0.0237001281978277,0.00699227973269331,0.039));
#11365=CARTESIAN_POINT('',(0.0237001281978277,0.00699227973269331,0.039));
#11366=CARTESIAN_POINT('',(0.0237001281978277,0.00699227973269331,0.039));
#11367=CARTESIAN_POINT('',(0.0243969736636841,0.00699227973269331,0.039));
#11368=CARTESIAN_POINT('',(0.0247487736767377,0.00665624036022458,0.039));
#11369=CARTESIAN_POINT('',(0.0236743923379105,0.00536121764456332,0.039));
#11370=CARTESIAN_POINT('',(0.0229790788910732,0.00683523620686622,0.039));
#11371=CARTESIAN_POINT('',(0.0229790855017667,0.00683521779327858,0.039));
#11372=CARTESIAN_POINT('',(0.0236743923379105,0.00536121764456332,0.039));
#11373=CARTESIAN_POINT('',(0.0234855025447958,0.00574669125087541,0.039));
#11374=CARTESIAN_POINT('',(0.0224748098707044,0.00639337539047099,0.039));
#11375=CARTESIAN_POINT('',(0.0224748098707044,0.00639337539047099,0.039));
#11376=CARTESIAN_POINT('',(0.0234855025447958,0.00574669125087541,0.039));
#11377=CARTESIAN_POINT('',(0.0224612292718584,0.00639337539047099,0.039));
#11378=CARTESIAN_POINT('',(0.0224471572713363,0.00639337539047099,0.039));
#11379=CARTESIAN_POINT('',(0.0224471572713363,0.00639337539047099,0.039));
#11380=CARTESIAN_POINT('',(0.0224612292718584,0.00639337539047099,0.039));
#11381=CARTESIAN_POINT('',(0.0223998753495818,0.00665736612026635,0.039));
#11382=CARTESIAN_POINT('',(0.0223525934278274,0.00692135685006172,0.039));
#11383=CARTESIAN_POINT('',(0.0223525934278274,0.00692135685006172,0.039));
#11384=CARTESIAN_POINT('',(0.0223998753495818,0.00665736612026635,0.039));
#11385=CARTESIAN_POINT('',(0.0221150580590137,0.00692135685006172,0.039));
#11386=CARTESIAN_POINT('',(0.0218775226902,0.00692135685006172,0.039));
#11387=CARTESIAN_POINT('',(0.0218775226902,0.00692135685006172,0.039));
#11388=CARTESIAN_POINT('',(0.0221150580590137,0.00692135685006172,0.039));
#11389=CARTESIAN_POINT('',(0.0218775226902,0.0049934927785284,0.039));
#11390=CARTESIAN_POINT('',(0.0218775226902,0.00306562870699508,0.039));
#11391=CARTESIAN_POINT('',(0.0218775226902,0.00306562870699508,0.039));
#11392=CARTESIAN_POINT('',(0.0218775226902,0.0049934927785284,0.039));
#11393=CARTESIAN_POINT('',(0.0221696574210396,0.00306562870699508,0.039));
#11394=CARTESIAN_POINT('',(0.0224617921518793,0.00306562870699508,0.039));
#11395=CARTESIAN_POINT('',(0.0224617921518793,0.00306562870699508,0.039));
#11396=CARTESIAN_POINT('',(0.0221696574210396,0.00306562870699508,0.039));
#11397=CARTESIAN_POINT('',(0.0224617921518793,0.00407712410452658,0.039));
#11398=CARTESIAN_POINT('',(0.0224617921518793,0.00508861950205807,0.039));
#11399=CARTESIAN_POINT('',(0.0224617921518793,0.00508861950205807,0.039));
#11400=CARTESIAN_POINT('',(0.0224617921518793,0.00407712410452658,0.039));
#11401=CARTESIAN_POINT('',(0.0227432321623221,0.00616878626213762,0.039));
#11402=CARTESIAN_POINT('',(0.0227432321623221,0.00616878626213762,0.036));
#11403=CARTESIAN_POINT('',(0.0225556054886936,0.00595076406738125,0.039));
#11404=CARTESIAN_POINT('',(0.0225556054886936,0.00595076406738125,0.036));
#11405=CARTESIAN_POINT('',(0.0224617921518793,0.00559070848068806,0.039));
#11406=CARTESIAN_POINT('',(0.0224617921518793,0.00559070848068806,0.036));
#11407=CARTESIAN_POINT('',(0.0224617921518793,0.00508861950205807,0.039));
#11408=CARTESIAN_POINT('',(0.0224617921518793,0.00508861950205807,0.036));
#11409=CARTESIAN_POINT('',(0.0227432321623221,0.00616878626213762,0.039));
#11410=CARTESIAN_POINT('',(0.0227432321623221,0.00616878626213762,0.039));
#11411=CARTESIAN_POINT('',(0.0227432321623221,0.00616878626213762,0.039));
#11412=CARTESIAN_POINT('',(0.0224617921518793,0.00584175297000306,0.039));
#11413=CARTESIAN_POINT('',(0.0224617921518793,0.00508861950205807,0.039));
#11414=CARTESIAN_POINT('',(0.0236292053151961,0.00649581955427217,0.039));
#11415=CARTESIAN_POINT('',(0.0236292053151961,0.00649581955427217,0.036));
#11416=CARTESIAN_POINT('',(0.023226183220242,0.00649581955427217,0.039));
#11417=CARTESIAN_POINT('',(0.023226183220242,0.00649581955427217,0.036));
#11418=CARTESIAN_POINT('',(0.0229308588359506,0.00638680845689399,0.039));
#11419=CARTESIAN_POINT('',(0.0229308588359506,0.00638680845689399,0.036));
#11420=CARTESIAN_POINT('',(0.0227432321623221,0.00616878626213762,0.039));
#11421=CARTESIAN_POINT('',(0.0227432321623221,0.00616878626213762,0.036));
#11422=CARTESIAN_POINT('',(0.0236292053151961,0.00649581955427217,0.039));
#11423=CARTESIAN_POINT('',(0.0236292053151961,0.00649581955427217,0.039));
#11424=CARTESIAN_POINT('',(0.0236292053151961,0.00649581955427217,0.039));
#11425=CARTESIAN_POINT('',(0.0230246721727649,0.00649581955427217,0.039));
#11426=CARTESIAN_POINT('',(0.0227432321623221,0.00616878626213762,0.039));
#11427=CARTESIAN_POINT('',(0.0243018469401544,0.0062633501056464,0.039));
#11428=CARTESIAN_POINT('',(0.0243018469401544,0.0062633501056464,0.036));
#11429=CARTESIAN_POINT('',(0.0241588754148495,0.00641832973806358,0.039));
#11430=CARTESIAN_POINT('',(0.0241588754148495,0.00641832973806358,0.036));
#11431=CARTESIAN_POINT('',(0.0239346615398634,0.00649581955427217,0.039));
#11432=CARTESIAN_POINT('',(0.0239346615398634,0.00649581955427217,0.036));
#11433=CARTESIAN_POINT('',(0.0236292053151961,0.00649581955427217,0.039));
#11434=CARTESIAN_POINT('',(0.0236292053151961,0.00649581955427217,0.036));
#11435=CARTESIAN_POINT('',(0.0243018469401544,0.0062633501056464,0.039));
#11436=CARTESIAN_POINT('',(0.0243018469401544,0.0062633501056464,0.039));
#11437=CARTESIAN_POINT('',(0.0243018469401544,0.0062633501056464,0.039));
#11438=CARTESIAN_POINT('',(0.024087389652197,0.00649581955427217,0.039));
#11439=CARTESIAN_POINT('',(0.0236292053151961,0.00649581955427217,0.039));
#11440=CARTESIAN_POINT('',(0.0245163042281118,0.00556031295956024,0.039));
#11441=CARTESIAN_POINT('',(0.0245163042281118,0.00556031295956024,0.036));
#11442=CARTESIAN_POINT('',(0.0245163042281118,0.00587402475786717,0.039));
#11443=CARTESIAN_POINT('',(0.0245163042281118,0.00587402475786717,0.036));
#11444=CARTESIAN_POINT('',(0.0244448184654594,0.00610837047322923,0.039));
#11445=CARTESIAN_POINT('',(0.0244448184654594,0.00610837047322923,0.036));
#11446=CARTESIAN_POINT('',(0.0243018469401544,0.0062633501056464,0.039));
#11447=CARTESIAN_POINT('',(0.0243018469401544,0.0062633501056464,0.036));
#11448=CARTESIAN_POINT('',(0.0245163042281118,0.00556031295956024,0.039));
#11449=CARTESIAN_POINT('',(0.0245163042281118,0.00603088065702064,0.039));
#11450=CARTESIAN_POINT('',(0.0243018469401544,0.0062633501056464,0.039));
#11451=CARTESIAN_POINT('',(0.00198598749339636,-0.00383108708127283,0.039));
#11452=CARTESIAN_POINT('',(0.020912746334402,0.00443455291778896,0.039));
#11453=CARTESIAN_POINT('',(0.020912746334402,0.00443455291778896,0.036));
#11454=CARTESIAN_POINT('',(0.020912746334402,0.0039819973809969,0.039));
#11455=CARTESIAN_POINT('',(0.020912746334402,0.0039819973809969,0.036));
#11456=CARTESIAN_POINT('',(0.020748572994977,0.00362888398122798,0.039));
#11457=CARTESIAN_POINT('',(0.020748572994977,0.00362888398122798,0.036));
#11458=CARTESIAN_POINT('',(0.0204202263161271,0.00337521271848218,0.039));
#11459=CARTESIAN_POINT('',(0.0204202263161271,0.00337521271848218,0.036));
#11460=CARTESIAN_POINT('',(0.020912746334402,0.00443455291778896,0.039));
#11461=CARTESIAN_POINT('',(0.020912746334402,0.00443455291778896,0.039));
#11462=CARTESIAN_POINT('',(0.020912746334402,0.00443455291778896,0.039));
#11463=CARTESIAN_POINT('',(0.020912746334402,0.00375571961260087,0.039));
#11464=CARTESIAN_POINT('',(0.0204202263161271,0.00337521271848218,0.039));
#11465=CARTESIAN_POINT('',(0.0204202263161271,0.00337521271848218,0.039));
#11466=CARTESIAN_POINT('',(0.0204202263161271,0.00337521271848218,0.039));
#11467=CARTESIAN_POINT('',(0.0206087911231238,0.00529238206961867,0.039));
#11468=CARTESIAN_POINT('',(0.0206087911231238,0.00529238206961867,0.036));
#11469=CARTESIAN_POINT('',(0.0208114279306426,0.0050717331014315,0.039));
#11470=CARTESIAN_POINT('',(0.0208114279306426,0.0050717331014315,0.036));
#11471=CARTESIAN_POINT('',(0.020912746334402,0.0047857900508216,0.039));
#11472=CARTESIAN_POINT('',(0.020912746334402,0.0047857900508216,0.036));
#11473=CARTESIAN_POINT('',(0.020912746334402,0.00443455291778896,0.039));
#11474=CARTESIAN_POINT('',(0.020912746334402,0.00443455291778896,0.036));
#11475=CARTESIAN_POINT('',(0.0206087911231238,0.00529238206961867,0.039));
#11476=CARTESIAN_POINT('',(0.0206087911231238,0.00529238206961867,0.039));
#11477=CARTESIAN_POINT('',(0.0206087911231238,0.00529238206961867,0.039));
#11478=CARTESIAN_POINT('',(0.020912746334402,0.00496140861733792,0.039));
#11479=CARTESIAN_POINT('',(0.020912746334402,0.00443455291778896,0.039));
#11480=CARTESIAN_POINT('',(0.019495414441812,0.00591155009259288,0.039));
#11481=CARTESIAN_POINT('',(0.019495414441812,0.00591155009259288,0.036));
#11482=CARTESIAN_POINT('',(0.0200350287551677,0.00571942037879725,0.039));
#11483=CARTESIAN_POINT('',(0.0200350287551677,0.00571942037879725,0.036));
#11484=CARTESIAN_POINT('',(0.0204061543156049,0.00551303103780584,0.039));
#11485=CARTESIAN_POINT('',(0.0204061543156049,0.00551303103780584,0.036));
#11486=CARTESIAN_POINT('',(0.0206087911231238,0.00529238206961867,0.039));
#11487=CARTESIAN_POINT('',(0.0206087911231238,0.00529238206961867,0.036));
#11488=CARTESIAN_POINT('',(0.019495414441812,0.00591155009259288,0.039));
#11489=CARTESIAN_POINT('',(0.019495414441812,0.00591155009259288,0.039));
#11490=CARTESIAN_POINT('',(0.019495414441812,0.00591155009259288,0.039));
#11491=CARTESIAN_POINT('',(0.0203048359118455,0.00562335552189943,0.039));
#11492=CARTESIAN_POINT('',(0.0206087911231238,0.00529238206961867,0.039));
#11493=CARTESIAN_POINT('',(0.0187794310552454,0.00622620002426795,0.039));
#11494=CARTESIAN_POINT('',(0.0187794310552454,0.00622620002426795,0.036));
#11495=CARTESIAN_POINT('',(0.0189355364477044,0.0061312609274119,0.039));
#11496=CARTESIAN_POINT('',(0.0189355364477044,0.0061312609274119,0.036));
#11497=CARTESIAN_POINT('',(0.0191741975765599,0.00602637761685355,0.039));
#11498=CARTESIAN_POINT('',(0.0191741975765599,0.00602637761685355,0.036));
#11499=CARTESIAN_POINT('',(0.019495414441812,0.00591155009259288,0.039));
#11500=CARTESIAN_POINT('',(0.019495414441812,0.00591155009259288,0.036));
#11501=CARTESIAN_POINT('',(0.0187794310552454,0.00622620002426795,0.039));
#11502=CARTESIAN_POINT('',(0.0187794310552454,0.00622620002426795,0.039));
#11503=CARTESIAN_POINT('',(0.0187794310552454,0.00622620002426795,0.039));
#11504=CARTESIAN_POINT('',(0.0190135891439338,0.00608379137898388,0.039));
#11505=CARTESIAN_POINT('',(0.019495414441812,0.00591155009259288,0.039));
#11506=CARTESIAN_POINT('',(0.018446768962902,0.00653972419590125,0.039));
#11507=CARTESIAN_POINT('',(0.018446768962902,0.00653972419590125,0.036));
#11508=CARTESIAN_POINT('',(0.018512438298672,0.0064256471783351,0.039));
#11509=CARTESIAN_POINT('',(0.018512438298672,0.0064256471783351,0.036));
#11510=CARTESIAN_POINT('',(0.0186233256627865,0.006321139121124,0.039));
#11511=CARTESIAN_POINT('',(0.0186233256627865,0.006321139121124,0.036));
#11512=CARTESIAN_POINT('',(0.0187794310552454,0.00622620002426795,0.039));
#11513=CARTESIAN_POINT('',(0.0187794310552454,0.00622620002426795,0.036));
#11514=CARTESIAN_POINT('',(0.018446768962902,0.00653972419590125,0.039));
#11515=CARTESIAN_POINT('',(0.018446768962902,0.00653972419590125,0.039));
#11516=CARTESIAN_POINT('',(0.018446768962902,0.00653972419590125,0.039));
#11517=CARTESIAN_POINT('',(0.018545272966557,0.00636860866955202,0.039));
#11518=CARTESIAN_POINT('',(0.0187794310552454,0.00622620002426795,0.039));
#11519=CARTESIAN_POINT('',(0.018348264959247,0.00697764485215028,0.039));
#11520=CARTESIAN_POINT('',(0.018348264959247,0.00697764485215028,0.036));
#11521=CARTESIAN_POINT('',(0.018348264959247,0.00679977476555042,0.039));
#11522=CARTESIAN_POINT('',(0.018348264959247,0.00679977476555042,0.036));
#11523=CARTESIAN_POINT('',(0.018381099627132,0.00665380121346741,0.039));
#11524=CARTESIAN_POINT('',(0.018381099627132,0.00665380121346741,0.036));
#11525=CARTESIAN_POINT('',(0.018446768962902,0.00653972419590125,0.039));
#11526=CARTESIAN_POINT('',(0.018446768962902,0.00653972419590125,0.036));
#11527=CARTESIAN_POINT('',(0.018348264959247,0.00697764485215028,0.039));
#11528=CARTESIAN_POINT('',(0.018348264959247,0.00697764485215028,0.039));
#11529=CARTESIAN_POINT('',(0.018348264959247,0.00697764485215028,0.039));
#11530=CARTESIAN_POINT('',(0.018348264959247,0.00671083972225049,0.039));
#11531=CARTESIAN_POINT('',(0.018446768962902,0.00653972419590125,0.039));
#11532=CARTESIAN_POINT('',(0.0186156329691677,0.00754390215316124,0.039));
#11533=CARTESIAN_POINT('',(0.0186156329691677,0.00754390215316124,0.036));
#11534=CARTESIAN_POINT('',(0.0184373876292206,0.00740806044145417,0.039));
#11535=CARTESIAN_POINT('',(0.0184373876292206,0.00740806044145417,0.036));
#11536=CARTESIAN_POINT('',(0.018348264959247,0.00721930800778385,0.039));
#11537=CARTESIAN_POINT('',(0.018348264959247,0.00721930800778385,0.036));
#11538=CARTESIAN_POINT('',(0.018348264959247,0.00697764485215028,0.039));
#11539=CARTESIAN_POINT('',(0.018348264959247,0.00697764485215028,0.036));
#11540=CARTESIAN_POINT('',(0.0186156329691677,0.00754390215316124,0.039));
#11541=CARTESIAN_POINT('',(0.0186156329691677,0.00754390215316124,0.039));
#11542=CARTESIAN_POINT('',(0.0186156329691677,0.00754390215316124,0.039));
#11543=CARTESIAN_POINT('',(0.018348264959247,0.00734013958560063,0.039));
#11544=CARTESIAN_POINT('',(0.018348264959247,0.00697764485215028,0.039));
#11545=CARTESIAN_POINT('',(0.0193580717167159,0.00774766472072184,0.039));
#11546=CARTESIAN_POINT('',(0.0193580717167159,0.00774766472072184,0.036));
#11547=CARTESIAN_POINT('',(0.0190413578916309,0.00774766472072184,0.039));
#11548=CARTESIAN_POINT('',(0.0190413578916309,0.00774766472072184,0.036));
#11549=CARTESIAN_POINT('',(0.0187938783091148,0.00767974386486831,0.039));
#11550=CARTESIAN_POINT('',(0.0187938783091148,0.00767974386486831,0.036));
#11551=CARTESIAN_POINT('',(0.0186156329691677,0.00754390215316124,0.039));
#11552=CARTESIAN_POINT('',(0.0186156329691677,0.00754390215316124,0.036));
#11553=CARTESIAN_POINT('',(0.0193580717167159,0.00774766472072184,0.039));
#11554=CARTESIAN_POINT('',(0.0193580717167159,0.00774766472072184,0.039));
#11555=CARTESIAN_POINT('',(0.0193580717167159,0.00774766472072184,0.039));
#11556=CARTESIAN_POINT('',(0.0188830009790884,0.00774766472072184,0.039));
#11557=CARTESIAN_POINT('',(0.0186156329691677,0.00754390215316124,0.039));
#11558=CARTESIAN_POINT('',(0.0205964077626643,0.00748085959082205,0.039));
#11559=CARTESIAN_POINT('',(0.0205964077626643,0.00748085959082205,0.036));
#11560=CARTESIAN_POINT('',(0.0201716209735692,0.00765872967742191,0.039));
#11561=CARTESIAN_POINT('',(0.0201716209735692,0.00765872967742191,0.036));
#11562=CARTESIAN_POINT('',(0.0197588422915864,0.00774766472072184,0.039));
#11563=CARTESIAN_POINT('',(0.0197588422915864,0.00774766472072184,0.036));
#11564=CARTESIAN_POINT('',(0.0193580717167159,0.00774766472072184,0.039));
#11565=CARTESIAN_POINT('',(0.0193580717167159,0.00774766472072184,0.036));
#11566=CARTESIAN_POINT('',(0.0205964077626643,0.00748085959082205,0.039));
#11567=CARTESIAN_POINT('',(0.0205964077626643,0.00748085959082205,0.039));
#11568=CARTESIAN_POINT('',(0.0205964077626643,0.00748085959082205,0.039));
#11569=CARTESIAN_POINT('',(0.0199592275790217,0.00774766472072184,0.039));
#11570=CARTESIAN_POINT('',(0.0193580717167159,0.00774766472072184,0.039));
#11571=CARTESIAN_POINT('',(0.0206898458461313,0.00774091016047121,0.039));
#11572=CARTESIAN_POINT('',(0.0207832839295983,0.00800096073012038,0.039));
#11573=CARTESIAN_POINT('',(0.0207832839295983,0.00800096073012038,0.039));
#11574=CARTESIAN_POINT('',(0.0206898458461313,0.00774091016047121,0.039));
#11575=CARTESIAN_POINT('',(0.0193727065972589,0.0082824007405632,0.039));
#11576=CARTESIAN_POINT('',(0.0193727065972589,0.0082824007405632,0.036));
#11577=CARTESIAN_POINT('',(0.019883801656223,0.0082824007405632,0.039));
#11578=CARTESIAN_POINT('',(0.019883801656223,0.0082824007405632,0.036));
#11579=CARTESIAN_POINT('',(0.0203539941003362,0.00818858740374893,0.039));
#11580=CARTESIAN_POINT('',(0.0203539941003362,0.00818858740374893,0.036));
#11581=CARTESIAN_POINT('',(0.0207832839295983,0.00800096073012038,0.039));
#11582=CARTESIAN_POINT('',(0.0207832839295983,0.00800096073012038,0.036));
#11583=CARTESIAN_POINT('',(0.0193727065972589,0.0082824007405632,0.039));
#11584=CARTESIAN_POINT('',(0.0193727065972589,0.0082824007405632,0.039));
#11585=CARTESIAN_POINT('',(0.0193727065972589,0.0082824007405632,0.039));
#11586=CARTESIAN_POINT('',(0.0201393491857051,0.0082824007405632,0.039));
#11587=CARTESIAN_POINT('',(0.0207832839295983,0.00800096073012038,0.039));
#11588=CARTESIAN_POINT('',(0.0181900956733781,0.00793060072750967,0.039));
#11589=CARTESIAN_POINT('',(0.0181900956733781,0.00793060072750967,0.036));
#11590=CARTESIAN_POINT('',(0.018487671577753,0.00816513406954536,0.039));
#11591=CARTESIAN_POINT('',(0.018487671577753,0.00816513406954536,0.036));
#11592=CARTESIAN_POINT('',(0.0188818752190466,0.0082824007405632,0.039));
#11593=CARTESIAN_POINT('',(0.0188818752190466,0.0082824007405632,0.036));
#11594=CARTESIAN_POINT('',(0.0193727065972589,0.0082824007405632,0.039));
#11595=CARTESIAN_POINT('',(0.0193727065972589,0.0082824007405632,0.036));
#11596=CARTESIAN_POINT('',(0.0181900956733781,0.00793060072750967,0.039));
#11597=CARTESIAN_POINT('',(0.0181900956733781,0.00793060072750967,0.039));
#11598=CARTESIAN_POINT('',(0.0181900956733781,0.00793060072750967,0.039));
#11599=CARTESIAN_POINT('',(0.0186364595299405,0.0082824007405632,0.039));
#11600=CARTESIAN_POINT('',(0.0193727065972589,0.0082824007405632,0.039));
#11601=CARTESIAN_POINT('',(0.0177437318168158,0.00698439941240091,0.039));
#11602=CARTESIAN_POINT('',(0.0177437318168158,0.00698439941240091,0.036));
#11603=CARTESIAN_POINT('',(0.0177437318168158,0.0073806669471044,0.039));
#11604=CARTESIAN_POINT('',(0.0177437318168158,0.0073806669471044,0.036));
#11605=CARTESIAN_POINT('',(0.0178925197690033,0.00769606738547399,0.039));
#11606=CARTESIAN_POINT('',(0.0178925197690033,0.00769606738547399,0.036));
#11607=CARTESIAN_POINT('',(0.0181900956733781,0.00793060072750967,0.039));
#11608=CARTESIAN_POINT('',(0.0181900956733781,0.00793060072750967,0.036));
#11609=CARTESIAN_POINT('',(0.0177437318168158,0.00698439941240091,0.039));
#11610=CARTESIAN_POINT('',(0.0177437318168158,0.00698439941240091,0.039));
#11611=CARTESIAN_POINT('',(0.0177437318168158,0.00698439941240091,0.039));
#11612=CARTESIAN_POINT('',(0.0177437318168158,0.00757880071445615,0.039));
#11613=CARTESIAN_POINT('',(0.0181900956733781,0.00793060072750967,0.039));
#11614=CARTESIAN_POINT('',(0.0180516271882403,0.00606634209833643,0.039));
#11615=CARTESIAN_POINT('',(0.0180516271882403,0.00606634209833643,0.036));
#11616=CARTESIAN_POINT('',(0.0178463636072907,0.00630087544037211,0.039));
#11617=CARTESIAN_POINT('',(0.0178463636072907,0.00630087544037211,0.036));
#11618=CARTESIAN_POINT('',(0.0177437318168158,0.00660689454506027,0.039));
#11619=CARTESIAN_POINT('',(0.0177437318168158,0.00660689454506027,0.036));
#11620=CARTESIAN_POINT('',(0.0177437318168158,0.00698439941240091,0.039));
#11621=CARTESIAN_POINT('',(0.0177437318168158,0.00698439941240091,0.036));
#11622=CARTESIAN_POINT('',(0.0180516271882403,0.00606634209833643,0.039));
#11623=CARTESIAN_POINT('',(0.0180516271882403,0.00606634209833643,0.039));
#11624=CARTESIAN_POINT('',(0.0180516271882403,0.00606634209833643,0.039));
#11625=CARTESIAN_POINT('',(0.0177437318168158,0.00641814211138995,0.039));
#11626=CARTESIAN_POINT('',(0.0177437318168158,0.00698439941240091,0.039));
#11627=CARTESIAN_POINT('',(0.0190766317062731,0.00545786879575905,0.039));
#11628=CARTESIAN_POINT('',(0.0190766317062731,0.00545786879575905,0.036));
#11629=CARTESIAN_POINT('',(0.0185985589418675,0.00562898432210828,0.039));
#11630=CARTESIAN_POINT('',(0.0185985589418675,0.00562898432210828,0.036));
#11631=CARTESIAN_POINT('',(0.0182568907691899,0.00583180875630074,0.039));
#11632=CARTESIAN_POINT('',(0.0182568907691899,0.00583180875630074,0.036));
#11633=CARTESIAN_POINT('',(0.0180516271882403,0.00606634209833643,0.039));
#11634=CARTESIAN_POINT('',(0.0180516271882403,0.00606634209833643,0.036));
#11635=CARTESIAN_POINT('',(0.0190766317062731,0.00545786879575905,0.039));
#11636=CARTESIAN_POINT('',(0.0190766317062731,0.00545786879575905,0.039));
#11637=CARTESIAN_POINT('',(0.0190766317062731,0.00545786879575905,0.039));
#11638=CARTESIAN_POINT('',(0.0183595225596648,0.0057145420852829,0.039));
#11639=CARTESIAN_POINT('',(0.0180516271882403,0.00606634209833643,0.039));
#11640=CARTESIAN_POINT('',(0.0198415856546566,0.00513083550362449,0.039));
#11641=CARTESIAN_POINT('',(0.0198415856546566,0.00513083550362449,0.036));
#11642=CARTESIAN_POINT('',(0.0196738474084327,0.00522727561386956,0.039));
#11643=CARTESIAN_POINT('',(0.0196738474084327,0.00522727561386956,0.036));
#11644=CARTESIAN_POINT('',(0.0194188627589715,0.00533628671124775,0.039));
#11645=CARTESIAN_POINT('',(0.0194188627589715,0.00533628671124775,0.036));
#11646=CARTESIAN_POINT('',(0.0190766317062731,0.00545786879575905,0.039));
#11647=CARTESIAN_POINT('',(0.0190766317062731,0.00545786879575905,0.036));
#11648=CARTESIAN_POINT('',(0.0198415856546566,0.00513083550362449,0.039));
#11649=CARTESIAN_POINT('',(0.0198415856546566,0.00513083550362449,0.039));
#11650=CARTESIAN_POINT('',(0.0198415856546566,0.00513083550362449,0.039));
#11651=CARTESIAN_POINT('',(0.0195899782853208,0.0052754956689921,0.039));
#11652=CARTESIAN_POINT('',(0.0190766317062731,0.00545786879575905,0.039));
#11653=CARTESIAN_POINT('',(0.0202007031079816,0.00481562269192854,0.039));
#11654=CARTESIAN_POINT('',(0.0202007031079816,0.00481562269192854,0.036));
#11655=CARTESIAN_POINT('',(0.0201290297186555,0.00492932445614743,0.039));
#11656=CARTESIAN_POINT('',(0.0201290297186555,0.00492932445614743,0.036));
#11657=CARTESIAN_POINT('',(0.0200093239008805,0.00503439539337942,0.039));
#11658=CARTESIAN_POINT('',(0.0200093239008805,0.00503439539337942,0.036));
#11659=CARTESIAN_POINT('',(0.0198415856546566,0.00513083550362449,0.039));
#11660=CARTESIAN_POINT('',(0.0198415856546566,0.00513083550362449,0.036));
#11661=CARTESIAN_POINT('',(0.0202007031079816,0.00481562269192854,0.039));
#11662=CARTESIAN_POINT('',(0.0202007031079816,0.00481562269192854,0.039));
#11663=CARTESIAN_POINT('',(0.0202007031079816,0.00481562269192854,0.039));
#11664=CARTESIAN_POINT('',(0.0200931930239925,0.00498617533825688,0.039));
#11665=CARTESIAN_POINT('',(0.0198415856546566,0.00513083550362449,0.039));
#11666=CARTESIAN_POINT('',(0.0203082131919708,0.00437826491570039,0.039));
#11667=CARTESIAN_POINT('',(0.0203082131919708,0.00437826491570039,0.036));
#11668=CARTESIAN_POINT('',(0.0203082131919708,0.00455613500230026,0.039));
#11669=CARTESIAN_POINT('',(0.0203082131919708,0.00455613500230026,0.036));
#11670=CARTESIAN_POINT('',(0.0202723764973077,0.00470192092770964,0.039));
#11671=CARTESIAN_POINT('',(0.0202723764973077,0.00470192092770964,0.036));
#11672=CARTESIAN_POINT('',(0.0202007031079816,0.00481562269192854,0.039));
#11673=CARTESIAN_POINT('',(0.0202007031079816,0.00481562269192854,0.036));
#11674=CARTESIAN_POINT('',(0.0203082131919708,0.00437826491570039,0.039));
#11675=CARTESIAN_POINT('',(0.0203082131919708,0.00437826491570039,0.039));
#11676=CARTESIAN_POINT('',(0.0203082131919708,0.00437826491570039,0.039));
#11677=CARTESIAN_POINT('',(0.0203082131919708,0.00464507004560019,0.039));
#11678=CARTESIAN_POINT('',(0.0202007031079816,0.00481562269192854,0.039));
#11679=CARTESIAN_POINT('',(0.0200053837407344,0.00374615065224582,0.039));
#11680=CARTESIAN_POINT('',(0.0200053837407344,0.00374615065224582,0.036));
#11681=CARTESIAN_POINT('',(0.0202072700415586,0.00389737775119043,0.039));
#11682=CARTESIAN_POINT('',(0.0202072700415586,0.00389737775119043,0.036));
#11683=CARTESIAN_POINT('',(0.0203082131919708,0.00410808250567528,0.039));
#11684=CARTESIAN_POINT('',(0.0203082131919708,0.00410808250567528,0.036));
#11685=CARTESIAN_POINT('',(0.0203082131919708,0.00437826491570039,0.039));
#11686=CARTESIAN_POINT('',(0.0203082131919708,0.00437826491570039,0.036));
#11687=CARTESIAN_POINT('',(0.0200053837407344,0.00374615065224582,0.039));
#11688=CARTESIAN_POINT('',(0.0200053837407344,0.00374615065224582,0.039));
#11689=CARTESIAN_POINT('',(0.0200053837407344,0.00374615065224582,0.039));
#11690=CARTESIAN_POINT('',(0.0203082131919708,0.00397299130066273,0.039));
#11691=CARTESIAN_POINT('',(0.0203082131919708,0.00437826491570039,0.039));
#11692=CARTESIAN_POINT('',(0.0191047757073173,0.0035193100038289,0.039));
#11693=CARTESIAN_POINT('',(0.0191047757073173,0.0035193100038289,0.036));
#11694=CARTESIAN_POINT('',(0.0195032947621043,0.0035193100038289,0.039));
#11695=CARTESIAN_POINT('',(0.0195032947621043,0.0035193100038289,0.036));
#11696=CARTESIAN_POINT('',(0.01980349743991,0.00359492355330121,0.039));
#11697=CARTESIAN_POINT('',(0.01980349743991,0.00359492355330121,0.036));
#11698=CARTESIAN_POINT('',(0.0200053837407344,0.00374615065224582,0.039));
#11699=CARTESIAN_POINT('',(0.0200053837407344,0.00374615065224582,0.036));
#11700=CARTESIAN_POINT('',(0.0191047757073173,0.0035193100038289,0.039));
#11701=CARTESIAN_POINT('',(0.0191047757073173,0.0035193100038289,0.039));
#11702=CARTESIAN_POINT('',(0.0191047757073173,0.0035193100038289,0.039));
#11703=CARTESIAN_POINT('',(0.0197025542894978,0.0035193100038289,0.039));
#11704=CARTESIAN_POINT('',(0.0200053837407344,0.00374615065224582,0.039));
#11705=CARTESIAN_POINT('',(0.0191125243923384,0.00713033314629826,0.0389999999999999));
#11706=CARTESIAN_POINT('',(0.0183662771199153,0.00359698744671112,0.039));
#11707=CARTESIAN_POINT('',(0.018366307113305,0.00359713255841474,0.039));
#11708=CARTESIAN_POINT('',(0.0191125243923384,0.00713033314629826,0.039));
#11709=CARTESIAN_POINT('',(0.0191190128784058,0.0073115101301469,0.0389999999999999));
#11710=CARTESIAN_POINT('',(0.0176761862143095,0.00380718496960993,0.039));
#11711=CARTESIAN_POINT('',(0.0176761862143095,0.00380718496960993,0.039));
#11712=CARTESIAN_POINT('',(0.0191190128784058,0.0073115101301469,0.039));
#11713=CARTESIAN_POINT('',(0.0176761862143095,0.0035193100038289,0.039));
#11714=CARTESIAN_POINT('',(0.0176761862143095,0.00323111543313546,0.039));
#11715=CARTESIAN_POINT('',(0.0176761862143095,0.00323111543313546,0.039));
#11716=CARTESIAN_POINT('',(0.0176761862143095,0.0035193100038289,0.039));
#11717=CARTESIAN_POINT('',(0.0190833862665237,0.00299470582436348,0.039));
#11718=CARTESIAN_POINT('',(0.0190833862665237,0.00299470582436348,0.036));
#11719=CARTESIAN_POINT('',(0.0184739748305781,0.00299470582436349,0.039));
#11720=CARTESIAN_POINT('',(0.0184739748305781,0.00299470582436349,0.036));
#11721=CARTESIAN_POINT('',(0.0180049081465068,0.00307350902728748,0.039));
#11722=CARTESIAN_POINT('',(0.0180049081465068,0.00307350902728748,0.036));
#11723=CARTESIAN_POINT('',(0.0176761862143095,0.00323111543313546,0.039));
#11724=CARTESIAN_POINT('',(0.0176761862143095,0.00323111543313546,0.036));
#11725=CARTESIAN_POINT('',(0.0190833862665237,0.00299470582436348,0.039));
#11726=CARTESIAN_POINT('',(0.0190833862665237,0.00299470582436348,0.039));
#11727=CARTESIAN_POINT('',(0.0190833862665237,0.00299470582436348,0.039));
#11728=CARTESIAN_POINT('',(0.0181692691126054,0.00299470582436348,0.039));
#11729=CARTESIAN_POINT('',(0.0176761862143095,0.00323111543313546,0.039));
#11730=CARTESIAN_POINT('',(0.0204202263161271,0.00337521271848218,0.039));
#11731=CARTESIAN_POINT('',(0.0204202263161271,0.00337521271848218,0.036));
#11732=CARTESIAN_POINT('',(0.0200918796372771,0.00312154145573638,0.039));
#11733=CARTESIAN_POINT('',(0.0200918796372771,0.00312154145573638,0.036));
#11734=CARTESIAN_POINT('',(0.0196462662874093,0.00299470582436349,0.039));
#11735=CARTESIAN_POINT('',(0.0196462662874093,0.00299470582436349,0.036));
#11736=CARTESIAN_POINT('',(0.0190833862665237,0.00299470582436348,0.039));
#11737=CARTESIAN_POINT('',(0.0190833862665237,0.00299470582436348,0.036));
#11738=CARTESIAN_POINT('',(0.0204202263161271,0.00337521271848218,0.039));
#11739=CARTESIAN_POINT('',(0.0199277062978521,0.00299470582436348,0.039));
#11740=CARTESIAN_POINT('',(0.0190833862665237,0.00299470582436348,0.039));
#11741=CARTESIAN_POINT('',(0.00198598749339636,-0.00383108708127283,0.039));
#11742=CARTESIAN_POINT('',(0.0141890905357163,0.00444546536871656,0.039));
#11743=CARTESIAN_POINT('',(0.0141890905357163,0.00312309847990961,0.039));
#11744=CARTESIAN_POINT('',(0.0141890905357163,0.00312309847990961,0.039));
#11745=CARTESIAN_POINT('',(0.0141890905357163,0.00444546536871656,0.039));
#11746=CARTESIAN_POINT('',(0.0141890905357163,0.0057678322575235,0.039));
#11747=CARTESIAN_POINT('',(0.0141890905357163,0.0057678322575235,0.039));
#11748=CARTESIAN_POINT('',(0.0144987964992952,0.00312309847990961,0.039));
#11749=CARTESIAN_POINT('',(0.0148085024628741,0.00312309847990961,0.039));
#11750=CARTESIAN_POINT('',(0.0148085024628741,0.00312309847990961,0.039));
#11751=CARTESIAN_POINT('',(0.0144987964992952,0.00312309847990961,0.039));
#11752=CARTESIAN_POINT('',(0.0148085024628741,0.00445620661600831,0.039));
#11753=CARTESIAN_POINT('',(0.0148085024628741,0.005789314752107,0.039));
#11754=CARTESIAN_POINT('',(0.0148085024628741,0.005789314752107,0.039));
#11755=CARTESIAN_POINT('',(0.0148085024628741,0.00445620661600831,0.039));
#11756=CARTESIAN_POINT('',(0.014435542487466,0.0069296771729148,0.039));
#11757=CARTESIAN_POINT('',(0.014435542487466,0.0069296771729148,0.036));
#11758=CARTESIAN_POINT('',(0.0146841824710714,0.00669217626057492,0.039));
#11759=CARTESIAN_POINT('',(0.0146841824710714,0.00669217626057492,0.036));
#11760=CARTESIAN_POINT('',(0.0148085024628741,0.00631205545363899,0.039));
#11761=CARTESIAN_POINT('',(0.0148085024628741,0.00631205545363899,0.036));
#11762=CARTESIAN_POINT('',(0.0148085024628741,0.005789314752107,0.039));
#11763=CARTESIAN_POINT('',(0.0148085024628741,0.005789314752107,0.036));
#11764=CARTESIAN_POINT('',(0.014435542487466,0.0069296771729148,0.039));
#11765=CARTESIAN_POINT('',(0.014435542487466,0.0069296771729148,0.039));
#11766=CARTESIAN_POINT('',(0.014435542487466,0.0069296771729148,0.039));
#11767=CARTESIAN_POINT('',(0.0148085024628741,0.00657342580440498,0.039));
#11768=CARTESIAN_POINT('',(0.0148085024628741,0.005789314752107,0.039));
#11769=CARTESIAN_POINT('',(0.0133238233927695,0.00728592854142461,0.039));
#11770=CARTESIAN_POINT('',(0.0133238233927695,0.00728592854142461,0.036));
#11771=CARTESIAN_POINT('',(0.0138163294722951,0.00728592854142461,0.039));
#11772=CARTESIAN_POINT('',(0.0138163294722951,0.00728592854142461,0.036));
#11773=CARTESIAN_POINT('',(0.0141869025038606,0.00716717808525467,0.039));
#11774=CARTESIAN_POINT('',(0.0141869025038606,0.00716717808525467,0.036));
#11775=CARTESIAN_POINT('',(0.014435542487466,0.0069296771729148,0.039));
#11776=CARTESIAN_POINT('',(0.014435542487466,0.0069296771729148,0.036));
#11777=CARTESIAN_POINT('',(0.0133238233927695,0.00728592854142461,0.039));
#11778=CARTESIAN_POINT('',(0.0133238233927695,0.00728592854142461,0.039));
#11779=CARTESIAN_POINT('',(0.0133238233927695,0.00728592854142461,0.039));
#11780=CARTESIAN_POINT('',(0.0140625825120579,0.00728592854142461,0.039));
#11781=CARTESIAN_POINT('',(0.014435542487466,0.0069296771729148,0.039));
#11782=CARTESIAN_POINT('',(0.0132965395800188,0.00555676181684725,0.039));
#11783=CARTESIAN_POINT('',(0.0125594046271731,0.00711943920840244,0.039));
#11784=CARTESIAN_POINT('',(0.0125594116354846,0.00711941968727982,0.039));
#11785=CARTESIAN_POINT('',(0.0132965395800188,0.00555676181684725,0.039));
#11786=CARTESIAN_POINT('',(0.0130962884999141,0.00596542077476693,0.039));
#11787=CARTESIAN_POINT('',(0.012024804984031,0.00665100147928987,0.039));
#11788=CARTESIAN_POINT('',(0.012024804984031,0.00665100147928987,0.039));
#11789=CARTESIAN_POINT('',(0.0130962884999141,0.00596542077476693,0.039));
#11790=CARTESIAN_POINT('',(0.0120104075433724,0.00665100147928987,0.039));
#11791=CARTESIAN_POINT('',(0.0119954891443561,0.00665100147928987,0.039));
#11792=CARTESIAN_POINT('',(0.0119954891443561,0.00665100147928987,0.039));
#11793=CARTESIAN_POINT('',(0.0120104075433724,0.00665100147928987,0.039));
#11794=CARTESIAN_POINT('',(0.0119453633236612,0.0069308706448361,0.039));
#11795=CARTESIAN_POINT('',(0.0118952375029664,0.00721073981038234,0.039));
#11796=CARTESIAN_POINT('',(0.0118952375029664,0.00721073981038234,0.039));
#11797=CARTESIAN_POINT('',(0.0119453633236612,0.0069308706448361,0.039));
#11798=CARTESIAN_POINT('',(0.0116434149275708,0.00721073981038234,0.039));
#11799=CARTESIAN_POINT('',(0.0113915923521753,0.00721073981038234,0.039));
#11800=CARTESIAN_POINT('',(0.0113915923521753,0.00721073981038234,0.039));
#11801=CARTESIAN_POINT('',(0.0116434149275708,0.00721073981038234,0.039));
#11802=CARTESIAN_POINT('',(0.0113915923521753,0.00516691914514597,0.039));
#11803=CARTESIAN_POINT('',(0.0113915923521753,0.00312309847990961,0.039));
#11804=CARTESIAN_POINT('',(0.0113915923521753,0.00312309847990961,0.039));
#11805=CARTESIAN_POINT('',(0.0113915923521753,0.00516691914514597,0.039));
#11806=CARTESIAN_POINT('',(0.0117012983157542,0.00312309847990961,0.039));
#11807=CARTESIAN_POINT('',(0.012011004279333,0.00312309847990961,0.039));
#11808=CARTESIAN_POINT('',(0.012011004279333,0.00312309847990961,0.039));
#11809=CARTESIAN_POINT('',(0.0117012983157542,0.00312309847990961,0.039));
#11810=CARTESIAN_POINT('',(0.012011004279333,0.00419543300120296,0.039));
#11811=CARTESIAN_POINT('',(0.012011004279333,0.00526776752249632,0.039));
#11812=CARTESIAN_POINT('',(0.012011004279333,0.00526776752249632,0.039));
#11813=CARTESIAN_POINT('',(0.012011004279333,0.00419543300120296,0.039));
#11814=CARTESIAN_POINT('',(0.0123093722596595,0.00641290383098934,0.039));
#11815=CARTESIAN_POINT('',(0.0123093722596595,0.00641290383098934,0.036));
#11816=CARTESIAN_POINT('',(0.0121104602727752,0.00618176810222976,0.039));
#11817=CARTESIAN_POINT('',(0.0121104602727752,0.00618176810222976,0.036));
#11818=CARTESIAN_POINT('',(0.012011004279333,0.00580005599939875,0.039));
#11819=CARTESIAN_POINT('',(0.012011004279333,0.00580005599939875,0.036));
#11820=CARTESIAN_POINT('',(0.012011004279333,0.00526776752249632,0.039));
#11821=CARTESIAN_POINT('',(0.012011004279333,0.00526776752249632,0.036));
#11822=CARTESIAN_POINT('',(0.0123093722596595,0.00641290383098934,0.039));
#11823=CARTESIAN_POINT('',(0.0123093722596595,0.00641290383098934,0.039));
#11824=CARTESIAN_POINT('',(0.0123093722596595,0.00641290383098934,0.039));
#11825=CARTESIAN_POINT('',(0.012011004279333,0.00606620023784997,0.039));
#11826=CARTESIAN_POINT('',(0.012011004279333,0.00526776752249632,0.039));
#11827=CARTESIAN_POINT('',(0.0132486346617273,0.00675960742412871,0.039));
#11828=CARTESIAN_POINT('',(0.0132486346617273,0.00675960742412871,0.036));
#11829=CARTESIAN_POINT('',(0.0128213717138998,0.00675960742412871,0.039));
#11830=CARTESIAN_POINT('',(0.0128213717138998,0.00675960742412871,0.036));
#11831=CARTESIAN_POINT('',(0.0125082842465438,0.00664403955974892,0.039));
#11832=CARTESIAN_POINT('',(0.0125082842465438,0.00664403955974892,0.036));
#11833=CARTESIAN_POINT('',(0.0123093722596595,0.00641290383098934,0.039));
#11834=CARTESIAN_POINT('',(0.0123093722596595,0.00641290383098934,0.036));
#11835=CARTESIAN_POINT('',(0.0132486346617273,0.00675960742412871,0.039));
#11836=CARTESIAN_POINT('',(0.0132486346617273,0.00675960742412871,0.039));
#11837=CARTESIAN_POINT('',(0.0132486346617273,0.00675960742412871,0.039));
#11838=CARTESIAN_POINT('',(0.012607740239986,0.00675960742412871,0.039));
#11839=CARTESIAN_POINT('',(0.0123093722596595,0.00641290383098934,0.039));
#11840=CARTESIAN_POINT('',(0.0139617341347075,0.00651315547237904,0.039));
#11841=CARTESIAN_POINT('',(0.0139617341347075,0.00651315547237904,0.036));
#11842=CARTESIAN_POINT('',(0.0138101632007017,0.00667745677354549,0.039));
#11843=CARTESIAN_POINT('',(0.0138101632007017,0.00667745677354549,0.036));
#11844=CARTESIAN_POINT('',(0.0135724633763749,0.00675960742412871,0.039));
#11845=CARTESIAN_POINT('',(0.0135724633763749,0.00675960742412871,0.036));
#11846=CARTESIAN_POINT('',(0.0132486346617273,0.00675960742412871,0.039));
#11847=CARTESIAN_POINT('',(0.0132486346617273,0.00675960742412871,0.036));
#11848=CARTESIAN_POINT('',(0.0139617341347075,0.00651315547237904,0.039));
#11849=CARTESIAN_POINT('',(0.0139617341347075,0.00651315547237904,0.039));
#11850=CARTESIAN_POINT('',(0.0139617341347075,0.00651315547237904,0.039));
#11851=CARTESIAN_POINT('',(0.0137343777336988,0.00675960742412871,0.039));
#11852=CARTESIAN_POINT('',(0.0132486346617273,0.00675960742412871,0.039));
#11853=CARTESIAN_POINT('',(0.0141890905357163,0.0057678322575235,0.039));
#11854=CARTESIAN_POINT('',(0.0141890905357163,0.0057678322575235,0.036));
#11855=CARTESIAN_POINT('',(0.0141890905357163,0.00610041309959408,0.039));
#11856=CARTESIAN_POINT('',(0.0141890905357163,0.00610041309959408,0.036));
#11857=CARTESIAN_POINT('',(0.0141133050687134,0.00634885417121259,0.039));
#11858=CARTESIAN_POINT('',(0.0141133050687134,0.00634885417121259,0.036));
#11859=CARTESIAN_POINT('',(0.0139617341347075,0.00651315547237904,0.039));
#11860=CARTESIAN_POINT('',(0.0139617341347075,0.00651315547237904,0.036));
#11861=CARTESIAN_POINT('',(0.0141890905357163,0.0057678322575235,0.039));
#11862=CARTESIAN_POINT('',(0.0141890905357163,0.00626670352062937,0.039));
#11863=CARTESIAN_POINT('',(0.0139617341347075,0.00651315547237904,0.039));
#11864=CARTESIAN_POINT('',(0.00198598749339636,-0.00383108708127283,0.039));
#11865=CARTESIAN_POINT('',(0.00841387990851704,0.00432194102486139,0.039));
#11866=CARTESIAN_POINT('',(0.0087886300918071,0.00312309847990961,0.039));
#11867=CARTESIAN_POINT('',(0.0087886300918071,0.00312309847990961,0.039));
#11868=CARTESIAN_POINT('',(0.00841387990851704,0.00432194102486139,0.039));
#11869=CARTESIAN_POINT('',(0.00803912972522699,0.00552078356981317,0.039));
#11870=CARTESIAN_POINT('',(0.00803912972522699,0.00552078356981317,0.039));
#11871=CARTESIAN_POINT('',(0.00915621944356932,0.00312309847990961,0.039));
#11872=CARTESIAN_POINT('',(0.00952380879533153,0.00312309847990961,0.039));
#11873=CARTESIAN_POINT('',(0.00952380879533153,0.00312309847990961,0.039));
#11874=CARTESIAN_POINT('',(0.00915621944356932,0.00312309847990961,0.039));
#11875=CARTESIAN_POINT('',(0.0100883210141092,0.00516691914514597,0.039));
#11876=CARTESIAN_POINT('',(0.0106528332328869,0.00721073981038234,0.039));
#11877=CARTESIAN_POINT('',(0.0106528332328869,0.00721073981038234,0.039));
#11878=CARTESIAN_POINT('',(0.0100883210141092,0.00516691914514597,0.039));
#11879=CARTESIAN_POINT('',(0.0103323860220163,0.00721073981038234,0.039));
#11880=CARTESIAN_POINT('',(0.0100119388111456,0.00721073981038234,0.039));
#11881=CARTESIAN_POINT('',(0.0100119388111456,0.00721073981038234,0.039));
#11882=CARTESIAN_POINT('',(0.0103323860220163,0.00721073981038234,0.039));
#11883=CARTESIAN_POINT('',(0.00923439185441485,0.0042014003608095,0.039));
#11884=CARTESIAN_POINT('',(0.00923439185441485,0.0042014003608095,0.036));
#11885=CARTESIAN_POINT('',(0.00927775466755563,0.00438797980450699,0.039));
#11886=CARTESIAN_POINT('',(0.00927775466755563,0.00438797980450699,0.036));
#11887=CARTESIAN_POINT('',(0.00953693698646589,0.0053910929543646,0.039));
#11888=CARTESIAN_POINT('',(0.00953693698646589,0.0053910929543646,0.036));
#11889=CARTESIAN_POINT('',(0.0100119388111456,0.00721073981038234,0.039));
#11890=CARTESIAN_POINT('',(0.0100119388111456,0.00721073981038234,0.036));
#11891=CARTESIAN_POINT('',(0.00923439185441485,0.0042014003608095,0.039));
#11892=CARTESIAN_POINT('',(0.00923439185441485,0.0042014003608095,0.039));
#11893=CARTESIAN_POINT('',(0.00923439185441485,0.0042014003608095,0.039));
#11894=CARTESIAN_POINT('',(0.00929943607412602,0.00448126952635573,0.039));
#11895=CARTESIAN_POINT('',(0.0100119388111456,0.00721073981038234,0.039));
#11896=CARTESIAN_POINT('',(0.0134687140670745,0.00315040364371753,0.039));
#11897=CARTESIAN_POINT('',(0.00915310155259881,0.00378666886815569,0.039));
#11898=CARTESIAN_POINT('',(0.00915310155259881,0.00378666886815569,0.039));
#11899=CARTESIAN_POINT('',(0.0134687140670745,0.00315040364371753,0.039));
#11900=CARTESIAN_POINT('',(0.00913891410071038,0.00378666886815569,0.039));
#11901=CARTESIAN_POINT('',(0.00912399570169406,0.00378666886815569,0.039));
#11902=CARTESIAN_POINT('',(0.00912399570169406,0.00378666886815569,0.039));
#11903=CARTESIAN_POINT('',(0.00913891410071038,0.00378666886815569,0.039));
#11904=CARTESIAN_POINT('',(0.00884114285634456,0.00486437401309493,0.039));
#11905=CARTESIAN_POINT('',(0.00884114285634456,0.00486437401309493,0.036));
#11906=CARTESIAN_POINT('',(0.00898038124716358,0.00443711106526741,0.039));
#11907=CARTESIAN_POINT('',(0.00898038124716358,0.00443711106526741,0.036));
#11908=CARTESIAN_POINT('',(0.00907466552894675,0.00407787601695433,0.039));
#11909=CARTESIAN_POINT('',(0.00907466552894675,0.00407787601695433,0.036));
#11910=CARTESIAN_POINT('',(0.00912399570169406,0.00378666886815569,0.039));
#11911=CARTESIAN_POINT('',(0.00912399570169406,0.00378666886815569,0.036));
#11912=CARTESIAN_POINT('',(0.00884114285634456,0.00486437401309493,0.039));
#11913=CARTESIAN_POINT('',(0.00884114285634456,0.00486437401309493,0.039));
#11914=CARTESIAN_POINT('',(0.00884114285634456,0.00486437401309493,0.039));
#11915=CARTESIAN_POINT('',(0.00905000044257309,0.00422347959135365,0.039));
#11916=CARTESIAN_POINT('',(0.00912399570169406,0.00378666886815569,0.039));
#11917=CARTESIAN_POINT('',(0.0084753437124643,0.00603755691173863,0.039));
#11918=CARTESIAN_POINT('',(0.00810954456858404,0.00721073981038234,0.039));
#11919=CARTESIAN_POINT('',(0.00810954456858404,0.00721073981038234,0.039));
#11920=CARTESIAN_POINT('',(0.0084753437124643,0.00603755691173863,0.039));
#11921=CARTESIAN_POINT('',(0.00777417895869708,0.00721073981038234,0.039));
#11922=CARTESIAN_POINT('',(0.00743881334881012,0.00721073981038234,0.039));
#11923=CARTESIAN_POINT('',(0.00743881334881012,0.00721073981038234,0.039));
#11924=CARTESIAN_POINT('',(0.00777417895869708,0.00721073981038234,0.039));
#11925=CARTESIAN_POINT('',(0.00706406316552006,0.00603755691173863,0.039));
#11926=CARTESIAN_POINT('',(0.00668931298223001,0.00486437401309493,0.039));
#11927=CARTESIAN_POINT('',(0.00668911248907697,0.00486444044677187,0.039));
#11928=CARTESIAN_POINT('',(0.00706406316552006,0.00603755691173863,0.039));
#11929=CARTESIAN_POINT('',(0.0150361915088468,0.00209862454447462,0.039));
#11930=CARTESIAN_POINT('',(0.00652998448073567,0.00432969859234988,0.039));
#11931=CARTESIAN_POINT('',(0.00653016061983313,0.00432965161265529,0.039));
#11932=CARTESIAN_POINT('',(0.0150361915088468,0.00209862454447462,0.039));
#11933=CARTESIAN_POINT('',(0.0142764666193001,0.00217026335660473,0.039));
#11934=CARTESIAN_POINT('',(0.00639765788278096,0.00377950803662785,0.039));
#11935=CARTESIAN_POINT('',(0.00639765788278097,0.00377950803662785,0.039));
#11936=CARTESIAN_POINT('',(0.0142764666193001,0.00217026335660473,0.039));
#11937=CARTESIAN_POINT('',(0.00638318743441504,0.00377950803662785,0.039));
#11938=CARTESIAN_POINT('',(0.00636826903539872,0.00377950803662785,0.039));
#11939=CARTESIAN_POINT('',(0.00636826903539872,0.00377950803662785,0.039));
#11940=CARTESIAN_POINT('',(0.00638318743441504,0.00377950803662785,0.039));
#11941=CARTESIAN_POINT('',(0.0061313648590195,0.00486437401309493,0.039));
#11942=CARTESIAN_POINT('',(0.0061313648590195,0.00486437401309493,0.036));
#11943=CARTESIAN_POINT('',(0.00626940977791721,0.00432731164850727,0.039));
#11944=CARTESIAN_POINT('',(0.00626940977791721,0.00432731164850727,0.036));
#11945=CARTESIAN_POINT('',(0.00634837783671029,0.00396568965635158,0.039));
#11946=CARTESIAN_POINT('',(0.00634837783671029,0.00396568965635158,0.036));
#11947=CARTESIAN_POINT('',(0.00636826903539872,0.00377950803662785,0.039));
#11948=CARTESIAN_POINT('',(0.00636826903539872,0.00377950803662785,0.036));
#11949=CARTESIAN_POINT('',(0.0061313648590195,0.00486437401309493,0.039));
#11950=CARTESIAN_POINT('',(0.0061313648590195,0.00486437401309493,0.039));
#11951=CARTESIAN_POINT('',(0.0061313648590195,0.00486437401309493,0.039));
#11952=CARTESIAN_POINT('',(0.00633843223736607,0.00405878046621344,0.039));
#11953=CARTESIAN_POINT('',(0.00636826903539872,0.00377950803662785,0.039));
#11954=CARTESIAN_POINT('',(0.0058599913291236,0.00592147606381373,0.0389999999996417));
#11955=CARTESIAN_POINT('',(0.00552915880117151,0.00721073981038234,0.039));
#11956=CARTESIAN_POINT('',(0.00552915880117151,0.00721073981038234,0.039));
#11957=CARTESIAN_POINT('',(0.0058599913291236,0.00592147606381373,0.039));
#11958=CARTESIAN_POINT('',(0.00520463391212546,0.00721073981038234,0.039));
#11959=CARTESIAN_POINT('',(0.00488000954953025,0.00721073981038234,0.039));
#11960=CARTESIAN_POINT('',(0.00488000954953025,0.00721073981038234,0.039));
#11961=CARTESIAN_POINT('',(0.00520463391212546,0.00721073981038234,0.039));
#11962=CARTESIAN_POINT('',(0.00543736093678011,0.00516691914514597,0.039));
#11963=CARTESIAN_POINT('',(0.00599471232402997,0.0031230984799096,0.039));
#11964=CARTESIAN_POINT('',(0.00599471232402997,0.0031230984799096,0.039));
#11965=CARTESIAN_POINT('',(0.00543736093678011,0.00516691914514597,0.039));
#11966=CARTESIAN_POINT('',(0.00635275390042174,0.00312309847990961,0.039));
#11967=CARTESIAN_POINT('',(0.00671079547681351,0.00312309847990961,0.039));
#11968=CARTESIAN_POINT('',(0.00671079547681351,0.00312309847990961,0.039));
#11969=CARTESIAN_POINT('',(0.00635275390042174,0.00312309847990961,0.039));
#11970=CARTESIAN_POINT('',(0.00709688364335597,0.00431836060909747,0.039));
#11971=CARTESIAN_POINT('',(0.00748297180989843,0.00551362273828534,0.039));
#11972=CARTESIAN_POINT('',(0.00748297180989843,0.00551362273828534,0.039));
#11973=CARTESIAN_POINT('',(0.00709688364335597,0.00431836060909747,0.039));
#11974=CARTESIAN_POINT('',(0.00774434216066443,0.00652091303986752,0.039));
#11975=CARTESIAN_POINT('',(0.00774434216066443,0.00652091303986752,0.036));
#11976=CARTESIAN_POINT('',(0.00764488616722227,0.00608569361256463,0.039));
#11977=CARTESIAN_POINT('',(0.00764488616722227,0.00608569361256463,0.036));
#11978=CARTESIAN_POINT('',(0.00755776271696694,0.00574993017870391,0.039));
#11979=CARTESIAN_POINT('',(0.00755776271696694,0.00574993017870391,0.036));
#11980=CARTESIAN_POINT('',(0.00748297180989843,0.00551362273828534,0.039));
#11981=CARTESIAN_POINT('',(0.00748297180989843,0.00551362273828534,0.036));
#11982=CARTESIAN_POINT('',(0.00774434216066443,0.00652091303986752,0.039));
#11983=CARTESIAN_POINT('',(0.00774434216066443,0.00652091303986752,0.039));
#11984=CARTESIAN_POINT('',(0.00774434216066443,0.00652091303986752,0.039));
#11985=CARTESIAN_POINT('',(0.00759515817050119,0.00586808389891319,0.039));
#11986=CARTESIAN_POINT('',(0.00748297180989843,0.00551362273828534,0.039));
#11987=CARTESIAN_POINT('',(0.00775926055968075,0.00652091303986752,0.039));
#11988=CARTESIAN_POINT('',(0.00777417895869708,0.00652091303986752,0.039));
#11989=CARTESIAN_POINT('',(0.00777417895869708,0.00652091303986752,0.039));
#11990=CARTESIAN_POINT('',(0.00775926055968075,0.00652091303986752,0.039));
#11991=CARTESIAN_POINT('',(0.00803912972522699,0.00552078356981317,0.039));
#11992=CARTESIAN_POINT('',(0.00803912972522699,0.00552078356981317,0.036));
#11993=CARTESIAN_POINT('',(0.00799139084837475,0.00566797844010757,0.039));
#11994=CARTESIAN_POINT('',(0.00799139084837475,0.00566797844010757,0.036));
#11995=CARTESIAN_POINT('',(0.00790307392619811,0.00600135493012569,0.039));
#11996=CARTESIAN_POINT('',(0.00790307392619811,0.00600135493012569,0.036));
#11997=CARTESIAN_POINT('',(0.00777417895869708,0.00652091303986752,0.039));
#11998=CARTESIAN_POINT('',(0.00777417895869708,0.00652091303986752,0.036));
#11999=CARTESIAN_POINT('',(0.00803912972522699,0.00552078356981317,0.039));
#12000=CARTESIAN_POINT('',(0.00796752140994863,0.00574157587525477,0.039));
#12001=CARTESIAN_POINT('',(0.00777417895869708,0.00652091303986752,0.039));
#12002=CARTESIAN_POINT('',(0.00198598749339636,-0.00383108708127283,0.039));
#12003=CARTESIAN_POINT('',(0.00125066143683899,0.00517109629687054,0.039));
#12004=CARTESIAN_POINT('',(0.00125066143683899,0.00517109629687054,0.036));
#12005=CARTESIAN_POINT('',(0.00125066143683899,0.00464835559533855,0.039));
#12006=CARTESIAN_POINT('',(0.00125066143683899,0.00464835559533855,0.036));
#12007=CARTESIAN_POINT('',(0.00135509022995326,0.00425033270958304,0.039));
#12008=CARTESIAN_POINT('',(0.00135509022995326,0.00425033270958304,0.036));
#12009=CARTESIAN_POINT('',(0.00156394781618179,0.00397702763960399,0.039));
#12010=CARTESIAN_POINT('',(0.00156394781618179,0.00397702763960399,0.036));
#12011=CARTESIAN_POINT('',(0.00125066143683899,0.00517109629687054,0.036));
#12012=CARTESIAN_POINT('',(0.00125066143683899,0.00438698524457256,0.036));
#12013=CARTESIAN_POINT('',(0.00156394781618179,0.00397702763960399,0.036));
#12014=CARTESIAN_POINT('',(0.00125066143683899,0.00517109629687054,0.036));
#12015=CARTESIAN_POINT('',(0.00156394781618179,0.00397702763960399,0.036));
#12016=CARTESIAN_POINT('',(0.00125066143683899,0.00517109629687054,0.039));
#12017=CARTESIAN_POINT('',(0.00125066143683899,0.00517109629687054,0.039));
#12018=CARTESIAN_POINT('',(0.00125066143683899,0.00517109629687054,0.039));
#12019=CARTESIAN_POINT('',(0.00125066143683899,0.00438698524457256,0.039));
#12020=CARTESIAN_POINT('',(0.00156394781618179,0.00397702763960399,0.039));
#12021=CARTESIAN_POINT('',(0.00156394781618179,0.00397702763960399,0.039));
#12022=CARTESIAN_POINT('',(0.00156394781618179,0.00397702763960399,0.039));
#12023=CARTESIAN_POINT('',(0.00156036740041787,0.00636039106645188,0.039));
#12024=CARTESIAN_POINT('',(0.00156036740041787,0.00636039106645188,0.036));
#12025=CARTESIAN_POINT('',(0.00135389675803195,0.00609424682800066,0.039));
#12026=CARTESIAN_POINT('',(0.00135389675803195,0.00609424682800066,0.036));
#12027=CARTESIAN_POINT('',(0.00125066143683899,0.00569781523814021,0.039));
#12028=CARTESIAN_POINT('',(0.00125066143683899,0.00569781523814021,0.036));
#12029=CARTESIAN_POINT('',(0.00125066143683899,0.00517109629687054,0.039));
#12030=CARTESIAN_POINT('',(0.00125066143683899,0.00517109629687054,0.036));
#12031=CARTESIAN_POINT('',(0.00156036740041787,0.00636039106645188,0.036));
#12032=CARTESIAN_POINT('',(0.00125066143683899,0.00596117470877505,0.036));
#12033=CARTESIAN_POINT('',(0.00125066143683899,0.00517109629687054,0.036));
#12034=CARTESIAN_POINT('',(0.00156036740041787,0.00636039106645188,0.036));
#12035=CARTESIAN_POINT('',(0.00156036740041787,0.00636039106645188,0.039));
#12036=CARTESIAN_POINT('',(0.00156036740041787,0.00636039106645188,0.039));
#12037=CARTESIAN_POINT('',(0.00156036740041787,0.00636039106645188,0.039));
#12038=CARTESIAN_POINT('',(0.00125066143683899,0.00596117470877505,0.039));
#12039=CARTESIAN_POINT('',(0.00125066143683899,0.00517109629687054,0.039));
#12040=CARTESIAN_POINT('',(0.00247755057194146,0.0067596074241287,0.039));
#12041=CARTESIAN_POINT('',(0.00247755057194146,0.0067596074241287,0.036));
#12042=CARTESIAN_POINT('',(0.00207256576664499,0.0067596074241287,0.039));
#12043=CARTESIAN_POINT('',(0.00207256576664499,0.0067596074241287,0.036));
#12044=CARTESIAN_POINT('',(0.0017668380428038,0.00662653530490309,0.039));
#12045=CARTESIAN_POINT('',(0.0017668380428038,0.00662653530490309,0.036));
#12046=CARTESIAN_POINT('',(0.00156036740041787,0.00636039106645188,0.039));
#12047=CARTESIAN_POINT('',(0.00156036740041787,0.00636039106645188,0.036));
#12048=CARTESIAN_POINT('',(0.00247755057194146,0.0067596074241287,0.036));
#12049=CARTESIAN_POINT('',(0.00187007336399676,0.0067596074241287,0.036));
#12050=CARTESIAN_POINT('',(0.00156036740041787,0.00636039106645188,0.036));
#12051=CARTESIAN_POINT('',(0.00247755057194146,0.0067596074241287,0.036));
#12052=CARTESIAN_POINT('',(0.00247755057194146,0.0067596074241287,0.039));
#12053=CARTESIAN_POINT('',(0.00247755057194146,0.0067596074241287,0.039));
#12054=CARTESIAN_POINT('',(0.00247755057194146,0.0067596074241287,0.039));
#12055=CARTESIAN_POINT('',(0.00187007336399676,0.0067596074241287,0.039));
#12056=CARTESIAN_POINT('',(0.00156036740041787,0.00636039106645188,0.039));
#12057=CARTESIAN_POINT('',(0.00340845867056007,0.006355020442806,0.039));
#12058=CARTESIAN_POINT('',(0.00340845867056007,0.006355020442806,0.036));
#12059=CARTESIAN_POINT('',(0.00319840761241024,0.00662474509702113,0.039));
#12060=CARTESIAN_POINT('',(0.00319840761241024,0.00662474509702113,0.036));
#12061=CARTESIAN_POINT('',(0.0028881049128707,0.0067596074241287,0.039));
#12062=CARTESIAN_POINT('',(0.0028881049128707,0.0067596074241287,0.036));
#12063=CARTESIAN_POINT('',(0.00247755057194146,0.0067596074241287,0.039));
#12064=CARTESIAN_POINT('',(0.00247755057194146,0.0067596074241287,0.036));
#12065=CARTESIAN_POINT('',(0.00340845867056007,0.006355020442806,0.036));
#12066=CARTESIAN_POINT('',(0.00309338208333532,0.0067596074241287,0.036));
#12067=CARTESIAN_POINT('',(0.00247755057194146,0.0067596074241287,0.036));
#12068=CARTESIAN_POINT('',(0.00340845867056007,0.006355020442806,0.036));
#12069=CARTESIAN_POINT('',(0.00340845867056007,0.006355020442806,0.039));
#12070=CARTESIAN_POINT('',(0.00340845867056007,0.006355020442806,0.039));
#12071=CARTESIAN_POINT('',(0.00340845867056007,0.006355020442806,0.039));
#12072=CARTESIAN_POINT('',(0.00309338208333532,0.0067596074241287,0.039));
#12073=CARTESIAN_POINT('',(0.00247755057194146,0.0067596074241287,0.039));
#12074=CARTESIAN_POINT('',(0.00372353525778483,0.00517109629687054,0.039));
#12075=CARTESIAN_POINT('',(0.00372353525778483,0.00517109629687054,0.036));
#12076=CARTESIAN_POINT('',(0.00372353525778483,0.00569065440661238,0.039));
#12077=CARTESIAN_POINT('',(0.00372353525778483,0.00569065440661238,0.036));
#12078=CARTESIAN_POINT('',(0.00361850972870991,0.00608529578859087,0.039));
#12079=CARTESIAN_POINT('',(0.00361850972870991,0.00608529578859087,0.036));
#12080=CARTESIAN_POINT('',(0.00340845867056007,0.006355020442806,0.039));
#12081=CARTESIAN_POINT('',(0.00340845867056007,0.006355020442806,0.036));
#12082=CARTESIAN_POINT('',(0.00372353525778483,0.00517109629687054,0.036));
#12083=CARTESIAN_POINT('',(0.00372353525778483,0.0059504334614833,0.036));
#12084=CARTESIAN_POINT('',(0.00340845867056007,0.006355020442806,0.036));
#12085=CARTESIAN_POINT('',(0.00372353525778483,0.00517109629687054,0.036));
#12086=CARTESIAN_POINT('',(0.00372353525778483,0.00517109629687054,0.039));
#12087=CARTESIAN_POINT('',(0.00372353525778483,0.00517109629687054,0.039));
#12088=CARTESIAN_POINT('',(0.00372353525778483,0.00517109629687054,0.039));
#12089=CARTESIAN_POINT('',(0.00372353525778483,0.0059504334614833,0.039));
#12090=CARTESIAN_POINT('',(0.00340845867056007,0.006355020442806,0.039));
#12091=CARTESIAN_POINT('',(0.00340845867056007,0.00397523743172203,0.039));
#12092=CARTESIAN_POINT('',(0.00340845867056007,0.00397523743172203,0.036));
#12093=CARTESIAN_POINT('',(0.00361850972870991,0.00424734902977977,0.039));
#12094=CARTESIAN_POINT('',(0.00361850972870991,0.00424734902977977,0.036));
#12095=CARTESIAN_POINT('',(0.00372353525778483,0.00464596865149594,0.039));
#12096=CARTESIAN_POINT('',(0.00372353525778483,0.00464596865149594,0.036));
#12097=CARTESIAN_POINT('',(0.00372353525778483,0.00517109629687054,0.039));
#12098=CARTESIAN_POINT('',(0.00372353525778483,0.00517109629687054,0.036));
#12099=CARTESIAN_POINT('',(0.00340845867056007,0.00397523743172203,0.036));
#12100=CARTESIAN_POINT('',(0.00372353525778483,0.00438340482880864,0.036));
#12101=CARTESIAN_POINT('',(0.00372353525778483,0.00517109629687054,0.036));
#12102=CARTESIAN_POINT('',(0.00340845867056007,0.00397523743172203,0.036));
#12103=CARTESIAN_POINT('',(0.00340845867056007,0.00397523743172203,0.039));
#12104=CARTESIAN_POINT('',(0.00340845867056007,0.00397523743172203,0.039));
#12105=CARTESIAN_POINT('',(0.00340845867056007,0.00397523743172203,0.039));
#12106=CARTESIAN_POINT('',(0.00372353525778483,0.00438340482880864,0.039));
#12107=CARTESIAN_POINT('',(0.00372353525778483,0.00517109629687054,0.039));
#12108=CARTESIAN_POINT('',(0.0024847114034693,0.00356707003463541,0.039));
#12109=CARTESIAN_POINT('',(0.0024847114034693,0.00356707003463541,0.036));
#12110=CARTESIAN_POINT('',(0.00289049185671331,0.00356707003463541,0.039));
#12111=CARTESIAN_POINT('',(0.00289049185671331,0.00356707003463541,0.036));
#12112=CARTESIAN_POINT('',(0.00319840761241024,0.00370312583366428,0.039));
#12113=CARTESIAN_POINT('',(0.00319840761241024,0.00370312583366428,0.036));
#12114=CARTESIAN_POINT('',(0.00340845867056007,0.00397523743172203,0.039));
#12115=CARTESIAN_POINT('',(0.00340845867056007,0.00397523743172203,0.036));
#12116=CARTESIAN_POINT('',(0.0024847114034693,0.00356707003463541,0.036));
#12117=CARTESIAN_POINT('',(0.00309338208333532,0.00356707003463541,0.036));
#12118=CARTESIAN_POINT('',(0.00340845867056007,0.00397523743172203,0.036));
#12119=CARTESIAN_POINT('',(0.0024847114034693,0.00356707003463541,0.036));
#12120=CARTESIAN_POINT('',(0.0024847114034693,0.00356707003463541,0.039));
#12121=CARTESIAN_POINT('',(0.0024847114034693,0.00356707003463541,0.039));
#12122=CARTESIAN_POINT('',(0.0024847114034693,0.00356707003463541,0.039));
#12123=CARTESIAN_POINT('',(0.00309338208333532,0.00356707003463541,0.039));
#12124=CARTESIAN_POINT('',(0.00340845867056007,0.00397523743172203,0.039));
#12125=CARTESIAN_POINT('',(0.00436442967952611,0.00517109629687054,0.039));
#12126=CARTESIAN_POINT('',(0.00436442967952611,0.00517109629687054,0.036));
#12127=CARTESIAN_POINT('',(0.00436442967952611,0.00450434331683431,0.039));
#12128=CARTESIAN_POINT('',(0.00436442967952611,0.00450434331683431,0.036));
#12129=CARTESIAN_POINT('',(0.00419674687458263,0.00398379064715805,0.039));
#12130=CARTESIAN_POINT('',(0.00419674687458263,0.00398379064715805,0.036));
#12131=CARTESIAN_POINT('',(0.00386138126469566,0.00360943828784177,0.039));
#12132=CARTESIAN_POINT('',(0.00386138126469566,0.00360943828784177,0.036));
#12133=CARTESIAN_POINT('',(0.00436442967952611,0.00517109629687054,0.039));
#12134=CARTESIAN_POINT('',(0.00436442967952611,0.00517109629687054,0.039));
#12135=CARTESIAN_POINT('',(0.00436442967952611,0.00517109629687054,0.039));
#12136=CARTESIAN_POINT('',(0.00436442967952611,0.0041709668268162,0.039));
#12137=CARTESIAN_POINT('',(0.00386138126469566,0.00360943828784177,0.039));
#12138=CARTESIAN_POINT('',(0.00386138126469566,0.00360943828784177,0.039));
#12139=CARTESIAN_POINT('',(0.00386138126469566,0.00360943828784177,0.039));
#12140=CARTESIAN_POINT('',(0.00385899432085305,0.00671485222707973,0.039));
#12141=CARTESIAN_POINT('',(0.00385899432085305,0.00671485222707973,0.036));
#12142=CARTESIAN_POINT('',(0.00419595122663509,0.00633413468418315,0.039));
#12143=CARTESIAN_POINT('',(0.00419595122663509,0.00633413468418315,0.036));
#12144=CARTESIAN_POINT('',(0.00436442967952611,0.00581954937411342,0.039));
#12145=CARTESIAN_POINT('',(0.00436442967952611,0.00581954937411342,0.036));
#12146=CARTESIAN_POINT('',(0.00436442967952611,0.00517109629687054,0.039));
#12147=CARTESIAN_POINT('',(0.00436442967952611,0.00517109629687054,0.036));
#12148=CARTESIAN_POINT('',(0.00385899432085305,0.00671485222707973,0.039));
#12149=CARTESIAN_POINT('',(0.00385899432085305,0.00671485222707973,0.039));
#12150=CARTESIAN_POINT('',(0.00385899432085305,0.00671485222707973,0.039));
#12151=CARTESIAN_POINT('',(0.00436442967952611,0.00614377591273486,0.039));
#12152=CARTESIAN_POINT('',(0.00436442967952611,0.00517109629687054,0.039));
#12153=CARTESIAN_POINT('',(0.00249664612268236,0.00728592854142461,0.039));
#12154=CARTESIAN_POINT('',(0.00249664612268236,0.00728592854142461,0.036));
#12155=CARTESIAN_POINT('',(0.00306792134901412,0.00728592854142461,0.039));
#12156=CARTESIAN_POINT('',(0.00306792134901412,0.00728592854142461,0.036));
#12157=CARTESIAN_POINT('',(0.00352203741507102,0.00709556976997632,0.039));
#12158=CARTESIAN_POINT('',(0.00352203741507102,0.00709556976997632,0.036));
#12159=CARTESIAN_POINT('',(0.00385899432085305,0.00671485222707973,0.039));
#12160=CARTESIAN_POINT('',(0.00385899432085305,0.00671485222707973,0.036));
#12161=CARTESIAN_POINT('',(0.00249664612268236,0.00728592854142461,0.039));
#12162=CARTESIAN_POINT('',(0.00249664612268236,0.00728592854142461,0.039));
#12163=CARTESIAN_POINT('',(0.00249664612268236,0.00728592854142461,0.039));
#12164=CARTESIAN_POINT('',(0.00335355896218,0.00728592854142461,0.039));
#12165=CARTESIAN_POINT('',(0.00385899432085305,0.00671485222707973,0.039));
#12166=CARTESIAN_POINT('',(0.00110863827820359,0.0067279804182141,0.039));
#12167=CARTESIAN_POINT('',(0.00110863827820359,0.0067279804182141,0.036));
#12168=CARTESIAN_POINT('',(0.00144201476822171,0.00709994583368777,0.039));
#12169=CARTESIAN_POINT('',(0.00144201476822171,0.00709994583368777,0.036));
#12170=CARTESIAN_POINT('',(0.00190468404971463,0.00728592854142461,0.039));
#12171=CARTESIAN_POINT('',(0.00190468404971463,0.00728592854142461,0.036));
#12172=CARTESIAN_POINT('',(0.00249664612268236,0.00728592854142461,0.039));
#12173=CARTESIAN_POINT('',(0.00249664612268236,0.00728592854142461,0.036));
#12174=CARTESIAN_POINT('',(0.00110863827820359,0.0067279804182141,0.039));
#12175=CARTESIAN_POINT('',(0.00110863827820359,0.0067279804182141,0.039));
#12176=CARTESIAN_POINT('',(0.00110863827820359,0.0067279804182141,0.039));
#12177=CARTESIAN_POINT('',(0.00160870301323076,0.00728592854142461,0.039));
#12178=CARTESIAN_POINT('',(0.00249664612268236,0.00728592854142461,0.039));
#12179=CARTESIAN_POINT('',(0.000608573543176416,0.00517109629687054,0.039));
#12180=CARTESIAN_POINT('',(0.000608573543176416,0.00517109629687054,0.036));
#12181=CARTESIAN_POINT('',(0.000608573543176416,0.00583705362895924,0.039));
#12182=CARTESIAN_POINT('',(0.000608573543176416,0.00583705362895924,0.036));
#12183=CARTESIAN_POINT('',(0.000775261788185474,0.00635601500274043,0.039));
#12184=CARTESIAN_POINT('',(0.000775261788185474,0.00635601500274043,0.036));
#12185=CARTESIAN_POINT('',(0.00110863827820359,0.0067279804182141,0.039));
#12186=CARTESIAN_POINT('',(0.00110863827820359,0.0067279804182141,0.036));
#12187=CARTESIAN_POINT('',(0.000608573543176416,0.00517109629687054,0.039));
#12188=CARTESIAN_POINT('',(0.000608573543176416,0.00517109629687054,0.039));
#12189=CARTESIAN_POINT('',(0.000608573543176416,0.00517109629687054,0.039));
#12190=CARTESIAN_POINT('',(0.000608573543176416,0.00617003229500359,0.039));
#12191=CARTESIAN_POINT('',(0.00110863827820359,0.0067279804182141,0.039));
#12192=CARTESIAN_POINT('',(0.000840107095909762,0.00404445880315777,0.039));
#12193=CARTESIAN_POINT('',(0.000840107095909762,0.00404445880315777,0.036));
#12194=CARTESIAN_POINT('',(0.000685751394087531,0.00436510492601529,0.039));
#12195=CARTESIAN_POINT('',(0.000685751394087531,0.00436510492601529,0.036));
#12196=CARTESIAN_POINT('',(0.000608573543176416,0.00474065075725288,0.039));
#12197=CARTESIAN_POINT('',(0.000608573543176416,0.00474065075725288,0.036));
#12198=CARTESIAN_POINT('',(0.000608573543176416,0.00517109629687054,0.039));
#12199=CARTESIAN_POINT('',(0.000608573543176416,0.00517109629687054,0.036));
#12200=CARTESIAN_POINT('',(0.000840107095909762,0.00404445880315777,0.039));
#12201=CARTESIAN_POINT('',(0.000840107095909762,0.00404445880315777,0.039));
#12202=CARTESIAN_POINT('',(0.000840107095909762,0.00404445880315777,0.039));
#12203=CARTESIAN_POINT('',(0.000608573543176416,0.00452542798744405,0.039));
#12204=CARTESIAN_POINT('',(0.000608573543176416,0.00517109629687054,0.039));
#12205=CARTESIAN_POINT('',(0.00149651665262801,0.00330569968386941,0.039));
#12206=CARTESIAN_POINT('',(0.00149651665262801,0.00330569968386941,0.036));
#12207=CARTESIAN_POINT('',(0.00121326598330474,0.00347755964053746,0.039));
#12208=CARTESIAN_POINT('',(0.00121326598330474,0.00347755964053746,0.036));
#12209=CARTESIAN_POINT('',(0.000994462797731993,0.00372381268030025,0.039));
#12210=CARTESIAN_POINT('',(0.000994462797731993,0.00372381268030025,0.036));
#12211=CARTESIAN_POINT('',(0.000840107095909762,0.00404445880315777,0.039));
#12212=CARTESIAN_POINT('',(0.000840107095909762,0.00404445880315777,0.036));
#12213=CARTESIAN_POINT('',(0.00149651665262801,0.00330569968386941,0.039));
#12214=CARTESIAN_POINT('',(0.00149651665262801,0.00330569968386941,0.039));
#12215=CARTESIAN_POINT('',(0.00149651665262801,0.00330569968386941,0.039));
#12216=CARTESIAN_POINT('',(0.00107164064864311,0.00356348961887149,0.039));
#12217=CARTESIAN_POINT('',(0.000840107095909762,0.00404445880315777,0.039));
#12218=CARTESIAN_POINT('',(0.00247038974041363,0.00304790974886734,0.039));
#12219=CARTESIAN_POINT('',(0.00247038974041363,0.00304790974886734,0.036));
#12220=CARTESIAN_POINT('',(0.00210439168454649,0.00304790974886734,0.039));
#12221=CARTESIAN_POINT('',(0.00210439168454649,0.00304790974886734,0.036));
#12222=CARTESIAN_POINT('',(0.00177976732195128,0.00313383972720136,0.039));
#12223=CARTESIAN_POINT('',(0.00177976732195128,0.00313383972720136,0.036));
#12224=CARTESIAN_POINT('',(0.00149651665262801,0.00330569968386941,0.039));
#12225=CARTESIAN_POINT('',(0.00149651665262801,0.00330569968386941,0.036));
#12226=CARTESIAN_POINT('',(0.00247038974041363,0.00304790974886734,0.039));
#12227=CARTESIAN_POINT('',(0.00247038974041363,0.00304790974886734,0.039));
#12228=CARTESIAN_POINT('',(0.00247038974041363,0.00304790974886734,0.039));
#12229=CARTESIAN_POINT('',(0.00192139265661292,0.00304790974886734,0.039));
#12230=CARTESIAN_POINT('',(0.00149651665262801,0.00330569968386941,0.039));
#12231=CARTESIAN_POINT('',(0.00386138126469566,0.00360943828784177,0.039));
#12232=CARTESIAN_POINT('',(0.00386138126469566,0.00360943828784177,0.036));
#12233=CARTESIAN_POINT('',(0.0035260156548087,0.00323508592852548,0.039));
#12234=CARTESIAN_POINT('',(0.0035260156548087,0.00323508592852548,0.036));
#12235=CARTESIAN_POINT('',(0.00306235181338136,0.00304790974886734,0.039));
#12236=CARTESIAN_POINT('',(0.00306235181338136,0.00304790974886734,0.036));
#12237=CARTESIAN_POINT('',(0.00247038974041363,0.00304790974886734,0.039));
#12238=CARTESIAN_POINT('',(0.00247038974041363,0.00304790974886734,0.036));
#12239=CARTESIAN_POINT('',(0.00386138126469566,0.00360943828784177,0.039));
#12240=CARTESIAN_POINT('',(0.00335833284986522,0.00304790974886734,0.039));
#12241=CARTESIAN_POINT('',(0.00247038974041363,0.00304790974886734,0.039));
#12242=CARTESIAN_POINT('',(0.00156394781618179,0.00397702763960399,0.039));
#12243=CARTESIAN_POINT('',(0.00156394781618179,0.00397702763960399,0.036));
#12244=CARTESIAN_POINT('',(0.00177280540241033,0.00370372256962493,0.039));
#12245=CARTESIAN_POINT('',(0.00177280540241033,0.00370372256962493,0.036));
#12246=CARTESIAN_POINT('',(0.00207972659817283,0.00356707003463541,0.039));
#12247=CARTESIAN_POINT('',(0.00207972659817283,0.00356707003463541,0.036));
#12248=CARTESIAN_POINT('',(0.0024847114034693,0.00356707003463541,0.039));
#12249=CARTESIAN_POINT('',(0.0024847114034693,0.00356707003463541,0.036));
#12250=CARTESIAN_POINT('',(0.00156394781618179,0.00397702763960399,0.036));
#12251=CARTESIAN_POINT('',(0.00187723419552459,0.00356707003463541,0.036));
#12252=CARTESIAN_POINT('',(0.0024847114034693,0.00356707003463541,0.036));
#12253=CARTESIAN_POINT('',(0.00156394781618179,0.00397702763960399,0.039));
#12254=CARTESIAN_POINT('',(0.00187723419552459,0.00356707003463541,0.039));
#12255=CARTESIAN_POINT('',(0.0024847114034693,0.00356707003463541,0.039));
#12256=CARTESIAN_POINT('',(0.00198598749339636,-0.00383108708127283,0.039));
#12257=CARTESIAN_POINT('',(-0.000957261617576932,0.00587882514620494,0.039));
#12258=CARTESIAN_POINT('',(-0.000957261617576932,0.00587882514620494,0.036));
#12259=CARTESIAN_POINT('',(-0.000957261617576932,0.00659013441130326,0.039));
#12260=CARTESIAN_POINT('',(-0.000957261617576932,0.00659013441130326,0.036));
#12261=CARTESIAN_POINT('',(-0.00113568566981217,0.00712600330396961,0.039));
#12262=CARTESIAN_POINT('',(-0.00113568566981217,0.00712600330396961,0.036));
#12263=CARTESIAN_POINT('',(-0.00149253377428263,0.007486431824204,0.039));
#12264=CARTESIAN_POINT('',(-0.00149253377428263,0.007486431824204,0.036));
#12265=CARTESIAN_POINT('',(-0.000957261617576932,0.00587882514620494,0.036));
#12266=CARTESIAN_POINT('',(-0.000957261617576932,0.00694578904385242,0.036));
#12267=CARTESIAN_POINT('',(-0.00149253377428263,0.007486431824204,0.036));
#12268=CARTESIAN_POINT('',(-0.000957261617576932,0.00587882514620494,0.036));
#12269=CARTESIAN_POINT('',(-0.00149253377428263,0.007486431824204,0.036));
#12270=CARTESIAN_POINT('',(-0.000957261617576932,0.00587882514620494,0.039));
#12271=CARTESIAN_POINT('',(-0.000957261617576932,0.00587882514620494,0.039));
#12272=CARTESIAN_POINT('',(-0.000957261617576932,0.00587882514620494,0.039));
#12273=CARTESIAN_POINT('',(-0.000957261617576932,0.00694578904385242,0.039));
#12274=CARTESIAN_POINT('',(-0.00149253377428263,0.007486431824204,0.039));
#12275=CARTESIAN_POINT('',(-0.00149253377428263,0.007486431824204,0.039));
#12276=CARTESIAN_POINT('',(-0.00149253377428263,0.007486431824204,0.039));
#12277=CARTESIAN_POINT('',(-0.00152833793192181,0.00422885021499953,0.039));
#12278=CARTESIAN_POINT('',(-0.00152833793192181,0.00422885021499953,0.036));
#12279=CARTESIAN_POINT('',(-0.00114762038902522,0.0046008156304732,0.039));
#12280=CARTESIAN_POINT('',(-0.00114762038902522,0.0046008156304732,0.036));
#12281=CARTESIAN_POINT('',(-0.000957261617576931,0.00515080727420834,0.039));
#12282=CARTESIAN_POINT('',(-0.000957261617576931,0.00515080727420834,0.036));
#12283=CARTESIAN_POINT('',(-0.000957261617576932,0.00587882514620494,0.039));
#12284=CARTESIAN_POINT('',(-0.000957261617576932,0.00587882514620494,0.036));
#12285=CARTESIAN_POINT('',(-0.00152833793192181,0.00422885021499953,0.036));
#12286=CARTESIAN_POINT('',(-0.000957261617576931,0.00478679833821004,0.036));
#12287=CARTESIAN_POINT('',(-0.000957261617576932,0.00587882514620494,0.036));
#12288=CARTESIAN_POINT('',(-0.00152833793192181,0.00422885021499953,0.036));
#12289=CARTESIAN_POINT('',(-0.00152833793192181,0.00422885021499953,0.039));
#12290=CARTESIAN_POINT('',(-0.00152833793192181,0.00422885021499953,0.039));
#12291=CARTESIAN_POINT('',(-0.00152833793192181,0.00422885021499953,0.039));
#12292=CARTESIAN_POINT('',(-0.000957261617576931,0.00478679833821004,0.039));
#12293=CARTESIAN_POINT('',(-0.000957261617576932,0.00587882514620494,0.039));
#12294=CARTESIAN_POINT('',(-0.0032332125715073,0.00367090209178902,0.039));
#12295=CARTESIAN_POINT('',(-0.0032332125715073,0.00367090209178902,0.036));
#12296=CARTESIAN_POINT('',(-0.00247734702134689,0.00367090209178902,0.039));
#12297=CARTESIAN_POINT('',(-0.00247734702134689,0.00367090209178902,0.036));
#12298=CARTESIAN_POINT('',(-0.00190905547481839,0.00385688479952586,0.039));
#12299=CARTESIAN_POINT('',(-0.00190905547481839,0.00385688479952586,0.036));
#12300=CARTESIAN_POINT('',(-0.00152833793192181,0.00422885021499953,0.039));
#12301=CARTESIAN_POINT('',(-0.00152833793192181,0.00422885021499953,0.036));
#12302=CARTESIAN_POINT('',(-0.0032332125715073,0.00367090209178902,0.036));
#12303=CARTESIAN_POINT('',(-0.00209941424626668,0.00367090209178902,0.036));
#12304=CARTESIAN_POINT('',(-0.00152833793192181,0.00422885021499953,0.036));
#12305=CARTESIAN_POINT('',(-0.0032332125715073,0.00367090209178902,0.036));
#12306=CARTESIAN_POINT('',(-0.0032332125715073,0.00367090209178902,0.039));
#12307=CARTESIAN_POINT('',(-0.0032332125715073,0.00367090209178902,0.039));
#12308=CARTESIAN_POINT('',(-0.0032332125715073,0.00367090209178902,0.039));
#12309=CARTESIAN_POINT('',(-0.00209941424626668,0.00367090209178902,0.039));
#12310=CARTESIAN_POINT('',(-0.00152833793192181,0.00422885021499953,0.039));
#12311=CARTESIAN_POINT('',(-0.00361930073804975,0.00367090209178902,0.039));
#12312=CARTESIAN_POINT('',(-0.00361930073804975,0.00367090209178902,0.036));
#12313=CARTESIAN_POINT('',(-0.00400538890459221,0.00367090209178902,0.036));
#12314=CARTESIAN_POINT('',(-0.00400538890459221,0.00367090209178902,0.039));
#12315=CARTESIAN_POINT('',(-0.00400538890459221,0.00367090209178902,0.039));
#12316=CARTESIAN_POINT('',(-0.00361930073804975,0.00367090209178902,0.039));
#12317=CARTESIAN_POINT('',(-0.00400538890459221,0.0058489883481723,0.039));
#12318=CARTESIAN_POINT('',(-0.00400538890459221,0.0058489883481723,0.036));
#12319=CARTESIAN_POINT('',(-0.00400538890459221,0.00802707460455557,0.036));
#12320=CARTESIAN_POINT('',(-0.00400538890459221,0.00802707460455557,0.039));
#12321=CARTESIAN_POINT('',(-0.00400538890459221,0.00802707460455557,0.039));
#12322=CARTESIAN_POINT('',(-0.00400538890459221,0.0058489883481723,0.039));
#12323=CARTESIAN_POINT('',(-0.00354470874296813,0.00802707460455557,0.039));
#12324=CARTESIAN_POINT('',(-0.00354470874296813,0.00802707460455557,0.036));
#12325=CARTESIAN_POINT('',(-0.00308402858134405,0.00802707460455557,0.036));
#12326=CARTESIAN_POINT('',(-0.00308402858134405,0.00802707460455557,0.039));
#12327=CARTESIAN_POINT('',(-0.00308402858134405,0.00802707460455557,0.039));
#12328=CARTESIAN_POINT('',(-0.00354470874296813,0.00802707460455557,0.039));
#12329=CARTESIAN_POINT('',(-0.000286530397803014,0.00590150111270976,0.039));
#12330=CARTESIAN_POINT('',(-0.000286530397803014,0.00590150111270976,0.036));
#12331=CARTESIAN_POINT('',(-0.000286530397803013,0.00500162328404511,0.039));
#12332=CARTESIAN_POINT('',(-0.000286530397803013,0.00500162328404511,0.036));
#12333=CARTESIAN_POINT('',(-0.000530794317696955,0.00431358672141225,0.039));
#12334=CARTESIAN_POINT('',(-0.000530794317696955,0.00431358672141225,0.036));
#12335=CARTESIAN_POINT('',(-0.00101932215748484,0.00383739142481119,0.039));
#12336=CARTESIAN_POINT('',(-0.00101932215748484,0.00383739142481119,0.036));
#12337=CARTESIAN_POINT('',(-0.000286530397803014,0.00590150111270976,0.039));
#12338=CARTESIAN_POINT('',(-0.000286530397803014,0.00590150111270976,0.039));
#12339=CARTESIAN_POINT('',(-0.000286530397803014,0.00590150111270976,0.039));
#12340=CARTESIAN_POINT('',(-0.000286530397803013,0.00455168436971278,0.039));
#12341=CARTESIAN_POINT('',(-0.00101932215748484,0.00383739142481119,0.039));
#12342=CARTESIAN_POINT('',(-0.00101932215748484,0.00383739142481119,0.039));
#12343=CARTESIAN_POINT('',(-0.00101932215748484,0.00383739142481119,0.039));
#12344=CARTESIAN_POINT('',(-0.000991275567334151,0.00787132651882515,0.039));
#12345=CARTESIAN_POINT('',(-0.000991275567334151,0.00787132651882515,0.036));
#12346=CARTESIAN_POINT('',(-0.000521445454313393,0.0074014964058044,0.039));
#12347=CARTESIAN_POINT('',(-0.000521445454313393,0.0074014964058044,0.036));
#12348=CARTESIAN_POINT('',(-0.000286530397803014,0.00674488793709927,0.039));
#12349=CARTESIAN_POINT('',(-0.000286530397803014,0.00674488793709927,0.036));
#12350=CARTESIAN_POINT('',(-0.000286530397803014,0.00590150111270976,0.039));
#12351=CARTESIAN_POINT('',(-0.000286530397803014,0.00590150111270976,0.036));
#12352=CARTESIAN_POINT('',(-0.000991275567334151,0.00787132651882515,0.039));
#12353=CARTESIAN_POINT('',(-0.000991275567334151,0.00787132651882515,0.039));
#12354=CARTESIAN_POINT('',(-0.000991275567334151,0.00787132651882515,0.039));
#12355=CARTESIAN_POINT('',(-0.000286530397803014,0.00716658134929402,0.039));
#12356=CARTESIAN_POINT('',(-0.000286530397803014,0.00590150111270976,0.039));
#12357=CARTESIAN_POINT('',(-0.00296826180497738,0.00857607168835629,0.039));
#12358=CARTESIAN_POINT('',(-0.00296826180497738,0.00857607168835629,0.036));
#12359=CARTESIAN_POINT('',(-0.00212010109290265,0.00857607168835629,0.039));
#12360=CARTESIAN_POINT('',(-0.00212010109290265,0.00857607168835629,0.036));
#12361=CARTESIAN_POINT('',(-0.00146110568035491,0.00834115663184591,0.039));
#12362=CARTESIAN_POINT('',(-0.00146110568035491,0.00834115663184591,0.036));
#12363=CARTESIAN_POINT('',(-0.000991275567334151,0.00787132651882515,0.039));
#12364=CARTESIAN_POINT('',(-0.000991275567334151,0.00787132651882515,0.036));
#12365=CARTESIAN_POINT('',(-0.00296826180497738,0.00857607168835629,0.039));
#12366=CARTESIAN_POINT('',(-0.00296826180497738,0.00857607168835629,0.039));
#12367=CARTESIAN_POINT('',(-0.00296826180497738,0.00857607168835629,0.039));
#12368=CARTESIAN_POINT('',(-0.00169602073686529,0.00857607168835629,0.039));
#12369=CARTESIAN_POINT('',(-0.000991275567334151,0.00787132651882515,0.039));
#12370=CARTESIAN_POINT('',(-0.00380369214989152,0.00857607168835629,0.039));
#12371=CARTESIAN_POINT('',(-0.00463912249480565,0.00857607168835629,0.039));
#12372=CARTESIAN_POINT('',(-0.00463912249480565,0.00857607168835629,0.039));
#12373=CARTESIAN_POINT('',(-0.00380369214989152,0.00857607168835629,0.039));
#12374=CARTESIAN_POINT('',(-0.00463912249480565,0.00584958508413295,0.039));
#12375=CARTESIAN_POINT('',(-0.00463912249480565,0.0031230984799096,0.039));
#12376=CARTESIAN_POINT('',(-0.00463912249480565,0.0031230984799096,0.039));
#12377=CARTESIAN_POINT('',(-0.00463912249480565,0.00584958508413295,0.039));
#12378=CARTESIAN_POINT('',(-0.00388365476861901,0.0031230984799096,0.039));
#12379=CARTESIAN_POINT('',(-0.00312818704243238,0.0031230984799096,0.039));
#12380=CARTESIAN_POINT('',(-0.00312818704243238,0.0031230984799096,0.039));
#12381=CARTESIAN_POINT('',(-0.00388365476861901,0.0031230984799096,0.039));
#12382=CARTESIAN_POINT('',(-0.00101932215748484,0.00383739142481119,0.039));
#12383=CARTESIAN_POINT('',(-0.00101932215748484,0.00383739142481119,0.036));
#12384=CARTESIAN_POINT('',(-0.00150784999727272,0.00336119612821013,0.039));
#12385=CARTESIAN_POINT('',(-0.00150784999727272,0.00336119612821013,0.036));
#12386=CARTESIAN_POINT('',(-0.0022108049589219,0.0031230984799096,0.039));
#12387=CARTESIAN_POINT('',(-0.0022108049589219,0.0031230984799096,0.036));
#12388=CARTESIAN_POINT('',(-0.00312818704243238,0.0031230984799096,0.039));
#12389=CARTESIAN_POINT('',(-0.00312818704243238,0.0031230984799096,0.036));
#12390=CARTESIAN_POINT('',(-0.00101932215748484,0.00383739142481119,0.039));
#12391=CARTESIAN_POINT('',(-0.00175211391716667,0.0031230984799096,0.039));
#12392=CARTESIAN_POINT('',(-0.00312818704243238,0.0031230984799096,0.039));
#12393=CARTESIAN_POINT('',(-0.00149253377428263,0.007486431824204,0.039));
#12394=CARTESIAN_POINT('',(-0.00149253377428263,0.007486431824204,0.036));
#12395=CARTESIAN_POINT('',(-0.0018493818787531,0.00784686034443838,0.039));
#12396=CARTESIAN_POINT('',(-0.0018493818787531,0.00784686034443838,0.036));
#12397=CARTESIAN_POINT('',(-0.00237988014777357,0.00802707460455557,0.039));
#12398=CARTESIAN_POINT('',(-0.00237988014777357,0.00802707460455557,0.036));
#12399=CARTESIAN_POINT('',(-0.00308402858134405,0.00802707460455557,0.039));
#12400=CARTESIAN_POINT('',(-0.00308402858134405,0.00802707460455557,0.036));
#12401=CARTESIAN_POINT('',(-0.00149253377428263,0.007486431824204,0.036));
#12402=CARTESIAN_POINT('',(-0.00202780593098833,0.00802707460455557,0.036));
#12403=CARTESIAN_POINT('',(-0.00308402858134405,0.00802707460455557,0.036));
#12404=CARTESIAN_POINT('',(-0.00149253377428263,0.007486431824204,0.039));
#12405=CARTESIAN_POINT('',(-0.00202780593098833,0.00802707460455557,0.039));
#12406=CARTESIAN_POINT('',(-0.00308402858134405,0.00802707460455557,0.039));
#12407=CARTESIAN_POINT('',(0.00198598749339636,-0.00383108708127283,0.039));
#12408=CARTESIAN_POINT('',(-0.00991271760556994,0.00679443115329269,0.039));
#12409=CARTESIAN_POINT('',(-0.00991271760556994,0.00679443115329269,0.036));
#12410=CARTESIAN_POINT('',(-0.0102783807693385,0.00679443115329269,0.039));
#12411=CARTESIAN_POINT('',(-0.0102783807693385,0.00679443115329269,0.036));
#12412=CARTESIAN_POINT('',(-0.0105428771244644,0.00669326434465006,0.039));
#12413=CARTESIAN_POINT('',(-0.0105428771244644,0.00669326434465006,0.036));
#12414=CARTESIAN_POINT('',(-0.0107062066709476,0.00649093072736481,0.039));
#12415=CARTESIAN_POINT('',(-0.0107062066709476,0.00649093072736481,0.036));
#12416=CARTESIAN_POINT('',(-0.00991271760556994,0.00679443115329269,0.036));
#12417=CARTESIAN_POINT('',(-0.0104612123512227,0.00679443115329269,0.036));
#12418=CARTESIAN_POINT('',(-0.0107062066709476,0.00649093072736481,0.036));
#12419=CARTESIAN_POINT('',(-0.00991271760556994,0.00679443115329269,0.036));
#12420=CARTESIAN_POINT('',(-0.0107062066709476,0.00649093072736481,0.036));
#12421=CARTESIAN_POINT('',(-0.00991271760556994,0.00679443115329269,0.039));
#12422=CARTESIAN_POINT('',(-0.00991271760556994,0.00679443115329269,0.039));
#12423=CARTESIAN_POINT('',(-0.00991271760556994,0.00679443115329269,0.039));
#12424=CARTESIAN_POINT('',(-0.0104612123512227,0.00679443115329269,0.039));
#12425=CARTESIAN_POINT('',(-0.0107062066709476,0.00649093072736481,0.039));
#12426=CARTESIAN_POINT('',(-0.0107062066709476,0.00649093072736481,0.039));
#12427=CARTESIAN_POINT('',(-0.0107062066709476,0.00649093072736481,0.039));
#12428=CARTESIAN_POINT('',(-0.00917355563880927,0.00643712600469601,0.039));
#12429=CARTESIAN_POINT('',(-0.00917355563880927,0.00643712600469601,0.036));
#12430=CARTESIAN_POINT('',(-0.009348725706786,0.0066753294370938,0.039));
#12431=CARTESIAN_POINT('',(-0.009348725706786,0.0066753294370938,0.036));
#12432=CARTESIAN_POINT('',(-0.00959511302903956,0.00679443115329269,0.039));
#12433=CARTESIAN_POINT('',(-0.00959511302903956,0.00679443115329269,0.036));
#12434=CARTESIAN_POINT('',(-0.00991271760556994,0.00679443115329269,0.039));
#12435=CARTESIAN_POINT('',(-0.00991271760556994,0.00679443115329269,0.036));
#12436=CARTESIAN_POINT('',(-0.00917355563880927,0.00643712600469601,0.036));
#12437=CARTESIAN_POINT('',(-0.00943631074077437,0.00679443115329269,0.036));
#12438=CARTESIAN_POINT('',(-0.00991271760556994,0.00679443115329269,0.036));
#12439=CARTESIAN_POINT('',(-0.00917355563880927,0.00643712600469601,0.036));
#12440=CARTESIAN_POINT('',(-0.00917355563880927,0.00643712600469601,0.039));
#12441=CARTESIAN_POINT('',(-0.00917355563880927,0.00643712600469601,0.039));
#12442=CARTESIAN_POINT('',(-0.00917355563880927,0.00643712600469601,0.039));
#12443=CARTESIAN_POINT('',(-0.00943631074077437,0.00679443115329269,0.039));
#12444=CARTESIAN_POINT('',(-0.00991271760556994,0.00679443115329269,0.039));
#12445=CARTESIAN_POINT('',(-0.00891080053684417,0.00541013489045469,0.039));
#12446=CARTESIAN_POINT('',(-0.00891080053684417,0.00541013489045469,0.036));
#12447=CARTESIAN_POINT('',(-0.00891080053684417,0.00585659220088446,0.039));
#12448=CARTESIAN_POINT('',(-0.00891080053684417,0.00585659220088446,0.036));
#12449=CARTESIAN_POINT('',(-0.00899838557083254,0.00619892257229823,0.039));
#12450=CARTESIAN_POINT('',(-0.00899838557083254,0.00619892257229823,0.036));
#12451=CARTESIAN_POINT('',(-0.00917355563880927,0.00643712600469601,0.039));
#12452=CARTESIAN_POINT('',(-0.00917355563880927,0.00643712600469601,0.036));
#12453=CARTESIAN_POINT('',(-0.00891080053684417,0.00541013489045469,0.036));
#12454=CARTESIAN_POINT('',(-0.00891080053684417,0.00607982085609934,0.036));
#12455=CARTESIAN_POINT('',(-0.00917355563880927,0.00643712600469601,0.036));
#12456=CARTESIAN_POINT('',(-0.00891080053684417,0.00541013489045469,0.036));
#12457=CARTESIAN_POINT('',(-0.00891080053684417,0.00541013489045469,0.039));
#12458=CARTESIAN_POINT('',(-0.00891080053684417,0.00541013489045469,0.039));
#12459=CARTESIAN_POINT('',(-0.00891080053684417,0.00541013489045469,0.039));
#12460=CARTESIAN_POINT('',(-0.00891080053684417,0.00607982085609934,0.039));
#12461=CARTESIAN_POINT('',(-0.00917355563880927,0.00643712600469601,0.039));
#12462=CARTESIAN_POINT('',(-0.00917355563880927,0.00437530813698976,0.039));
#12463=CARTESIAN_POINT('',(-0.00917355563880927,0.00437530813698976,0.036));
#12464=CARTESIAN_POINT('',(-0.00899838557083254,0.00462570034151316,0.039));
#12465=CARTESIAN_POINT('',(-0.00899838557083254,0.00462570034151316,0.036));
#12466=CARTESIAN_POINT('',(-0.00891080053684417,0.00497064259266814,0.039));
#12467=CARTESIAN_POINT('',(-0.00891080053684417,0.00497064259266814,0.036));
#12468=CARTESIAN_POINT('',(-0.00891080053684417,0.00541013489045469,0.039));
#12469=CARTESIAN_POINT('',(-0.00891080053684417,0.00541013489045469,0.036));
#12470=CARTESIAN_POINT('',(-0.00917355563880927,0.00437530813698976,0.036));
#12471=CARTESIAN_POINT('',(-0.00891080053684417,0.00475089644377486,0.036));
#12472=CARTESIAN_POINT('',(-0.00891080053684417,0.00541013489045469,0.036));
#12473=CARTESIAN_POINT('',(-0.00917355563880927,0.00437530813698976,0.036));
#12474=CARTESIAN_POINT('',(-0.00917355563880927,0.00437530813698976,0.039));
#12475=CARTESIAN_POINT('',(-0.00917355563880927,0.00437530813698976,0.039));
#12476=CARTESIAN_POINT('',(-0.00917355563880927,0.00437530813698976,0.039));
#12477=CARTESIAN_POINT('',(-0.00891080053684417,0.00475089644377486,0.039));
#12478=CARTESIAN_POINT('',(-0.00891080053684417,0.00541013489045469,0.039));
#12479=CARTESIAN_POINT('',(-0.00990018058281216,0.00399971983020466,0.039));
#12480=CARTESIAN_POINT('',(-0.00990018058281216,0.00399971983020466,0.036));
#12481=CARTESIAN_POINT('',(-0.00959093402145363,0.00399971983020466,0.039));
#12482=CARTESIAN_POINT('',(-0.00959093402145363,0.00399971983020466,0.036));
#12483=CARTESIAN_POINT('',(-0.009348725706786,0.00412491593246636,0.039));
#12484=CARTESIAN_POINT('',(-0.009348725706786,0.00412491593246636,0.036));
#12485=CARTESIAN_POINT('',(-0.00917355563880927,0.00437530813698976,0.039));
#12486=CARTESIAN_POINT('',(-0.00917355563880927,0.00437530813698976,0.036));
#12487=CARTESIAN_POINT('',(-0.00990018058281216,0.00399971983020466,0.036));
#12488=CARTESIAN_POINT('',(-0.00943631074077437,0.00399971983020466,0.036));
#12489=CARTESIAN_POINT('',(-0.00917355563880927,0.00437530813698976,0.036));
#12490=CARTESIAN_POINT('',(-0.00990018058281216,0.00399971983020466,0.036));
#12491=CARTESIAN_POINT('',(-0.00990018058281216,0.00399971983020466,0.039));
#12492=CARTESIAN_POINT('',(-0.00990018058281216,0.00399971983020466,0.039));
#12493=CARTESIAN_POINT('',(-0.00990018058281216,0.00399971983020466,0.039));
#12494=CARTESIAN_POINT('',(-0.00943631074077437,0.00399971983020466,0.039));
#12495=CARTESIAN_POINT('',(-0.00917355563880927,0.00437530813698976,0.039));
#12496=CARTESIAN_POINT('',(-0.0107062066709476,0.0043246376700104,0.039));
#12497=CARTESIAN_POINT('',(-0.0107062066709476,0.0043246376700104,0.036));
#12498=CARTESIAN_POINT('',(-0.0105386981168784,0.00410802577680658,0.039));
#12499=CARTESIAN_POINT('',(-0.0105386981168784,0.00410802577680658,0.036));
#12500=CARTESIAN_POINT('',(-0.0102700227541666,0.00399971983020466,0.039));
#12501=CARTESIAN_POINT('',(-0.0102700227541666,0.00399971983020466,0.036));
#12502=CARTESIAN_POINT('',(-0.00990018058281216,0.00399971983020466,0.039));
#12503=CARTESIAN_POINT('',(-0.00990018058281216,0.00399971983020466,0.036));
#12504=CARTESIAN_POINT('',(-0.0107062066709476,0.0043246376700104,0.036));
#12505=CARTESIAN_POINT('',(-0.0104549438398438,0.00399971983020466,0.036));
#12506=CARTESIAN_POINT('',(-0.00990018058281216,0.00399971983020466,0.036));
#12507=CARTESIAN_POINT('',(-0.0107062066709476,0.0043246376700104,0.036));
#12508=CARTESIAN_POINT('',(-0.0107062066709476,0.0043246376700104,0.039));
#12509=CARTESIAN_POINT('',(-0.0107062066709476,0.0043246376700104,0.039));
#12510=CARTESIAN_POINT('',(-0.0107062066709476,0.0043246376700104,0.039));
#12511=CARTESIAN_POINT('',(-0.0104549438398438,0.00399971983020466,0.039));
#12512=CARTESIAN_POINT('',(-0.00990018058281216,0.00399971983020466,0.039));
#12513=CARTESIAN_POINT('',(-0.0109574695020514,0.0054038663790758,0.039));
#12514=CARTESIAN_POINT('',(-0.0109574695020514,0.0054038663790758,0.036));
#12515=CARTESIAN_POINT('',(-0.0109574695020514,0.00490099246623603,0.039));
#12516=CARTESIAN_POINT('',(-0.0109574695020514,0.00490099246623603,0.036));
#12517=CARTESIAN_POINT('',(-0.0108737152250168,0.00454124956321424,0.039));
#12518=CARTESIAN_POINT('',(-0.0108737152250168,0.00454124956321424,0.036));
#12519=CARTESIAN_POINT('',(-0.0107062066709476,0.0043246376700104,0.039));
#12520=CARTESIAN_POINT('',(-0.0107062066709476,0.0043246376700104,0.036));
#12521=CARTESIAN_POINT('',(-0.0109574695020514,0.0054038663790758,0.036));
#12522=CARTESIAN_POINT('',(-0.0109574695020514,0.00464955550981615,0.036));
#12523=CARTESIAN_POINT('',(-0.0107062066709476,0.0043246376700104,0.036));
#12524=CARTESIAN_POINT('',(-0.0109574695020514,0.0054038663790758,0.036));
#12525=CARTESIAN_POINT('',(-0.0109574695020514,0.0054038663790758,0.039));
#12526=CARTESIAN_POINT('',(-0.0109574695020514,0.0054038663790758,0.039));
#12527=CARTESIAN_POINT('',(-0.0109574695020514,0.0054038663790758,0.039));
#12528=CARTESIAN_POINT('',(-0.0109574695020514,0.00464955550981615,0.039));
#12529=CARTESIAN_POINT('',(-0.0107062066709476,0.0043246376700104,0.039));
#12530=CARTESIAN_POINT('',(-0.0109574695020514,0.00546393961312349,0.039));
#12531=CARTESIAN_POINT('',(-0.0109574695020514,0.00546393961312349,0.036));
#12532=CARTESIAN_POINT('',(-0.0109574695020514,0.00552401284717117,0.036));
#12533=CARTESIAN_POINT('',(-0.0109574695020514,0.00552401284717117,0.039));
#12534=CARTESIAN_POINT('',(-0.0109574695020514,0.00552401284717117,0.039));
#12535=CARTESIAN_POINT('',(-0.0109574695020514,0.00546393961312349,0.039));
#12536=CARTESIAN_POINT('',(-0.00985670157372369,0.0050955152351946,0.039));
#12537=CARTESIAN_POINT('',(-0.00983436121333382,0.00354525275523521,0.039));
#12538=CARTESIAN_POINT('',(-0.00983436121333382,0.00354525275523521,0.039));
#12539=CARTESIAN_POINT('',(-0.00985670157372369,0.0050955152351946,0.039));
#12540=CARTESIAN_POINT('',(-0.0104733388961375,0.00367402166308851,0.039));
#12541=CARTESIAN_POINT('',(-0.0104732269980323,0.00367427961445067,0.039));
#12542=CARTESIAN_POINT('',(-0.00874207310556241,0.00403367426684031,0.039));
#12543=CARTESIAN_POINT('',(-0.00874207310556241,0.00403367426684031,0.036));
#12544=CARTESIAN_POINT('',(-0.00900430583157926,0.00370805992577024,0.039));
#12545=CARTESIAN_POINT('',(-0.00900430583157926,0.00370805992577024,0.036));
#12546=CARTESIAN_POINT('',(-0.00936840186750307,0.00354525275523521,0.039));
#12547=CARTESIAN_POINT('',(-0.00936840186750307,0.00354525275523521,0.036));
#12548=CARTESIAN_POINT('',(-0.00983436121333382,0.00354525275523521,0.039));
#12549=CARTESIAN_POINT('',(-0.00983436121333382,0.00354525275523521,0.036));
#12550=CARTESIAN_POINT('',(-0.00874207310556241,0.00403367426684031,0.039));
#12551=CARTESIAN_POINT('',(-0.00874207310556241,0.00403367426684031,0.039));
#12552=CARTESIAN_POINT('',(-0.00874207310556241,0.00403367426684031,0.039));
#12553=CARTESIAN_POINT('',(-0.00913542219458769,0.00354525275523521,0.039));
#12554=CARTESIAN_POINT('',(-0.00983436121333382,0.00354525275523521,0.039));
#12555=CARTESIAN_POINT('',(-0.00834872401653712,0.0054038663790758,0.039));
#12556=CARTESIAN_POINT('',(-0.00834872401653712,0.0054038663790758,0.036));
#12557=CARTESIAN_POINT('',(-0.00834872401653712,0.00481601931198887,0.039));
#12558=CARTESIAN_POINT('',(-0.00834872401653712,0.00481601931198887,0.036));
#12559=CARTESIAN_POINT('',(-0.00847984037954555,0.00435928860791038,0.039));
#12560=CARTESIAN_POINT('',(-0.00847984037954555,0.00435928860791038,0.036));
#12561=CARTESIAN_POINT('',(-0.00874207310556241,0.00403367426684031,0.039));
#12562=CARTESIAN_POINT('',(-0.00874207310556241,0.00403367426684031,0.036));
#12563=CARTESIAN_POINT('',(-0.00834872401653712,0.0054038663790758,0.039));
#12564=CARTESIAN_POINT('',(-0.00834872401653712,0.0054038663790758,0.039));
#12565=CARTESIAN_POINT('',(-0.00834872401653712,0.0054038663790758,0.039));
#12566=CARTESIAN_POINT('',(-0.00834872401653712,0.00452209577844541,0.039));
#12567=CARTESIAN_POINT('',(-0.00874207310556241,0.00403367426684031,0.039));
#12568=CARTESIAN_POINT('',(-0.00873580459418352,0.00676831235588065,0.039));
#12569=CARTESIAN_POINT('',(-0.00873580459418352,0.00676831235588065,0.036));
#12570=CARTESIAN_POINT('',(-0.00847775087575259,0.00644374276670706,0.039));
#12571=CARTESIAN_POINT('',(-0.00847775087575259,0.00644374276670706,0.036));
#12572=CARTESIAN_POINT('',(-0.00834872401653712,0.00598892744110545,0.039));
#12573=CARTESIAN_POINT('',(-0.00834872401653712,0.00598892744110545,0.036));
#12574=CARTESIAN_POINT('',(-0.00834872401653712,0.0054038663790758,0.039));
#12575=CARTESIAN_POINT('',(-0.00834872401653712,0.0054038663790758,0.036));
#12576=CARTESIAN_POINT('',(-0.00873580459418352,0.00676831235588065,0.039));
#12577=CARTESIAN_POINT('',(-0.00873580459418352,0.00676831235588065,0.039));
#12578=CARTESIAN_POINT('',(-0.00873580459418352,0.00676831235588065,0.039));
#12579=CARTESIAN_POINT('',(-0.00834872401653712,0.00628145797212027,0.039));
#12580=CARTESIAN_POINT('',(-0.00834872401653712,0.0054038663790758,0.039));
#12581=CARTESIAN_POINT('',(-0.00983436121333382,0.00725516673964103,0.039));
#12582=CARTESIAN_POINT('',(-0.00983436121333382,0.00725516673964103,0.036));
#12583=CARTESIAN_POINT('',(-0.00936004385233122,0.00725516673964103,0.039));
#12584=CARTESIAN_POINT('',(-0.00936004385233122,0.00725516673964103,0.036));
#12585=CARTESIAN_POINT('',(-0.00899385831261445,0.00709288194505424,0.039));
#12586=CARTESIAN_POINT('',(-0.00899385831261445,0.00709288194505424,0.036));
#12587=CARTESIAN_POINT('',(-0.00873580459418352,0.00676831235588065,0.039));
#12588=CARTESIAN_POINT('',(-0.00873580459418352,0.00676831235588065,0.036));
#12589=CARTESIAN_POINT('',(-0.00983436121333382,0.00725516673964103,0.039));
#12590=CARTESIAN_POINT('',(-0.00983436121333382,0.00725516673964103,0.039));
#12591=CARTESIAN_POINT('',(-0.00983436121333382,0.00725516673964103,0.039));
#12592=CARTESIAN_POINT('',(-0.00912288517182992,0.00725516673964103,0.039));
#12593=CARTESIAN_POINT('',(-0.00873580459418352,0.00676831235588065,0.039));
#12594=CARTESIAN_POINT('',(-0.0104711374942393,0.00712457275258084,0.039));
#12595=CARTESIAN_POINT('',(-0.0104711374942393,0.00712457275258084,0.036));
#12596=CARTESIAN_POINT('',(-0.0102862164085621,0.00721163541062097,0.039));
#12597=CARTESIAN_POINT('',(-0.0102862164085621,0.00721163541062097,0.036));
#12598=CARTESIAN_POINT('',(-0.0100739576482602,0.00725516673964103,0.039));
#12599=CARTESIAN_POINT('',(-0.0100739576482602,0.00725516673964103,0.036));
#12600=CARTESIAN_POINT('',(-0.00983436121333382,0.00725516673964103,0.039));
#12601=CARTESIAN_POINT('',(-0.00983436121333382,0.00725516673964103,0.036));
#12602=CARTESIAN_POINT('',(-0.0104711374942393,0.00712457275258084,0.039));
#12603=CARTESIAN_POINT('',(-0.0104711374942393,0.00712457275258084,0.039));
#12604=CARTESIAN_POINT('',(-0.0104711374942393,0.00712457275258084,0.039));
#12605=CARTESIAN_POINT('',(-0.0101937558657235,0.00725516673964103,0.039));
#12606=CARTESIAN_POINT('',(-0.00983436121333382,0.00725516673964103,0.039));
#12607=CARTESIAN_POINT('',(-0.0109574695020514,0.00669935873071287,0.039));
#12608=CARTESIAN_POINT('',(-0.0109574695020514,0.00669935873071287,0.036));
#12609=CARTESIAN_POINT('',(-0.0108181692491872,0.00689577208725139,0.039));
#12610=CARTESIAN_POINT('',(-0.0108181692491872,0.00689577208725139,0.036));
#12611=CARTESIAN_POINT('',(-0.0106560585799165,0.00703751009454071,0.039));
#12612=CARTESIAN_POINT('',(-0.0106560585799165,0.00703751009454071,0.036));
#12613=CARTESIAN_POINT('',(-0.0104711374942393,0.00712457275258084,0.039));
#12614=CARTESIAN_POINT('',(-0.0104711374942393,0.00712457275258084,0.036));
#12615=CARTESIAN_POINT('',(-0.0109574695020514,0.00669935873071287,0.039));
#12616=CARTESIAN_POINT('',(-0.0109574695020514,0.00669935873071287,0.039));
#12617=CARTESIAN_POINT('',(-0.0109574695020514,0.00669935873071287,0.039));
#12618=CARTESIAN_POINT('',(-0.0107485191227551,0.00699397876552065,0.039));
#12619=CARTESIAN_POINT('',(-0.0104711374942393,0.00712457275258084,0.039));
#12620=CARTESIAN_POINT('',(-0.0109705289007575,0.00669935873071287,0.039));
#12621=CARTESIAN_POINT('',(-0.0109835882994635,0.00669935873071287,0.039));
#12622=CARTESIAN_POINT('',(-0.0109835882994635,0.00669935873071287,0.039));
#12623=CARTESIAN_POINT('',(-0.0109705289007575,0.00669935873071287,0.039));
#12624=CARTESIAN_POINT('',(-0.0110211993677368,0.00694435305043778,0.039));
#12625=CARTESIAN_POINT('',(-0.0110588104360101,0.00718934737016269,0.039));
#12626=CARTESIAN_POINT('',(-0.0110588104360101,0.00718934737016269,0.039));
#12627=CARTESIAN_POINT('',(-0.0110211993677368,0.00694435305043778,0.039));
#12628=CARTESIAN_POINT('',(-0.0112792530861677,0.00718934737016269,0.039));
#12629=CARTESIAN_POINT('',(-0.0114996957363253,0.00718934737016269,0.039));
#12630=CARTESIAN_POINT('',(-0.0114996957363253,0.00718934737016269,0.039));
#12631=CARTESIAN_POINT('',(-0.0112792530861677,0.00718934737016269,0.039));
#12632=CARTESIAN_POINT('',(-0.0114996957363253,0.00459679553904384,0.039));
#12633=CARTESIAN_POINT('',(-0.0114996957363253,0.00200424370792498,0.039));
#12634=CARTESIAN_POINT('',(-0.0114996957363253,0.00200424370792498,0.039));
#12635=CARTESIAN_POINT('',(-0.0114996957363253,0.00459679553904384,0.039));
#12636=CARTESIAN_POINT('',(-0.0112285826191884,0.00200424370792498,0.039));
#12637=CARTESIAN_POINT('',(-0.0109574695020514,0.00200424370792498,0.039));
#12638=CARTESIAN_POINT('',(-0.0109574695020514,0.00200424370792498,0.039));
#12639=CARTESIAN_POINT('',(-0.0112285826191884,0.00200424370792498,0.039));
#12640=CARTESIAN_POINT('',(-0.0109574695020514,0.00274079379494444,0.039));
#12641=CARTESIAN_POINT('',(-0.0109574695020514,0.00347734388196391,0.039));
#12642=CARTESIAN_POINT('',(-0.0109573750431362,0.00347734430699931,0.039));
#12643=CARTESIAN_POINT('',(-0.0109574695020514,0.00274079379494444,0.039));
#12644=CARTESIAN_POINT('',(-0.0157032411168688,0.00345598940266997,0.0389999999999996));
#12645=CARTESIAN_POINT('',(-0.0109973548837994,0.00407180771106188,0.039));
#12646=CARTESIAN_POINT('',(-0.0109971700741177,0.00407180771106188,0.039));
#12647=CARTESIAN_POINT('',(-0.0157032411168688,0.00345598940266997,0.039));
#12648=CARTESIAN_POINT('',(-0.0109773197880846,0.00407180771106188,0.039));
#12649=CARTESIAN_POINT('',(-0.0109568859205798,0.00407180771106188,0.039));
#12650=CARTESIAN_POINT('',(-0.0109568859205798,0.00407180771106188,0.039));
#12651=CARTESIAN_POINT('',(-0.0109773197880846,0.00407180771106188,0.039));
#12652=CARTESIAN_POINT('',(-0.00998314922891423,0.00476279213818634,0.039));
#12653=CARTESIAN_POINT('',(-0.00998314922891423,0.00476279213818634,0.039));
#12654=CARTESIAN_POINT('',(-0.0107062066709476,0.00649093072736481,0.039));
#12655=CARTESIAN_POINT('',(-0.0107062066709476,0.00649093072736481,0.036));
#12656=CARTESIAN_POINT('',(-0.0108695362174309,0.00628859711007956,0.039));
#12657=CARTESIAN_POINT('',(-0.0108695362174309,0.00628859711007956,0.036));
#12658=CARTESIAN_POINT('',(-0.0109532904944655,0.00596629115001501,0.039));
#12659=CARTESIAN_POINT('',(-0.0109532904944655,0.00596629115001501,0.036));
#12660=CARTESIAN_POINT('',(-0.0109574695020514,0.00552401284717117,0.039));
#12661=CARTESIAN_POINT('',(-0.0109574695020514,0.00552401284717117,0.036));
#12662=CARTESIAN_POINT('',(-0.0107062066709476,0.00649093072736481,0.036));
#12663=CARTESIAN_POINT('',(-0.0109512009906725,0.00618743030143693,0.036));
#12664=CARTESIAN_POINT('',(-0.0109574695020514,0.00552401284717117,0.036));
#12665=CARTESIAN_POINT('',(-0.0107062066709476,0.00649093072736481,0.039));
#12666=CARTESIAN_POINT('',(-0.0109512009906725,0.00618743030143693,0.039));
#12667=CARTESIAN_POINT('',(-0.0109574695020514,0.00552401284717117,0.039));
#12668=CARTESIAN_POINT('',(0.00198598749339636,-0.00383108708127283,0.039));
#12669=CARTESIAN_POINT('',(-0.0126813101312459,0.00684040023673787,0.039));
#12670=CARTESIAN_POINT('',(-0.0126813101312459,0.00838454353973754,0.039));
#12671=CARTESIAN_POINT('',(-0.0126813101312459,0.00838454353973754,0.039));
#12672=CARTESIAN_POINT('',(-0.0126813101312459,0.00684040023673787,0.039));
#12673=CARTESIAN_POINT('',(-0.0126813101312459,0.00529625693373821,0.039));
#12674=CARTESIAN_POINT('',(-0.0126813101312459,0.00529625693373821,0.039));
#12675=CARTESIAN_POINT('',(-0.0129586917597618,0.00838454353973754,0.039));
#12676=CARTESIAN_POINT('',(-0.0132360733882776,0.00838454353973754,0.039));
#12677=CARTESIAN_POINT('',(-0.0132360733882776,0.00838454353973754,0.039));
#12678=CARTESIAN_POINT('',(-0.0129586917597618,0.00838454353973754,0.039));
#12679=CARTESIAN_POINT('',(-0.0132360733882776,0.0068304750937213,0.039));
#12680=CARTESIAN_POINT('',(-0.0132360733882776,0.00527640664770506,0.039));
#12681=CARTESIAN_POINT('',(-0.0132360733882776,0.00527640664770506,0.039));
#12682=CARTESIAN_POINT('',(-0.0132360733882776,0.0068304750937213,0.039));
#12683=CARTESIAN_POINT('',(-0.0135625583559281,0.00435389072311188,0.039));
#12684=CARTESIAN_POINT('',(-0.0135625583559281,0.00435389072311188,0.036));
#12685=CARTESIAN_POINT('',(-0.0133449017108278,0.00456841311252275,0.039));
#12686=CARTESIAN_POINT('',(-0.0133449017108278,0.00456841311252275,0.036));
#12687=CARTESIAN_POINT('',(-0.0132360733882776,0.00487591842072048,0.039));
#12688=CARTESIAN_POINT('',(-0.0132360733882776,0.00487591842072048,0.036));
#12689=CARTESIAN_POINT('',(-0.0132360733882776,0.00527640664770506,0.039));
#12690=CARTESIAN_POINT('',(-0.0132360733882776,0.00527640664770506,0.036));
#12691=CARTESIAN_POINT('',(-0.0135625583559281,0.00435389072311188,0.039));
#12692=CARTESIAN_POINT('',(-0.0135625583559281,0.00435389072311188,0.039));
#12693=CARTESIAN_POINT('',(-0.0135625583559281,0.00435389072311188,0.039));
#12694=CARTESIAN_POINT('',(-0.0132360733882776,0.00467567430722819,0.039));
#12695=CARTESIAN_POINT('',(-0.0132360733882776,0.00527640664770506,0.039));
#12696=CARTESIAN_POINT('',(-0.0144929099197449,0.00403210713899559,0.039));
#12697=CARTESIAN_POINT('',(-0.0144929099197449,0.00403210713899559,0.036));
#12698=CARTESIAN_POINT('',(-0.0140903321889673,0.00403210713899559,0.039));
#12699=CARTESIAN_POINT('',(-0.0140903321889673,0.00403210713899559,0.036));
#12700=CARTESIAN_POINT('',(-0.0137802150010284,0.00413936833370102,0.039));
#12701=CARTESIAN_POINT('',(-0.0137802150010284,0.00413936833370102,0.036));
#12702=CARTESIAN_POINT('',(-0.0135625583559281,0.00435389072311188,0.039));
#12703=CARTESIAN_POINT('',(-0.0135625583559281,0.00435389072311188,0.036));
#12704=CARTESIAN_POINT('',(-0.0144929099197449,0.00403210713899559,0.039));
#12705=CARTESIAN_POINT('',(-0.0144929099197449,0.00403210713899559,0.039));
#12706=CARTESIAN_POINT('',(-0.0144929099197449,0.00403210713899559,0.039));
#12707=CARTESIAN_POINT('',(-0.0138890433235785,0.00403210713899559,0.039));
#12708=CARTESIAN_POINT('',(-0.0135625583559281,0.00435389072311188,0.039));
#12709=CARTESIAN_POINT('',(-0.0154525145366631,0.00435232359526717,0.039));
#12710=CARTESIAN_POINT('',(-0.0154525145366631,0.00435232359526717,0.036));
#12711=CARTESIAN_POINT('',(-0.0152348578915628,0.00413884595775278,0.039));
#12712=CARTESIAN_POINT('',(-0.0152348578915628,0.00413884595775278,0.036));
#12713=CARTESIAN_POINT('',(-0.0149149896859234,0.00403210713899559,0.039));
#12714=CARTESIAN_POINT('',(-0.0149149896859234,0.00403210713899559,0.036));
#12715=CARTESIAN_POINT('',(-0.0144929099197449,0.00403210713899559,0.039));
#12716=CARTESIAN_POINT('',(-0.0144929099197449,0.00403210713899559,0.036));
#12717=CARTESIAN_POINT('',(-0.0154525145366631,0.00435232359526717,0.039));
#12718=CARTESIAN_POINT('',(-0.0154525145366631,0.00435232359526717,0.039));
#12719=CARTESIAN_POINT('',(-0.0154525145366631,0.00435232359526717,0.039));
#12720=CARTESIAN_POINT('',(-0.0151260295690127,0.00403210713899559,0.039));
#12721=CARTESIAN_POINT('',(-0.0144929099197449,0.00403210713899559,0.039));
#12722=CARTESIAN_POINT('',(-0.0157789995043136,0.00527013813632617,0.039));
#12723=CARTESIAN_POINT('',(-0.0157789995043136,0.00527013813632617,0.036));
#12724=CARTESIAN_POINT('',(-0.0157789995043136,0.00487173941313456,0.039));
#12725=CARTESIAN_POINT('',(-0.0157789995043136,0.00487173941313456,0.036));
#12726=CARTESIAN_POINT('',(-0.0156701711817634,0.00456580123278155,0.039));
#12727=CARTESIAN_POINT('',(-0.0156701711817634,0.00456580123278155,0.036));
#12728=CARTESIAN_POINT('',(-0.0154525145366631,0.00435232359526717,0.039));
#12729=CARTESIAN_POINT('',(-0.0154525145366631,0.00435232359526717,0.036));
#12730=CARTESIAN_POINT('',(-0.0157789995043136,0.00527013813632617,0.039));
#12731=CARTESIAN_POINT('',(-0.0157789995043136,0.00527013813632617,0.039));
#12732=CARTESIAN_POINT('',(-0.0157789995043136,0.00527013813632617,0.039));
#12733=CARTESIAN_POINT('',(-0.0157789995043136,0.00467254005153875,0.039));
#12734=CARTESIAN_POINT('',(-0.0154525145366631,0.00435232359526717,0.039));
#12735=CARTESIAN_POINT('',(-0.0157789995043136,0.00682734083803185,0.039));
#12736=CARTESIAN_POINT('',(-0.0157789995043136,0.00838454353973754,0.039));
#12737=CARTESIAN_POINT('',(-0.0157789995043136,0.00838454353973754,0.039));
#12738=CARTESIAN_POINT('',(-0.0157789995043136,0.00682734083803185,0.039));
#12739=CARTESIAN_POINT('',(-0.0160569035087776,0.00838454353973754,0.039));
#12740=CARTESIAN_POINT('',(-0.0163348075132418,0.00838454353973754,0.039));
#12741=CARTESIAN_POINT('',(-0.0163348075132418,0.00838454353973754,0.039));
#12742=CARTESIAN_POINT('',(-0.0160569035087776,0.00838454353973754,0.039));
#12743=CARTESIAN_POINT('',(-0.0163348075132418,0.00684666874811676,0.039));
#12744=CARTESIAN_POINT('',(-0.0163348075132418,0.00530879395649598,0.039));
#12745=CARTESIAN_POINT('',(-0.0163348075132418,0.00530879395649598,0.039));
#12746=CARTESIAN_POINT('',(-0.0163348075132418,0.00684666874811676,0.039));
#12747=CARTESIAN_POINT('',(-0.0158631020319803,0.00401591348460012,0.039));
#12748=CARTESIAN_POINT('',(-0.0158631020319803,0.00401591348460012,0.036));
#12749=CARTESIAN_POINT('',(-0.0161775723528213,0.00432968730417673,0.039));
#12750=CARTESIAN_POINT('',(-0.0161775723528213,0.00432968730417673,0.036));
#12751=CARTESIAN_POINT('',(-0.0163348075132418,0.00476064746147535,0.039));
#12752=CARTESIAN_POINT('',(-0.0163348075132418,0.00476064746147535,0.036));
#12753=CARTESIAN_POINT('',(-0.0163348075132418,0.00530879395649598,0.039));
#12754=CARTESIAN_POINT('',(-0.0163348075132418,0.00530879395649598,0.036));
#12755=CARTESIAN_POINT('',(-0.0158631020319803,0.00401591348460012,0.039));
#12756=CARTESIAN_POINT('',(-0.0158631020319803,0.00401591348460012,0.039));
#12757=CARTESIAN_POINT('',(-0.0158631020319803,0.00401591348460012,0.039));
#12758=CARTESIAN_POINT('',(-0.0163348075132418,0.00448657421396504,0.039));
#12759=CARTESIAN_POINT('',(-0.0163348075132418,0.00530879395649598,0.039));
#12760=CARTESIAN_POINT('',(-0.0145294762361217,0.0035452527552352,0.039));
#12761=CARTESIAN_POINT('',(-0.0145294762361217,0.0035452527552352,0.036));
#12762=CARTESIAN_POINT('',(-0.0151040897791865,0.0035452527552352,0.039));
#12763=CARTESIAN_POINT('',(-0.0151040897791865,0.0035452527552352,0.036));
#12764=CARTESIAN_POINT('',(-0.0155486317111394,0.00370213966502351,0.039));
#12765=CARTESIAN_POINT('',(-0.0155486317111394,0.00370213966502351,0.036));
#12766=CARTESIAN_POINT('',(-0.0158631020319803,0.00401591348460012,0.039));
#12767=CARTESIAN_POINT('',(-0.0158631020319803,0.00401591348460012,0.036));
#12768=CARTESIAN_POINT('',(-0.0145294762361217,0.0035452527552352,0.039));
#12769=CARTESIAN_POINT('',(-0.0145294762361217,0.0035452527552352,0.039));
#12770=CARTESIAN_POINT('',(-0.0145294762361217,0.0035452527552352,0.039));
#12771=CARTESIAN_POINT('',(-0.0153913965507189,0.0035452527552352,0.039));
#12772=CARTESIAN_POINT('',(-0.0158631020319803,0.00401591348460012,0.039));
#12773=CARTESIAN_POINT('',(-0.0131744330263852,0.00401225685296243,0.039));
#12774=CARTESIAN_POINT('',(-0.0131744330263852,0.00401225685296243,0.036));
#12775=CARTESIAN_POINT('',(-0.0135031816231447,0.00370092078781094,0.039));
#12776=CARTESIAN_POINT('',(-0.0135031816231447,0.00370092078781094,0.036));
#12777=CARTESIAN_POINT('',(-0.0139548626930569,0.0035452527552352,0.039));
#12778=CARTESIAN_POINT('',(-0.0139548626930569,0.0035452527552352,0.036));
#12779=CARTESIAN_POINT('',(-0.0145294762361217,0.0035452527552352,0.039));
#12780=CARTESIAN_POINT('',(-0.0145294762361217,0.0035452527552352,0.036));
#12781=CARTESIAN_POINT('',(-0.0131744330263852,0.00401225685296243,0.039));
#12782=CARTESIAN_POINT('',(-0.0131744330263852,0.00401225685296243,0.039));
#12783=CARTESIAN_POINT('',(-0.0131744330263852,0.00401225685296243,0.039));
#12784=CARTESIAN_POINT('',(-0.0136675559215245,0.0035452527552352,0.039));
#12785=CARTESIAN_POINT('',(-0.0145294762361217,0.0035452527552352,0.039));
#12786=CARTESIAN_POINT('',(-0.0126813101312459,0.00529625693373821,0.039));
#12787=CARTESIAN_POINT('',(-0.0126813101312459,0.00529625693373821,0.036));
#12788=CARTESIAN_POINT('',(-0.0126813101312459,0.00475159294503918,0.039));
#12789=CARTESIAN_POINT('',(-0.0126813101312459,0.00475159294503918,0.036));
#12790=CARTESIAN_POINT('',(-0.0128456844296257,0.00432359291811392,0.039));
#12791=CARTESIAN_POINT('',(-0.0128456844296257,0.00432359291811392,0.036));
#12792=CARTESIAN_POINT('',(-0.0131744330263852,0.00401225685296243,0.039));
#12793=CARTESIAN_POINT('',(-0.0131744330263852,0.00401225685296243,0.036));
#12794=CARTESIAN_POINT('',(-0.0126813101312459,0.00529625693373821,0.039));
#12795=CARTESIAN_POINT('',(-0.0126813101312459,0.00447926095068967,0.039));
#12796=CARTESIAN_POINT('',(-0.0131744330263852,0.00401225685296243,0.039));
#12797=CARTESIAN_POINT('',(0.00198598749339636,-0.00383108708127283,0.039));
#12798=CARTESIAN_POINT('',(-0.0231495502329523,0.00593394613640104,0.039));
#12799=CARTESIAN_POINT('',(-0.0231495502329523,0.0070057465133268,0.039));
#12800=CARTESIAN_POINT('',(-0.0231495502329523,0.0070057465133268,0.039));
#12801=CARTESIAN_POINT('',(-0.0231495502329523,0.00593394613640104,0.039));
#12802=CARTESIAN_POINT('',(-0.0231495502329523,0.00486214575947529,0.039));
#12803=CARTESIAN_POINT('',(-0.0231495502329523,0.00486214575947529,0.039));
#12804=CARTESIAN_POINT('',(-0.0234027883958174,0.0070057465133268,0.039));
#12805=CARTESIAN_POINT('',(-0.0236560265586824,0.0070057465133268,0.039));
#12806=CARTESIAN_POINT('',(-0.0236560265586824,0.0070057465133268,0.039));
#12807=CARTESIAN_POINT('',(-0.0234027883958174,0.0070057465133268,0.039));
#12808=CARTESIAN_POINT('',(-0.0236560265586824,0.00592478132669736,0.039));
#12809=CARTESIAN_POINT('',(-0.0236560265586824,0.00484381614006792,0.039));
#12810=CARTESIAN_POINT('',(-0.0236560265586824,0.00484381614006792,0.039));
#12811=CARTESIAN_POINT('',(-0.0236560265586824,0.00592478132669736,0.039));
#12812=CARTESIAN_POINT('',(-0.0233564819888935,0.00392733516969935,0.039));
#12813=CARTESIAN_POINT('',(-0.0233564819888935,0.00392733516969935,0.036));
#12814=CARTESIAN_POINT('',(-0.0235561783687527,0.00411834909826038,0.039));
#12815=CARTESIAN_POINT('',(-0.0235561783687527,0.00411834909826038,0.036));
#12816=CARTESIAN_POINT('',(-0.0236560265586824,0.0044238427550499,0.039));
#12817=CARTESIAN_POINT('',(-0.0236560265586824,0.0044238427550499,0.036));
#12818=CARTESIAN_POINT('',(-0.0236560265586824,0.00484381614006792,0.039));
#12819=CARTESIAN_POINT('',(-0.0236560265586824,0.00484381614006792,0.036));
#12820=CARTESIAN_POINT('',(-0.0233564819888935,0.00392733516969935,0.039));
#12821=CARTESIAN_POINT('',(-0.0233564819888935,0.00392733516969935,0.039));
#12822=CARTESIAN_POINT('',(-0.0233564819888935,0.00392733516969935,0.039));
#12823=CARTESIAN_POINT('',(-0.0236560265586824,0.00421385606254089,0.039));
#12824=CARTESIAN_POINT('',(-0.0236560265586824,0.00484381614006792,0.039));
#12825=CARTESIAN_POINT('',(-0.0224539894122831,0.00364081427685781,0.039));
#12826=CARTESIAN_POINT('',(-0.0224539894122831,0.00364081427685781,0.036));
#12827=CARTESIAN_POINT('',(-0.0228559547501641,0.00364081427685781,0.039));
#12828=CARTESIAN_POINT('',(-0.0228559547501641,0.00364081427685781,0.036));
#12829=CARTESIAN_POINT('',(-0.0231567856090342,0.00373632124113833,0.039));
#12830=CARTESIAN_POINT('',(-0.0231567856090342,0.00373632124113833,0.036));
#12831=CARTESIAN_POINT('',(-0.0233564819888935,0.00392733516969935,0.039));
#12832=CARTESIAN_POINT('',(-0.0233564819888935,0.00392733516969935,0.036));
#12833=CARTESIAN_POINT('',(-0.0224539894122831,0.00364081427685781,0.039));
#12834=CARTESIAN_POINT('',(-0.0224539894122831,0.00364081427685781,0.039));
#12835=CARTESIAN_POINT('',(-0.0224539894122831,0.00364081427685781,0.039));
#12836=CARTESIAN_POINT('',(-0.0230569374191046,0.00364081427685781,0.039));
#12837=CARTESIAN_POINT('',(-0.0233564819888935,0.00392733516969935,0.039));
#12838=CARTESIAN_POINT('',(-0.0224240426997831,0.00507891897011514,0.039));
#12839=CARTESIAN_POINT('',(-0.0218307823524326,0.00377056868792579,0.039));
#12840=CARTESIAN_POINT('',(-0.0218307025777773,0.00377039043325918,0.039));
#12841=CARTESIAN_POINT('',(-0.0224240426997831,0.00507891897011514,0.039));
#12842=CARTESIAN_POINT('',(-0.0222454184904676,0.00467549994110436,0.039));
#12843=CARTESIAN_POINT('',(-0.0214041202609776,0.00414439645215506,0.039));
#12844=CARTESIAN_POINT('',(-0.0214041202609776,0.00414439645215506,0.039));
#12845=CARTESIAN_POINT('',(-0.0222454184904676,0.00467549994110436,0.039));
#12846=CARTESIAN_POINT('',(-0.0213908714866557,0.00414439645215506,0.039));
#12847=CARTESIAN_POINT('',(-0.0213773654513029,0.00414439645215506,0.039));
#12848=CARTESIAN_POINT('',(-0.0213773654513029,0.00414439645215506,0.039));
#12849=CARTESIAN_POINT('',(-0.0213908714866557,0.00414439645215506,0.039));
#12850=CARTESIAN_POINT('',(-0.0213411885708935,0.00392299394405024,0.039));
#12851=CARTESIAN_POINT('',(-0.0213050116904843,0.00370159143594542,0.039));
#12852=CARTESIAN_POINT('',(-0.0213050116904843,0.00370159143594542,0.039));
#12853=CARTESIAN_POINT('',(-0.0213411885708935,0.00392299394405024,0.039));
#12854=CARTESIAN_POINT('',(-0.0210985622929486,0.00370159143594542,0.039));
#12855=CARTESIAN_POINT('',(-0.020892112895413,0.00370159143594542,0.039));
#12856=CARTESIAN_POINT('',(-0.020892112895413,0.00370159143594542,0.039));
#12857=CARTESIAN_POINT('',(-0.0210985622929486,0.00370159143594542,0.039));
#12858=CARTESIAN_POINT('',(-0.020892112895413,0.00535366897463611,0.039));
#12859=CARTESIAN_POINT('',(-0.020892112895413,0.0070057465133268,0.039));
#12860=CARTESIAN_POINT('',(-0.020892112895413,0.0070057465133268,0.039));
#12861=CARTESIAN_POINT('',(-0.020892112895413,0.00535366897463611,0.039));
#12862=CARTESIAN_POINT('',(-0.0211424569078452,0.0070057465133268,0.039));
#12863=CARTESIAN_POINT('',(-0.0213928009202775,0.0070057465133268,0.039));
#12864=CARTESIAN_POINT('',(-0.0213928009202775,0.0070057465133268,0.039));
#12865=CARTESIAN_POINT('',(-0.0211424569078452,0.0070057465133268,0.039));
#12866=CARTESIAN_POINT('',(-0.0213928009202775,0.00613750138350395,0.039));
#12867=CARTESIAN_POINT('',(-0.0213928009202775,0.00526925625368111,0.039));
#12868=CARTESIAN_POINT('',(-0.0213928009202775,0.00526925625368111,0.039));
#12869=CARTESIAN_POINT('',(-0.0213928009202775,0.00613750138350395,0.039));
#12870=CARTESIAN_POINT('',(-0.0216320506893842,0.00434361047360887,0.039));
#12871=CARTESIAN_POINT('',(-0.0216320506893842,0.00434361047360887,0.036));
#12872=CARTESIAN_POINT('',(-0.021472550843313,0.00453237339627776,0.039));
#12873=CARTESIAN_POINT('',(-0.021472550843313,0.00453237339627776,0.036));
#12874=CARTESIAN_POINT('',(-0.0213928009202775,0.00484092198963517,0.039));
#12875=CARTESIAN_POINT('',(-0.0213928009202775,0.00484092198963517,0.036));
#12876=CARTESIAN_POINT('',(-0.0213928009202775,0.00526925625368111,0.039));
#12877=CARTESIAN_POINT('',(-0.0213928009202775,0.00526925625368111,0.036));
#12878=CARTESIAN_POINT('',(-0.0216320506893842,0.00434361047360887,0.039));
#12879=CARTESIAN_POINT('',(-0.0216320506893842,0.00434361047360887,0.039));
#12880=CARTESIAN_POINT('',(-0.0216320506893842,0.00434361047360887,0.039));
#12881=CARTESIAN_POINT('',(-0.0213928009202775,0.0046267548576122,0.039));
#12882=CARTESIAN_POINT('',(-0.0213928009202775,0.00526925625368111,0.039));
#12883=CARTESIAN_POINT('',(-0.0223903181027628,0.00406046608960552,0.039));
#12884=CARTESIAN_POINT('',(-0.0223903181027628,0.00406046608960552,0.036));
#12885=CARTESIAN_POINT('',(-0.0220443063399149,0.00406046608960552,0.039));
#12886=CARTESIAN_POINT('',(-0.0220443063399149,0.00406046608960552,0.036));
#12887=CARTESIAN_POINT('',(-0.0217915505354554,0.00415484755093997,0.039));
#12888=CARTESIAN_POINT('',(-0.0217915505354554,0.00415484755093997,0.036));
#12889=CARTESIAN_POINT('',(-0.0216320506893842,0.00434361047360887,0.039));
#12890=CARTESIAN_POINT('',(-0.0216320506893842,0.00434361047360887,0.036));
#12891=CARTESIAN_POINT('',(-0.0223903181027628,0.00406046608960552,0.039));
#12892=CARTESIAN_POINT('',(-0.0223903181027628,0.00406046608960552,0.039));
#12893=CARTESIAN_POINT('',(-0.0223903181027628,0.00406046608960552,0.039));
#12894=CARTESIAN_POINT('',(-0.021871300458491,0.00406046608960552,0.039));
#12895=CARTESIAN_POINT('',(-0.0216320506893842,0.00434361047360887,0.039));
#12896=CARTESIAN_POINT('',(-0.0229657716804732,0.00425919775265386,0.039));
#12897=CARTESIAN_POINT('',(-0.0229657716804732,0.00425919775265386,0.036));
#12898=CARTESIAN_POINT('',(-0.0228432526454871,0.0041267099772883,0.039));
#12899=CARTESIAN_POINT('',(-0.0228432526454871,0.0041267099772883,0.036));
#12900=CARTESIAN_POINT('',(-0.0226514347862503,0.00406046608960552,0.039));
#12901=CARTESIAN_POINT('',(-0.0226514347862503,0.00406046608960552,0.036));
#12902=CARTESIAN_POINT('',(-0.0223903181027628,0.00406046608960552,0.039));
#12903=CARTESIAN_POINT('',(-0.0223903181027628,0.00406046608960552,0.036));
#12904=CARTESIAN_POINT('',(-0.0229657716804732,0.00425919775265386,0.039));
#12905=CARTESIAN_POINT('',(-0.0229657716804732,0.00425919775265386,0.039));
#12906=CARTESIAN_POINT('',(-0.0229657716804732,0.00425919775265386,0.039));
#12907=CARTESIAN_POINT('',(-0.022781993127994,0.00406046608960552,0.039));
#12908=CARTESIAN_POINT('',(-0.0223903181027628,0.00406046608960552,0.039));
#12909=CARTESIAN_POINT('',(-0.0231495502329523,0.00486214575947529,0.039));
#12910=CARTESIAN_POINT('',(-0.0231495502329523,0.00486214575947529,0.036));
#12911=CARTESIAN_POINT('',(-0.0231495502329524,0.0045926681969599,0.039));
#12912=CARTESIAN_POINT('',(-0.0231495502329524,0.0045926681969599,0.036));
#12913=CARTESIAN_POINT('',(-0.0230882907154593,0.00439168552801943,0.039));
#12914=CARTESIAN_POINT('',(-0.0230882907154593,0.00439168552801943,0.036));
#12915=CARTESIAN_POINT('',(-0.0229657716804732,0.00425919775265386,0.039));
#12916=CARTESIAN_POINT('',(-0.0229657716804732,0.00425919775265386,0.036));
#12917=CARTESIAN_POINT('',(-0.0231495502329523,0.00486214575947529,0.039));
#12918=CARTESIAN_POINT('',(-0.0231495502329523,0.00445792941570221,0.039));
#12919=CARTESIAN_POINT('',(-0.0229657716804732,0.00425919775265386,0.039));
#12920=CARTESIAN_POINT('',(0.00198598749339636,-0.00383108708127283,0.039));
#12921=CARTESIAN_POINT('',(-0.0296141175828889,0.00664687185966669,0.039));
#12922=CARTESIAN_POINT('',(-0.0296141175828889,0.00664687185966669,0.036));
#12923=CARTESIAN_POINT('',(-0.02987909313362,0.00664687185966669,0.039));
#12924=CARTESIAN_POINT('',(-0.02987909313362,0.00664687185966669,0.036));
#12925=CARTESIAN_POINT('',(-0.0300905269013454,0.00656052970508986,0.039));
#12926=CARTESIAN_POINT('',(-0.0300905269013454,0.00656052970508986,0.036));
#12927=CARTESIAN_POINT('',(-0.0302484188860651,0.00638784539593621,0.039));
#12928=CARTESIAN_POINT('',(-0.0302484188860651,0.00638784539593621,0.036));
#12929=CARTESIAN_POINT('',(-0.0296141175828889,0.00664687185966669,0.036));
#12930=CARTESIAN_POINT('',(-0.0300115809089856,0.00664687185966669,0.036));
#12931=CARTESIAN_POINT('',(-0.0302484188860651,0.00638784539593621,0.036));
#12932=CARTESIAN_POINT('',(-0.0296141175828889,0.00664687185966669,0.036));
#12933=CARTESIAN_POINT('',(-0.0302484188860651,0.00638784539593621,0.036));
#12934=CARTESIAN_POINT('',(-0.0296141175828889,0.00664687185966669,0.039));
#12935=CARTESIAN_POINT('',(-0.0296141175828889,0.00664687185966669,0.039));
#12936=CARTESIAN_POINT('',(-0.0296141175828889,0.00664687185966669,0.039));
#12937=CARTESIAN_POINT('',(-0.0300115809089856,0.00664687185966669,0.039));
#12938=CARTESIAN_POINT('',(-0.0302484188860651,0.00638784539593621,0.039));
#12939=CARTESIAN_POINT('',(-0.0302484188860651,0.00638784539593621,0.039));
#12940=CARTESIAN_POINT('',(-0.0302484188860651,0.00638784539593621,0.039));
#12941=CARTESIAN_POINT('',(-0.029010687217662,0.00639508077201806,0.039));
#12942=CARTESIAN_POINT('',(-0.029010687217662,0.00639508077201806,0.036));
#12943=CARTESIAN_POINT('',(-0.0291512142997852,0.00656294149711715,0.039));
#12944=CARTESIAN_POINT('',(-0.0291512142997852,0.00656294149711715,0.036));
#12945=CARTESIAN_POINT('',(-0.0293523577548608,0.00664687185966669,0.039));
#12946=CARTESIAN_POINT('',(-0.0293523577548608,0.00664687185966669,0.036));
#12947=CARTESIAN_POINT('',(-0.0296141175828889,0.00664687185966669,0.039));
#12948=CARTESIAN_POINT('',(-0.0296141175828889,0.00664687185966669,0.036));
#12949=CARTESIAN_POINT('',(-0.029010687217662,0.00639508077201806,0.036));
#12950=CARTESIAN_POINT('',(-0.0292214778408468,0.00664687185966669,0.036));
#12951=CARTESIAN_POINT('',(-0.0296141175828889,0.00664687185966669,0.036));
#12952=CARTESIAN_POINT('',(-0.029010687217662,0.00639508077201806,0.036));
#12953=CARTESIAN_POINT('',(-0.029010687217662,0.00639508077201806,0.039));
#12954=CARTESIAN_POINT('',(-0.029010687217662,0.00639508077201806,0.039));
#12955=CARTESIAN_POINT('',(-0.029010687217662,0.00639508077201806,0.039));
#12956=CARTESIAN_POINT('',(-0.0292214778408468,0.00664687185966669,0.039));
#12957=CARTESIAN_POINT('',(-0.0296141175828889,0.00664687185966669,0.039));
#12958=CARTESIAN_POINT('',(-0.0287998965944773,0.00567057844702145,0.039));
#12959=CARTESIAN_POINT('',(-0.0287998965944773,0.00567057844702145,0.036));
#12960=CARTESIAN_POINT('',(-0.0287998965944773,0.00598571927192011,0.039));
#12961=CARTESIAN_POINT('',(-0.0287998965944773,0.00598571927192011,0.036));
#12962=CARTESIAN_POINT('',(-0.0288701601355388,0.00622722004691898,0.039));
#12963=CARTESIAN_POINT('',(-0.0288701601355388,0.00622722004691898,0.036));
#12964=CARTESIAN_POINT('',(-0.029010687217662,0.00639508077201806,0.039));
#12965=CARTESIAN_POINT('',(-0.029010687217662,0.00639508077201806,0.036));
#12966=CARTESIAN_POINT('',(-0.0287998965944773,0.00567057844702145,0.036));
#12967=CARTESIAN_POINT('',(-0.0287998965944773,0.00614328968436944,0.036));
#12968=CARTESIAN_POINT('',(-0.029010687217662,0.00639508077201806,0.036));
#12969=CARTESIAN_POINT('',(-0.0287998965944773,0.00567057844702145,0.036));
#12970=CARTESIAN_POINT('',(-0.0287998965944773,0.00567057844702145,0.039));
#12971=CARTESIAN_POINT('',(-0.0287998965944773,0.00567057844702145,0.039));
#12972=CARTESIAN_POINT('',(-0.0287998965944773,0.00567057844702145,0.039));
#12973=CARTESIAN_POINT('',(-0.0287998965944773,0.00614328968436944,0.039));
#12974=CARTESIAN_POINT('',(-0.029010687217662,0.00639508077201806,0.039));
#12975=CARTESIAN_POINT('',(-0.029663800498651,0.00567057844702145,0.039));
#12976=CARTESIAN_POINT('',(-0.029663800498651,0.00567057844702145,0.036));
#12977=CARTESIAN_POINT('',(-0.0305277044028247,0.00567057844702145,0.036));
#12978=CARTESIAN_POINT('',(-0.0305277044028247,0.00567057844702145,0.039));
#12979=CARTESIAN_POINT('',(-0.0305277044028247,0.00567057844702145,0.039));
#12980=CARTESIAN_POINT('',(-0.029663800498651,0.00567057844702145,0.039));
#12981=CARTESIAN_POINT('',(-0.02947809251255,0.00364081427685781,0.039));
#12982=CARTESIAN_POINT('',(-0.02947809251255,0.00364081427685781,0.036));
#12983=CARTESIAN_POINT('',(-0.0299662392188726,0.00364081427685781,0.039));
#12984=CARTESIAN_POINT('',(-0.0299662392188726,0.00364081427685781,0.036));
#12985=CARTESIAN_POINT('',(-0.0303516435848328,0.00378970223800892,0.039));
#12986=CARTESIAN_POINT('',(-0.0303516435848328,0.00378970223800892,0.036));
#12987=CARTESIAN_POINT('',(-0.0306343056104308,0.00408747816031112,0.039));
#12988=CARTESIAN_POINT('',(-0.0306343056104308,0.00408747816031112,0.036));
#12989=CARTESIAN_POINT('',(-0.02947809251255,0.00364081427685781,0.039));
#12990=CARTESIAN_POINT('',(-0.02947809251255,0.00364081427685781,0.039));
#12991=CARTESIAN_POINT('',(-0.02947809251255,0.00364081427685781,0.039));
#12992=CARTESIAN_POINT('',(-0.0302103125720339,0.00364081427685781,0.039));
#12993=CARTESIAN_POINT('',(-0.0306343056104308,0.00408747816031112,0.039));
#12994=CARTESIAN_POINT('',(-0.0306343056104308,0.00408747816031112,0.039));
#12995=CARTESIAN_POINT('',(-0.0306343056104308,0.00408747816031112,0.039));
#12996=CARTESIAN_POINT('',(-0.0294305882945456,0.00646702120087019,0.0389999999999999));
#12997=CARTESIAN_POINT('',(-0.0289069801604887,0.00369097955102536,0.039));
#12998=CARTESIAN_POINT('',(-0.0289069012574632,0.00369055953297626,0.039));
#12999=CARTESIAN_POINT('',(-0.0294305882945456,0.00646702120087019,0.039));
#13000=CARTESIAN_POINT('',(-0.0294990069476233,0.00633820618452575,0.0389999999999998));
#13001=CARTESIAN_POINT('',(-0.0284053274188133,0.00385539819126193,0.039));
#13002=CARTESIAN_POINT('',(-0.0284053274188133,0.00385539819126193,0.039));
#13003=CARTESIAN_POINT('',(-0.0294990069476233,0.00633820618452575,0.039));
#13004=CARTESIAN_POINT('',(-0.0284053274188133,0.00407831335060744,0.039));
#13005=CARTESIAN_POINT('',(-0.0284053274188133,0.00430237358446212,0.039));
#13006=CARTESIAN_POINT('',(-0.0284053274188133,0.0043016452923341,0.039));
#13007=CARTESIAN_POINT('',(-0.0284053274188133,0.00407831335060744,0.039));
#13008=CARTESIAN_POINT('',(-0.0294736939605628,0.00673685916218654,0.039));
#13009=CARTESIAN_POINT('',(-0.0294597628931426,0.00407879570901289,0.039));
#13010=CARTESIAN_POINT('',(-0.0294597628931426,0.00407879570901289,0.039));
#13011=CARTESIAN_POINT('',(-0.0294736939605628,0.00673685916218654,0.039));
#13012=CARTESIAN_POINT('',(-0.0302450423772269,0.0043802697124236,0.039));
#13013=CARTESIAN_POINT('',(-0.0302450423772269,0.0043802697124236,0.036));
#13014=CARTESIAN_POINT('',(-0.0300591736049907,0.00417928704348313,0.039));
#13015=CARTESIAN_POINT('',(-0.0300591736049907,0.00417928704348313,0.036));
#13016=CARTESIAN_POINT('',(-0.0297974137769626,0.00407879570901289,0.039));
#13017=CARTESIAN_POINT('',(-0.0297974137769626,0.00407879570901289,0.036));
#13018=CARTESIAN_POINT('',(-0.0294597628931426,0.00407879570901289,0.039));
#13019=CARTESIAN_POINT('',(-0.0294597628931426,0.00407879570901289,0.036));
#13020=CARTESIAN_POINT('',(-0.0302450423772269,0.0043802697124236,0.039));
#13021=CARTESIAN_POINT('',(-0.0302450423772269,0.0043802697124236,0.039));
#13022=CARTESIAN_POINT('',(-0.0302450423772269,0.0043802697124236,0.039));
#13023=CARTESIAN_POINT('',(-0.0299662392188726,0.00407879570901289,0.039));
#13024=CARTESIAN_POINT('',(-0.0294597628931426,0.00407879570901289,0.039));
#13025=CARTESIAN_POINT('',(-0.0305392810045557,0.00526346795281562,0.039));
#13026=CARTESIAN_POINT('',(-0.0305392810045557,0.00526346795281562,0.036));
#13027=CARTESIAN_POINT('',(-0.0305289906919059,0.00487565179482809,0.039));
#13028=CARTESIAN_POINT('',(-0.0305289906919059,0.00487565179482809,0.036));
#13029=CARTESIAN_POINT('',(-0.030430911149463,0.00458125238136408,0.039));
#13030=CARTESIAN_POINT('',(-0.030430911149463,0.00458125238136408,0.036));
#13031=CARTESIAN_POINT('',(-0.0302450423772269,0.0043802697124236,0.039));
#13032=CARTESIAN_POINT('',(-0.0302450423772269,0.0043802697124236,0.036));
#13033=CARTESIAN_POINT('',(-0.0305392810045557,0.00526346795281562,0.039));
#13034=CARTESIAN_POINT('',(-0.0305392810045557,0.00526346795281562,0.039));
#13035=CARTESIAN_POINT('',(-0.0305392810045557,0.00526346795281562,0.039));
#13036=CARTESIAN_POINT('',(-0.030523845535581,0.00468174371583432,0.039));
#13037=CARTESIAN_POINT('',(-0.0302450423772269,0.0043802697124236,0.039));
#13038=CARTESIAN_POINT('',(-0.0294013975260823,0.00526346795281562,0.039));
#13039=CARTESIAN_POINT('',(-0.0282635140476089,0.00526346795281562,0.039));
#13040=CARTESIAN_POINT('',(-0.0282635140476089,0.00526346795281562,0.039));
#13041=CARTESIAN_POINT('',(-0.0294013975260823,0.00526346795281562,0.039));
#13042=CARTESIAN_POINT('',(-0.0282635140476089,0.00542168150980556,0.039));
#13043=CARTESIAN_POINT('',(-0.0282635140476089,0.00557989506679551,0.039));
#13044=CARTESIAN_POINT('',(-0.0282635140476089,0.00557989506679551,0.039));
#13045=CARTESIAN_POINT('',(-0.0282635140476089,0.00542168150980556,0.039));
#13046=CARTESIAN_POINT('',(-0.0286252828517017,0.0066579661029922,0.039));
#13047=CARTESIAN_POINT('',(-0.0286252828517017,0.0066579661029922,0.036));
#13048=CARTESIAN_POINT('',(-0.0283841036489732,0.00638559439004407,0.039));
#13049=CARTESIAN_POINT('',(-0.0283841036489732,0.00638559439004407,0.036));
#13050=CARTESIAN_POINT('',(-0.0282635140476089,0.00602623737797851,0.039));
#13051=CARTESIAN_POINT('',(-0.0282635140476089,0.00602623737797851,0.036));
#13052=CARTESIAN_POINT('',(-0.0282635140476089,0.00557989506679551,0.039));
#13053=CARTESIAN_POINT('',(-0.0282635140476089,0.00557989506679551,0.036));
#13054=CARTESIAN_POINT('',(-0.0286252828517017,0.0066579661029922,0.039));
#13055=CARTESIAN_POINT('',(-0.0286252828517017,0.0066579661029922,0.039));
#13056=CARTESIAN_POINT('',(-0.0286252828517017,0.0066579661029922,0.039));
#13057=CARTESIAN_POINT('',(-0.0282635140476089,0.00624940853357001,0.039));
#13058=CARTESIAN_POINT('',(-0.0282635140476089,0.00557989506679551,0.039));
#13059=CARTESIAN_POINT('',(-0.0296073645652125,0.0070665236724144,0.039));
#13060=CARTESIAN_POINT('',(-0.0296073645652125,0.0070665236724144,0.036));
#13061=CARTESIAN_POINT('',(-0.0291938226256006,0.0070665236724144,0.039));
#13062=CARTESIAN_POINT('',(-0.0291938226256006,0.0070665236724144,0.036));
#13063=CARTESIAN_POINT('',(-0.0288664620544303,0.00693033781594033,0.039));
#13064=CARTESIAN_POINT('',(-0.0288664620544303,0.00693033781594033,0.036));
#13065=CARTESIAN_POINT('',(-0.0286252828517017,0.0066579661029922,0.039));
#13066=CARTESIAN_POINT('',(-0.0286252828517017,0.0066579661029922,0.036));
#13067=CARTESIAN_POINT('',(-0.0296073645652125,0.0070665236724144,0.039));
#13068=CARTESIAN_POINT('',(-0.0296073645652125,0.0070665236724144,0.039));
#13069=CARTESIAN_POINT('',(-0.0296073645652125,0.0070665236724144,0.039));
#13070=CARTESIAN_POINT('',(-0.0289870516557946,0.0070665236724144,0.039));
#13071=CARTESIAN_POINT('',(-0.0286252828517017,0.0066579661029922,0.039));
#13072=CARTESIAN_POINT('',(-0.0306646941899745,0.00659622422709369,0.039));
#13073=CARTESIAN_POINT('',(-0.0306646941899745,0.00659622422709369,0.036));
#13074=CARTESIAN_POINT('',(-0.0304022912174059,0.00690975719064083,0.039));
#13075=CARTESIAN_POINT('',(-0.0304022912174059,0.00690975719064083,0.036));
#13076=CARTESIAN_POINT('',(-0.0300498480091518,0.0070665236724144,0.039));
#13077=CARTESIAN_POINT('',(-0.0300498480091518,0.0070665236724144,0.036));
#13078=CARTESIAN_POINT('',(-0.0296073645652125,0.0070665236724144,0.039));
#13079=CARTESIAN_POINT('',(-0.0296073645652125,0.0070665236724144,0.036));
#13080=CARTESIAN_POINT('',(-0.0306646941899745,0.00659622422709369,0.039));
#13081=CARTESIAN_POINT('',(-0.0306646941899745,0.00659622422709369,0.039));
#13082=CARTESIAN_POINT('',(-0.0306646941899745,0.00659622422709369,0.039));
#13083=CARTESIAN_POINT('',(-0.0302710897311215,0.0070665236724144,0.039));
#13084=CARTESIAN_POINT('',(-0.0296073645652125,0.0070665236724144,0.039));
#13085=CARTESIAN_POINT('',(-0.0310582986488275,0.00532617454552505,0.039));
#13086=CARTESIAN_POINT('',(-0.0310582986488275,0.00532617454552505,0.036));
#13087=CARTESIAN_POINT('',(-0.0310582986488275,0.00585934136969034,0.039));
#13088=CARTESIAN_POINT('',(-0.0310582986488275,0.00585934136969034,0.036));
#13089=CARTESIAN_POINT('',(-0.0309270971625432,0.00628269126354655,0.039));
#13090=CARTESIAN_POINT('',(-0.0309270971625432,0.00628269126354655,0.036));
#13091=CARTESIAN_POINT('',(-0.0306646941899745,0.00659622422709369,0.039));
#13092=CARTESIAN_POINT('',(-0.0306646941899745,0.00659622422709369,0.036));
#13093=CARTESIAN_POINT('',(-0.0310582986488275,0.00532617454552505,0.039));
#13094=CARTESIAN_POINT('',(-0.0310582986488275,0.00532617454552505,0.039));
#13095=CARTESIAN_POINT('',(-0.0310582986488275,0.00532617454552505,0.039));
#13096=CARTESIAN_POINT('',(-0.0310582986488275,0.00612592478177298,0.039));
#13097=CARTESIAN_POINT('',(-0.0306646941899745,0.00659622422709369,0.039));
#13098=CARTESIAN_POINT('',(-0.0306343056104308,0.00408747816031112,0.039));
#13099=CARTESIAN_POINT('',(-0.0306343056104308,0.00408747816031112,0.036));
#13100=CARTESIAN_POINT('',(-0.0309169676360286,0.00438525408261333,0.039));
#13101=CARTESIAN_POINT('',(-0.0309169676360286,0.00438525408261333,0.036));
#13102=CARTESIAN_POINT('',(-0.0310582986488275,0.00479815287768464,0.039));
#13103=CARTESIAN_POINT('',(-0.0310582986488275,0.00479815287768464,0.036));
#13104=CARTESIAN_POINT('',(-0.0310582986488275,0.00532617454552505,0.039));
#13105=CARTESIAN_POINT('',(-0.0310582986488275,0.00532617454552505,0.036));
#13106=CARTESIAN_POINT('',(-0.0306343056104308,0.00408747816031112,0.039));
#13107=CARTESIAN_POINT('',(-0.0310582986488275,0.00453414204376443,0.039));
#13108=CARTESIAN_POINT('',(-0.0310582986488275,0.00532617454552505,0.039));
#13109=CARTESIAN_POINT('',(-0.0302484188860651,0.00638784539593621,0.039));
#13110=CARTESIAN_POINT('',(-0.0302484188860651,0.00638784539593621,0.036));
#13111=CARTESIAN_POINT('',(-0.0304063108707847,0.00621516108678256,0.039));
#13112=CARTESIAN_POINT('',(-0.0304063108707847,0.00621516108678256,0.036));
#13113=CARTESIAN_POINT('',(-0.0304994060430379,0.00597607210381097,0.039));
#13114=CARTESIAN_POINT('',(-0.0304994060430379,0.00597607210381097,0.036));
#13115=CARTESIAN_POINT('',(-0.0305277044028247,0.00567057844702145,0.039));
#13116=CARTESIAN_POINT('',(-0.0305277044028247,0.00567057844702145,0.036));
#13117=CARTESIAN_POINT('',(-0.0302484188860651,0.00638784539593621,0.036));
#13118=CARTESIAN_POINT('',(-0.0304852568631445,0.00612881893220573,0.036));
#13119=CARTESIAN_POINT('',(-0.0305277044028247,0.00567057844702145,0.036));
#13120=CARTESIAN_POINT('',(-0.0302484188860651,0.00638784539593621,0.039));
#13121=CARTESIAN_POINT('',(-0.0304852568631445,0.00612881893220573,0.039));
#13122=CARTESIAN_POINT('',(-0.0305277044028247,0.00567057844702145,0.039));
#13123=CARTESIAN_POINT('',(0.00198598749339636,-0.00383108708127283,0.039));
#13124=CARTESIAN_POINT('',(0.00198598749339636,-0.00383108708127283,0.036));
#13125=CARTESIAN_POINT('',(0.00198598749339636,-0.00383108708127283,0.036));
#13126=CARTESIAN_POINT('',(0.00198598749339636,-0.00383108708127283,0.036));
#13127=CARTESIAN_POINT('',(0.00198598749339636,-0.00383108708127283,0.036));
#13128=CARTESIAN_POINT('',(0.00198598749339636,-0.00383108708127283,0.036));
#13129=CARTESIAN_POINT('',(0.00198598749339636,-0.00383108708127283,0.036));
#13130=CARTESIAN_POINT('',(0.00198598749339636,-0.00383108708127283,0.036));
#13131=CARTESIAN_POINT('',(0.,0.,0.));
#13132=CARTESIAN_POINT('',(-0.0378250181674958,0.0242606012225151,0.025));
#13133=CARTESIAN_POINT('',(-0.0378250181674958,0.0242606012225151,0.));
#13134=CARTESIAN_POINT('',(-0.0423250181674958,0.0242606012225151,0.));
#13135=CARTESIAN_POINT('',(-0.0333250181674958,0.0242606012225151,0.));
#13136=CARTESIAN_POINT('',(-0.0423250181674958,0.0242606012225151,0.025));
#13137=CARTESIAN_POINT('',(-0.0423250181674958,0.0242606012225151,0.025));
#13138=CARTESIAN_POINT('',(-0.0378250181674958,0.0242606012225151,0.025));
#13139=CARTESIAN_POINT('',(-0.0333250181674958,0.0242606012225151,0.025));
#13140=CARTESIAN_POINT('',(-0.0333250181674958,0.0242606012225151,0.025));
#13141=CARTESIAN_POINT('',(-0.0423250181674958,0.0197606012225151,0.025));
#13142=CARTESIAN_POINT('',(-0.0423250181674958,0.0197606012225151,0.));
#13143=CARTESIAN_POINT('',(-0.0423250181674958,0.0152606012225151,0.));
#13144=CARTESIAN_POINT('',(-0.0423250181674958,0.0152606012225151,0.025));
#13145=CARTESIAN_POINT('',(-0.0423250181674958,0.0152606012225151,0.025));
#13146=CARTESIAN_POINT('',(-0.0423250181674958,0.0197606012225151,0.025));
#13147=CARTESIAN_POINT('',(-0.0378250181674958,0.0152606012225151,0.025));
#13148=CARTESIAN_POINT('',(-0.0378250181674958,0.0152606012225151,0.));
#13149=CARTESIAN_POINT('',(-0.0333250181674958,0.0152606012225151,0.));
#13150=CARTESIAN_POINT('',(-0.0333250181674958,0.0152606012225151,0.025));
#13151=CARTESIAN_POINT('',(-0.0333250181674958,0.0152606012225151,0.025));
#13152=CARTESIAN_POINT('',(-0.0378250181674958,0.0152606012225151,0.025));
#13153=CARTESIAN_POINT('',(-0.0378250181674958,0.0197606012225151,0.025));
#13154=CARTESIAN_POINT('',(-0.0378250181674958,0.0197606012225151,0.025));
#13155=CARTESIAN_POINT('',(-0.0355250181674958,0.0197606012225151,0.025));
#13156=CARTESIAN_POINT('',(-0.0378250181674958,0.0197606012225151,0.));
#13157=CARTESIAN_POINT('',(-0.0355250181674958,0.0197606012225151,0.));
#13158=CARTESIAN_POINT('',(-0.0333250181674958,0.0197606012225151,0.025));
#13159=CARTESIAN_POINT('',(-0.0333250181674958,0.0197606012225151,0.));
#13160=CARTESIAN_POINT('',(-0.0333250181674958,0.0197606012225151,0.025));
#13161=CARTESIAN_POINT('',(0.0017550028860569,1.0322779417038E-5,0.025));
#13162=CARTESIAN_POINT('',(0.0017550028860569,1.0322779417038E-5,0.));
#13163=MECHANICAL_DESIGN_GEOMETRIC_PRESENTATION_REPRESENTATION('',(#7488),
#13169);
#13164=MECHANICAL_DESIGN_GEOMETRIC_PRESENTATION_REPRESENTATION('',(#7489),
#13170);
#13165=MECHANICAL_DESIGN_GEOMETRIC_PRESENTATION_REPRESENTATION('',(#7490),
#13171);
#13166=MECHANICAL_DESIGN_GEOMETRIC_PRESENTATION_REPRESENTATION('',(#7491),
#13172);
#13167=MECHANICAL_DESIGN_GEOMETRIC_PRESENTATION_REPRESENTATION('',(#7492),
#13173);
#13168=MECHANICAL_DESIGN_GEOMETRIC_PRESENTATION_REPRESENTATION('',(#7493),
#13174);
#13169=(
GEOMETRIC_REPRESENTATION_CONTEXT(3)
GLOBAL_UNCERTAINTY_ASSIGNED_CONTEXT((#13175))
GLOBAL_UNIT_ASSIGNED_CONTEXT((#13193,#13187,#13181))
REPRESENTATION_CONTEXT('Part 5','TOP_LEVEL_ASSEMBLY_PART')
);
#13170=(
GEOMETRIC_REPRESENTATION_CONTEXT(3)
GLOBAL_UNCERTAINTY_ASSIGNED_CONTEXT((#13176))
GLOBAL_UNIT_ASSIGNED_CONTEXT((#13194,#13188,#13182))
REPRESENTATION_CONTEXT('Part 3','TOP_LEVEL_ASSEMBLY_PART')
);
#13171=(
GEOMETRIC_REPRESENTATION_CONTEXT(3)
GLOBAL_UNCERTAINTY_ASSIGNED_CONTEXT((#13177))
GLOBAL_UNIT_ASSIGNED_CONTEXT((#13195,#13189,#13183))
REPRESENTATION_CONTEXT('Part 7','TOP_LEVEL_ASSEMBLY_PART')
);
#13172=(
GEOMETRIC_REPRESENTATION_CONTEXT(3)
GLOBAL_UNCERTAINTY_ASSIGNED_CONTEXT((#13178))
GLOBAL_UNIT_ASSIGNED_CONTEXT((#13196,#13190,#13184))
REPRESENTATION_CONTEXT('Part 6','TOP_LEVEL_ASSEMBLY_PART')
);
#13173=(
GEOMETRIC_REPRESENTATION_CONTEXT(3)
GLOBAL_UNCERTAINTY_ASSIGNED_CONTEXT((#13179))
GLOBAL_UNIT_ASSIGNED_CONTEXT((#13197,#13191,#13185))
REPRESENTATION_CONTEXT('Part 9','TOP_LEVEL_ASSEMBLY_PART')
);
#13174=(
GEOMETRIC_REPRESENTATION_CONTEXT(3)
GLOBAL_UNCERTAINTY_ASSIGNED_CONTEXT((#13180))
GLOBAL_UNIT_ASSIGNED_CONTEXT((#13198,#13192,#13186))
REPRESENTATION_CONTEXT('Part 8','TOP_LEVEL_ASSEMBLY_PART')
);
#13175=UNCERTAINTY_MEASURE_WITH_UNIT(LENGTH_MEASURE(1.E-8),#13193,
'DISTANCE_ACCURACY_VALUE','Maximum Tolerance applied to model');
#13176=UNCERTAINTY_MEASURE_WITH_UNIT(LENGTH_MEASURE(1.E-8),#13194,
'DISTANCE_ACCURACY_VALUE','Maximum Tolerance applied to model');
#13177=UNCERTAINTY_MEASURE_WITH_UNIT(LENGTH_MEASURE(1.E-8),#13195,
'DISTANCE_ACCURACY_VALUE','Maximum Tolerance applied to model');
#13178=UNCERTAINTY_MEASURE_WITH_UNIT(LENGTH_MEASURE(1.E-8),#13196,
'DISTANCE_ACCURACY_VALUE','Maximum Tolerance applied to model');
#13179=UNCERTAINTY_MEASURE_WITH_UNIT(LENGTH_MEASURE(2.E-5),#13197,
'DISTANCE_ACCURACY_VALUE','Maximum Tolerance applied to model');
#13180=UNCERTAINTY_MEASURE_WITH_UNIT(LENGTH_MEASURE(1.E-8),#13198,
'DISTANCE_ACCURACY_VALUE','Maximum Tolerance applied to model');
#13181=(
NAMED_UNIT(*)
SI_UNIT($,.STERADIAN.)
SOLID_ANGLE_UNIT()
);
#13182=(
NAMED_UNIT(*)
SI_UNIT($,.STERADIAN.)
SOLID_ANGLE_UNIT()
);
#13183=(
NAMED_UNIT(*)
SI_UNIT($,.STERADIAN.)
SOLID_ANGLE_UNIT()
);
#13184=(
NAMED_UNIT(*)
SI_UNIT($,.STERADIAN.)
SOLID_ANGLE_UNIT()
);
#13185=(
NAMED_UNIT(*)
SI_UNIT($,.STERADIAN.)
SOLID_ANGLE_UNIT()
);
#13186=(
NAMED_UNIT(*)
SI_UNIT($,.STERADIAN.)
SOLID_ANGLE_UNIT()
);
#13187=(
NAMED_UNIT(*)
PLANE_ANGLE_UNIT()
SI_UNIT($,.RADIAN.)
);
#13188=(
NAMED_UNIT(*)
PLANE_ANGLE_UNIT()
SI_UNIT($,.RADIAN.)
);
#13189=(
NAMED_UNIT(*)
PLANE_ANGLE_UNIT()
SI_UNIT($,.RADIAN.)
);
#13190=(
NAMED_UNIT(*)
PLANE_ANGLE_UNIT()
SI_UNIT($,.RADIAN.)
);
#13191=(
NAMED_UNIT(*)
PLANE_ANGLE_UNIT()
SI_UNIT($,.RADIAN.)
);
#13192=(
NAMED_UNIT(*)
PLANE_ANGLE_UNIT()
SI_UNIT($,.RADIAN.)
);
#13193=(
LENGTH_UNIT()
NAMED_UNIT(*)
SI_UNIT($,.METRE.)
);
#13194=(
LENGTH_UNIT()
NAMED_UNIT(*)
SI_UNIT($,.METRE.)
);
#13195=(
LENGTH_UNIT()
NAMED_UNIT(*)
SI_UNIT($,.METRE.)
);
#13196=(
LENGTH_UNIT()
NAMED_UNIT(*)
SI_UNIT($,.METRE.)
);
#13197=(
LENGTH_UNIT()
NAMED_UNIT(*)
SI_UNIT($,.METRE.)
);
#13198=(
LENGTH_UNIT()
NAMED_UNIT(*)
SI_UNIT($,.METRE.)
);
#13199=PRODUCT_DEFINITION_SHAPE('','',#13205);
#13200=PRODUCT_DEFINITION_SHAPE('','',#13206);
#13201=PRODUCT_DEFINITION_SHAPE('','',#13207);
#13202=PRODUCT_DEFINITION_SHAPE('','',#13208);
#13203=PRODUCT_DEFINITION_SHAPE('','',#13209);
#13204=PRODUCT_DEFINITION_SHAPE('','',#13210);
#13205=PRODUCT_DEFINITION('','',#13217,#13211);
#13206=PRODUCT_DEFINITION('','',#13218,#13212);
#13207=PRODUCT_DEFINITION('','',#13219,#13213);
#13208=PRODUCT_DEFINITION('','',#13220,#13214);
#13209=PRODUCT_DEFINITION('','',#13221,#13215);
#13210=PRODUCT_DEFINITION('','',#13222,#13216);
#13211=PRODUCT_DEFINITION_CONTEXT('',#13253,'design');
#13212=PRODUCT_DEFINITION_CONTEXT('',#13254,'design');
#13213=PRODUCT_DEFINITION_CONTEXT('',#13255,'design');
#13214=PRODUCT_DEFINITION_CONTEXT('',#13256,'design');
#13215=PRODUCT_DEFINITION_CONTEXT('',#13257,'design');
#13216=PRODUCT_DEFINITION_CONTEXT('',#13258,'design');
#13217=PRODUCT_DEFINITION_FORMATION_WITH_SPECIFIED_SOURCE('','',#13229,
 .NOT_KNOWN.);
#13218=PRODUCT_DEFINITION_FORMATION_WITH_SPECIFIED_SOURCE('','',#13230,
 .NOT_KNOWN.);
#13219=PRODUCT_DEFINITION_FORMATION_WITH_SPECIFIED_SOURCE('','',#13231,
 .NOT_KNOWN.);
#13220=PRODUCT_DEFINITION_FORMATION_WITH_SPECIFIED_SOURCE('','',#13232,
 .NOT_KNOWN.);
#13221=PRODUCT_DEFINITION_FORMATION_WITH_SPECIFIED_SOURCE('','',#13233,
 .NOT_KNOWN.);
#13222=PRODUCT_DEFINITION_FORMATION_WITH_SPECIFIED_SOURCE('','',#13234,
 .NOT_KNOWN.);
#13223=PRODUCT_RELATED_PRODUCT_CATEGORY('','',(#13229));
#13224=PRODUCT_RELATED_PRODUCT_CATEGORY('','',(#13230));
#13225=PRODUCT_RELATED_PRODUCT_CATEGORY('','',(#13231));
#13226=PRODUCT_RELATED_PRODUCT_CATEGORY('','',(#13232));
#13227=PRODUCT_RELATED_PRODUCT_CATEGORY('','',(#13233));
#13228=PRODUCT_RELATED_PRODUCT_CATEGORY('','',(#13234));
#13229=PRODUCT('Part 5','Part 5','Part 5',(#13241));
#13230=PRODUCT('Part 3','Part 3','Part 3',(#13242));
#13231=PRODUCT('Part 7','Part 7','Part 7',(#13243));
#13232=PRODUCT('Part 6','Part 6','Part 6',(#13244));
#13233=PRODUCT('Part 9','Part 9','Part 9',(#13245));
#13234=PRODUCT('Part 8','Part 8','Part 8',(#13246));
#13235=PRODUCT_CATEGORY('','');
#13236=PRODUCT_CATEGORY('','');
#13237=PRODUCT_CATEGORY('','');
#13238=PRODUCT_CATEGORY('','');
#13239=PRODUCT_CATEGORY('','');
#13240=PRODUCT_CATEGORY('','');
#13241=PRODUCT_CONTEXT('',#13253,'mechanical');
#13242=PRODUCT_CONTEXT('',#13254,'mechanical');
#13243=PRODUCT_CONTEXT('',#13255,'mechanical');
#13244=PRODUCT_CONTEXT('',#13256,'mechanical');
#13245=PRODUCT_CONTEXT('',#13257,'mechanical');
#13246=PRODUCT_CONTEXT('',#13258,'mechanical');
#13247=APPLICATION_PROTOCOL_DEFINITION('international standard',
'ap242_managed_model_based_3d_engineering',2020,#13253);
#13248=APPLICATION_PROTOCOL_DEFINITION('international standard',
'ap242_managed_model_based_3d_engineering',2020,#13254);
#13249=APPLICATION_PROTOCOL_DEFINITION('international standard',
'ap242_managed_model_based_3d_engineering',2020,#13255);
#13250=APPLICATION_PROTOCOL_DEFINITION('international standard',
'ap242_managed_model_based_3d_engineering',2020,#13256);
#13251=APPLICATION_PROTOCOL_DEFINITION('international standard',
'ap242_managed_model_based_3d_engineering',2020,#13257);
#13252=APPLICATION_PROTOCOL_DEFINITION('international standard',
'ap242_managed_model_based_3d_engineering',2020,#13258);
#13253=APPLICATION_CONTEXT('managed model based 3d engineering');
#13254=APPLICATION_CONTEXT('managed model based 3d engineering');
#13255=APPLICATION_CONTEXT('managed model based 3d engineering');
#13256=APPLICATION_CONTEXT('managed model based 3d engineering');
#13257=APPLICATION_CONTEXT('managed model based 3d engineering');
#13258=APPLICATION_CONTEXT('managed model based 3d engineering');
ENDSEC;
END-ISO-10303-21;
