ISO-10303-21;
HEADER;
/* Generated by software containing ST-Developer
 * from STEP Tools, Inc. (www.steptools.com) 
 */
/* OPTION: using custom renumber hook */

FILE_DESCRIPTION(
/* description */ ('STEP AP242 Edition 2',
'CAx-IF Rec.Pracs.---Representation and Presentation of Product Manufa
cturing Information (PMI)---4.0---2014-10-13',
'CAx-IF Rec.Pracs.---3D Tessellated Geometry---0.4---2014-09-14','2;1',
'CAx-IF Rec.Pracs.---User Defined Attributes---1.5---2016-08-15'),
/* implementation_level */ '2;1');

FILE_NAME(
/* name */ 'Full thing',
/* time_stamp */ '2026-09-12T01:26:04Z',
/* author */ (''),
/* organization */ (''),
/* preprocessor_version */ 'ST-DEVELOPER v20',
/* originating_system */ 'ONSHAPE BY PTC INC, 1.220',
/* authorisation */ '  ');

FILE_SCHEMA (('AP242_MANAGED_MODEL_BASED_3D_ENGINEERING_MIM_LF { 1 0 10303 442 3 1 4 }'));
ENDSEC;

DATA;
#10=B_SPLINE_SURFACE_WITH_KNOTS('',3,1,((#10218,#10219),(#10220,#10221),
(#10222,#10223),(#10224,#10225)),.SURF_OF_LINEAR_EXTRUSION.,.F.,.F.,.F.,
(4,4),(2,2),(0.,1.),(0.,1.),.PIECEWISE_BEZIER_KNOTS.);
#11=B_SPLINE_SURFACE_WITH_KNOTS('',3,1,((#10231,#10232),(#10233,#10234),
(#10235,#10236),(#10237,#10238)),.SURF_OF_LINEAR_EXTRUSION.,.F.,.F.,.F.,
(4,4),(2,2),(0.,1.),(0.,1.),.PIECEWISE_BEZIER_KNOTS.);
#12=B_SPLINE_SURFACE_WITH_KNOTS('',3,1,((#10276,#10277),(#10278,#10279),
(#10280,#10281),(#10282,#10283)),.SURF_OF_LINEAR_EXTRUSION.,.F.,.F.,.F.,
(4,4),(2,2),(0.,1.),(0.,1.),.PIECEWISE_BEZIER_KNOTS.);
#13=B_SPLINE_SURFACE_WITH_KNOTS('',3,1,((#10289,#10290),(#10291,#10292),
(#10293,#10294),(#10295,#10296)),.SURF_OF_LINEAR_EXTRUSION.,.F.,.F.,.F.,
(4,4),(2,2),(0.,1.),(0.,1.),.PIECEWISE_BEZIER_KNOTS.);
#14=B_SPLINE_SURFACE_WITH_KNOTS('',3,1,((#10302,#10303),(#10304,#10305),
(#10306,#10307),(#10308,#10309)),.SURF_OF_LINEAR_EXTRUSION.,.F.,.F.,.F.,
(4,4),(2,2),(0.,1.),(0.,1.),.PIECEWISE_BEZIER_KNOTS.);
#15=B_SPLINE_SURFACE_WITH_KNOTS('',3,1,((#10315,#10316),(#10317,#10318),
(#10319,#10320),(#10321,#10322)),.SURF_OF_LINEAR_EXTRUSION.,.F.,.F.,.F.,
(4,4),(2,2),(0.,1.),(0.,1.),.PIECEWISE_BEZIER_KNOTS.);
#16=B_SPLINE_SURFACE_WITH_KNOTS('',3,1,((#10400,#10401),(#10402,#10403),
(#10404,#10405),(#10406,#10407)),.SURF_OF_LINEAR_EXTRUSION.,.F.,.F.,.F.,
(4,4),(2,2),(0.,1.),(0.,1.),.PIECEWISE_BEZIER_KNOTS.);
#17=B_SPLINE_SURFACE_WITH_KNOTS('',3,1,((#10420,#10421),(#10422,#10423),
(#10424,#10425),(#10426,#10427)),.SURF_OF_LINEAR_EXTRUSION.,.F.,.F.,.F.,
(4,4),(2,2),(0.,1.),(0.,1.),.PIECEWISE_BEZIER_KNOTS.);
#18=B_SPLINE_SURFACE_WITH_KNOTS('',3,1,((#10437,#10438),(#10439,#10440),
(#10441,#10442),(#10443,#10444)),.SURF_OF_LINEAR_EXTRUSION.,.F.,.F.,.F.,
(4,4),(2,2),(0.,1.),(0.,1.),.PIECEWISE_BEZIER_KNOTS.);
#19=B_SPLINE_SURFACE_WITH_KNOTS('',3,1,((#10460,#10461),(#10462,#10463),
(#10464,#10465),(#10466,#10467)),.SURF_OF_LINEAR_EXTRUSION.,.F.,.F.,.F.,
(4,4),(2,2),(0.,1.),(0.,1.),.PIECEWISE_BEZIER_KNOTS.);
#20=B_SPLINE_SURFACE_WITH_KNOTS('',3,1,((#10475,#10476),(#10477,#10478),
(#10479,#10480),(#10481,#10482)),.SURF_OF_LINEAR_EXTRUSION.,.F.,.F.,.F.,
(4,4),(2,2),(0.,1.),(0.,1.),.PIECEWISE_BEZIER_KNOTS.);
#21=B_SPLINE_SURFACE_WITH_KNOTS('',3,1,((#10500,#10501),(#10502,#10503),
(#10504,#10505),(#10506,#10507)),.SURF_OF_LINEAR_EXTRUSION.,.F.,.F.,.F.,
(4,4),(2,2),(0.,1.),(0.,1.),.PIECEWISE_BEZIER_KNOTS.);
#22=B_SPLINE_SURFACE_WITH_KNOTS('',3,1,((#10513,#10514),(#10515,#10516),
(#10517,#10518),(#10519,#10520)),.SURF_OF_LINEAR_EXTRUSION.,.F.,.F.,.F.,
(4,4),(2,2),(0.,1.),(0.,1.),.PIECEWISE_BEZIER_KNOTS.);
#23=B_SPLINE_SURFACE_WITH_KNOTS('',3,1,((#10534,#10535),(#10536,#10537),
(#10538,#10539),(#10540,#10541)),.SURF_OF_LINEAR_EXTRUSION.,.F.,.F.,.F.,
(4,4),(2,2),(0.,1.),(0.,1.),.PIECEWISE_BEZIER_KNOTS.);
#24=B_SPLINE_SURFACE_WITH_KNOTS('',3,1,((#10547,#10548),(#10549,#10550),
(#10551,#10552),(#10553,#10554)),.SURF_OF_LINEAR_EXTRUSION.,.F.,.F.,.F.,
(4,4),(2,2),(0.,1.),(0.,1.),.PIECEWISE_BEZIER_KNOTS.);
#25=B_SPLINE_SURFACE_WITH_KNOTS('',3,1,((#10560,#10561),(#10562,#10563),
(#10564,#10565),(#10566,#10567)),.SURF_OF_LINEAR_EXTRUSION.,.F.,.F.,.F.,
(4,4),(2,2),(0.,1.),(0.,1.),.PIECEWISE_BEZIER_KNOTS.);
#26=B_SPLINE_SURFACE_WITH_KNOTS('',3,1,((#10573,#10574),(#10575,#10576),
(#10577,#10578),(#10579,#10580)),.SURF_OF_LINEAR_EXTRUSION.,.F.,.F.,.F.,
(4,4),(2,2),(0.,1.),(0.,1.),.PIECEWISE_BEZIER_KNOTS.);
#27=B_SPLINE_SURFACE_WITH_KNOTS('',3,1,((#10586,#10587),(#10588,#10589),
(#10590,#10591),(#10592,#10593)),.SURF_OF_LINEAR_EXTRUSION.,.F.,.F.,.F.,
(4,4),(2,2),(0.,1.),(0.,1.),.PIECEWISE_BEZIER_KNOTS.);
#28=B_SPLINE_SURFACE_WITH_KNOTS('',3,1,((#10597,#10598),(#10599,#10600),
(#10601,#10602),(#10603,#10604)),.SURF_OF_LINEAR_EXTRUSION.,.F.,.F.,.F.,
(4,4),(2,2),(0.,1.),(0.,1.),.PIECEWISE_BEZIER_KNOTS.);
#29=B_SPLINE_SURFACE_WITH_KNOTS('',3,1,((#10653,#10654),(#10655,#10656),
(#10657,#10658),(#10659,#10660)),.SURF_OF_LINEAR_EXTRUSION.,.F.,.F.,.F.,
(4,4),(2,2),(0.,1.),(0.,1.),.PIECEWISE_BEZIER_KNOTS.);
#30=B_SPLINE_SURFACE_WITH_KNOTS('',3,1,((#10673,#10674),(#10675,#10676),
(#10677,#10678),(#10679,#10680)),.SURF_OF_LINEAR_EXTRUSION.,.F.,.F.,.F.,
(4,4),(2,2),(0.,1.),(0.,1.),.PIECEWISE_BEZIER_KNOTS.);
#31=B_SPLINE_SURFACE_WITH_KNOTS('',3,1,((#10690,#10691),(#10692,#10693),
(#10694,#10695),(#10696,#10697)),.SURF_OF_LINEAR_EXTRUSION.,.F.,.F.,.F.,
(4,4),(2,2),(0.,1.),(0.,1.),.PIECEWISE_BEZIER_KNOTS.);
#32=B_SPLINE_SURFACE_WITH_KNOTS('',3,1,((#10707,#10708),(#10709,#10710),
(#10711,#10712),(#10713,#10714)),.SURF_OF_LINEAR_EXTRUSION.,.F.,.F.,.F.,
(4,4),(2,2),(0.,1.),(0.,1.),.PIECEWISE_BEZIER_KNOTS.);
#33=B_SPLINE_SURFACE_WITH_KNOTS('',3,1,((#10724,#10725),(#10726,#10727),
(#10728,#10729),(#10730,#10731)),.SURF_OF_LINEAR_EXTRUSION.,.F.,.F.,.F.,
(4,4),(2,2),(0.,1.),(0.,1.),.PIECEWISE_BEZIER_KNOTS.);
#34=B_SPLINE_SURFACE_WITH_KNOTS('',3,1,((#10741,#10742),(#10743,#10744),
(#10745,#10746),(#10747,#10748)),.SURF_OF_LINEAR_EXTRUSION.,.F.,.F.,.F.,
(4,4),(2,2),(0.,1.),(0.,1.),.PIECEWISE_BEZIER_KNOTS.);
#35=B_SPLINE_SURFACE_WITH_KNOTS('',3,1,((#10758,#10759),(#10760,#10761),
(#10762,#10763),(#10764,#10765)),.SURF_OF_LINEAR_EXTRUSION.,.F.,.F.,.F.,
(4,4),(2,2),(0.,1.),(0.,1.),.PIECEWISE_BEZIER_KNOTS.);
#36=B_SPLINE_SURFACE_WITH_KNOTS('',3,1,((#10775,#10776),(#10777,#10778),
(#10779,#10780),(#10781,#10782)),.SURF_OF_LINEAR_EXTRUSION.,.F.,.F.,.F.,
(4,4),(2,2),(0.,1.),(0.,1.),.PIECEWISE_BEZIER_KNOTS.);
#37=B_SPLINE_SURFACE_WITH_KNOTS('',3,1,((#10790,#10791),(#10792,#10793),
(#10794,#10795),(#10796,#10797)),.SURF_OF_LINEAR_EXTRUSION.,.F.,.F.,.F.,
(4,4),(2,2),(0.,1.),(0.,1.),.PIECEWISE_BEZIER_KNOTS.);
#38=B_SPLINE_SURFACE_WITH_KNOTS('',3,1,((#10803,#10804),(#10805,#10806),
(#10807,#10808),(#10809,#10810)),.SURF_OF_LINEAR_EXTRUSION.,.F.,.F.,.F.,
(4,4),(2,2),(0.,1.),(0.,1.),.PIECEWISE_BEZIER_KNOTS.);
#39=B_SPLINE_SURFACE_WITH_KNOTS('',3,1,((#10816,#10817),(#10818,#10819),
(#10820,#10821),(#10822,#10823)),.SURF_OF_LINEAR_EXTRUSION.,.F.,.F.,.F.,
(4,4),(2,2),(0.,1.),(0.,1.),.PIECEWISE_BEZIER_KNOTS.);
#40=B_SPLINE_SURFACE_WITH_KNOTS('',3,1,((#10829,#10830),(#10831,#10832),
(#10833,#10834),(#10835,#10836)),.SURF_OF_LINEAR_EXTRUSION.,.F.,.F.,.F.,
(4,4),(2,2),(0.,1.),(0.,1.),.PIECEWISE_BEZIER_KNOTS.);
#41=B_SPLINE_SURFACE_WITH_KNOTS('',3,1,((#10842,#10843),(#10844,#10845),
(#10846,#10847),(#10848,#10849)),.SURF_OF_LINEAR_EXTRUSION.,.F.,.F.,.F.,
(4,4),(2,2),(0.,1.),(0.,1.),.PIECEWISE_BEZIER_KNOTS.);
#42=B_SPLINE_SURFACE_WITH_KNOTS('',3,1,((#10855,#10856),(#10857,#10858),
(#10859,#10860),(#10861,#10862)),.SURF_OF_LINEAR_EXTRUSION.,.F.,.F.,.F.,
(4,4),(2,2),(0.,1.),(0.,1.),.PIECEWISE_BEZIER_KNOTS.);
#43=B_SPLINE_SURFACE_WITH_KNOTS('',3,1,((#10868,#10869),(#10870,#10871),
(#10872,#10873),(#10874,#10875)),.SURF_OF_LINEAR_EXTRUSION.,.F.,.F.,.F.,
(4,4),(2,2),(0.,1.),(0.,1.),.PIECEWISE_BEZIER_KNOTS.);
#44=B_SPLINE_SURFACE_WITH_KNOTS('',3,1,((#10881,#10882),(#10883,#10884),
(#10885,#10886),(#10887,#10888)),.SURF_OF_LINEAR_EXTRUSION.,.F.,.F.,.F.,
(4,4),(2,2),(0.,1.),(0.,1.),.PIECEWISE_BEZIER_KNOTS.);
#45=B_SPLINE_SURFACE_WITH_KNOTS('',3,1,((#10892,#10893),(#10894,#10895),
(#10896,#10897),(#10898,#10899)),.SURF_OF_LINEAR_EXTRUSION.,.F.,.F.,.F.,
(4,4),(2,2),(0.,1.),(0.,1.),.PIECEWISE_BEZIER_KNOTS.);
#46=B_SPLINE_SURFACE_WITH_KNOTS('',3,1,((#10907,#10908),(#10909,#10910),
(#10911,#10912),(#10913,#10914)),.SURF_OF_LINEAR_EXTRUSION.,.F.,.F.,.F.,
(4,4),(2,2),(0.,1.),(0.,1.),.PIECEWISE_BEZIER_KNOTS.);
#47=B_SPLINE_SURFACE_WITH_KNOTS('',3,1,((#10927,#10928),(#10929,#10930),
(#10931,#10932),(#10933,#10934)),.SURF_OF_LINEAR_EXTRUSION.,.F.,.F.,.F.,
(4,4),(2,2),(0.,1.),(0.,1.),.PIECEWISE_BEZIER_KNOTS.);
#48=B_SPLINE_SURFACE_WITH_KNOTS('',3,1,((#10944,#10945),(#10946,#10947),
(#10948,#10949),(#10950,#10951)),.SURF_OF_LINEAR_EXTRUSION.,.F.,.F.,.F.,
(4,4),(2,2),(0.,1.),(0.,1.),.PIECEWISE_BEZIER_KNOTS.);
#49=B_SPLINE_SURFACE_WITH_KNOTS('',3,1,((#10961,#10962),(#10963,#10964),
(#10965,#10966),(#10967,#10968)),.SURF_OF_LINEAR_EXTRUSION.,.F.,.F.,.F.,
(4,4),(2,2),(0.,1.),(0.,1.),.PIECEWISE_BEZIER_KNOTS.);
#50=B_SPLINE_SURFACE_WITH_KNOTS('',3,1,((#10978,#10979),(#10980,#10981),
(#10982,#10983),(#10984,#10985)),.SURF_OF_LINEAR_EXTRUSION.,.F.,.F.,.F.,
(4,4),(2,2),(0.,1.),(0.,1.),.PIECEWISE_BEZIER_KNOTS.);
#51=B_SPLINE_SURFACE_WITH_KNOTS('',3,1,((#10995,#10996),(#10997,#10998),
(#10999,#11000),(#11001,#11002)),.SURF_OF_LINEAR_EXTRUSION.,.F.,.F.,.F.,
(4,4),(2,2),(0.,1.),(0.,1.),.PIECEWISE_BEZIER_KNOTS.);
#52=B_SPLINE_SURFACE_WITH_KNOTS('',3,1,((#11012,#11013),(#11014,#11015),
(#11016,#11017),(#11018,#11019)),.SURF_OF_LINEAR_EXTRUSION.,.F.,.F.,.F.,
(4,4),(2,2),(0.,1.),(0.,1.),.PIECEWISE_BEZIER_KNOTS.);
#53=B_SPLINE_SURFACE_WITH_KNOTS('',3,1,((#11029,#11030),(#11031,#11032),
(#11033,#11034),(#11035,#11036)),.SURF_OF_LINEAR_EXTRUSION.,.F.,.F.,.F.,
(4,4),(2,2),(0.,1.),(0.,1.),.PIECEWISE_BEZIER_KNOTS.);
#54=B_SPLINE_SURFACE_WITH_KNOTS('',3,1,((#11044,#11045),(#11046,#11047),
(#11048,#11049),(#11050,#11051)),.SURF_OF_LINEAR_EXTRUSION.,.F.,.F.,.F.,
(4,4),(2,2),(0.,1.),(0.,1.),.PIECEWISE_BEZIER_KNOTS.);
#55=B_SPLINE_SURFACE_WITH_KNOTS('',3,1,((#11057,#11058),(#11059,#11060),
(#11061,#11062),(#11063,#11064)),.SURF_OF_LINEAR_EXTRUSION.,.F.,.F.,.F.,
(4,4),(2,2),(0.,1.),(0.,1.),.PIECEWISE_BEZIER_KNOTS.);
#56=B_SPLINE_SURFACE_WITH_KNOTS('',3,1,((#11070,#11071),(#11072,#11073),
(#11074,#11075),(#11076,#11077)),.SURF_OF_LINEAR_EXTRUSION.,.F.,.F.,.F.,
(4,4),(2,2),(0.,1.),(0.,1.),.PIECEWISE_BEZIER_KNOTS.);
#57=B_SPLINE_SURFACE_WITH_KNOTS('',3,1,((#11083,#11084),(#11085,#11086),
(#11087,#11088),(#11089,#11090)),.SURF_OF_LINEAR_EXTRUSION.,.F.,.F.,.F.,
(4,4),(2,2),(0.,1.),(0.,1.),.PIECEWISE_BEZIER_KNOTS.);
#58=B_SPLINE_SURFACE_WITH_KNOTS('',3,1,((#11096,#11097),(#11098,#11099),
(#11100,#11101),(#11102,#11103)),.SURF_OF_LINEAR_EXTRUSION.,.F.,.F.,.F.,
(4,4),(2,2),(0.,1.),(0.,1.),.PIECEWISE_BEZIER_KNOTS.);
#59=B_SPLINE_SURFACE_WITH_KNOTS('',3,1,((#11109,#11110),(#11111,#11112),
(#11113,#11114),(#11115,#11116)),.SURF_OF_LINEAR_EXTRUSION.,.F.,.F.,.F.,
(4,4),(2,2),(0.,1.),(0.,1.),.PIECEWISE_BEZIER_KNOTS.);
#60=B_SPLINE_SURFACE_WITH_KNOTS('',3,1,((#11122,#11123),(#11124,#11125),
(#11126,#11127),(#11128,#11129)),.SURF_OF_LINEAR_EXTRUSION.,.F.,.F.,.F.,
(4,4),(2,2),(0.,1.),(0.,1.),.PIECEWISE_BEZIER_KNOTS.);
#61=B_SPLINE_SURFACE_WITH_KNOTS('',3,1,((#11135,#11136),(#11137,#11138),
(#11139,#11140),(#11141,#11142)),.SURF_OF_LINEAR_EXTRUSION.,.F.,.F.,.F.,
(4,4),(2,2),(0.,1.),(0.,1.),.PIECEWISE_BEZIER_KNOTS.);
#62=B_SPLINE_SURFACE_WITH_KNOTS('',3,1,((#11146,#11147),(#11148,#11149),
(#11150,#11151),(#11152,#11153)),.SURF_OF_LINEAR_EXTRUSION.,.F.,.F.,.F.,
(4,4),(2,2),(0.,1.),(0.,1.),.PIECEWISE_BEZIER_KNOTS.);
#63=B_SPLINE_SURFACE_WITH_KNOTS('',3,1,((#11175,#11176),(#11177,#11178),
(#11179,#11180),(#11181,#11182)),.SURF_OF_LINEAR_EXTRUSION.,.F.,.F.,.F.,
(4,4),(2,2),(0.,1.),(0.,1.),.PIECEWISE_BEZIER_KNOTS.);
#64=B_SPLINE_SURFACE_WITH_KNOTS('',3,1,((#11188,#11189),(#11190,#11191),
(#11192,#11193),(#11194,#11195)),.SURF_OF_LINEAR_EXTRUSION.,.F.,.F.,.F.,
(4,4),(2,2),(0.,1.),(0.,1.),.PIECEWISE_BEZIER_KNOTS.);
#65=B_SPLINE_SURFACE_WITH_KNOTS('',3,1,((#11233,#11234),(#11235,#11236),
(#11237,#11238),(#11239,#11240)),.SURF_OF_LINEAR_EXTRUSION.,.F.,.F.,.F.,
(4,4),(2,2),(0.,1.),(0.,1.),.PIECEWISE_BEZIER_KNOTS.);
#66=B_SPLINE_SURFACE_WITH_KNOTS('',3,1,((#11246,#11247),(#11248,#11249),
(#11250,#11251),(#11252,#11253)),.SURF_OF_LINEAR_EXTRUSION.,.F.,.F.,.F.,
(4,4),(2,2),(0.,1.),(0.,1.),.PIECEWISE_BEZIER_KNOTS.);
#67=B_SPLINE_SURFACE_WITH_KNOTS('',3,1,((#11259,#11260),(#11261,#11262),
(#11263,#11264),(#11265,#11266)),.SURF_OF_LINEAR_EXTRUSION.,.F.,.F.,.F.,
(4,4),(2,2),(0.,1.),(0.,1.),.PIECEWISE_BEZIER_KNOTS.);
#68=B_SPLINE_SURFACE_WITH_KNOTS('',3,1,((#11272,#11273),(#11274,#11275),
(#11276,#11277),(#11278,#11279)),.SURF_OF_LINEAR_EXTRUSION.,.F.,.F.,.F.,
(4,4),(2,2),(0.,1.),(0.,1.),.PIECEWISE_BEZIER_KNOTS.);
#69=B_SPLINE_SURFACE_WITH_KNOTS('',3,1,((#11284,#11285),(#11286,#11287),
(#11288,#11289),(#11290,#11291)),.SURF_OF_LINEAR_EXTRUSION.,.F.,.F.,.F.,
(4,4),(2,2),(0.,1.),(0.,1.),.PIECEWISE_BEZIER_KNOTS.);
#70=B_SPLINE_SURFACE_WITH_KNOTS('',3,1,((#11299,#11300),(#11301,#11302),
(#11303,#11304),(#11305,#11306)),.SURF_OF_LINEAR_EXTRUSION.,.F.,.F.,.F.,
(4,4),(2,2),(0.,1.),(0.,1.),.PIECEWISE_BEZIER_KNOTS.);
#71=B_SPLINE_SURFACE_WITH_KNOTS('',3,1,((#11312,#11313),(#11314,#11315),
(#11316,#11317),(#11318,#11319)),.SURF_OF_LINEAR_EXTRUSION.,.F.,.F.,.F.,
(4,4),(2,2),(0.,1.),(0.,1.),.PIECEWISE_BEZIER_KNOTS.);
#72=B_SPLINE_SURFACE_WITH_KNOTS('',3,1,((#11325,#11326),(#11327,#11328),
(#11329,#11330),(#11331,#11332)),.SURF_OF_LINEAR_EXTRUSION.,.F.,.F.,.F.,
(4,4),(2,2),(0.,1.),(0.,1.),.PIECEWISE_BEZIER_KNOTS.);
#73=B_SPLINE_SURFACE_WITH_KNOTS('',3,1,((#11338,#11339),(#11340,#11341),
(#11342,#11343),(#11344,#11345)),.SURF_OF_LINEAR_EXTRUSION.,.F.,.F.,.F.,
(4,4),(2,2),(0.,1.),(0.,1.),.PIECEWISE_BEZIER_KNOTS.);
#74=B_SPLINE_SURFACE_WITH_KNOTS('',3,1,((#11351,#11352),(#11353,#11354),
(#11355,#11356),(#11357,#11358)),.SURF_OF_LINEAR_EXTRUSION.,.F.,.F.,.F.,
(4,4),(2,2),(0.,1.),(0.,1.),.PIECEWISE_BEZIER_KNOTS.);
#75=B_SPLINE_SURFACE_WITH_KNOTS('',3,1,((#11364,#11365),(#11366,#11367),
(#11368,#11369),(#11370,#11371)),.SURF_OF_LINEAR_EXTRUSION.,.F.,.F.,.F.,
(4,4),(2,2),(0.,1.),(0.,1.),.PIECEWISE_BEZIER_KNOTS.);
#76=B_SPLINE_SURFACE_WITH_KNOTS('',3,1,((#11377,#11378),(#11379,#11380),
(#11381,#11382),(#11383,#11384)),.SURF_OF_LINEAR_EXTRUSION.,.F.,.F.,.F.,
(4,4),(2,2),(0.,1.),(0.,1.),.PIECEWISE_BEZIER_KNOTS.);
#77=B_SPLINE_SURFACE_WITH_KNOTS('',3,1,((#11390,#11391),(#11392,#11393),
(#11394,#11395),(#11396,#11397)),.SURF_OF_LINEAR_EXTRUSION.,.F.,.F.,.F.,
(4,4),(2,2),(0.,1.),(0.,1.),.PIECEWISE_BEZIER_KNOTS.);
#78=B_SPLINE_SURFACE_WITH_KNOTS('',3,1,((#11407,#11408),(#11409,#11410),
(#11411,#11412),(#11413,#11414)),.SURF_OF_LINEAR_EXTRUSION.,.F.,.F.,.F.,
(4,4),(2,2),(0.,1.),(0.,1.),.PIECEWISE_BEZIER_KNOTS.);
#79=B_SPLINE_SURFACE_WITH_KNOTS('',3,1,((#11420,#11421),(#11422,#11423),
(#11424,#11425),(#11426,#11427)),.SURF_OF_LINEAR_EXTRUSION.,.F.,.F.,.F.,
(4,4),(2,2),(0.,1.),(0.,1.),.PIECEWISE_BEZIER_KNOTS.);
#80=B_SPLINE_SURFACE_WITH_KNOTS('',3,1,((#11433,#11434),(#11435,#11436),
(#11437,#11438),(#11439,#11440)),.SURF_OF_LINEAR_EXTRUSION.,.F.,.F.,.F.,
(4,4),(2,2),(0.,1.),(0.,1.),.PIECEWISE_BEZIER_KNOTS.);
#81=B_SPLINE_SURFACE_WITH_KNOTS('',3,1,((#11446,#11447),(#11448,#11449),
(#11450,#11451),(#11452,#11453)),.SURF_OF_LINEAR_EXTRUSION.,.F.,.F.,.F.,
(4,4),(2,2),(0.,1.),(0.,1.),.PIECEWISE_BEZIER_KNOTS.);
#82=B_SPLINE_SURFACE_WITH_KNOTS('',3,1,((#11459,#11460),(#11461,#11462),
(#11463,#11464),(#11465,#11466)),.SURF_OF_LINEAR_EXTRUSION.,.F.,.F.,.F.,
(4,4),(2,2),(0.,1.),(0.,1.),.PIECEWISE_BEZIER_KNOTS.);
#83=B_SPLINE_SURFACE_WITH_KNOTS('',3,1,((#11472,#11473),(#11474,#11475),
(#11476,#11477),(#11478,#11479)),.SURF_OF_LINEAR_EXTRUSION.,.F.,.F.,.F.,
(4,4),(2,2),(0.,1.),(0.,1.),.PIECEWISE_BEZIER_KNOTS.);
#84=B_SPLINE_SURFACE_WITH_KNOTS('',3,1,((#11485,#11486),(#11487,#11488),
(#11489,#11490),(#11491,#11492)),.SURF_OF_LINEAR_EXTRUSION.,.F.,.F.,.F.,
(4,4),(2,2),(0.,1.),(0.,1.),.PIECEWISE_BEZIER_KNOTS.);
#85=B_SPLINE_SURFACE_WITH_KNOTS('',3,1,((#11498,#11499),(#11500,#11501),
(#11502,#11503),(#11504,#11505)),.SURF_OF_LINEAR_EXTRUSION.,.F.,.F.,.F.,
(4,4),(2,2),(0.,1.),(0.,1.),.PIECEWISE_BEZIER_KNOTS.);
#86=B_SPLINE_SURFACE_WITH_KNOTS('',3,1,((#11511,#11512),(#11513,#11514),
(#11515,#11516),(#11517,#11518)),.SURF_OF_LINEAR_EXTRUSION.,.F.,.F.,.F.,
(4,4),(2,2),(0.,1.),(0.,1.),.PIECEWISE_BEZIER_KNOTS.);
#87=B_SPLINE_SURFACE_WITH_KNOTS('',3,1,((#11524,#11525),(#11526,#11527),
(#11528,#11529),(#11530,#11531)),.SURF_OF_LINEAR_EXTRUSION.,.F.,.F.,.F.,
(4,4),(2,2),(0.,1.),(0.,1.),.PIECEWISE_BEZIER_KNOTS.);
#88=B_SPLINE_SURFACE_WITH_KNOTS('',3,1,((#11549,#11550),(#11551,#11552),
(#11553,#11554),(#11555,#11556)),.SURF_OF_LINEAR_EXTRUSION.,.F.,.F.,.F.,
(4,4),(2,2),(0.,1.),(0.,1.),.PIECEWISE_BEZIER_KNOTS.);
#89=B_SPLINE_SURFACE_WITH_KNOTS('',3,1,((#11562,#11563),(#11564,#11565),
(#11566,#11567),(#11568,#11569)),.SURF_OF_LINEAR_EXTRUSION.,.F.,.F.,.F.,
(4,4),(2,2),(0.,1.),(0.,1.),.PIECEWISE_BEZIER_KNOTS.);
#90=B_SPLINE_SURFACE_WITH_KNOTS('',3,1,((#11588,#11589),(#11590,#11591),
(#11592,#11593),(#11594,#11595)),.SURF_OF_LINEAR_EXTRUSION.,.F.,.F.,.F.,
(4,4),(2,2),(0.,1.),(0.,1.),.PIECEWISE_BEZIER_KNOTS.);
#91=B_SPLINE_SURFACE_WITH_KNOTS('',3,1,((#11601,#11602),(#11603,#11604),
(#11605,#11606),(#11607,#11608)),.SURF_OF_LINEAR_EXTRUSION.,.F.,.F.,.F.,
(4,4),(2,2),(0.,1.),(0.,1.),.PIECEWISE_BEZIER_KNOTS.);
#92=B_SPLINE_SURFACE_WITH_KNOTS('',3,1,((#11646,#11647),(#11648,#11649),
(#11650,#11651),(#11652,#11653)),.SURF_OF_LINEAR_EXTRUSION.,.F.,.F.,.F.,
(4,4),(2,2),(0.,1.),(0.,1.),.PIECEWISE_BEZIER_KNOTS.);
#93=B_SPLINE_SURFACE_WITH_KNOTS('',3,1,((#11659,#11660),(#11661,#11662),
(#11663,#11664),(#11665,#11666)),.SURF_OF_LINEAR_EXTRUSION.,.F.,.F.,.F.,
(4,4),(2,2),(0.,1.),(0.,1.),.PIECEWISE_BEZIER_KNOTS.);
#94=B_SPLINE_SURFACE_WITH_KNOTS('',3,1,((#11672,#11673),(#11674,#11675),
(#11676,#11677),(#11678,#11679)),.SURF_OF_LINEAR_EXTRUSION.,.F.,.F.,.F.,
(4,4),(2,2),(0.,1.),(0.,1.),.PIECEWISE_BEZIER_KNOTS.);
#95=B_SPLINE_SURFACE_WITH_KNOTS('',3,1,((#11685,#11686),(#11687,#11688),
(#11689,#11690),(#11691,#11692)),.SURF_OF_LINEAR_EXTRUSION.,.F.,.F.,.F.,
(4,4),(2,2),(0.,1.),(0.,1.),.PIECEWISE_BEZIER_KNOTS.);
#96=B_SPLINE_SURFACE_WITH_KNOTS('',3,1,((#11715,#11716),(#11717,#11718),
(#11719,#11720),(#11721,#11722)),.SURF_OF_LINEAR_EXTRUSION.,.F.,.F.,.F.,
(4,4),(2,2),(0.,1.),(0.,1.),.PIECEWISE_BEZIER_KNOTS.);
#97=B_SPLINE_SURFACE_WITH_KNOTS('',3,1,((#11736,#11737),(#11738,#11739),
(#11740,#11741),(#11742,#11743)),.SURF_OF_LINEAR_EXTRUSION.,.F.,.F.,.F.,
(4,4),(2,2),(0.,1.),(0.,1.),.PIECEWISE_BEZIER_KNOTS.);
#98=B_SPLINE_SURFACE_WITH_KNOTS('',3,1,((#11773,#11774),(#11775,#11776),
(#11777,#11778),(#11779,#11780)),.SURF_OF_LINEAR_EXTRUSION.,.F.,.F.,.F.,
(4,4),(2,2),(0.,1.),(0.,1.),.PIECEWISE_BEZIER_KNOTS.);
#99=B_SPLINE_SURFACE_WITH_KNOTS('',3,1,((#11806,#11807),(#11808,#11809),
(#11810,#11811),(#11812,#11813)),.SURF_OF_LINEAR_EXTRUSION.,.F.,.F.,.F.,
(4,4),(2,2),(0.,1.),(0.,1.),.PIECEWISE_BEZIER_KNOTS.);
#100=B_SPLINE_SURFACE_WITH_KNOTS('',3,1,((#11823,#11824),(#11825,#11826),
(#11827,#11828),(#11829,#11830)),.SURF_OF_LINEAR_EXTRUSION.,.F.,.F.,.F.,
(4,4),(2,2),(0.,1.),(0.,1.),.PIECEWISE_BEZIER_KNOTS.);
#101=B_SPLINE_SURFACE_WITH_KNOTS('',3,1,((#11835,#11836),(#11837,#11838),
(#11839,#11840),(#11841,#11842)),.SURF_OF_LINEAR_EXTRUSION.,.F.,.F.,.F.,
(4,4),(2,2),(0.,1.),(0.,1.),.PIECEWISE_BEZIER_KNOTS.);
#102=B_SPLINE_SURFACE_WITH_KNOTS('',3,1,((#11855,#11856),(#11857,#11858),
(#11859,#11860),(#11861,#11862)),.SURF_OF_LINEAR_EXTRUSION.,.F.,.F.,.F.,
(4,4),(2,2),(0.,1.),(0.,1.),.PIECEWISE_BEZIER_KNOTS.);
#103=B_SPLINE_SURFACE_WITH_KNOTS('',3,1,((#11872,#11873),(#11874,#11875),
(#11876,#11877),(#11878,#11879)),.SURF_OF_LINEAR_EXTRUSION.,.F.,.F.,.F.,
(4,4),(2,2),(0.,1.),(0.,1.),.PIECEWISE_BEZIER_KNOTS.);
#104=B_SPLINE_SURFACE_WITH_KNOTS('',3,1,((#11889,#11890),(#11891,#11892),
(#11893,#11894),(#11895,#11896)),.SURF_OF_LINEAR_EXTRUSION.,.F.,.F.,.F.,
(4,4),(2,2),(0.,1.),(0.,1.),.PIECEWISE_BEZIER_KNOTS.);
#105=B_SPLINE_SURFACE_WITH_KNOTS('',3,1,((#11906,#11907),(#11908,#11909),
(#11910,#11911),(#11912,#11913)),.SURF_OF_LINEAR_EXTRUSION.,.F.,.F.,.F.,
(4,4),(2,2),(0.,1.),(0.,1.),.PIECEWISE_BEZIER_KNOTS.);
#106=B_SPLINE_SURFACE_WITH_KNOTS('',3,1,((#11923,#11924),(#11925,#11926),
(#11927,#11928),(#11929,#11930)),.SURF_OF_LINEAR_EXTRUSION.,.F.,.F.,.F.,
(4,4),(2,2),(0.,1.),(0.,1.),.PIECEWISE_BEZIER_KNOTS.);
#107=B_SPLINE_SURFACE_WITH_KNOTS('',3,1,((#11940,#11941),(#11942,#11943),
(#11944,#11945),(#11946,#11947)),.SURF_OF_LINEAR_EXTRUSION.,.F.,.F.,.F.,
(4,4),(2,2),(0.,1.),(0.,1.),.PIECEWISE_BEZIER_KNOTS.);
#108=B_SPLINE_SURFACE_WITH_KNOTS('',3,1,((#11957,#11958),(#11959,#11960),
(#11961,#11962),(#11963,#11964)),.SURF_OF_LINEAR_EXTRUSION.,.F.,.F.,.F.,
(4,4),(2,2),(0.,1.),(0.,1.),.PIECEWISE_BEZIER_KNOTS.);
#109=B_SPLINE_SURFACE_WITH_KNOTS('',3,1,((#11972,#11973),(#11974,#11975),
(#11976,#11977),(#11978,#11979)),.SURF_OF_LINEAR_EXTRUSION.,.F.,.F.,.F.,
(4,4),(2,2),(0.,1.),(0.,1.),.PIECEWISE_BEZIER_KNOTS.);
#110=B_SPLINE_SURFACE_WITH_KNOTS('',3,1,((#11985,#11986),(#11987,#11988),
(#11989,#11990),(#11991,#11992)),.SURF_OF_LINEAR_EXTRUSION.,.F.,.F.,.F.,
(4,4),(2,2),(0.,1.),(0.,1.),.PIECEWISE_BEZIER_KNOTS.);
#111=B_SPLINE_SURFACE_WITH_KNOTS('',3,1,((#11998,#11999),(#12000,#12001),
(#12002,#12003),(#12004,#12005)),.SURF_OF_LINEAR_EXTRUSION.,.F.,.F.,.F.,
(4,4),(2,2),(0.,1.),(0.,1.),.PIECEWISE_BEZIER_KNOTS.);
#112=B_SPLINE_SURFACE_WITH_KNOTS('',3,1,((#12011,#12012),(#12013,#12014),
(#12015,#12016),(#12017,#12018)),.SURF_OF_LINEAR_EXTRUSION.,.F.,.F.,.F.,
(4,4),(2,2),(0.,1.),(0.,1.),.PIECEWISE_BEZIER_KNOTS.);
#113=B_SPLINE_SURFACE_WITH_KNOTS('',3,1,((#12024,#12025),(#12026,#12027),
(#12028,#12029),(#12030,#12031)),.SURF_OF_LINEAR_EXTRUSION.,.F.,.F.,.F.,
(4,4),(2,2),(0.,1.),(0.,1.),.PIECEWISE_BEZIER_KNOTS.);
#114=B_SPLINE_SURFACE_WITH_KNOTS('',3,1,((#12037,#12038),(#12039,#12040),
(#12041,#12042),(#12043,#12044)),.SURF_OF_LINEAR_EXTRUSION.,.F.,.F.,.F.,
(4,4),(2,2),(0.,1.),(0.,1.),.PIECEWISE_BEZIER_KNOTS.);
#115=B_SPLINE_SURFACE_WITH_KNOTS('',3,1,((#12050,#12051),(#12052,#12053),
(#12054,#12055),(#12056,#12057)),.SURF_OF_LINEAR_EXTRUSION.,.F.,.F.,.F.,
(4,4),(2,2),(0.,1.),(0.,1.),.PIECEWISE_BEZIER_KNOTS.);
#116=B_SPLINE_SURFACE_WITH_KNOTS('',3,1,((#12063,#12064),(#12065,#12066),
(#12067,#12068),(#12069,#12070)),.SURF_OF_LINEAR_EXTRUSION.,.F.,.F.,.F.,
(4,4),(2,2),(0.,1.),(0.,1.),.PIECEWISE_BEZIER_KNOTS.);
#117=B_SPLINE_SURFACE_WITH_KNOTS('',3,1,((#12074,#12075),(#12076,#12077),
(#12078,#12079),(#12080,#12081)),.SURF_OF_LINEAR_EXTRUSION.,.F.,.F.,.F.,
(4,4),(2,2),(0.,1.),(0.,1.),.PIECEWISE_BEZIER_KNOTS.);
#118=B_SPLINE_SURFACE_WITH_KNOTS('',3,1,((#12089,#12090),(#12091,#12092),
(#12093,#12094),(#12095,#12096)),.SURF_OF_LINEAR_EXTRUSION.,.F.,.F.,.F.,
(4,4),(2,2),(0.,1.),(0.,1.),.PIECEWISE_BEZIER_KNOTS.);
#119=B_SPLINE_SURFACE_WITH_KNOTS('',3,1,((#12109,#12110),(#12111,#12112),
(#12113,#12114),(#12115,#12116)),.SURF_OF_LINEAR_EXTRUSION.,.F.,.F.,.F.,
(4,4),(2,2),(0.,1.),(0.,1.),.PIECEWISE_BEZIER_KNOTS.);
#120=B_SPLINE_SURFACE_WITH_KNOTS('',3,1,((#12126,#12127),(#12128,#12129),
(#12130,#12131),(#12132,#12133)),.SURF_OF_LINEAR_EXTRUSION.,.F.,.F.,.F.,
(4,4),(2,2),(0.,1.),(0.,1.),.PIECEWISE_BEZIER_KNOTS.);
#121=B_SPLINE_SURFACE_WITH_KNOTS('',3,1,((#12161,#12162),(#12163,#12164),
(#12165,#12166),(#12167,#12168)),.SURF_OF_LINEAR_EXTRUSION.,.F.,.F.,.F.,
(4,4),(2,2),(0.,1.),(0.,1.),.PIECEWISE_BEZIER_KNOTS.);
#122=B_SPLINE_SURFACE_WITH_KNOTS('',3,1,((#12176,#12177),(#12178,#12179),
(#12180,#12181),(#12182,#12183)),.SURF_OF_LINEAR_EXTRUSION.,.F.,.F.,.F.,
(4,4),(2,2),(0.,1.),(0.,1.),.PIECEWISE_BEZIER_KNOTS.);
#123=B_SPLINE_SURFACE_WITH_KNOTS('',3,1,((#12189,#12190),(#12191,#12192),
(#12193,#12194),(#12195,#12196)),.SURF_OF_LINEAR_EXTRUSION.,.F.,.F.,.F.,
(4,4),(2,2),(0.,1.),(0.,1.),.PIECEWISE_BEZIER_KNOTS.);
#124=B_SPLINE_SURFACE_WITH_KNOTS('',3,1,((#12214,#12215),(#12216,#12217),
(#12218,#12219),(#12220,#12221)),.SURF_OF_LINEAR_EXTRUSION.,.F.,.F.,.F.,
(4,4),(2,2),(0.,1.),(0.,1.),.PIECEWISE_BEZIER_KNOTS.);
#125=B_SPLINE_SURFACE_WITH_KNOTS('',3,1,((#12225,#12226),(#12227,#12228),
(#12229,#12230),(#12231,#12232)),.SURF_OF_LINEAR_EXTRUSION.,.F.,.F.,.F.,
(4,4),(2,2),(0.,1.),(0.,1.),.PIECEWISE_BEZIER_KNOTS.);
#126=B_SPLINE_SURFACE_WITH_KNOTS('',3,1,((#12240,#12241),(#12242,#12243),
(#12244,#12245),(#12246,#12247)),.SURF_OF_LINEAR_EXTRUSION.,.F.,.F.,.F.,
(4,4),(2,2),(0.,1.),(0.,1.),.PIECEWISE_BEZIER_KNOTS.);
#127=B_SPLINE_SURFACE_WITH_KNOTS('',3,1,((#12260,#12261),(#12262,#12263),
(#12264,#12265),(#12266,#12267)),.SURF_OF_LINEAR_EXTRUSION.,.F.,.F.,.F.,
(4,4),(2,2),(0.,1.),(0.,1.),.PIECEWISE_BEZIER_KNOTS.);
#128=B_SPLINE_SURFACE_WITH_KNOTS('',3,1,((#12277,#12278),(#12279,#12280),
(#12281,#12282),(#12283,#12284)),.SURF_OF_LINEAR_EXTRUSION.,.F.,.F.,.F.,
(4,4),(2,2),(0.,1.),(0.,1.),.PIECEWISE_BEZIER_KNOTS.);
#129=B_SPLINE_SURFACE_WITH_KNOTS('',3,1,((#12294,#12295),(#12296,#12297),
(#12298,#12299),(#12300,#12301)),.SURF_OF_LINEAR_EXTRUSION.,.F.,.F.,.F.,
(4,4),(2,2),(0.,1.),(0.,1.),.PIECEWISE_BEZIER_KNOTS.);
#130=B_SPLINE_SURFACE_WITH_KNOTS('',3,1,((#12311,#12312),(#12313,#12314),
(#12315,#12316),(#12317,#12318)),.SURF_OF_LINEAR_EXTRUSION.,.F.,.F.,.F.,
(4,4),(2,2),(0.,1.),(0.,1.),.PIECEWISE_BEZIER_KNOTS.);
#131=B_SPLINE_SURFACE_WITH_KNOTS('',3,1,((#12328,#12329),(#12330,#12331),
(#12332,#12333),(#12334,#12335)),.SURF_OF_LINEAR_EXTRUSION.,.F.,.F.,.F.,
(4,4),(2,2),(0.,1.),(0.,1.),.PIECEWISE_BEZIER_KNOTS.);
#132=B_SPLINE_SURFACE_WITH_KNOTS('',3,1,((#12345,#12346),(#12347,#12348),
(#12349,#12350),(#12351,#12352)),.SURF_OF_LINEAR_EXTRUSION.,.F.,.F.,.F.,
(4,4),(2,2),(0.,1.),(0.,1.),.PIECEWISE_BEZIER_KNOTS.);
#133=B_SPLINE_SURFACE_WITH_KNOTS('',3,1,((#12374,#12375),(#12376,#12377),
(#12378,#12379),(#12380,#12381)),.SURF_OF_LINEAR_EXTRUSION.,.F.,.F.,.F.,
(4,4),(2,2),(0.,1.),(0.,1.),.PIECEWISE_BEZIER_KNOTS.);
#134=B_SPLINE_SURFACE_WITH_KNOTS('',3,1,((#12387,#12388),(#12389,#12390),
(#12391,#12392),(#12393,#12394)),.SURF_OF_LINEAR_EXTRUSION.,.F.,.F.,.F.,
(4,4),(2,2),(0.,1.),(0.,1.),.PIECEWISE_BEZIER_KNOTS.);
#135=B_SPLINE_SURFACE_WITH_KNOTS('',3,1,((#12400,#12401),(#12402,#12403),
(#12404,#12405),(#12406,#12407)),.SURF_OF_LINEAR_EXTRUSION.,.F.,.F.,.F.,
(4,4),(2,2),(0.,1.),(0.,1.),.PIECEWISE_BEZIER_KNOTS.);
#136=B_SPLINE_SURFACE_WITH_KNOTS('',3,1,((#12413,#12414),(#12415,#12416),
(#12417,#12418),(#12419,#12420)),.SURF_OF_LINEAR_EXTRUSION.,.F.,.F.,.F.,
(4,4),(2,2),(0.,1.),(0.,1.),.PIECEWISE_BEZIER_KNOTS.);
#137=B_SPLINE_SURFACE_WITH_KNOTS('',3,1,((#12426,#12427),(#12428,#12429),
(#12430,#12431),(#12432,#12433)),.SURF_OF_LINEAR_EXTRUSION.,.F.,.F.,.F.,
(4,4),(2,2),(0.,1.),(0.,1.),.PIECEWISE_BEZIER_KNOTS.);
#138=B_SPLINE_SURFACE_WITH_KNOTS('',3,1,((#12439,#12440),(#12441,#12442),
(#12443,#12444),(#12445,#12446)),.SURF_OF_LINEAR_EXTRUSION.,.F.,.F.,.F.,
(4,4),(2,2),(0.,1.),(0.,1.),.PIECEWISE_BEZIER_KNOTS.);
#139=B_SPLINE_SURFACE_WITH_KNOTS('',3,1,((#12486,#12487),(#12488,#12489),
(#12490,#12491),(#12492,#12493)),.SURF_OF_LINEAR_EXTRUSION.,.F.,.F.,.F.,
(4,4),(2,2),(0.,1.),(0.,1.),.PIECEWISE_BEZIER_KNOTS.);
#140=B_SPLINE_SURFACE_WITH_KNOTS('',3,1,((#12515,#12516),(#12517,#12518),
(#12519,#12520),(#12521,#12522)),.SURF_OF_LINEAR_EXTRUSION.,.F.,.F.,.F.,
(4,4),(2,2),(0.,1.),(0.,1.),.PIECEWISE_BEZIER_KNOTS.);
#141=B_SPLINE_SURFACE_WITH_KNOTS('',3,1,((#12528,#12529),(#12530,#12531),
(#12532,#12533),(#12534,#12535)),.SURF_OF_LINEAR_EXTRUSION.,.F.,.F.,.F.,
(4,4),(2,2),(0.,1.),(0.,1.),.PIECEWISE_BEZIER_KNOTS.);
#142=B_SPLINE_SURFACE_WITH_KNOTS('',3,1,((#12541,#12542),(#12543,#12544),
(#12545,#12546),(#12547,#12548)),.SURF_OF_LINEAR_EXTRUSION.,.F.,.F.,.F.,
(4,4),(2,2),(0.,1.),(0.,1.),.PIECEWISE_BEZIER_KNOTS.);
#143=B_SPLINE_SURFACE_WITH_KNOTS('',3,1,((#12554,#12555),(#12556,#12557),
(#12558,#12559),(#12560,#12561)),.SURF_OF_LINEAR_EXTRUSION.,.F.,.F.,.F.,
(4,4),(2,2),(0.,1.),(0.,1.),.PIECEWISE_BEZIER_KNOTS.);
#144=B_SPLINE_SURFACE_WITH_KNOTS('',3,1,((#12579,#12580),(#12581,#12582),
(#12583,#12584),(#12585,#12586)),.SURF_OF_LINEAR_EXTRUSION.,.F.,.F.,.F.,
(4,4),(2,2),(0.,1.),(0.,1.),.PIECEWISE_BEZIER_KNOTS.);
#145=B_SPLINE_SURFACE_WITH_KNOTS('',3,1,((#12592,#12593),(#12594,#12595),
(#12596,#12597),(#12598,#12599)),.SURF_OF_LINEAR_EXTRUSION.,.F.,.F.,.F.,
(4,4),(2,2),(0.,1.),(0.,1.),.PIECEWISE_BEZIER_KNOTS.);
#146=B_SPLINE_SURFACE_WITH_KNOTS('',3,1,((#12605,#12606),(#12607,#12608),
(#12609,#12610),(#12611,#12612)),.SURF_OF_LINEAR_EXTRUSION.,.F.,.F.,.F.,
(4,4),(2,2),(0.,1.),(0.,1.),.PIECEWISE_BEZIER_KNOTS.);
#147=B_SPLINE_SURFACE_WITH_KNOTS('',3,1,((#12618,#12619),(#12620,#12621),
(#12622,#12623),(#12624,#12625)),.SURF_OF_LINEAR_EXTRUSION.,.F.,.F.,.F.,
(4,4),(2,2),(0.,1.),(0.,1.),.PIECEWISE_BEZIER_KNOTS.);
#148=B_SPLINE_SURFACE_WITH_KNOTS('',3,1,((#12644,#12645),(#12646,#12647),
(#12648,#12649),(#12650,#12651)),.SURF_OF_LINEAR_EXTRUSION.,.F.,.F.,.F.,
(4,4),(2,2),(0.,1.),(0.,1.),.PIECEWISE_BEZIER_KNOTS.);
#149=B_SPLINE_SURFACE_WITH_KNOTS('',3,1,((#12657,#12658),(#12659,#12660),
(#12661,#12662),(#12663,#12664)),.SURF_OF_LINEAR_EXTRUSION.,.F.,.F.,.F.,
(4,4),(2,2),(0.,1.),(0.,1.),.PIECEWISE_BEZIER_KNOTS.);
#150=B_SPLINE_SURFACE_WITH_KNOTS('',3,1,((#12702,#12703),(#12704,#12705),
(#12706,#12707),(#12708,#12709)),.SURF_OF_LINEAR_EXTRUSION.,.F.,.F.,.F.,
(4,4),(2,2),(0.,1.),(0.,1.),.PIECEWISE_BEZIER_KNOTS.);
#151=B_SPLINE_SURFACE_WITH_KNOTS('',3,1,((#12715,#12716),(#12717,#12718),
(#12719,#12720),(#12721,#12722)),.SURF_OF_LINEAR_EXTRUSION.,.F.,.F.,.F.,
(4,4),(2,2),(0.,1.),(0.,1.),.PIECEWISE_BEZIER_KNOTS.);
#152=B_SPLINE_SURFACE_WITH_KNOTS('',3,1,((#12728,#12729),(#12730,#12731),
(#12732,#12733),(#12734,#12735)),.SURF_OF_LINEAR_EXTRUSION.,.F.,.F.,.F.,
(4,4),(2,2),(0.,1.),(0.,1.),.PIECEWISE_BEZIER_KNOTS.);
#153=B_SPLINE_SURFACE_WITH_KNOTS('',3,1,((#12741,#12742),(#12743,#12744),
(#12745,#12746),(#12747,#12748)),.SURF_OF_LINEAR_EXTRUSION.,.F.,.F.,.F.,
(4,4),(2,2),(0.,1.),(0.,1.),.PIECEWISE_BEZIER_KNOTS.);
#154=B_SPLINE_SURFACE_WITH_KNOTS('',3,1,((#12753,#12754),(#12755,#12756),
(#12757,#12758),(#12759,#12760)),.SURF_OF_LINEAR_EXTRUSION.,.F.,.F.,.F.,
(4,4),(2,2),(0.,1.),(0.,1.),.PIECEWISE_BEZIER_KNOTS.);
#155=B_SPLINE_SURFACE_WITH_KNOTS('',3,1,((#12773,#12774),(#12775,#12776),
(#12777,#12778),(#12779,#12780)),.SURF_OF_LINEAR_EXTRUSION.,.F.,.F.,.F.,
(4,4),(2,2),(0.,1.),(0.,1.),.PIECEWISE_BEZIER_KNOTS.);
#156=B_SPLINE_SURFACE_WITH_KNOTS('',3,1,((#12790,#12791),(#12792,#12793),
(#12794,#12795),(#12796,#12797)),.SURF_OF_LINEAR_EXTRUSION.,.F.,.F.,.F.,
(4,4),(2,2),(0.,1.),(0.,1.),.PIECEWISE_BEZIER_KNOTS.);
#157=B_SPLINE_SURFACE_WITH_KNOTS('',3,1,((#12813,#12814),(#12815,#12816),
(#12817,#12818),(#12819,#12820)),.SURF_OF_LINEAR_EXTRUSION.,.F.,.F.,.F.,
(4,4),(2,2),(0.,1.),(0.,1.),.PIECEWISE_BEZIER_KNOTS.);
#158=B_SPLINE_SURFACE_WITH_KNOTS('',3,1,((#12844,#12845),(#12846,#12847),
(#12848,#12849),(#12850,#12851)),.SURF_OF_LINEAR_EXTRUSION.,.F.,.F.,.F.,
(4,4),(2,2),(0.,1.),(0.,1.),.PIECEWISE_BEZIER_KNOTS.);
#159=B_SPLINE_SURFACE_WITH_KNOTS('',3,1,((#12857,#12858),(#12859,#12860),
(#12861,#12862),(#12863,#12864)),.SURF_OF_LINEAR_EXTRUSION.,.F.,.F.,.F.,
(4,4),(2,2),(0.,1.),(0.,1.),.PIECEWISE_BEZIER_KNOTS.);
#160=B_SPLINE_SURFACE_WITH_KNOTS('',3,1,((#12878,#12879),(#12880,#12881),
(#12882,#12883),(#12884,#12885)),.SURF_OF_LINEAR_EXTRUSION.,.F.,.F.,.F.,
(4,4),(2,2),(0.,1.),(0.,1.),.PIECEWISE_BEZIER_KNOTS.);
#161=B_SPLINE_SURFACE_WITH_KNOTS('',3,1,((#12891,#12892),(#12893,#12894),
(#12895,#12896),(#12897,#12898)),.SURF_OF_LINEAR_EXTRUSION.,.F.,.F.,.F.,
(4,4),(2,2),(0.,1.),(0.,1.),.PIECEWISE_BEZIER_KNOTS.);
#162=B_SPLINE_SURFACE_WITH_KNOTS('',3,1,((#12904,#12905),(#12906,#12907),
(#12908,#12909),(#12910,#12911)),.SURF_OF_LINEAR_EXTRUSION.,.F.,.F.,.F.,
(4,4),(2,2),(0.,1.),(0.,1.),.PIECEWISE_BEZIER_KNOTS.);
#163=B_SPLINE_SURFACE_WITH_KNOTS('',3,1,((#12917,#12918),(#12919,#12920),
(#12921,#12922),(#12923,#12924)),.SURF_OF_LINEAR_EXTRUSION.,.F.,.F.,.F.,
(4,4),(2,2),(0.,1.),(0.,1.),.PIECEWISE_BEZIER_KNOTS.);
#164=B_SPLINE_SURFACE_WITH_KNOTS('',3,1,((#12930,#12931),(#12932,#12933),
(#12934,#12935),(#12936,#12937)),.SURF_OF_LINEAR_EXTRUSION.,.F.,.F.,.F.,
(4,4),(2,2),(0.,1.),(0.,1.),.PIECEWISE_BEZIER_KNOTS.);
#165=B_SPLINE_SURFACE_WITH_KNOTS('',3,1,((#12941,#12942),(#12943,#12944),
(#12945,#12946),(#12947,#12948)),.SURF_OF_LINEAR_EXTRUSION.,.F.,.F.,.F.,
(4,4),(2,2),(0.,1.),(0.,1.),.PIECEWISE_BEZIER_KNOTS.);
#166=B_SPLINE_CURVE_WITH_KNOTS('',2,(#9444,#9445,#9446),.UNSPECIFIED.,.F.,
 .F.,(3,3),(0.,1.),.PIECEWISE_BEZIER_KNOTS.);
#167=B_SPLINE_CURVE_WITH_KNOTS('',2,(#9448,#9449,#9450),.UNSPECIFIED.,.F.,
 .F.,(3,3),(0.,1.),.PIECEWISE_BEZIER_KNOTS.);
#168=B_SPLINE_CURVE_WITH_KNOTS('',2,(#9452,#9453,#9454),.UNSPECIFIED.,.F.,
 .F.,(3,3),(0.,1.),.PIECEWISE_BEZIER_KNOTS.);
#169=B_SPLINE_CURVE_WITH_KNOTS('',2,(#9456,#9457,#9458),.UNSPECIFIED.,.F.,
 .F.,(3,3),(0.,1.),.PIECEWISE_BEZIER_KNOTS.);
#170=B_SPLINE_CURVE_WITH_KNOTS('',2,(#9476,#9477,#9478),.UNSPECIFIED.,.F.,
 .F.,(3,3),(0.,1.),.PIECEWISE_BEZIER_KNOTS.);
#171=B_SPLINE_CURVE_WITH_KNOTS('',2,(#9480,#9481,#9482),.UNSPECIFIED.,.F.,
 .F.,(3,3),(0.,1.),.PIECEWISE_BEZIER_KNOTS.);
#172=B_SPLINE_CURVE_WITH_KNOTS('',2,(#9490,#9491,#9492),.UNSPECIFIED.,.F.,
 .F.,(3,3),(0.,1.),.PIECEWISE_BEZIER_KNOTS.);
#173=B_SPLINE_CURVE_WITH_KNOTS('',2,(#9494,#9495,#9496),.UNSPECIFIED.,.F.,
 .F.,(3,3),(0.,1.),.PIECEWISE_BEZIER_KNOTS.);
#174=B_SPLINE_CURVE_WITH_KNOTS('',2,(#9498,#9499,#9500),.UNSPECIFIED.,.F.,
 .F.,(3,3),(0.,1.),.PIECEWISE_BEZIER_KNOTS.);
#175=B_SPLINE_CURVE_WITH_KNOTS('',2,(#9502,#9503,#9504),.UNSPECIFIED.,.F.,
 .F.,(3,3),(0.,1.),.PIECEWISE_BEZIER_KNOTS.);
#176=B_SPLINE_CURVE_WITH_KNOTS('',2,(#9512,#9513,#9514),.UNSPECIFIED.,.F.,
 .F.,(3,3),(0.,1.),.PIECEWISE_BEZIER_KNOTS.);
#177=B_SPLINE_CURVE_WITH_KNOTS('',2,(#9516,#9517,#9518),.UNSPECIFIED.,.F.,
 .F.,(3,3),(0.,1.),.PIECEWISE_BEZIER_KNOTS.);
#178=B_SPLINE_CURVE_WITH_KNOTS('',2,(#9520,#9521,#9522),.UNSPECIFIED.,.F.,
 .F.,(3,3),(0.,1.),.PIECEWISE_BEZIER_KNOTS.);
#179=B_SPLINE_CURVE_WITH_KNOTS('',2,(#9524,#9525,#9526),.UNSPECIFIED.,.F.,
 .F.,(3,3),(0.,1.),.PIECEWISE_BEZIER_KNOTS.);
#180=B_SPLINE_CURVE_WITH_KNOTS('',2,(#9529,#9530,#9531),.UNSPECIFIED.,.F.,
 .F.,(3,3),(0.,1.),.PIECEWISE_BEZIER_KNOTS.);
#181=B_SPLINE_CURVE_WITH_KNOTS('',2,(#9554,#9555,#9556),.UNSPECIFIED.,.F.,
 .F.,(3,3),(0.,1.),.PIECEWISE_BEZIER_KNOTS.);
#182=B_SPLINE_CURVE_WITH_KNOTS('',2,(#9558,#9559,#9560),.UNSPECIFIED.,.F.,
 .F.,(3,3),(0.,1.),.PIECEWISE_BEZIER_KNOTS.);
#183=B_SPLINE_CURVE_WITH_KNOTS('',2,(#9562,#9563,#9564),.UNSPECIFIED.,.F.,
 .F.,(3,3),(0.,1.),.PIECEWISE_BEZIER_KNOTS.);
#184=B_SPLINE_CURVE_WITH_KNOTS('',2,(#9566,#9567,#9568),.UNSPECIFIED.,.F.,
 .F.,(3,3),(0.,1.),.PIECEWISE_BEZIER_KNOTS.);
#185=B_SPLINE_CURVE_WITH_KNOTS('',2,(#9570,#9571,#9572),.UNSPECIFIED.,.F.,
 .F.,(3,3),(0.,1.),.PIECEWISE_BEZIER_KNOTS.);
#186=B_SPLINE_CURVE_WITH_KNOTS('',2,(#9573,#9574,#9575),.UNSPECIFIED.,.F.,
 .F.,(3,3),(0.,1.),.PIECEWISE_BEZIER_KNOTS.);
#187=B_SPLINE_CURVE_WITH_KNOTS('',2,(#9578,#9579,#9580),.UNSPECIFIED.,.F.,
 .F.,(3,3),(0.,1.),.PIECEWISE_BEZIER_KNOTS.);
#188=B_SPLINE_CURVE_WITH_KNOTS('',2,(#9582,#9583,#9584),.UNSPECIFIED.,.F.,
 .F.,(3,3),(0.,1.),.PIECEWISE_BEZIER_KNOTS.);
#189=B_SPLINE_CURVE_WITH_KNOTS('',2,(#9586,#9587,#9588),.UNSPECIFIED.,.F.,
 .F.,(3,3),(0.,1.),.PIECEWISE_BEZIER_KNOTS.);
#190=B_SPLINE_CURVE_WITH_KNOTS('',2,(#9590,#9591,#9592),.UNSPECIFIED.,.F.,
 .F.,(3,3),(0.,1.),.PIECEWISE_BEZIER_KNOTS.);
#191=B_SPLINE_CURVE_WITH_KNOTS('',2,(#9594,#9595,#9596),.UNSPECIFIED.,.F.,
 .F.,(3,3),(0.,1.),.PIECEWISE_BEZIER_KNOTS.);
#192=B_SPLINE_CURVE_WITH_KNOTS('',2,(#9598,#9599,#9600),.UNSPECIFIED.,.F.,
 .F.,(3,3),(0.,1.),.PIECEWISE_BEZIER_KNOTS.);
#193=B_SPLINE_CURVE_WITH_KNOTS('',2,(#9602,#9603,#9604),.UNSPECIFIED.,.F.,
 .F.,(3,3),(0.,1.),.PIECEWISE_BEZIER_KNOTS.);
#194=B_SPLINE_CURVE_WITH_KNOTS('',2,(#9606,#9607,#9608),.UNSPECIFIED.,.F.,
 .F.,(3,3),(0.,1.),.PIECEWISE_BEZIER_KNOTS.);
#195=B_SPLINE_CURVE_WITH_KNOTS('',2,(#9609,#9610,#9611),.UNSPECIFIED.,.F.,
 .F.,(3,3),(0.,1.),.PIECEWISE_BEZIER_KNOTS.);
#196=B_SPLINE_CURVE_WITH_KNOTS('',2,(#9614,#9615,#9616),.UNSPECIFIED.,.F.,
 .F.,(3,3),(0.,1.),.PIECEWISE_BEZIER_KNOTS.);
#197=B_SPLINE_CURVE_WITH_KNOTS('',2,(#9618,#9619,#9620),.UNSPECIFIED.,.F.,
 .F.,(3,3),(0.,1.),.PIECEWISE_BEZIER_KNOTS.);
#198=B_SPLINE_CURVE_WITH_KNOTS('',2,(#9622,#9623,#9624),.UNSPECIFIED.,.F.,
 .F.,(3,3),(0.,1.),.PIECEWISE_BEZIER_KNOTS.);
#199=B_SPLINE_CURVE_WITH_KNOTS('',2,(#9626,#9627,#9628),.UNSPECIFIED.,.F.,
 .F.,(3,3),(0.,1.),.PIECEWISE_BEZIER_KNOTS.);
#200=B_SPLINE_CURVE_WITH_KNOTS('',2,(#9630,#9631,#9632),.UNSPECIFIED.,.F.,
 .F.,(3,3),(0.,1.),.PIECEWISE_BEZIER_KNOTS.);
#201=B_SPLINE_CURVE_WITH_KNOTS('',2,(#9634,#9635,#9636),.UNSPECIFIED.,.F.,
 .F.,(3,3),(0.,1.),.PIECEWISE_BEZIER_KNOTS.);
#202=B_SPLINE_CURVE_WITH_KNOTS('',2,(#9638,#9639,#9640),.UNSPECIFIED.,.F.,
 .F.,(3,3),(0.,1.),.PIECEWISE_BEZIER_KNOTS.);
#203=B_SPLINE_CURVE_WITH_KNOTS('',2,(#9642,#9643,#9644),.UNSPECIFIED.,.F.,
 .F.,(3,3),(0.,1.),.PIECEWISE_BEZIER_KNOTS.);
#204=B_SPLINE_CURVE_WITH_KNOTS('',2,(#9672,#9673,#9674),.UNSPECIFIED.,.F.,
 .F.,(3,3),(0.,1.),.PIECEWISE_BEZIER_KNOTS.);
#205=B_SPLINE_CURVE_WITH_KNOTS('',2,(#9676,#9677,#9678),.UNSPECIFIED.,.F.,
 .F.,(3,3),(0.,1.),.PIECEWISE_BEZIER_KNOTS.);
#206=B_SPLINE_CURVE_WITH_KNOTS('',2,(#9680,#9681,#9682),.UNSPECIFIED.,.F.,
 .F.,(3,3),(0.,1.),.PIECEWISE_BEZIER_KNOTS.);
#207=B_SPLINE_CURVE_WITH_KNOTS('',2,(#9684,#9685,#9686),.UNSPECIFIED.,.F.,
 .F.,(3,3),(0.,1.),.PIECEWISE_BEZIER_KNOTS.);
#208=B_SPLINE_CURVE_WITH_KNOTS('',2,(#9704,#9705,#9706),.UNSPECIFIED.,.F.,
 .F.,(3,3),(0.,1.),.PIECEWISE_BEZIER_KNOTS.);
#209=B_SPLINE_CURVE_WITH_KNOTS('',2,(#9708,#9709,#9710),.UNSPECIFIED.,.F.,
 .F.,(3,3),(0.,1.),.PIECEWISE_BEZIER_KNOTS.);
#210=B_SPLINE_CURVE_WITH_KNOTS('',2,(#9751,#9752,#9753),.UNSPECIFIED.,.F.,
 .F.,(3,3),(0.,1.),.PIECEWISE_BEZIER_KNOTS.);
#211=B_SPLINE_CURVE_WITH_KNOTS('',2,(#9756,#9757,#9758),.UNSPECIFIED.,.F.,
 .F.,(3,3),(0.,1.),.PIECEWISE_BEZIER_KNOTS.);
#212=B_SPLINE_CURVE_WITH_KNOTS('',2,(#9760,#9761,#9762),.UNSPECIFIED.,.F.,
 .F.,(3,3),(0.,1.),.PIECEWISE_BEZIER_KNOTS.);
#213=B_SPLINE_CURVE_WITH_KNOTS('',2,(#9764,#9765,#9766),.UNSPECIFIED.,.F.,
 .F.,(3,3),(0.,1.),.PIECEWISE_BEZIER_KNOTS.);
#214=B_SPLINE_CURVE_WITH_KNOTS('',2,(#9768,#9769,#9770),.UNSPECIFIED.,.F.,
 .F.,(3,3),(0.,1.),.PIECEWISE_BEZIER_KNOTS.);
#215=B_SPLINE_CURVE_WITH_KNOTS('',2,(#9772,#9773,#9774),.UNSPECIFIED.,.F.,
 .F.,(3,3),(0.,1.),.PIECEWISE_BEZIER_KNOTS.);
#216=B_SPLINE_CURVE_WITH_KNOTS('',2,(#9776,#9777,#9778),.UNSPECIFIED.,.F.,
 .F.,(3,3),(0.,1.),.PIECEWISE_BEZIER_KNOTS.);
#217=B_SPLINE_CURVE_WITH_KNOTS('',2,(#9784,#9785,#9786),.UNSPECIFIED.,.F.,
 .F.,(3,3),(0.,1.),.PIECEWISE_BEZIER_KNOTS.);
#218=B_SPLINE_CURVE_WITH_KNOTS('',2,(#9788,#9789,#9790),.UNSPECIFIED.,.F.,
 .F.,(3,3),(0.,1.),.PIECEWISE_BEZIER_KNOTS.);
#219=B_SPLINE_CURVE_WITH_KNOTS('',2,(#9817,#9818,#9819),.UNSPECIFIED.,.F.,
 .F.,(3,3),(0.,1.),.PIECEWISE_BEZIER_KNOTS.);
#220=B_SPLINE_CURVE_WITH_KNOTS('',2,(#9822,#9823,#9824),.UNSPECIFIED.,.F.,
 .F.,(3,3),(0.,1.),.PIECEWISE_BEZIER_KNOTS.);
#221=B_SPLINE_CURVE_WITH_KNOTS('',2,(#9826,#9827,#9828),.UNSPECIFIED.,.F.,
 .F.,(3,3),(0.,1.),.PIECEWISE_BEZIER_KNOTS.);
#222=B_SPLINE_CURVE_WITH_KNOTS('',2,(#9830,#9831,#9832),.UNSPECIFIED.,.F.,
 .F.,(3,3),(0.,1.),.PIECEWISE_BEZIER_KNOTS.);
#223=B_SPLINE_CURVE_WITH_KNOTS('',2,(#9834,#9835,#9836),.UNSPECIFIED.,.F.,
 .F.,(3,3),(0.,1.),.PIECEWISE_BEZIER_KNOTS.);
#224=B_SPLINE_CURVE_WITH_KNOTS('',2,(#9838,#9839,#9840),.UNSPECIFIED.,.F.,
 .F.,(3,3),(0.,1.),.PIECEWISE_BEZIER_KNOTS.);
#225=B_SPLINE_CURVE_WITH_KNOTS('',2,(#9842,#9843,#9844),.UNSPECIFIED.,.F.,
 .F.,(3,3),(0.,1.),.PIECEWISE_BEZIER_KNOTS.);
#226=B_SPLINE_CURVE_WITH_KNOTS('',2,(#9846,#9847,#9848),.UNSPECIFIED.,.F.,
 .F.,(3,3),(0.,1.),.PIECEWISE_BEZIER_KNOTS.);
#227=B_SPLINE_CURVE_WITH_KNOTS('',2,(#9850,#9851,#9852),.UNSPECIFIED.,.F.,
 .F.,(3,3),(0.,1.),.PIECEWISE_BEZIER_KNOTS.);
#228=B_SPLINE_CURVE_WITH_KNOTS('',2,(#9858,#9859,#9860),.UNSPECIFIED.,.F.,
 .F.,(3,3),(0.,1.),.PIECEWISE_BEZIER_KNOTS.);
#229=B_SPLINE_CURVE_WITH_KNOTS('',2,(#9862,#9863,#9864),.UNSPECIFIED.,.F.,
 .F.,(3,3),(0.,1.),.PIECEWISE_BEZIER_KNOTS.);
#230=B_SPLINE_CURVE_WITH_KNOTS('',2,(#9866,#9867,#9868),.UNSPECIFIED.,.F.,
 .F.,(3,3),(0.,1.),.PIECEWISE_BEZIER_KNOTS.);
#231=B_SPLINE_CURVE_WITH_KNOTS('',2,(#9870,#9871,#9872),.UNSPECIFIED.,.F.,
 .F.,(3,3),(0.,1.),.PIECEWISE_BEZIER_KNOTS.);
#232=B_SPLINE_CURVE_WITH_KNOTS('',2,(#9890,#9891,#9892),.UNSPECIFIED.,.F.,
 .F.,(3,3),(0.,1.),.PIECEWISE_BEZIER_KNOTS.);
#233=B_SPLINE_CURVE_WITH_KNOTS('',2,(#9894,#9895,#9896),.UNSPECIFIED.,.F.,
 .F.,(3,3),(0.,1.),.PIECEWISE_BEZIER_KNOTS.);
#234=B_SPLINE_CURVE_WITH_KNOTS('',2,(#9899,#9900,#9901),.UNSPECIFIED.,.F.,
 .F.,(3,3),(0.,1.),.PIECEWISE_BEZIER_KNOTS.);
#235=B_SPLINE_CURVE_WITH_KNOTS('',2,(#9904,#9905,#9906),.UNSPECIFIED.,.F.,
 .F.,(3,3),(0.,1.),.PIECEWISE_BEZIER_KNOTS.);
#236=B_SPLINE_CURVE_WITH_KNOTS('',2,(#9908,#9909,#9910),.UNSPECIFIED.,.F.,
 .F.,(3,3),(0.,1.),.PIECEWISE_BEZIER_KNOTS.);
#237=B_SPLINE_CURVE_WITH_KNOTS('',2,(#9912,#9913,#9914),.UNSPECIFIED.,.F.,
 .F.,(3,3),(0.,1.),.PIECEWISE_BEZIER_KNOTS.);
#238=B_SPLINE_CURVE_WITH_KNOTS('',2,(#9922,#9923,#9924),.UNSPECIFIED.,.F.,
 .F.,(3,3),(0.,1.),.PIECEWISE_BEZIER_KNOTS.);
#239=B_SPLINE_CURVE_WITH_KNOTS('',2,(#9926,#9927,#9928),.UNSPECIFIED.,.F.,
 .F.,(3,3),(0.,1.),.PIECEWISE_BEZIER_KNOTS.);
#240=B_SPLINE_CURVE_WITH_KNOTS('',2,(#9930,#9931,#9932),.UNSPECIFIED.,.F.,
 .F.,(3,3),(0.,1.),.PIECEWISE_BEZIER_KNOTS.);
#241=B_SPLINE_CURVE_WITH_KNOTS('',2,(#9934,#9935,#9936),.UNSPECIFIED.,.F.,
 .F.,(3,3),(0.,1.),.PIECEWISE_BEZIER_KNOTS.);
#242=B_SPLINE_CURVE_WITH_KNOTS('',2,(#9938,#9939,#9940),.UNSPECIFIED.,.F.,
 .F.,(3,3),(0.,1.),.PIECEWISE_BEZIER_KNOTS.);
#243=B_SPLINE_CURVE_WITH_KNOTS('',2,(#9942,#9943,#9944),.UNSPECIFIED.,.F.,
 .F.,(3,3),(0.,1.),.PIECEWISE_BEZIER_KNOTS.);
#244=B_SPLINE_CURVE_WITH_KNOTS('',2,(#9946,#9947,#9948),.UNSPECIFIED.,.F.,
 .F.,(3,3),(0.,1.),.PIECEWISE_BEZIER_KNOTS.);
#245=B_SPLINE_CURVE_WITH_KNOTS('',2,(#9950,#9951,#9952),.UNSPECIFIED.,.F.,
 .F.,(3,3),(0.,1.),.PIECEWISE_BEZIER_KNOTS.);
#246=B_SPLINE_CURVE_WITH_KNOTS('',2,(#9954,#9955,#9956),.UNSPECIFIED.,.F.,
 .F.,(3,3),(0.,1.),.PIECEWISE_BEZIER_KNOTS.);
#247=B_SPLINE_CURVE_WITH_KNOTS('',2,(#9958,#9959,#9960),.UNSPECIFIED.,.F.,
 .F.,(3,3),(0.,1.),.PIECEWISE_BEZIER_KNOTS.);
#248=B_SPLINE_CURVE_WITH_KNOTS('',2,(#9964,#9965,#9966),.UNSPECIFIED.,.F.,
 .F.,(3,3),(0.,1.),.PIECEWISE_BEZIER_KNOTS.);
#249=B_SPLINE_CURVE_WITH_KNOTS('',2,(#9968,#9969,#9970),.UNSPECIFIED.,.F.,
 .F.,(3,3),(0.,1.),.PIECEWISE_BEZIER_KNOTS.);
#250=B_SPLINE_CURVE_WITH_KNOTS('',2,(#9972,#9973,#9974),.UNSPECIFIED.,.F.,
 .F.,(3,3),(0.,1.),.PIECEWISE_BEZIER_KNOTS.);
#251=B_SPLINE_CURVE_WITH_KNOTS('',2,(#9976,#9977,#9978),.UNSPECIFIED.,.F.,
 .F.,(3,3),(0.,1.),.PIECEWISE_BEZIER_KNOTS.);
#252=B_SPLINE_CURVE_WITH_KNOTS('',2,(#9980,#9981,#9982),.UNSPECIFIED.,.F.,
 .F.,(3,3),(0.,1.),.PIECEWISE_BEZIER_KNOTS.);
#253=B_SPLINE_CURVE_WITH_KNOTS('',2,(#9984,#9985,#9986),.UNSPECIFIED.,.F.,
 .F.,(3,3),(0.,1.),.PIECEWISE_BEZIER_KNOTS.);
#254=B_SPLINE_CURVE_WITH_KNOTS('',2,(#9988,#9989,#9990),.UNSPECIFIED.,.F.,
 .F.,(3,3),(0.,1.),.PIECEWISE_BEZIER_KNOTS.);
#255=B_SPLINE_CURVE_WITH_KNOTS('',2,(#9996,#9997,#9998),.UNSPECIFIED.,.F.,
 .F.,(3,3),(0.,1.),.PIECEWISE_BEZIER_KNOTS.);
#256=B_SPLINE_CURVE_WITH_KNOTS('',2,(#10000,#10001,#10002),
 .UNSPECIFIED.,.F.,.F.,(3,3),(0.,1.),.PIECEWISE_BEZIER_KNOTS.);
#257=B_SPLINE_CURVE_WITH_KNOTS('',2,(#10004,#10005,#10006),
 .UNSPECIFIED.,.F.,.F.,(3,3),(0.,1.),.PIECEWISE_BEZIER_KNOTS.);
#258=B_SPLINE_CURVE_WITH_KNOTS('',2,(#10008,#10009,#10010),
 .UNSPECIFIED.,.F.,.F.,(3,3),(0.,1.),.PIECEWISE_BEZIER_KNOTS.);
#259=B_SPLINE_CURVE_WITH_KNOTS('',2,(#10028,#10029,#10030),
 .UNSPECIFIED.,.F.,.F.,(3,3),(0.,1.),.PIECEWISE_BEZIER_KNOTS.);
#260=B_SPLINE_CURVE_WITH_KNOTS('',2,(#10032,#10033,#10034),
 .UNSPECIFIED.,.F.,.F.,(3,3),(0.,1.),.PIECEWISE_BEZIER_KNOTS.);
#261=B_SPLINE_CURVE_WITH_KNOTS('',2,(#10042,#10043,#10044),
 .UNSPECIFIED.,.F.,.F.,(3,3),(0.,1.),.PIECEWISE_BEZIER_KNOTS.);
#262=B_SPLINE_CURVE_WITH_KNOTS('',2,(#10048,#10049,#10050),
 .UNSPECIFIED.,.F.,.F.,(3,3),(0.,1.),.PIECEWISE_BEZIER_KNOTS.);
#263=B_SPLINE_CURVE_WITH_KNOTS('',2,(#10062,#10063,#10064),
 .UNSPECIFIED.,.F.,.F.,(3,3),(0.,1.),.PIECEWISE_BEZIER_KNOTS.);
#264=B_SPLINE_CURVE_WITH_KNOTS('',2,(#10078,#10079,#10080),
 .UNSPECIFIED.,.F.,.F.,(3,3),(0.,1.),.PIECEWISE_BEZIER_KNOTS.);
#265=B_SPLINE_CURVE_WITH_KNOTS('',2,(#10086,#10087,#10088),
 .UNSPECIFIED.,.F.,.F.,(3,3),(0.,1.),.PIECEWISE_BEZIER_KNOTS.);
#266=B_SPLINE_CURVE_WITH_KNOTS('',2,(#10093,#10094,#10095),
 .UNSPECIFIED.,.F.,.F.,(3,3),(0.,1.),.PIECEWISE_BEZIER_KNOTS.);
#267=B_SPLINE_CURVE_WITH_KNOTS('',2,(#10098,#10099,#10100),
 .UNSPECIFIED.,.F.,.F.,(3,3),(0.,1.),.PIECEWISE_BEZIER_KNOTS.);
#268=B_SPLINE_CURVE_WITH_KNOTS('',2,(#10102,#10103,#10104),
 .UNSPECIFIED.,.F.,.F.,(3,3),(0.,1.),.PIECEWISE_BEZIER_KNOTS.);
#269=B_SPLINE_CURVE_WITH_KNOTS('',2,(#10112,#10113,#10114),
 .UNSPECIFIED.,.F.,.F.,(3,3),(0.,1.),.PIECEWISE_BEZIER_KNOTS.);
#270=B_SPLINE_CURVE_WITH_KNOTS('',2,(#10118,#10119,#10120),
 .UNSPECIFIED.,.F.,.F.,(3,3),(0.,1.),.PIECEWISE_BEZIER_KNOTS.);
#271=B_SPLINE_CURVE_WITH_KNOTS('',2,(#10122,#10123,#10124),
 .UNSPECIFIED.,.F.,.F.,(3,3),(0.,1.),.PIECEWISE_BEZIER_KNOTS.);
#272=B_SPLINE_CURVE_WITH_KNOTS('',2,(#10126,#10127,#10128),
 .UNSPECIFIED.,.F.,.F.,(3,3),(0.,1.),.PIECEWISE_BEZIER_KNOTS.);
#273=B_SPLINE_CURVE_WITH_KNOTS('',2,(#10130,#10131,#10132),
 .UNSPECIFIED.,.F.,.F.,(3,3),(0.,1.),.PIECEWISE_BEZIER_KNOTS.);
#274=B_SPLINE_CURVE_WITH_KNOTS('',2,(#10134,#10135,#10136),
 .UNSPECIFIED.,.F.,.F.,(3,3),(0.,1.),.PIECEWISE_BEZIER_KNOTS.);
#275=B_SPLINE_CURVE_WITH_KNOTS('',2,(#10138,#10139,#10140),
 .UNSPECIFIED.,.F.,.F.,(3,3),(0.,1.),.PIECEWISE_BEZIER_KNOTS.);
#276=B_SPLINE_CURVE_WITH_KNOTS('',2,(#10146,#10147,#10148),
 .UNSPECIFIED.,.F.,.F.,(3,3),(0.,1.),.PIECEWISE_BEZIER_KNOTS.);
#277=B_SPLINE_CURVE_WITH_KNOTS('',2,(#10150,#10151,#10152),
 .UNSPECIFIED.,.F.,.F.,(3,3),(0.,1.),.PIECEWISE_BEZIER_KNOTS.);
#278=B_SPLINE_CURVE_WITH_KNOTS('',2,(#10228,#10229,#10230),
 .UNSPECIFIED.,.F.,.F.,(3,3),(0.,1.),.PIECEWISE_BEZIER_KNOTS.);
#279=B_SPLINE_CURVE_WITH_KNOTS('',2,(#10241,#10242,#10243),
 .UNSPECIFIED.,.F.,.F.,(3,3),(0.,1.),.PIECEWISE_BEZIER_KNOTS.);
#280=B_SPLINE_CURVE_WITH_KNOTS('',2,(#10286,#10287,#10288),
 .UNSPECIFIED.,.F.,.F.,(3,3),(0.,1.),.PIECEWISE_BEZIER_KNOTS.);
#281=B_SPLINE_CURVE_WITH_KNOTS('',2,(#10299,#10300,#10301),
 .UNSPECIFIED.,.F.,.F.,(3,3),(0.,1.),.PIECEWISE_BEZIER_KNOTS.);
#282=B_SPLINE_CURVE_WITH_KNOTS('',2,(#10312,#10313,#10314),
 .UNSPECIFIED.,.F.,.F.,(3,3),(0.,1.),.PIECEWISE_BEZIER_KNOTS.);
#283=B_SPLINE_CURVE_WITH_KNOTS('',2,(#10323,#10324,#10325),
 .UNSPECIFIED.,.F.,.F.,(3,3),(0.,1.),.PIECEWISE_BEZIER_KNOTS.);
#284=B_SPLINE_CURVE_WITH_KNOTS('',2,(#10408,#10409,#10410),
 .UNSPECIFIED.,.F.,.F.,(3,3),(0.,1.),.PIECEWISE_BEZIER_KNOTS.);
#285=B_SPLINE_CURVE_WITH_KNOTS('',2,(#10415,#10416,#10417),
 .UNSPECIFIED.,.F.,.F.,(3,3),(0.,1.),.PIECEWISE_BEZIER_KNOTS.);
#286=B_SPLINE_CURVE_WITH_KNOTS('',2,(#10428,#10429,#10430),
 .UNSPECIFIED.,.F.,.F.,(3,3),(0.,1.),.PIECEWISE_BEZIER_KNOTS.);
#287=B_SPLINE_CURVE_WITH_KNOTS('',2,(#10434,#10435,#10436),
 .UNSPECIFIED.,.F.,.F.,(3,3),(0.,1.),.PIECEWISE_BEZIER_KNOTS.);
#288=B_SPLINE_CURVE_WITH_KNOTS('',2,(#10445,#10446,#10447),
 .UNSPECIFIED.,.F.,.F.,(3,3),(0.,1.),.PIECEWISE_BEZIER_KNOTS.);
#289=B_SPLINE_CURVE_WITH_KNOTS('',2,(#10451,#10452,#10453),
 .UNSPECIFIED.,.F.,.F.,(3,3),(0.,1.),.PIECEWISE_BEZIER_KNOTS.);
#290=B_SPLINE_CURVE_WITH_KNOTS('',2,(#10470,#10471,#10472),
 .UNSPECIFIED.,.F.,.F.,(3,3),(0.,1.),.PIECEWISE_BEZIER_KNOTS.);
#291=B_SPLINE_CURVE_WITH_KNOTS('',2,(#10485,#10486,#10487),
 .UNSPECIFIED.,.F.,.F.,(3,3),(0.,1.),.PIECEWISE_BEZIER_KNOTS.);
#292=B_SPLINE_CURVE_WITH_KNOTS('',2,(#10510,#10511,#10512),
 .UNSPECIFIED.,.F.,.F.,(3,3),(0.,1.),.PIECEWISE_BEZIER_KNOTS.);
#293=B_SPLINE_CURVE_WITH_KNOTS('',2,(#10523,#10524,#10525),
 .UNSPECIFIED.,.F.,.F.,(3,3),(0.,1.),.PIECEWISE_BEZIER_KNOTS.);
#294=B_SPLINE_CURVE_WITH_KNOTS('',2,(#10544,#10545,#10546),
 .UNSPECIFIED.,.F.,.F.,(3,3),(0.,1.),.PIECEWISE_BEZIER_KNOTS.);
#295=B_SPLINE_CURVE_WITH_KNOTS('',2,(#10557,#10558,#10559),
 .UNSPECIFIED.,.F.,.F.,(3,3),(0.,1.),.PIECEWISE_BEZIER_KNOTS.);
#296=B_SPLINE_CURVE_WITH_KNOTS('',2,(#10570,#10571,#10572),
 .UNSPECIFIED.,.F.,.F.,(3,3),(0.,1.),.PIECEWISE_BEZIER_KNOTS.);
#297=B_SPLINE_CURVE_WITH_KNOTS('',2,(#10583,#10584,#10585),
 .UNSPECIFIED.,.F.,.F.,(3,3),(0.,1.),.PIECEWISE_BEZIER_KNOTS.);
#298=B_SPLINE_CURVE_WITH_KNOTS('',2,(#10594,#10595,#10596),
 .UNSPECIFIED.,.F.,.F.,(3,3),(0.,1.),.PIECEWISE_BEZIER_KNOTS.);
#299=B_SPLINE_CURVE_WITH_KNOTS('',2,(#10605,#10606,#10607),
 .UNSPECIFIED.,.F.,.F.,(3,3),(0.,1.),.PIECEWISE_BEZIER_KNOTS.);
#300=B_SPLINE_CURVE_WITH_KNOTS('',2,(#10608,#10609,#10610),
 .UNSPECIFIED.,.F.,.F.,(3,3),(0.,1.),.PIECEWISE_BEZIER_KNOTS.);
#301=B_SPLINE_CURVE_WITH_KNOTS('',2,(#10661,#10662,#10663),
 .UNSPECIFIED.,.F.,.F.,(3,3),(0.,1.),.PIECEWISE_BEZIER_KNOTS.);
#302=B_SPLINE_CURVE_WITH_KNOTS('',2,(#10668,#10669,#10670),
 .UNSPECIFIED.,.F.,.F.,(3,3),(0.,1.),.PIECEWISE_BEZIER_KNOTS.);
#303=B_SPLINE_CURVE_WITH_KNOTS('',2,(#10681,#10682,#10683),
 .UNSPECIFIED.,.F.,.F.,(3,3),(0.,1.),.PIECEWISE_BEZIER_KNOTS.);
#304=B_SPLINE_CURVE_WITH_KNOTS('',2,(#10687,#10688,#10689),
 .UNSPECIFIED.,.F.,.F.,(3,3),(0.,1.),.PIECEWISE_BEZIER_KNOTS.);
#305=B_SPLINE_CURVE_WITH_KNOTS('',2,(#10698,#10699,#10700),
 .UNSPECIFIED.,.F.,.F.,(3,3),(0.,1.),.PIECEWISE_BEZIER_KNOTS.);
#306=B_SPLINE_CURVE_WITH_KNOTS('',2,(#10704,#10705,#10706),
 .UNSPECIFIED.,.F.,.F.,(3,3),(0.,1.),.PIECEWISE_BEZIER_KNOTS.);
#307=B_SPLINE_CURVE_WITH_KNOTS('',2,(#10715,#10716,#10717),
 .UNSPECIFIED.,.F.,.F.,(3,3),(0.,1.),.PIECEWISE_BEZIER_KNOTS.);
#308=B_SPLINE_CURVE_WITH_KNOTS('',2,(#10721,#10722,#10723),
 .UNSPECIFIED.,.F.,.F.,(3,3),(0.,1.),.PIECEWISE_BEZIER_KNOTS.);
#309=B_SPLINE_CURVE_WITH_KNOTS('',2,(#10732,#10733,#10734),
 .UNSPECIFIED.,.F.,.F.,(3,3),(0.,1.),.PIECEWISE_BEZIER_KNOTS.);
#310=B_SPLINE_CURVE_WITH_KNOTS('',2,(#10738,#10739,#10740),
 .UNSPECIFIED.,.F.,.F.,(3,3),(0.,1.),.PIECEWISE_BEZIER_KNOTS.);
#311=B_SPLINE_CURVE_WITH_KNOTS('',2,(#10749,#10750,#10751),
 .UNSPECIFIED.,.F.,.F.,(3,3),(0.,1.),.PIECEWISE_BEZIER_KNOTS.);
#312=B_SPLINE_CURVE_WITH_KNOTS('',2,(#10755,#10756,#10757),
 .UNSPECIFIED.,.F.,.F.,(3,3),(0.,1.),.PIECEWISE_BEZIER_KNOTS.);
#313=B_SPLINE_CURVE_WITH_KNOTS('',2,(#10766,#10767,#10768),
 .UNSPECIFIED.,.F.,.F.,(3,3),(0.,1.),.PIECEWISE_BEZIER_KNOTS.);
#314=B_SPLINE_CURVE_WITH_KNOTS('',2,(#10772,#10773,#10774),
 .UNSPECIFIED.,.F.,.F.,(3,3),(0.,1.),.PIECEWISE_BEZIER_KNOTS.);
#315=B_SPLINE_CURVE_WITH_KNOTS('',2,(#10785,#10786,#10787),
 .UNSPECIFIED.,.F.,.F.,(3,3),(0.,1.),.PIECEWISE_BEZIER_KNOTS.);
#316=B_SPLINE_CURVE_WITH_KNOTS('',2,(#10800,#10801,#10802),
 .UNSPECIFIED.,.F.,.F.,(3,3),(0.,1.),.PIECEWISE_BEZIER_KNOTS.);
#317=B_SPLINE_CURVE_WITH_KNOTS('',2,(#10813,#10814,#10815),
 .UNSPECIFIED.,.F.,.F.,(3,3),(0.,1.),.PIECEWISE_BEZIER_KNOTS.);
#318=B_SPLINE_CURVE_WITH_KNOTS('',2,(#10826,#10827,#10828),
 .UNSPECIFIED.,.F.,.F.,(3,3),(0.,1.),.PIECEWISE_BEZIER_KNOTS.);
#319=B_SPLINE_CURVE_WITH_KNOTS('',2,(#10839,#10840,#10841),
 .UNSPECIFIED.,.F.,.F.,(3,3),(0.,1.),.PIECEWISE_BEZIER_KNOTS.);
#320=B_SPLINE_CURVE_WITH_KNOTS('',2,(#10852,#10853,#10854),
 .UNSPECIFIED.,.F.,.F.,(3,3),(0.,1.),.PIECEWISE_BEZIER_KNOTS.);
#321=B_SPLINE_CURVE_WITH_KNOTS('',2,(#10865,#10866,#10867),
 .UNSPECIFIED.,.F.,.F.,(3,3),(0.,1.),.PIECEWISE_BEZIER_KNOTS.);
#322=B_SPLINE_CURVE_WITH_KNOTS('',2,(#10878,#10879,#10880),
 .UNSPECIFIED.,.F.,.F.,(3,3),(0.,1.),.PIECEWISE_BEZIER_KNOTS.);
#323=B_SPLINE_CURVE_WITH_KNOTS('',2,(#10889,#10890,#10891),
 .UNSPECIFIED.,.F.,.F.,(3,3),(0.,1.),.PIECEWISE_BEZIER_KNOTS.);
#324=B_SPLINE_CURVE_WITH_KNOTS('',2,(#10900,#10901,#10902),
 .UNSPECIFIED.,.F.,.F.,(3,3),(0.,1.),.PIECEWISE_BEZIER_KNOTS.);
#325=B_SPLINE_CURVE_WITH_KNOTS('',2,(#10903,#10904,#10905),
 .UNSPECIFIED.,.F.,.F.,(3,3),(0.,1.),.PIECEWISE_BEZIER_KNOTS.);
#326=B_SPLINE_CURVE_WITH_KNOTS('',2,(#10915,#10916,#10917),
 .UNSPECIFIED.,.F.,.F.,(3,3),(0.,1.),.PIECEWISE_BEZIER_KNOTS.);
#327=B_SPLINE_CURVE_WITH_KNOTS('',2,(#10922,#10923,#10924),
 .UNSPECIFIED.,.F.,.F.,(3,3),(0.,1.),.PIECEWISE_BEZIER_KNOTS.);
#328=B_SPLINE_CURVE_WITH_KNOTS('',2,(#10935,#10936,#10937),
 .UNSPECIFIED.,.F.,.F.,(3,3),(0.,1.),.PIECEWISE_BEZIER_KNOTS.);
#329=B_SPLINE_CURVE_WITH_KNOTS('',2,(#10941,#10942,#10943),
 .UNSPECIFIED.,.F.,.F.,(3,3),(0.,1.),.PIECEWISE_BEZIER_KNOTS.);
#330=B_SPLINE_CURVE_WITH_KNOTS('',2,(#10952,#10953,#10954),
 .UNSPECIFIED.,.F.,.F.,(3,3),(0.,1.),.PIECEWISE_BEZIER_KNOTS.);
#331=B_SPLINE_CURVE_WITH_KNOTS('',2,(#10958,#10959,#10960),
 .UNSPECIFIED.,.F.,.F.,(3,3),(0.,1.),.PIECEWISE_BEZIER_KNOTS.);
#332=B_SPLINE_CURVE_WITH_KNOTS('',2,(#10969,#10970,#10971),
 .UNSPECIFIED.,.F.,.F.,(3,3),(0.,1.),.PIECEWISE_BEZIER_KNOTS.);
#333=B_SPLINE_CURVE_WITH_KNOTS('',2,(#10975,#10976,#10977),
 .UNSPECIFIED.,.F.,.F.,(3,3),(0.,1.),.PIECEWISE_BEZIER_KNOTS.);
#334=B_SPLINE_CURVE_WITH_KNOTS('',2,(#10986,#10987,#10988),
 .UNSPECIFIED.,.F.,.F.,(3,3),(0.,1.),.PIECEWISE_BEZIER_KNOTS.);
#335=B_SPLINE_CURVE_WITH_KNOTS('',2,(#10992,#10993,#10994),
 .UNSPECIFIED.,.F.,.F.,(3,3),(0.,1.),.PIECEWISE_BEZIER_KNOTS.);
#336=B_SPLINE_CURVE_WITH_KNOTS('',2,(#11003,#11004,#11005),
 .UNSPECIFIED.,.F.,.F.,(3,3),(0.,1.),.PIECEWISE_BEZIER_KNOTS.);
#337=B_SPLINE_CURVE_WITH_KNOTS('',2,(#11009,#11010,#11011),
 .UNSPECIFIED.,.F.,.F.,(3,3),(0.,1.),.PIECEWISE_BEZIER_KNOTS.);
#338=B_SPLINE_CURVE_WITH_KNOTS('',2,(#11020,#11021,#11022),
 .UNSPECIFIED.,.F.,.F.,(3,3),(0.,1.),.PIECEWISE_BEZIER_KNOTS.);
#339=B_SPLINE_CURVE_WITH_KNOTS('',2,(#11026,#11027,#11028),
 .UNSPECIFIED.,.F.,.F.,(3,3),(0.,1.),.PIECEWISE_BEZIER_KNOTS.);
#340=B_SPLINE_CURVE_WITH_KNOTS('',2,(#11039,#11040,#11041),
 .UNSPECIFIED.,.F.,.F.,(3,3),(0.,1.),.PIECEWISE_BEZIER_KNOTS.);
#341=B_SPLINE_CURVE_WITH_KNOTS('',2,(#11054,#11055,#11056),
 .UNSPECIFIED.,.F.,.F.,(3,3),(0.,1.),.PIECEWISE_BEZIER_KNOTS.);
#342=B_SPLINE_CURVE_WITH_KNOTS('',2,(#11067,#11068,#11069),
 .UNSPECIFIED.,.F.,.F.,(3,3),(0.,1.),.PIECEWISE_BEZIER_KNOTS.);
#343=B_SPLINE_CURVE_WITH_KNOTS('',2,(#11080,#11081,#11082),
 .UNSPECIFIED.,.F.,.F.,(3,3),(0.,1.),.PIECEWISE_BEZIER_KNOTS.);
#344=B_SPLINE_CURVE_WITH_KNOTS('',2,(#11093,#11094,#11095),
 .UNSPECIFIED.,.F.,.F.,(3,3),(0.,1.),.PIECEWISE_BEZIER_KNOTS.);
#345=B_SPLINE_CURVE_WITH_KNOTS('',2,(#11106,#11107,#11108),
 .UNSPECIFIED.,.F.,.F.,(3,3),(0.,1.),.PIECEWISE_BEZIER_KNOTS.);
#346=B_SPLINE_CURVE_WITH_KNOTS('',2,(#11119,#11120,#11121),
 .UNSPECIFIED.,.F.,.F.,(3,3),(0.,1.),.PIECEWISE_BEZIER_KNOTS.);
#347=B_SPLINE_CURVE_WITH_KNOTS('',2,(#11132,#11133,#11134),
 .UNSPECIFIED.,.F.,.F.,(3,3),(0.,1.),.PIECEWISE_BEZIER_KNOTS.);
#348=B_SPLINE_CURVE_WITH_KNOTS('',2,(#11143,#11144,#11145),
 .UNSPECIFIED.,.F.,.F.,(3,3),(0.,1.),.PIECEWISE_BEZIER_KNOTS.);
#349=B_SPLINE_CURVE_WITH_KNOTS('',2,(#11154,#11155,#11156),
 .UNSPECIFIED.,.F.,.F.,(3,3),(0.,1.),.PIECEWISE_BEZIER_KNOTS.);
#350=B_SPLINE_CURVE_WITH_KNOTS('',2,(#11157,#11158,#11159),
 .UNSPECIFIED.,.F.,.F.,(3,3),(0.,1.),.PIECEWISE_BEZIER_KNOTS.);
#351=B_SPLINE_CURVE_WITH_KNOTS('',2,(#11185,#11186,#11187),
 .UNSPECIFIED.,.F.,.F.,(3,3),(0.,1.),.PIECEWISE_BEZIER_KNOTS.);
#352=B_SPLINE_CURVE_WITH_KNOTS('',2,(#11198,#11199,#11200),
 .UNSPECIFIED.,.F.,.F.,(3,3),(0.,1.),.PIECEWISE_BEZIER_KNOTS.);
#353=B_SPLINE_CURVE_WITH_KNOTS('',2,(#11243,#11244,#11245),
 .UNSPECIFIED.,.F.,.F.,(3,3),(0.,1.),.PIECEWISE_BEZIER_KNOTS.);
#354=B_SPLINE_CURVE_WITH_KNOTS('',2,(#11256,#11257,#11258),
 .UNSPECIFIED.,.F.,.F.,(3,3),(0.,1.),.PIECEWISE_BEZIER_KNOTS.);
#355=B_SPLINE_CURVE_WITH_KNOTS('',2,(#11269,#11270,#11271),
 .UNSPECIFIED.,.F.,.F.,(3,3),(0.,1.),.PIECEWISE_BEZIER_KNOTS.);
#356=B_SPLINE_CURVE_WITH_KNOTS('',2,(#11280,#11281,#11282),
 .UNSPECIFIED.,.F.,.F.,(3,3),(0.,1.),.PIECEWISE_BEZIER_KNOTS.);
#357=B_SPLINE_CURVE_WITH_KNOTS('',2,(#11294,#11295,#11296),
 .UNSPECIFIED.,.F.,.F.,(3,3),(0.,1.),.PIECEWISE_BEZIER_KNOTS.);
#358=B_SPLINE_CURVE_WITH_KNOTS('',2,(#11309,#11310,#11311),
 .UNSPECIFIED.,.F.,.F.,(3,3),(0.,1.),.PIECEWISE_BEZIER_KNOTS.);
#359=B_SPLINE_CURVE_WITH_KNOTS('',2,(#11322,#11323,#11324),
 .UNSPECIFIED.,.F.,.F.,(3,3),(0.,1.),.PIECEWISE_BEZIER_KNOTS.);
#360=B_SPLINE_CURVE_WITH_KNOTS('',2,(#11335,#11336,#11337),
 .UNSPECIFIED.,.F.,.F.,(3,3),(0.,1.),.PIECEWISE_BEZIER_KNOTS.);
#361=B_SPLINE_CURVE_WITH_KNOTS('',2,(#11348,#11349,#11350),
 .UNSPECIFIED.,.F.,.F.,(3,3),(0.,1.),.PIECEWISE_BEZIER_KNOTS.);
#362=B_SPLINE_CURVE_WITH_KNOTS('',2,(#11361,#11362,#11363),
 .UNSPECIFIED.,.F.,.F.,(3,3),(0.,1.),.PIECEWISE_BEZIER_KNOTS.);
#363=B_SPLINE_CURVE_WITH_KNOTS('',2,(#11374,#11375,#11376),
 .UNSPECIFIED.,.F.,.F.,(3,3),(0.,1.),.PIECEWISE_BEZIER_KNOTS.);
#364=B_SPLINE_CURVE_WITH_KNOTS('',2,(#11387,#11388,#11389),
 .UNSPECIFIED.,.F.,.F.,(3,3),(0.,1.),.PIECEWISE_BEZIER_KNOTS.);
#365=B_SPLINE_CURVE_WITH_KNOTS('',2,(#11400,#11401,#11402),
 .UNSPECIFIED.,.F.,.F.,(3,3),(0.,1.),.PIECEWISE_BEZIER_KNOTS.);
#366=B_SPLINE_CURVE_WITH_KNOTS('',2,(#11417,#11418,#11419),
 .UNSPECIFIED.,.F.,.F.,(3,3),(0.,1.),.PIECEWISE_BEZIER_KNOTS.);
#367=B_SPLINE_CURVE_WITH_KNOTS('',2,(#11430,#11431,#11432),
 .UNSPECIFIED.,.F.,.F.,(3,3),(0.,1.),.PIECEWISE_BEZIER_KNOTS.);
#368=B_SPLINE_CURVE_WITH_KNOTS('',2,(#11443,#11444,#11445),
 .UNSPECIFIED.,.F.,.F.,(3,3),(0.,1.),.PIECEWISE_BEZIER_KNOTS.);
#369=B_SPLINE_CURVE_WITH_KNOTS('',2,(#11456,#11457,#11458),
 .UNSPECIFIED.,.F.,.F.,(3,3),(0.,1.),.PIECEWISE_BEZIER_KNOTS.);
#370=B_SPLINE_CURVE_WITH_KNOTS('',2,(#11469,#11470,#11471),
 .UNSPECIFIED.,.F.,.F.,(3,3),(0.,1.),.PIECEWISE_BEZIER_KNOTS.);
#371=B_SPLINE_CURVE_WITH_KNOTS('',2,(#11482,#11483,#11484),
 .UNSPECIFIED.,.F.,.F.,(3,3),(0.,1.),.PIECEWISE_BEZIER_KNOTS.);
#372=B_SPLINE_CURVE_WITH_KNOTS('',2,(#11495,#11496,#11497),
 .UNSPECIFIED.,.F.,.F.,(3,3),(0.,1.),.PIECEWISE_BEZIER_KNOTS.);
#373=B_SPLINE_CURVE_WITH_KNOTS('',2,(#11508,#11509,#11510),
 .UNSPECIFIED.,.F.,.F.,(3,3),(0.,1.),.PIECEWISE_BEZIER_KNOTS.);
#374=B_SPLINE_CURVE_WITH_KNOTS('',2,(#11521,#11522,#11523),
 .UNSPECIFIED.,.F.,.F.,(3,3),(0.,1.),.PIECEWISE_BEZIER_KNOTS.);
#375=B_SPLINE_CURVE_WITH_KNOTS('',2,(#11534,#11535,#11536),
 .UNSPECIFIED.,.F.,.F.,(3,3),(0.,1.),.PIECEWISE_BEZIER_KNOTS.);
#376=B_SPLINE_CURVE_WITH_KNOTS('',2,(#11559,#11560,#11561),
 .UNSPECIFIED.,.F.,.F.,(3,3),(0.,1.),.PIECEWISE_BEZIER_KNOTS.);
#377=B_SPLINE_CURVE_WITH_KNOTS('',2,(#11570,#11571,#11572),
 .UNSPECIFIED.,.F.,.F.,(3,3),(0.,1.),.PIECEWISE_BEZIER_KNOTS.);
#378=B_SPLINE_CURVE_WITH_KNOTS('',2,(#11598,#11599,#11600),
 .UNSPECIFIED.,.F.,.F.,(3,3),(0.,1.),.PIECEWISE_BEZIER_KNOTS.);
#379=B_SPLINE_CURVE_WITH_KNOTS('',2,(#11611,#11612,#11613),
 .UNSPECIFIED.,.F.,.F.,(3,3),(0.,1.),.PIECEWISE_BEZIER_KNOTS.);
#380=B_SPLINE_CURVE_WITH_KNOTS('',2,(#11656,#11657,#11658),
 .UNSPECIFIED.,.F.,.F.,(3,3),(0.,1.),.PIECEWISE_BEZIER_KNOTS.);
#381=B_SPLINE_CURVE_WITH_KNOTS('',2,(#11669,#11670,#11671),
 .UNSPECIFIED.,.F.,.F.,(3,3),(0.,1.),.PIECEWISE_BEZIER_KNOTS.);
#382=B_SPLINE_CURVE_WITH_KNOTS('',2,(#11682,#11683,#11684),
 .UNSPECIFIED.,.F.,.F.,(3,3),(0.,1.),.PIECEWISE_BEZIER_KNOTS.);
#383=B_SPLINE_CURVE_WITH_KNOTS('',2,(#11693,#11694,#11695),
 .UNSPECIFIED.,.F.,.F.,(3,3),(0.,1.),.PIECEWISE_BEZIER_KNOTS.);
#384=B_SPLINE_CURVE_WITH_KNOTS('',2,(#11725,#11726,#11727),
 .UNSPECIFIED.,.F.,.F.,(3,3),(0.,1.),.PIECEWISE_BEZIER_KNOTS.);
#385=B_SPLINE_CURVE_WITH_KNOTS('',2,(#11746,#11747,#11748),
 .UNSPECIFIED.,.F.,.F.,(3,3),(0.,1.),.PIECEWISE_BEZIER_KNOTS.);
#386=B_SPLINE_CURVE_WITH_KNOTS('',2,(#11783,#11784,#11785),
 .UNSPECIFIED.,.F.,.F.,(3,3),(0.,1.),.PIECEWISE_BEZIER_KNOTS.);
#387=B_SPLINE_CURVE_WITH_KNOTS('',2,(#11816,#11817,#11818),
 .UNSPECIFIED.,.F.,.F.,(3,3),(0.,1.),.PIECEWISE_BEZIER_KNOTS.);
#388=B_SPLINE_CURVE_WITH_KNOTS('',2,(#11831,#11832,#11833),
 .UNSPECIFIED.,.F.,.F.,(3,3),(0.,1.),.PIECEWISE_BEZIER_KNOTS.);
#389=B_SPLINE_CURVE_WITH_KNOTS('',2,(#11843,#11844,#11845),
 .UNSPECIFIED.,.F.,.F.,(3,3),(0.,1.),.PIECEWISE_BEZIER_KNOTS.);
#390=B_SPLINE_CURVE_WITH_KNOTS('',2,(#11850,#11851,#11852),
 .UNSPECIFIED.,.F.,.F.,(3,3),(0.,1.),.PIECEWISE_BEZIER_KNOTS.);
#391=B_SPLINE_CURVE_WITH_KNOTS('',2,(#11863,#11864,#11865),
 .UNSPECIFIED.,.F.,.F.,(3,3),(0.,1.),.PIECEWISE_BEZIER_KNOTS.);
#392=B_SPLINE_CURVE_WITH_KNOTS('',2,(#11869,#11870,#11871),
 .UNSPECIFIED.,.F.,.F.,(3,3),(0.,1.),.PIECEWISE_BEZIER_KNOTS.);
#393=B_SPLINE_CURVE_WITH_KNOTS('',2,(#11880,#11881,#11882),
 .UNSPECIFIED.,.F.,.F.,(3,3),(0.,1.),.PIECEWISE_BEZIER_KNOTS.);
#394=B_SPLINE_CURVE_WITH_KNOTS('',2,(#11886,#11887,#11888),
 .UNSPECIFIED.,.F.,.F.,(3,3),(0.,1.),.PIECEWISE_BEZIER_KNOTS.);
#395=B_SPLINE_CURVE_WITH_KNOTS('',2,(#11897,#11898,#11899),
 .UNSPECIFIED.,.F.,.F.,(3,3),(0.,1.),.PIECEWISE_BEZIER_KNOTS.);
#396=B_SPLINE_CURVE_WITH_KNOTS('',2,(#11903,#11904,#11905),
 .UNSPECIFIED.,.F.,.F.,(3,3),(0.,1.),.PIECEWISE_BEZIER_KNOTS.);
#397=B_SPLINE_CURVE_WITH_KNOTS('',2,(#11914,#11915,#11916),
 .UNSPECIFIED.,.F.,.F.,(3,3),(0.,1.),.PIECEWISE_BEZIER_KNOTS.);
#398=B_SPLINE_CURVE_WITH_KNOTS('',2,(#11920,#11921,#11922),
 .UNSPECIFIED.,.F.,.F.,(3,3),(0.,1.),.PIECEWISE_BEZIER_KNOTS.);
#399=B_SPLINE_CURVE_WITH_KNOTS('',2,(#11931,#11932,#11933),
 .UNSPECIFIED.,.F.,.F.,(3,3),(0.,1.),.PIECEWISE_BEZIER_KNOTS.);
#400=B_SPLINE_CURVE_WITH_KNOTS('',2,(#11937,#11938,#11939),
 .UNSPECIFIED.,.F.,.F.,(3,3),(0.,1.),.PIECEWISE_BEZIER_KNOTS.);
#401=B_SPLINE_CURVE_WITH_KNOTS('',2,(#11948,#11949,#11950),
 .UNSPECIFIED.,.F.,.F.,(3,3),(0.,1.),.PIECEWISE_BEZIER_KNOTS.);
#402=B_SPLINE_CURVE_WITH_KNOTS('',2,(#11954,#11955,#11956),
 .UNSPECIFIED.,.F.,.F.,(3,3),(0.,1.),.PIECEWISE_BEZIER_KNOTS.);
#403=B_SPLINE_CURVE_WITH_KNOTS('',2,(#11967,#11968,#11969),
 .UNSPECIFIED.,.F.,.F.,(3,3),(0.,1.),.PIECEWISE_BEZIER_KNOTS.);
#404=B_SPLINE_CURVE_WITH_KNOTS('',2,(#11982,#11983,#11984),
 .UNSPECIFIED.,.F.,.F.,(3,3),(0.,1.),.PIECEWISE_BEZIER_KNOTS.);
#405=B_SPLINE_CURVE_WITH_KNOTS('',2,(#11995,#11996,#11997),
 .UNSPECIFIED.,.F.,.F.,(3,3),(0.,1.),.PIECEWISE_BEZIER_KNOTS.);
#406=B_SPLINE_CURVE_WITH_KNOTS('',2,(#12008,#12009,#12010),
 .UNSPECIFIED.,.F.,.F.,(3,3),(0.,1.),.PIECEWISE_BEZIER_KNOTS.);
#407=B_SPLINE_CURVE_WITH_KNOTS('',2,(#12021,#12022,#12023),
 .UNSPECIFIED.,.F.,.F.,(3,3),(0.,1.),.PIECEWISE_BEZIER_KNOTS.);
#408=B_SPLINE_CURVE_WITH_KNOTS('',2,(#12034,#12035,#12036),
 .UNSPECIFIED.,.F.,.F.,(3,3),(0.,1.),.PIECEWISE_BEZIER_KNOTS.);
#409=B_SPLINE_CURVE_WITH_KNOTS('',2,(#12047,#12048,#12049),
 .UNSPECIFIED.,.F.,.F.,(3,3),(0.,1.),.PIECEWISE_BEZIER_KNOTS.);
#410=B_SPLINE_CURVE_WITH_KNOTS('',2,(#12060,#12061,#12062),
 .UNSPECIFIED.,.F.,.F.,(3,3),(0.,1.),.PIECEWISE_BEZIER_KNOTS.);
#411=B_SPLINE_CURVE_WITH_KNOTS('',2,(#12071,#12072,#12073),
 .UNSPECIFIED.,.F.,.F.,(3,3),(0.,1.),.PIECEWISE_BEZIER_KNOTS.);
#412=B_SPLINE_CURVE_WITH_KNOTS('',2,(#12082,#12083,#12084),
 .UNSPECIFIED.,.F.,.F.,(3,3),(0.,1.),.PIECEWISE_BEZIER_KNOTS.);
#413=B_SPLINE_CURVE_WITH_KNOTS('',2,(#12085,#12086,#12087),
 .UNSPECIFIED.,.F.,.F.,(3,3),(0.,1.),.PIECEWISE_BEZIER_KNOTS.);
#414=B_SPLINE_CURVE_WITH_KNOTS('',2,(#12097,#12098,#12099),
 .UNSPECIFIED.,.F.,.F.,(3,3),(0.,1.),.PIECEWISE_BEZIER_KNOTS.);
#415=B_SPLINE_CURVE_WITH_KNOTS('',2,(#12104,#12105,#12106),
 .UNSPECIFIED.,.F.,.F.,(3,3),(0.,1.),.PIECEWISE_BEZIER_KNOTS.);
#416=B_SPLINE_CURVE_WITH_KNOTS('',2,(#12117,#12118,#12119),
 .UNSPECIFIED.,.F.,.F.,(3,3),(0.,1.),.PIECEWISE_BEZIER_KNOTS.);
#417=B_SPLINE_CURVE_WITH_KNOTS('',2,(#12123,#12124,#12125),
 .UNSPECIFIED.,.F.,.F.,(3,3),(0.,1.),.PIECEWISE_BEZIER_KNOTS.);
#418=B_SPLINE_CURVE_WITH_KNOTS('',2,(#12134,#12135,#12136),
 .UNSPECIFIED.,.F.,.F.,(3,3),(0.,1.),.PIECEWISE_BEZIER_KNOTS.);
#419=B_SPLINE_CURVE_WITH_KNOTS('',2,(#12140,#12141,#12142),
 .UNSPECIFIED.,.F.,.F.,(3,3),(0.,1.),.PIECEWISE_BEZIER_KNOTS.);
#420=B_SPLINE_CURVE_WITH_KNOTS('',2,(#12171,#12172,#12173),
 .UNSPECIFIED.,.F.,.F.,(3,3),(0.,1.),.PIECEWISE_BEZIER_KNOTS.);
#421=B_SPLINE_CURVE_WITH_KNOTS('',2,(#12186,#12187,#12188),
 .UNSPECIFIED.,.F.,.F.,(3,3),(0.,1.),.PIECEWISE_BEZIER_KNOTS.);
#422=B_SPLINE_CURVE_WITH_KNOTS('',2,(#12199,#12200,#12201),
 .UNSPECIFIED.,.F.,.F.,(3,3),(0.,1.),.PIECEWISE_BEZIER_KNOTS.);
#423=B_SPLINE_CURVE_WITH_KNOTS('',2,(#12222,#12223,#12224),
 .UNSPECIFIED.,.F.,.F.,(3,3),(0.,1.),.PIECEWISE_BEZIER_KNOTS.);
#424=B_SPLINE_CURVE_WITH_KNOTS('',2,(#12233,#12234,#12235),
 .UNSPECIFIED.,.F.,.F.,(3,3),(0.,1.),.PIECEWISE_BEZIER_KNOTS.);
#425=B_SPLINE_CURVE_WITH_KNOTS('',2,(#12236,#12237,#12238),
 .UNSPECIFIED.,.F.,.F.,(3,3),(0.,1.),.PIECEWISE_BEZIER_KNOTS.);
#426=B_SPLINE_CURVE_WITH_KNOTS('',2,(#12248,#12249,#12250),
 .UNSPECIFIED.,.F.,.F.,(3,3),(0.,1.),.PIECEWISE_BEZIER_KNOTS.);
#427=B_SPLINE_CURVE_WITH_KNOTS('',2,(#12255,#12256,#12257),
 .UNSPECIFIED.,.F.,.F.,(3,3),(0.,1.),.PIECEWISE_BEZIER_KNOTS.);
#428=B_SPLINE_CURVE_WITH_KNOTS('',2,(#12268,#12269,#12270),
 .UNSPECIFIED.,.F.,.F.,(3,3),(0.,1.),.PIECEWISE_BEZIER_KNOTS.);
#429=B_SPLINE_CURVE_WITH_KNOTS('',2,(#12274,#12275,#12276),
 .UNSPECIFIED.,.F.,.F.,(3,3),(0.,1.),.PIECEWISE_BEZIER_KNOTS.);
#430=B_SPLINE_CURVE_WITH_KNOTS('',2,(#12285,#12286,#12287),
 .UNSPECIFIED.,.F.,.F.,(3,3),(0.,1.),.PIECEWISE_BEZIER_KNOTS.);
#431=B_SPLINE_CURVE_WITH_KNOTS('',2,(#12291,#12292,#12293),
 .UNSPECIFIED.,.F.,.F.,(3,3),(0.,1.),.PIECEWISE_BEZIER_KNOTS.);
#432=B_SPLINE_CURVE_WITH_KNOTS('',2,(#12302,#12303,#12304),
 .UNSPECIFIED.,.F.,.F.,(3,3),(0.,1.),.PIECEWISE_BEZIER_KNOTS.);
#433=B_SPLINE_CURVE_WITH_KNOTS('',2,(#12308,#12309,#12310),
 .UNSPECIFIED.,.F.,.F.,(3,3),(0.,1.),.PIECEWISE_BEZIER_KNOTS.);
#434=B_SPLINE_CURVE_WITH_KNOTS('',2,(#12319,#12320,#12321),
 .UNSPECIFIED.,.F.,.F.,(3,3),(0.,1.),.PIECEWISE_BEZIER_KNOTS.);
#435=B_SPLINE_CURVE_WITH_KNOTS('',2,(#12325,#12326,#12327),
 .UNSPECIFIED.,.F.,.F.,(3,3),(0.,1.),.PIECEWISE_BEZIER_KNOTS.);
#436=B_SPLINE_CURVE_WITH_KNOTS('',2,(#12336,#12337,#12338),
 .UNSPECIFIED.,.F.,.F.,(3,3),(0.,1.),.PIECEWISE_BEZIER_KNOTS.);
#437=B_SPLINE_CURVE_WITH_KNOTS('',2,(#12342,#12343,#12344),
 .UNSPECIFIED.,.F.,.F.,(3,3),(0.,1.),.PIECEWISE_BEZIER_KNOTS.);
#438=B_SPLINE_CURVE_WITH_KNOTS('',2,(#12353,#12354,#12355),
 .UNSPECIFIED.,.F.,.F.,(3,3),(0.,1.),.PIECEWISE_BEZIER_KNOTS.);
#439=B_SPLINE_CURVE_WITH_KNOTS('',2,(#12359,#12360,#12361),
 .UNSPECIFIED.,.F.,.F.,(3,3),(0.,1.),.PIECEWISE_BEZIER_KNOTS.);
#440=B_SPLINE_CURVE_WITH_KNOTS('',2,(#12384,#12385,#12386),
 .UNSPECIFIED.,.F.,.F.,(3,3),(0.,1.),.PIECEWISE_BEZIER_KNOTS.);
#441=B_SPLINE_CURVE_WITH_KNOTS('',2,(#12397,#12398,#12399),
 .UNSPECIFIED.,.F.,.F.,(3,3),(0.,1.),.PIECEWISE_BEZIER_KNOTS.);
#442=B_SPLINE_CURVE_WITH_KNOTS('',2,(#12410,#12411,#12412),
 .UNSPECIFIED.,.F.,.F.,(3,3),(0.,1.),.PIECEWISE_BEZIER_KNOTS.);
#443=B_SPLINE_CURVE_WITH_KNOTS('',2,(#12423,#12424,#12425),
 .UNSPECIFIED.,.F.,.F.,(3,3),(0.,1.),.PIECEWISE_BEZIER_KNOTS.);
#444=B_SPLINE_CURVE_WITH_KNOTS('',2,(#12436,#12437,#12438),
 .UNSPECIFIED.,.F.,.F.,(3,3),(0.,1.),.PIECEWISE_BEZIER_KNOTS.);
#445=B_SPLINE_CURVE_WITH_KNOTS('',2,(#12449,#12450,#12451),
 .UNSPECIFIED.,.F.,.F.,(3,3),(0.,1.),.PIECEWISE_BEZIER_KNOTS.);
#446=B_SPLINE_CURVE_WITH_KNOTS('',2,(#12494,#12495,#12496),
 .UNSPECIFIED.,.F.,.F.,(3,3),(0.,1.),.PIECEWISE_BEZIER_KNOTS.);
#447=B_SPLINE_CURVE_WITH_KNOTS('',2,(#12497,#12498,#12499),
 .UNSPECIFIED.,.F.,.F.,(3,3),(0.,1.),.PIECEWISE_BEZIER_KNOTS.);
#448=B_SPLINE_CURVE_WITH_KNOTS('',2,(#12525,#12526,#12527),
 .UNSPECIFIED.,.F.,.F.,(3,3),(0.,1.),.PIECEWISE_BEZIER_KNOTS.);
#449=B_SPLINE_CURVE_WITH_KNOTS('',2,(#12538,#12539,#12540),
 .UNSPECIFIED.,.F.,.F.,(3,3),(0.,1.),.PIECEWISE_BEZIER_KNOTS.);
#450=B_SPLINE_CURVE_WITH_KNOTS('',2,(#12551,#12552,#12553),
 .UNSPECIFIED.,.F.,.F.,(3,3),(0.,1.),.PIECEWISE_BEZIER_KNOTS.);
#451=B_SPLINE_CURVE_WITH_KNOTS('',2,(#12564,#12565,#12566),
 .UNSPECIFIED.,.F.,.F.,(3,3),(0.,1.),.PIECEWISE_BEZIER_KNOTS.);
#452=B_SPLINE_CURVE_WITH_KNOTS('',2,(#12589,#12590,#12591),
 .UNSPECIFIED.,.F.,.F.,(3,3),(0.,1.),.PIECEWISE_BEZIER_KNOTS.);
#453=B_SPLINE_CURVE_WITH_KNOTS('',2,(#12602,#12603,#12604),
 .UNSPECIFIED.,.F.,.F.,(3,3),(0.,1.),.PIECEWISE_BEZIER_KNOTS.);
#454=B_SPLINE_CURVE_WITH_KNOTS('',2,(#12615,#12616,#12617),
 .UNSPECIFIED.,.F.,.F.,(3,3),(0.,1.),.PIECEWISE_BEZIER_KNOTS.);
#455=B_SPLINE_CURVE_WITH_KNOTS('',2,(#12626,#12627,#12628),
 .UNSPECIFIED.,.F.,.F.,(3,3),(0.,1.),.PIECEWISE_BEZIER_KNOTS.);
#456=B_SPLINE_CURVE_WITH_KNOTS('',2,(#12654,#12655,#12656),
 .UNSPECIFIED.,.F.,.F.,(3,3),(0.,1.),.PIECEWISE_BEZIER_KNOTS.);
#457=B_SPLINE_CURVE_WITH_KNOTS('',2,(#12667,#12668,#12669),
 .UNSPECIFIED.,.F.,.F.,(3,3),(0.,1.),.PIECEWISE_BEZIER_KNOTS.);
#458=B_SPLINE_CURVE_WITH_KNOTS('',2,(#12712,#12713,#12714),
 .UNSPECIFIED.,.F.,.F.,(3,3),(0.,1.),.PIECEWISE_BEZIER_KNOTS.);
#459=B_SPLINE_CURVE_WITH_KNOTS('',2,(#12725,#12726,#12727),
 .UNSPECIFIED.,.F.,.F.,(3,3),(0.,1.),.PIECEWISE_BEZIER_KNOTS.);
#460=B_SPLINE_CURVE_WITH_KNOTS('',2,(#12738,#12739,#12740),
 .UNSPECIFIED.,.F.,.F.,(3,3),(0.,1.),.PIECEWISE_BEZIER_KNOTS.);
#461=B_SPLINE_CURVE_WITH_KNOTS('',2,(#12749,#12750,#12751),
 .UNSPECIFIED.,.F.,.F.,(3,3),(0.,1.),.PIECEWISE_BEZIER_KNOTS.);
#462=B_SPLINE_CURVE_WITH_KNOTS('',2,(#12761,#12762,#12763),
 .UNSPECIFIED.,.F.,.F.,(3,3),(0.,1.),.PIECEWISE_BEZIER_KNOTS.);
#463=B_SPLINE_CURVE_WITH_KNOTS('',2,(#12768,#12769,#12770),
 .UNSPECIFIED.,.F.,.F.,(3,3),(0.,1.),.PIECEWISE_BEZIER_KNOTS.);
#464=B_SPLINE_CURVE_WITH_KNOTS('',2,(#12781,#12782,#12783),
 .UNSPECIFIED.,.F.,.F.,(3,3),(0.,1.),.PIECEWISE_BEZIER_KNOTS.);
#465=B_SPLINE_CURVE_WITH_KNOTS('',2,(#12787,#12788,#12789),
 .UNSPECIFIED.,.F.,.F.,(3,3),(0.,1.),.PIECEWISE_BEZIER_KNOTS.);
#466=B_SPLINE_CURVE_WITH_KNOTS('',2,(#12798,#12799,#12800),
 .UNSPECIFIED.,.F.,.F.,(3,3),(0.,1.),.PIECEWISE_BEZIER_KNOTS.);
#467=B_SPLINE_CURVE_WITH_KNOTS('',2,(#12804,#12805,#12806),
 .UNSPECIFIED.,.F.,.F.,(3,3),(0.,1.),.PIECEWISE_BEZIER_KNOTS.);
#468=B_SPLINE_CURVE_WITH_KNOTS('',2,(#12823,#12824,#12825),
 .UNSPECIFIED.,.F.,.F.,(3,3),(0.,1.),.PIECEWISE_BEZIER_KNOTS.);
#469=B_SPLINE_CURVE_WITH_KNOTS('',2,(#12854,#12855,#12856),
 .UNSPECIFIED.,.F.,.F.,(3,3),(0.,1.),.PIECEWISE_BEZIER_KNOTS.);
#470=B_SPLINE_CURVE_WITH_KNOTS('',2,(#12867,#12868,#12869),
 .UNSPECIFIED.,.F.,.F.,(3,3),(0.,1.),.PIECEWISE_BEZIER_KNOTS.);
#471=B_SPLINE_CURVE_WITH_KNOTS('',2,(#12888,#12889,#12890),
 .UNSPECIFIED.,.F.,.F.,(3,3),(0.,1.),.PIECEWISE_BEZIER_KNOTS.);
#472=B_SPLINE_CURVE_WITH_KNOTS('',2,(#12901,#12902,#12903),
 .UNSPECIFIED.,.F.,.F.,(3,3),(0.,1.),.PIECEWISE_BEZIER_KNOTS.);
#473=B_SPLINE_CURVE_WITH_KNOTS('',2,(#12914,#12915,#12916),
 .UNSPECIFIED.,.F.,.F.,(3,3),(0.,1.),.PIECEWISE_BEZIER_KNOTS.);
#474=B_SPLINE_CURVE_WITH_KNOTS('',2,(#12927,#12928,#12929),
 .UNSPECIFIED.,.F.,.F.,(3,3),(0.,1.),.PIECEWISE_BEZIER_KNOTS.);
#475=B_SPLINE_CURVE_WITH_KNOTS('',2,(#12938,#12939,#12940),
 .UNSPECIFIED.,.F.,.F.,(3,3),(0.,1.),.PIECEWISE_BEZIER_KNOTS.);
#476=B_SPLINE_CURVE_WITH_KNOTS('',2,(#12949,#12950,#12951),
 .UNSPECIFIED.,.F.,.F.,(3,3),(0.,1.),.PIECEWISE_BEZIER_KNOTS.);
#477=B_SPLINE_CURVE_WITH_KNOTS('',2,(#12952,#12953,#12954),
 .UNSPECIFIED.,.F.,.F.,(3,3),(0.,1.),.PIECEWISE_BEZIER_KNOTS.);
#478=CIRCLE('',#7440,0.0023);
#479=CIRCLE('',#7441,0.0023);
#480=CIRCLE('',#7457,0.0023);
#481=CIRCLE('',#7458,0.0023);
#482=CIRCLE('',#7459,0.0023);
#483=CIRCLE('',#7460,0.0023);
#484=CIRCLE('',#7472,0.0023);
#485=CIRCLE('',#7476,0.0023);
#486=CIRCLE('',#7481,0.0023);
#487=CIRCLE('',#7482,0.0023);
#488=CIRCLE('',#7489,0.0023);
#489=CIRCLE('',#7493,0.0023);
#490=CIRCLE('',#7499,0.0023);
#491=CIRCLE('',#7502,0.0023);
#492=CIRCLE('',#7506,0.0023);
#493=CIRCLE('',#7509,0.0023);
#494=CIRCLE('',#7512,0.0023);
#495=CIRCLE('',#7515,0.0023);
#496=CIRCLE('',#7522,0.0023);
#497=CIRCLE('',#7523,0.0023);
#498=CIRCLE('',#7529,0.000994913879145864);
#499=CIRCLE('',#7530,0.00143744968884805);
#500=CIRCLE('',#7531,0.00154976030259362);
#501=CIRCLE('',#7532,0.001193994398322);
#502=CIRCLE('',#7533,0.0047460085785366);
#503=CIRCLE('',#7534,0.0016);
#504=CIRCLE('',#7535,0.0016);
#505=CIRCLE('',#7536,0.0016);
#506=CIRCLE('',#7537,0.0016);
#507=CIRCLE('',#7538,0.00102822942503446);
#508=CIRCLE('',#7539,0.0013972092453505);
#509=CIRCLE('',#7540,0.0124677840983839);
#510=CIRCLE('',#7541,0.0144750804407679);
#511=CIRCLE('',#7542,0.00310240261749126);
#512=CIRCLE('',#7543,0.00316591149405796);
#513=CIRCLE('',#7544,0.00119987501760247);
#514=CIRCLE('',#7545,0.00163044980725324);
#515=CIRCLE('',#7546,0.00378972869918145);
#516=CIRCLE('',#7547,0.00361115358090949);
#517=CIRCLE('',#7548,0.00127204474261852);
#518=CIRCLE('',#7549,0.00172851761641289);
#519=CIRCLE('',#7550,0.00804147346863947);
#520=CIRCLE('',#7551,0.00879358745696635);
#521=CIRCLE('',#7552,0.00436226372551327);
#522=CIRCLE('',#7553,0.00282584457326648);
#523=CIRCLE('',#7554,0.0026585949476515);
#524=CIRCLE('',#7555,0.00271301869568804);
#525=CIRCLE('',#7564,0.0016);
#526=CIRCLE('',#7566,0.0016);
#527=CIRCLE('',#7568,0.0016);
#528=CIRCLE('',#7570,0.0016);
#529=CIRCLE('',#7577,0.0013972092453505);
#530=CIRCLE('',#7579,0.00102822942503446);
#531=CIRCLE('',#7592,0.0144750804407679);
#532=CIRCLE('',#7605,0.0124677840983839);
#533=CIRCLE('',#7610,0.00316591149405796);
#534=CIRCLE('',#7613,0.00310240261749126);
#535=CIRCLE('',#7634,0.00163044980725324);
#536=CIRCLE('',#7636,0.00119987501760247);
#537=CIRCLE('',#7646,0.00361115358090949);
#538=CIRCLE('',#7648,0.00378972869918145);
#539=CIRCLE('',#7655,0.00172851761641289);
#540=CIRCLE('',#7657,0.00127204474261852);
#541=CIRCLE('',#7670,0.00436226372551327);
#542=CIRCLE('',#7676,0.00879358745696635);
#543=CIRCLE('',#7678,0.00804147346863947);
#544=CIRCLE('',#7697,0.00154976030259362);
#545=CIRCLE('',#7705,0.0047460085785366);
#546=CIRCLE('',#7708,0.001193994398322);
#547=CIRCLE('',#7721,0.00143744968884805);
#548=CIRCLE('',#7723,0.000994913879145864);
#549=CIRCLE('',#7733,0.00282584457326648);
#550=CIRCLE('',#7735,0.00271301869568804);
#551=CIRCLE('',#7738,0.0026585949476515);
#552=CYLINDRICAL_SURFACE('',#7439,0.0023);
#553=CYLINDRICAL_SURFACE('',#7475,0.0023);
#554=CYLINDRICAL_SURFACE('',#7480,0.0023);
#555=CYLINDRICAL_SURFACE('',#7492,0.0023);
#556=CYLINDRICAL_SURFACE('',#7501,0.0023);
#557=CYLINDRICAL_SURFACE('',#7505,0.0023);
#558=CYLINDRICAL_SURFACE('',#7508,0.0023);
#559=CYLINDRICAL_SURFACE('',#7511,0.0023);
#560=CYLINDRICAL_SURFACE('',#7514,0.0023);
#561=CYLINDRICAL_SURFACE('',#7521,0.0023);
#562=CYLINDRICAL_SURFACE('',#7563,0.0016);
#563=CYLINDRICAL_SURFACE('',#7565,0.0016);
#564=CYLINDRICAL_SURFACE('',#7567,0.0016);
#565=CYLINDRICAL_SURFACE('',#7569,0.0016);
#566=CYLINDRICAL_SURFACE('',#7576,0.0013972092453505);
#567=CYLINDRICAL_SURFACE('',#7578,0.00102822942503446);
#568=CYLINDRICAL_SURFACE('',#7591,0.0144750804407679);
#569=CYLINDRICAL_SURFACE('',#7604,0.0124677840983839);
#570=CYLINDRICAL_SURFACE('',#7609,0.00316591149405796);
#571=CYLINDRICAL_SURFACE('',#7612,0.00310240261749126);
#572=CYLINDRICAL_SURFACE('',#7633,0.00163044980725324);
#573=CYLINDRICAL_SURFACE('',#7635,0.00119987501760247);
#574=CYLINDRICAL_SURFACE('',#7645,0.00361115358090949);
#575=CYLINDRICAL_SURFACE('',#7647,0.00378972869918145);
#576=CYLINDRICAL_SURFACE('',#7654,0.00172851761641289);
#577=CYLINDRICAL_SURFACE('',#7656,0.00127204474261852);
#578=CYLINDRICAL_SURFACE('',#7669,0.00436226372551327);
#579=CYLINDRICAL_SURFACE('',#7675,0.00879358745696635);
#580=CYLINDRICAL_SURFACE('',#7677,0.00804147346863947);
#581=CYLINDRICAL_SURFACE('',#7696,0.00154976030259362);
#582=CYLINDRICAL_SURFACE('',#7704,0.0047460085785366);
#583=CYLINDRICAL_SURFACE('',#7707,0.001193994398322);
#584=CYLINDRICAL_SURFACE('',#7720,0.00143744968884805);
#585=CYLINDRICAL_SURFACE('',#7722,0.000994913879145864);
#586=CYLINDRICAL_SURFACE('',#7732,0.00282584457326648);
#587=CYLINDRICAL_SURFACE('',#7734,0.00271301869568804);
#588=CYLINDRICAL_SURFACE('',#7737,0.0026585949476515);
#589=SHAPE_REPRESENTATION_RELATIONSHIP('','',#7422,#594);
#590=SHAPE_REPRESENTATION_RELATIONSHIP('','',#7423,#595);
#591=SHAPE_REPRESENTATION_RELATIONSHIP('','',#7424,#596);
#592=SHAPE_REPRESENTATION_RELATIONSHIP('','',#7425,#597);
#593=SHAPE_REPRESENTATION_RELATIONSHIP('','',#7426,#598);
#594=ADVANCED_BREP_SHAPE_REPRESENTATION('',(#7412),#12968);
#595=ADVANCED_BREP_SHAPE_REPRESENTATION('',(#7413),#12969);
#596=ADVANCED_BREP_SHAPE_REPRESENTATION('',(#7414),#12970);
#597=ADVANCED_BREP_SHAPE_REPRESENTATION('',(#7415),#12971);
#598=ADVANCED_BREP_SHAPE_REPRESENTATION('',(#7416),#12972);
#599=ORIENTED_EDGE('',*,*,#2719,.F.);
#600=ORIENTED_EDGE('',*,*,#2720,.F.);
#601=ORIENTED_EDGE('',*,*,#2721,.T.);
#602=ORIENTED_EDGE('',*,*,#2722,.T.);
#603=ORIENTED_EDGE('',*,*,#2723,.T.);
#604=ORIENTED_EDGE('',*,*,#2724,.F.);
#605=ORIENTED_EDGE('',*,*,#2725,.F.);
#606=ORIENTED_EDGE('',*,*,#2720,.T.);
#607=ORIENTED_EDGE('',*,*,#2726,.T.);
#608=ORIENTED_EDGE('',*,*,#2727,.F.);
#609=ORIENTED_EDGE('',*,*,#2728,.F.);
#610=ORIENTED_EDGE('',*,*,#2724,.T.);
#611=ORIENTED_EDGE('',*,*,#2729,.F.);
#612=ORIENTED_EDGE('',*,*,#2722,.F.);
#613=ORIENTED_EDGE('',*,*,#2730,.T.);
#614=ORIENTED_EDGE('',*,*,#2727,.T.);
#615=ORIENTED_EDGE('',*,*,#2721,.F.);
#616=ORIENTED_EDGE('',*,*,#2725,.T.);
#617=ORIENTED_EDGE('',*,*,#2728,.T.);
#618=ORIENTED_EDGE('',*,*,#2730,.F.);
#619=ORIENTED_EDGE('',*,*,#2719,.T.);
#620=ORIENTED_EDGE('',*,*,#2729,.T.);
#621=ORIENTED_EDGE('',*,*,#2726,.F.);
#622=ORIENTED_EDGE('',*,*,#2723,.F.);
#623=ORIENTED_EDGE('',*,*,#2731,.F.);
#624=ORIENTED_EDGE('',*,*,#2732,.F.);
#625=ORIENTED_EDGE('',*,*,#2733,.T.);
#626=ORIENTED_EDGE('',*,*,#2734,.T.);
#627=ORIENTED_EDGE('',*,*,#2735,.T.);
#628=ORIENTED_EDGE('',*,*,#2736,.F.);
#629=ORIENTED_EDGE('',*,*,#2737,.F.);
#630=ORIENTED_EDGE('',*,*,#2732,.T.);
#631=ORIENTED_EDGE('',*,*,#2738,.T.);
#632=ORIENTED_EDGE('',*,*,#2739,.F.);
#633=ORIENTED_EDGE('',*,*,#2740,.F.);
#634=ORIENTED_EDGE('',*,*,#2736,.T.);
#635=ORIENTED_EDGE('',*,*,#2741,.F.);
#636=ORIENTED_EDGE('',*,*,#2734,.F.);
#637=ORIENTED_EDGE('',*,*,#2742,.T.);
#638=ORIENTED_EDGE('',*,*,#2739,.T.);
#639=ORIENTED_EDGE('',*,*,#2743,.T.);
#640=ORIENTED_EDGE('',*,*,#2744,.F.);
#641=ORIENTED_EDGE('',*,*,#2733,.F.);
#642=ORIENTED_EDGE('',*,*,#2737,.T.);
#643=ORIENTED_EDGE('',*,*,#2740,.T.);
#644=ORIENTED_EDGE('',*,*,#2742,.F.);
#645=ORIENTED_EDGE('',*,*,#2743,.F.);
#646=ORIENTED_EDGE('',*,*,#2731,.T.);
#647=ORIENTED_EDGE('',*,*,#2741,.T.);
#648=ORIENTED_EDGE('',*,*,#2738,.F.);
#649=ORIENTED_EDGE('',*,*,#2735,.F.);
#650=ORIENTED_EDGE('',*,*,#2744,.T.);
#651=ORIENTED_EDGE('',*,*,#2745,.F.);
#652=ORIENTED_EDGE('',*,*,#2746,.F.);
#653=ORIENTED_EDGE('',*,*,#2747,.T.);
#654=ORIENTED_EDGE('',*,*,#2748,.F.);
#655=ORIENTED_EDGE('',*,*,#2749,.T.);
#656=ORIENTED_EDGE('',*,*,#2750,.T.);
#657=ORIENTED_EDGE('',*,*,#2751,.T.);
#658=ORIENTED_EDGE('',*,*,#2752,.T.);
#659=ORIENTED_EDGE('',*,*,#2753,.F.);
#660=ORIENTED_EDGE('',*,*,#2754,.T.);
#661=ORIENTED_EDGE('',*,*,#2755,.T.);
#662=ORIENTED_EDGE('',*,*,#2756,.T.);
#663=ORIENTED_EDGE('',*,*,#2757,.F.);
#664=ORIENTED_EDGE('',*,*,#2758,.F.);
#665=ORIENTED_EDGE('',*,*,#2759,.T.);
#666=ORIENTED_EDGE('',*,*,#2760,.T.);
#667=ORIENTED_EDGE('',*,*,#2761,.T.);
#668=ORIENTED_EDGE('',*,*,#2762,.T.);
#669=ORIENTED_EDGE('',*,*,#2763,.F.);
#670=ORIENTED_EDGE('',*,*,#2764,.F.);
#671=ORIENTED_EDGE('',*,*,#2765,.F.);
#672=ORIENTED_EDGE('',*,*,#2766,.T.);
#673=ORIENTED_EDGE('',*,*,#2767,.T.);
#674=ORIENTED_EDGE('',*,*,#2768,.F.);
#675=ORIENTED_EDGE('',*,*,#2769,.F.);
#676=ORIENTED_EDGE('',*,*,#2752,.F.);
#677=ORIENTED_EDGE('',*,*,#2770,.T.);
#678=ORIENTED_EDGE('',*,*,#2771,.T.);
#679=ORIENTED_EDGE('',*,*,#2772,.T.);
#680=ORIENTED_EDGE('',*,*,#2773,.F.);
#681=ORIENTED_EDGE('',*,*,#2774,.F.);
#682=ORIENTED_EDGE('',*,*,#2775,.F.);
#683=ORIENTED_EDGE('',*,*,#2756,.F.);
#684=ORIENTED_EDGE('',*,*,#2776,.T.);
#685=ORIENTED_EDGE('',*,*,#2777,.F.);
#686=ORIENTED_EDGE('',*,*,#2778,.F.);
#687=ORIENTED_EDGE('',*,*,#2760,.F.);
#688=ORIENTED_EDGE('',*,*,#2779,.T.);
#689=ORIENTED_EDGE('',*,*,#2780,.T.);
#690=ORIENTED_EDGE('',*,*,#2781,.T.);
#691=ORIENTED_EDGE('',*,*,#2782,.T.);
#692=ORIENTED_EDGE('',*,*,#2783,.F.);
#693=ORIENTED_EDGE('',*,*,#2784,.F.);
#694=ORIENTED_EDGE('',*,*,#2785,.T.);
#695=ORIENTED_EDGE('',*,*,#2767,.F.);
#696=ORIENTED_EDGE('',*,*,#2786,.F.);
#697=ORIENTED_EDGE('',*,*,#2787,.T.);
#698=ORIENTED_EDGE('',*,*,#2788,.T.);
#699=ORIENTED_EDGE('',*,*,#2789,.T.);
#700=ORIENTED_EDGE('',*,*,#2790,.T.);
#701=ORIENTED_EDGE('',*,*,#2791,.F.);
#702=ORIENTED_EDGE('',*,*,#2792,.F.);
#703=ORIENTED_EDGE('',*,*,#2793,.T.);
#704=ORIENTED_EDGE('',*,*,#2794,.F.);
#705=ORIENTED_EDGE('',*,*,#2795,.F.);
#706=ORIENTED_EDGE('',*,*,#2796,.T.);
#707=ORIENTED_EDGE('',*,*,#2797,.T.);
#708=ORIENTED_EDGE('',*,*,#2796,.F.);
#709=ORIENTED_EDGE('',*,*,#2798,.F.);
#710=ORIENTED_EDGE('',*,*,#2799,.T.);
#711=ORIENTED_EDGE('',*,*,#2800,.T.);
#712=ORIENTED_EDGE('',*,*,#2801,.F.);
#713=ORIENTED_EDGE('',*,*,#2799,.F.);
#714=ORIENTED_EDGE('',*,*,#2802,.T.);
#715=ORIENTED_EDGE('',*,*,#2794,.T.);
#716=ORIENTED_EDGE('',*,*,#2803,.F.);
#717=ORIENTED_EDGE('',*,*,#2800,.F.);
#718=ORIENTED_EDGE('',*,*,#2804,.T.);
#719=ORIENTED_EDGE('',*,*,#2798,.T.);
#720=ORIENTED_EDGE('',*,*,#2795,.T.);
#721=ORIENTED_EDGE('',*,*,#2804,.F.);
#722=ORIENTED_EDGE('',*,*,#2802,.F.);
#723=ORIENTED_EDGE('',*,*,#2779,.F.);
#724=ORIENTED_EDGE('',*,*,#2759,.F.);
#725=ORIENTED_EDGE('',*,*,#2805,.T.);
#726=ORIENTED_EDGE('',*,*,#2806,.T.);
#727=ORIENTED_EDGE('',*,*,#2807,.F.);
#728=ORIENTED_EDGE('',*,*,#2761,.F.);
#729=ORIENTED_EDGE('',*,*,#2808,.T.);
#730=ORIENTED_EDGE('',*,*,#2809,.F.);
#731=ORIENTED_EDGE('',*,*,#2810,.F.);
#732=ORIENTED_EDGE('',*,*,#2780,.F.);
#733=ORIENTED_EDGE('',*,*,#2806,.F.);
#734=ORIENTED_EDGE('',*,*,#2811,.T.);
#735=ORIENTED_EDGE('',*,*,#2812,.F.);
#736=ORIENTED_EDGE('',*,*,#2813,.F.);
#737=ORIENTED_EDGE('',*,*,#2814,.F.);
#738=ORIENTED_EDGE('',*,*,#2815,.F.);
#739=ORIENTED_EDGE('',*,*,#2816,.F.);
#740=ORIENTED_EDGE('',*,*,#2817,.F.);
#741=ORIENTED_EDGE('',*,*,#2746,.T.);
#742=ORIENTED_EDGE('',*,*,#2818,.T.);
#743=ORIENTED_EDGE('',*,*,#2819,.F.);
#744=ORIENTED_EDGE('',*,*,#2811,.F.);
#745=ORIENTED_EDGE('',*,*,#2805,.F.);
#746=ORIENTED_EDGE('',*,*,#2758,.T.);
#747=ORIENTED_EDGE('',*,*,#2820,.T.);
#748=ORIENTED_EDGE('',*,*,#2821,.F.);
#749=ORIENTED_EDGE('',*,*,#2803,.T.);
#750=ORIENTED_EDGE('',*,*,#2793,.F.);
#751=ORIENTED_EDGE('',*,*,#2797,.F.);
#752=ORIENTED_EDGE('',*,*,#2801,.T.);
#753=ORIENTED_EDGE('',*,*,#2766,.F.);
#754=ORIENTED_EDGE('',*,*,#2822,.F.);
#755=ORIENTED_EDGE('',*,*,#2823,.T.);
#756=ORIENTED_EDGE('',*,*,#2786,.T.);
#757=ORIENTED_EDGE('',*,*,#2765,.T.);
#758=ORIENTED_EDGE('',*,*,#2824,.F.);
#759=ORIENTED_EDGE('',*,*,#2825,.F.);
#760=ORIENTED_EDGE('',*,*,#2822,.T.);
#761=ORIENTED_EDGE('',*,*,#2826,.F.);
#762=ORIENTED_EDGE('',*,*,#2827,.T.);
#763=ORIENTED_EDGE('',*,*,#2788,.F.);
#764=ORIENTED_EDGE('',*,*,#2828,.F.);
#765=ORIENTED_EDGE('',*,*,#2824,.T.);
#766=ORIENTED_EDGE('',*,*,#2764,.T.);
#767=ORIENTED_EDGE('',*,*,#2823,.F.);
#768=ORIENTED_EDGE('',*,*,#2825,.T.);
#769=ORIENTED_EDGE('',*,*,#2828,.T.);
#770=ORIENTED_EDGE('',*,*,#2787,.F.);
#771=ORIENTED_EDGE('',*,*,#2789,.F.);
#772=ORIENTED_EDGE('',*,*,#2829,.F.);
#773=ORIENTED_EDGE('',*,*,#2748,.T.);
#774=ORIENTED_EDGE('',*,*,#2830,.T.);
#775=ORIENTED_EDGE('',*,*,#2792,.T.);
#776=ORIENTED_EDGE('',*,*,#2831,.F.);
#777=ORIENTED_EDGE('',*,*,#2749,.F.);
#778=ORIENTED_EDGE('',*,*,#2829,.T.);
#779=ORIENTED_EDGE('',*,*,#2791,.T.);
#780=ORIENTED_EDGE('',*,*,#2832,.F.);
#781=ORIENTED_EDGE('',*,*,#2750,.F.);
#782=ORIENTED_EDGE('',*,*,#2831,.T.);
#783=ORIENTED_EDGE('',*,*,#2790,.F.);
#784=ORIENTED_EDGE('',*,*,#2830,.F.);
#785=ORIENTED_EDGE('',*,*,#2747,.F.);
#786=ORIENTED_EDGE('',*,*,#2821,.T.);
#787=ORIENTED_EDGE('',*,*,#2833,.T.);
#788=ORIENTED_EDGE('',*,*,#2834,.T.);
#789=ORIENTED_EDGE('',*,*,#2835,.T.);
#790=ORIENTED_EDGE('',*,*,#2770,.F.);
#791=ORIENTED_EDGE('',*,*,#2751,.F.);
#792=ORIENTED_EDGE('',*,*,#2832,.T.);
#793=ORIENTED_EDGE('',*,*,#2818,.F.);
#794=ORIENTED_EDGE('',*,*,#2745,.T.);
#795=ORIENTED_EDGE('',*,*,#2769,.T.);
#796=ORIENTED_EDGE('',*,*,#2836,.T.);
#797=ORIENTED_EDGE('',*,*,#2837,.F.);
#798=ORIENTED_EDGE('',*,*,#2838,.F.);
#799=ORIENTED_EDGE('',*,*,#2839,.F.);
#800=ORIENTED_EDGE('',*,*,#2826,.T.);
#801=ORIENTED_EDGE('',*,*,#2763,.T.);
#802=ORIENTED_EDGE('',*,*,#2840,.F.);
#803=ORIENTED_EDGE('',*,*,#2841,.F.);
#804=ORIENTED_EDGE('',*,*,#2842,.F.);
#805=ORIENTED_EDGE('',*,*,#2813,.T.);
#806=ORIENTED_EDGE('',*,*,#2843,.F.);
#807=ORIENTED_EDGE('',*,*,#2837,.T.);
#808=ORIENTED_EDGE('',*,*,#2844,.T.);
#809=ORIENTED_EDGE('',*,*,#2784,.T.);
#810=ORIENTED_EDGE('',*,*,#2827,.F.);
#811=ORIENTED_EDGE('',*,*,#2839,.T.);
#812=ORIENTED_EDGE('',*,*,#2785,.F.);
#813=ORIENTED_EDGE('',*,*,#2844,.F.);
#814=ORIENTED_EDGE('',*,*,#2836,.F.);
#815=ORIENTED_EDGE('',*,*,#2768,.T.);
#816=ORIENTED_EDGE('',*,*,#2762,.F.);
#817=ORIENTED_EDGE('',*,*,#2807,.T.);
#818=ORIENTED_EDGE('',*,*,#2842,.T.);
#819=ORIENTED_EDGE('',*,*,#2840,.T.);
#820=ORIENTED_EDGE('',*,*,#2841,.T.);
#821=ORIENTED_EDGE('',*,*,#2845,.T.);
#822=ORIENTED_EDGE('',*,*,#2843,.T.);
#823=ORIENTED_EDGE('',*,*,#2812,.T.);
#824=ORIENTED_EDGE('',*,*,#2819,.T.);
#825=ORIENTED_EDGE('',*,*,#2838,.T.);
#826=ORIENTED_EDGE('',*,*,#2781,.F.);
#827=ORIENTED_EDGE('',*,*,#2810,.T.);
#828=ORIENTED_EDGE('',*,*,#2846,.T.);
#829=ORIENTED_EDGE('',*,*,#2847,.T.);
#830=ORIENTED_EDGE('',*,*,#2808,.F.);
#831=ORIENTED_EDGE('',*,*,#2783,.T.);
#832=ORIENTED_EDGE('',*,*,#2848,.F.);
#833=ORIENTED_EDGE('',*,*,#2849,.F.);
#834=ORIENTED_EDGE('',*,*,#2850,.T.);
#835=ORIENTED_EDGE('',*,*,#2851,.T.);
#836=ORIENTED_EDGE('',*,*,#2782,.F.);
#837=ORIENTED_EDGE('',*,*,#2847,.F.);
#838=ORIENTED_EDGE('',*,*,#2852,.T.);
#839=ORIENTED_EDGE('',*,*,#2848,.T.);
#840=ORIENTED_EDGE('',*,*,#2850,.F.);
#841=ORIENTED_EDGE('',*,*,#2846,.F.);
#842=ORIENTED_EDGE('',*,*,#2809,.T.);
#843=ORIENTED_EDGE('',*,*,#2849,.T.);
#844=ORIENTED_EDGE('',*,*,#2852,.F.);
#845=ORIENTED_EDGE('',*,*,#2851,.F.);
#846=ORIENTED_EDGE('',*,*,#2820,.F.);
#847=ORIENTED_EDGE('',*,*,#2757,.T.);
#848=ORIENTED_EDGE('',*,*,#2775,.T.);
#849=ORIENTED_EDGE('',*,*,#2853,.T.);
#850=ORIENTED_EDGE('',*,*,#2854,.F.);
#851=ORIENTED_EDGE('',*,*,#2833,.F.);
#852=ORIENTED_EDGE('',*,*,#2853,.F.);
#853=ORIENTED_EDGE('',*,*,#2774,.T.);
#854=ORIENTED_EDGE('',*,*,#2855,.F.);
#855=ORIENTED_EDGE('',*,*,#2856,.F.);
#856=ORIENTED_EDGE('',*,*,#2857,.F.);
#857=ORIENTED_EDGE('',*,*,#2834,.F.);
#858=ORIENTED_EDGE('',*,*,#2854,.T.);
#859=ORIENTED_EDGE('',*,*,#2856,.T.);
#860=ORIENTED_EDGE('',*,*,#2858,.T.);
#861=ORIENTED_EDGE('',*,*,#2859,.F.);
#862=ORIENTED_EDGE('',*,*,#2860,.F.);
#863=ORIENTED_EDGE('',*,*,#2835,.F.);
#864=ORIENTED_EDGE('',*,*,#2860,.T.);
#865=ORIENTED_EDGE('',*,*,#2861,.T.);
#866=ORIENTED_EDGE('',*,*,#2771,.F.);
#867=ORIENTED_EDGE('',*,*,#2773,.T.);
#868=ORIENTED_EDGE('',*,*,#2862,.F.);
#869=ORIENTED_EDGE('',*,*,#2858,.F.);
#870=ORIENTED_EDGE('',*,*,#2855,.T.);
#871=ORIENTED_EDGE('',*,*,#2857,.T.);
#872=ORIENTED_EDGE('',*,*,#2863,.T.);
#873=ORIENTED_EDGE('',*,*,#2772,.F.);
#874=ORIENTED_EDGE('',*,*,#2861,.F.);
#875=ORIENTED_EDGE('',*,*,#2859,.T.);
#876=ORIENTED_EDGE('',*,*,#2862,.T.);
#877=ORIENTED_EDGE('',*,*,#2863,.F.);
#878=ORIENTED_EDGE('',*,*,#2864,.F.);
#879=ORIENTED_EDGE('',*,*,#2753,.T.);
#880=ORIENTED_EDGE('',*,*,#2778,.T.);
#881=ORIENTED_EDGE('',*,*,#2865,.F.);
#882=ORIENTED_EDGE('',*,*,#2755,.F.);
#883=ORIENTED_EDGE('',*,*,#2866,.T.);
#884=ORIENTED_EDGE('',*,*,#2867,.T.);
#885=ORIENTED_EDGE('',*,*,#2776,.F.);
#886=ORIENTED_EDGE('',*,*,#2868,.F.);
#887=ORIENTED_EDGE('',*,*,#2754,.F.);
#888=ORIENTED_EDGE('',*,*,#2864,.T.);
#889=ORIENTED_EDGE('',*,*,#2869,.T.);
#890=ORIENTED_EDGE('',*,*,#2866,.F.);
#891=ORIENTED_EDGE('',*,*,#2777,.T.);
#892=ORIENTED_EDGE('',*,*,#2867,.F.);
#893=ORIENTED_EDGE('',*,*,#2869,.F.);
#894=ORIENTED_EDGE('',*,*,#2865,.T.);
#895=ORIENTED_EDGE('',*,*,#2868,.T.);
#896=ORIENTED_EDGE('',*,*,#2870,.T.);
#897=ORIENTED_EDGE('',*,*,#2870,.F.);
#898=ORIENTED_EDGE('',*,*,#2845,.F.);
#899=ORIENTED_EDGE('',*,*,#2871,.F.);
#900=ORIENTED_EDGE('',*,*,#2817,.T.);
#901=ORIENTED_EDGE('',*,*,#2871,.T.);
#902=ORIENTED_EDGE('',*,*,#2872,.F.);
#903=ORIENTED_EDGE('',*,*,#2816,.T.);
#904=ORIENTED_EDGE('',*,*,#2872,.T.);
#905=ORIENTED_EDGE('',*,*,#2873,.F.);
#906=ORIENTED_EDGE('',*,*,#2815,.T.);
#907=ORIENTED_EDGE('',*,*,#2873,.T.);
#908=ORIENTED_EDGE('',*,*,#2874,.F.);
#909=ORIENTED_EDGE('',*,*,#2814,.T.);
#910=ORIENTED_EDGE('',*,*,#2874,.T.);
#911=ORIENTED_EDGE('',*,*,#2875,.F.);
#912=ORIENTED_EDGE('',*,*,#2876,.F.);
#913=ORIENTED_EDGE('',*,*,#2877,.T.);
#914=ORIENTED_EDGE('',*,*,#2878,.T.);
#915=ORIENTED_EDGE('',*,*,#2879,.T.);
#916=ORIENTED_EDGE('',*,*,#2880,.F.);
#917=ORIENTED_EDGE('',*,*,#2881,.F.);
#918=ORIENTED_EDGE('',*,*,#2876,.T.);
#919=ORIENTED_EDGE('',*,*,#2882,.T.);
#920=ORIENTED_EDGE('',*,*,#2883,.F.);
#921=ORIENTED_EDGE('',*,*,#2884,.F.);
#922=ORIENTED_EDGE('',*,*,#2880,.T.);
#923=ORIENTED_EDGE('',*,*,#2885,.T.);
#924=ORIENTED_EDGE('',*,*,#2886,.F.);
#925=ORIENTED_EDGE('',*,*,#2887,.F.);
#926=ORIENTED_EDGE('',*,*,#2878,.F.);
#927=ORIENTED_EDGE('',*,*,#2888,.T.);
#928=ORIENTED_EDGE('',*,*,#2883,.T.);
#929=ORIENTED_EDGE('',*,*,#2885,.F.);
#930=ORIENTED_EDGE('',*,*,#2877,.F.);
#931=ORIENTED_EDGE('',*,*,#2881,.T.);
#932=ORIENTED_EDGE('',*,*,#2884,.T.);
#933=ORIENTED_EDGE('',*,*,#2888,.F.);
#934=ORIENTED_EDGE('',*,*,#2886,.T.);
#935=ORIENTED_EDGE('',*,*,#2875,.T.);
#936=ORIENTED_EDGE('',*,*,#2887,.T.);
#937=ORIENTED_EDGE('',*,*,#2882,.F.);
#938=ORIENTED_EDGE('',*,*,#2879,.F.);
#939=ORIENTED_EDGE('',*,*,#2889,.T.);
#940=ORIENTED_EDGE('',*,*,#2890,.T.);
#941=ORIENTED_EDGE('',*,*,#2891,.T.);
#942=ORIENTED_EDGE('',*,*,#2892,.T.);
#943=ORIENTED_EDGE('',*,*,#2893,.T.);
#944=ORIENTED_EDGE('',*,*,#2894,.T.);
#945=ORIENTED_EDGE('',*,*,#2895,.T.);
#946=ORIENTED_EDGE('',*,*,#2896,.T.);
#947=ORIENTED_EDGE('',*,*,#2897,.T.);
#948=ORIENTED_EDGE('',*,*,#2898,.T.);
#949=ORIENTED_EDGE('',*,*,#2899,.T.);
#950=ORIENTED_EDGE('',*,*,#2900,.T.);
#951=ORIENTED_EDGE('',*,*,#2901,.T.);
#952=ORIENTED_EDGE('',*,*,#2902,.T.);
#953=ORIENTED_EDGE('',*,*,#2903,.T.);
#954=ORIENTED_EDGE('',*,*,#2904,.T.);
#955=ORIENTED_EDGE('',*,*,#2905,.T.);
#956=ORIENTED_EDGE('',*,*,#2906,.T.);
#957=ORIENTED_EDGE('',*,*,#2907,.T.);
#958=ORIENTED_EDGE('',*,*,#2908,.T.);
#959=ORIENTED_EDGE('',*,*,#2909,.T.);
#960=ORIENTED_EDGE('',*,*,#2910,.T.);
#961=ORIENTED_EDGE('',*,*,#2911,.T.);
#962=ORIENTED_EDGE('',*,*,#2912,.T.);
#963=ORIENTED_EDGE('',*,*,#2913,.T.);
#964=ORIENTED_EDGE('',*,*,#2914,.T.);
#965=ORIENTED_EDGE('',*,*,#2915,.T.);
#966=ORIENTED_EDGE('',*,*,#2916,.T.);
#967=ORIENTED_EDGE('',*,*,#2917,.T.);
#968=ORIENTED_EDGE('',*,*,#2918,.T.);
#969=ORIENTED_EDGE('',*,*,#2919,.T.);
#970=ORIENTED_EDGE('',*,*,#2920,.T.);
#971=ORIENTED_EDGE('',*,*,#2921,.T.);
#972=ORIENTED_EDGE('',*,*,#2922,.T.);
#973=ORIENTED_EDGE('',*,*,#2923,.T.);
#974=ORIENTED_EDGE('',*,*,#2924,.T.);
#975=ORIENTED_EDGE('',*,*,#2925,.T.);
#976=ORIENTED_EDGE('',*,*,#2926,.T.);
#977=ORIENTED_EDGE('',*,*,#2927,.T.);
#978=ORIENTED_EDGE('',*,*,#2928,.T.);
#979=ORIENTED_EDGE('',*,*,#2929,.T.);
#980=ORIENTED_EDGE('',*,*,#2930,.T.);
#981=ORIENTED_EDGE('',*,*,#2931,.T.);
#982=ORIENTED_EDGE('',*,*,#2932,.T.);
#983=ORIENTED_EDGE('',*,*,#2933,.T.);
#984=ORIENTED_EDGE('',*,*,#2934,.T.);
#985=ORIENTED_EDGE('',*,*,#2935,.T.);
#986=ORIENTED_EDGE('',*,*,#2936,.T.);
#987=ORIENTED_EDGE('',*,*,#2937,.T.);
#988=ORIENTED_EDGE('',*,*,#2938,.T.);
#989=ORIENTED_EDGE('',*,*,#2939,.T.);
#990=ORIENTED_EDGE('',*,*,#2940,.T.);
#991=ORIENTED_EDGE('',*,*,#2941,.T.);
#992=ORIENTED_EDGE('',*,*,#2942,.T.);
#993=ORIENTED_EDGE('',*,*,#2943,.T.);
#994=ORIENTED_EDGE('',*,*,#2944,.T.);
#995=ORIENTED_EDGE('',*,*,#2945,.T.);
#996=ORIENTED_EDGE('',*,*,#2946,.T.);
#997=ORIENTED_EDGE('',*,*,#2947,.T.);
#998=ORIENTED_EDGE('',*,*,#2948,.T.);
#999=ORIENTED_EDGE('',*,*,#2949,.T.);
#1000=ORIENTED_EDGE('',*,*,#2950,.T.);
#1001=ORIENTED_EDGE('',*,*,#2951,.T.);
#1002=ORIENTED_EDGE('',*,*,#2952,.T.);
#1003=ORIENTED_EDGE('',*,*,#2953,.T.);
#1004=ORIENTED_EDGE('',*,*,#2954,.F.);
#1005=ORIENTED_EDGE('',*,*,#2955,.T.);
#1006=ORIENTED_EDGE('',*,*,#2956,.T.);
#1007=ORIENTED_EDGE('',*,*,#2957,.F.);
#1008=ORIENTED_EDGE('',*,*,#2958,.F.);
#1009=ORIENTED_EDGE('',*,*,#2959,.T.);
#1010=ORIENTED_EDGE('',*,*,#2960,.T.);
#1011=ORIENTED_EDGE('',*,*,#2961,.F.);
#1012=ORIENTED_EDGE('',*,*,#2962,.F.);
#1013=ORIENTED_EDGE('',*,*,#2963,.F.);
#1014=ORIENTED_EDGE('',*,*,#2964,.F.);
#1015=ORIENTED_EDGE('',*,*,#2965,.F.);
#1016=ORIENTED_EDGE('',*,*,#2966,.T.);
#1017=ORIENTED_EDGE('',*,*,#2967,.T.);
#1018=ORIENTED_EDGE('',*,*,#2968,.T.);
#1019=ORIENTED_EDGE('',*,*,#2969,.T.);
#1020=ORIENTED_EDGE('',*,*,#2970,.T.);
#1021=ORIENTED_EDGE('',*,*,#2971,.T.);
#1022=ORIENTED_EDGE('',*,*,#2972,.T.);
#1023=ORIENTED_EDGE('',*,*,#2973,.T.);
#1024=ORIENTED_EDGE('',*,*,#2974,.T.);
#1025=ORIENTED_EDGE('',*,*,#2975,.T.);
#1026=ORIENTED_EDGE('',*,*,#2976,.T.);
#1027=ORIENTED_EDGE('',*,*,#2977,.T.);
#1028=ORIENTED_EDGE('',*,*,#2978,.T.);
#1029=ORIENTED_EDGE('',*,*,#2979,.T.);
#1030=ORIENTED_EDGE('',*,*,#2980,.T.);
#1031=ORIENTED_EDGE('',*,*,#2981,.T.);
#1032=ORIENTED_EDGE('',*,*,#2982,.T.);
#1033=ORIENTED_EDGE('',*,*,#2983,.T.);
#1034=ORIENTED_EDGE('',*,*,#2984,.T.);
#1035=ORIENTED_EDGE('',*,*,#2985,.T.);
#1036=ORIENTED_EDGE('',*,*,#2986,.T.);
#1037=ORIENTED_EDGE('',*,*,#2987,.T.);
#1038=ORIENTED_EDGE('',*,*,#2988,.T.);
#1039=ORIENTED_EDGE('',*,*,#2989,.T.);
#1040=ORIENTED_EDGE('',*,*,#2990,.T.);
#1041=ORIENTED_EDGE('',*,*,#2991,.T.);
#1042=ORIENTED_EDGE('',*,*,#2992,.T.);
#1043=ORIENTED_EDGE('',*,*,#2993,.T.);
#1044=ORIENTED_EDGE('',*,*,#2994,.T.);
#1045=ORIENTED_EDGE('',*,*,#2995,.T.);
#1046=ORIENTED_EDGE('',*,*,#2996,.T.);
#1047=ORIENTED_EDGE('',*,*,#2997,.T.);
#1048=ORIENTED_EDGE('',*,*,#2998,.T.);
#1049=ORIENTED_EDGE('',*,*,#2999,.T.);
#1050=ORIENTED_EDGE('',*,*,#3000,.T.);
#1051=ORIENTED_EDGE('',*,*,#3001,.T.);
#1052=ORIENTED_EDGE('',*,*,#3002,.T.);
#1053=ORIENTED_EDGE('',*,*,#3003,.T.);
#1054=ORIENTED_EDGE('',*,*,#3004,.T.);
#1055=ORIENTED_EDGE('',*,*,#3005,.T.);
#1056=ORIENTED_EDGE('',*,*,#3006,.T.);
#1057=ORIENTED_EDGE('',*,*,#3007,.T.);
#1058=ORIENTED_EDGE('',*,*,#3008,.T.);
#1059=ORIENTED_EDGE('',*,*,#3009,.T.);
#1060=ORIENTED_EDGE('',*,*,#3010,.T.);
#1061=ORIENTED_EDGE('',*,*,#3011,.T.);
#1062=ORIENTED_EDGE('',*,*,#3012,.T.);
#1063=ORIENTED_EDGE('',*,*,#3013,.T.);
#1064=ORIENTED_EDGE('',*,*,#3014,.T.);
#1065=ORIENTED_EDGE('',*,*,#3015,.T.);
#1066=ORIENTED_EDGE('',*,*,#3016,.T.);
#1067=ORIENTED_EDGE('',*,*,#3017,.T.);
#1068=ORIENTED_EDGE('',*,*,#3018,.T.);
#1069=ORIENTED_EDGE('',*,*,#3019,.T.);
#1070=ORIENTED_EDGE('',*,*,#3020,.T.);
#1071=ORIENTED_EDGE('',*,*,#3021,.T.);
#1072=ORIENTED_EDGE('',*,*,#3022,.T.);
#1073=ORIENTED_EDGE('',*,*,#3023,.T.);
#1074=ORIENTED_EDGE('',*,*,#3024,.T.);
#1075=ORIENTED_EDGE('',*,*,#3025,.T.);
#1076=ORIENTED_EDGE('',*,*,#3026,.T.);
#1077=ORIENTED_EDGE('',*,*,#3027,.T.);
#1078=ORIENTED_EDGE('',*,*,#3028,.T.);
#1079=ORIENTED_EDGE('',*,*,#3029,.T.);
#1080=ORIENTED_EDGE('',*,*,#3030,.T.);
#1081=ORIENTED_EDGE('',*,*,#3031,.T.);
#1082=ORIENTED_EDGE('',*,*,#3032,.T.);
#1083=ORIENTED_EDGE('',*,*,#3033,.T.);
#1084=ORIENTED_EDGE('',*,*,#3034,.T.);
#1085=ORIENTED_EDGE('',*,*,#3035,.T.);
#1086=ORIENTED_EDGE('',*,*,#3036,.T.);
#1087=ORIENTED_EDGE('',*,*,#3037,.T.);
#1088=ORIENTED_EDGE('',*,*,#3038,.T.);
#1089=ORIENTED_EDGE('',*,*,#3039,.T.);
#1090=ORIENTED_EDGE('',*,*,#3040,.T.);
#1091=ORIENTED_EDGE('',*,*,#3041,.T.);
#1092=ORIENTED_EDGE('',*,*,#3042,.T.);
#1093=ORIENTED_EDGE('',*,*,#3043,.T.);
#1094=ORIENTED_EDGE('',*,*,#3044,.T.);
#1095=ORIENTED_EDGE('',*,*,#3045,.T.);
#1096=ORIENTED_EDGE('',*,*,#3046,.T.);
#1097=ORIENTED_EDGE('',*,*,#3047,.T.);
#1098=ORIENTED_EDGE('',*,*,#3048,.T.);
#1099=ORIENTED_EDGE('',*,*,#3049,.T.);
#1100=ORIENTED_EDGE('',*,*,#3050,.T.);
#1101=ORIENTED_EDGE('',*,*,#3051,.T.);
#1102=ORIENTED_EDGE('',*,*,#3052,.T.);
#1103=ORIENTED_EDGE('',*,*,#3053,.T.);
#1104=ORIENTED_EDGE('',*,*,#3054,.T.);
#1105=ORIENTED_EDGE('',*,*,#3055,.T.);
#1106=ORIENTED_EDGE('',*,*,#3056,.T.);
#1107=ORIENTED_EDGE('',*,*,#3057,.T.);
#1108=ORIENTED_EDGE('',*,*,#3058,.T.);
#1109=ORIENTED_EDGE('',*,*,#3059,.T.);
#1110=ORIENTED_EDGE('',*,*,#3060,.T.);
#1111=ORIENTED_EDGE('',*,*,#3061,.T.);
#1112=ORIENTED_EDGE('',*,*,#3062,.T.);
#1113=ORIENTED_EDGE('',*,*,#3063,.T.);
#1114=ORIENTED_EDGE('',*,*,#3064,.T.);
#1115=ORIENTED_EDGE('',*,*,#3065,.T.);
#1116=ORIENTED_EDGE('',*,*,#3066,.T.);
#1117=ORIENTED_EDGE('',*,*,#3067,.T.);
#1118=ORIENTED_EDGE('',*,*,#3068,.T.);
#1119=ORIENTED_EDGE('',*,*,#3069,.T.);
#1120=ORIENTED_EDGE('',*,*,#3070,.T.);
#1121=ORIENTED_EDGE('',*,*,#3071,.T.);
#1122=ORIENTED_EDGE('',*,*,#3072,.T.);
#1123=ORIENTED_EDGE('',*,*,#3073,.T.);
#1124=ORIENTED_EDGE('',*,*,#3074,.T.);
#1125=ORIENTED_EDGE('',*,*,#3075,.T.);
#1126=ORIENTED_EDGE('',*,*,#3076,.T.);
#1127=ORIENTED_EDGE('',*,*,#3077,.T.);
#1128=ORIENTED_EDGE('',*,*,#3078,.T.);
#1129=ORIENTED_EDGE('',*,*,#3079,.T.);
#1130=ORIENTED_EDGE('',*,*,#3080,.T.);
#1131=ORIENTED_EDGE('',*,*,#3081,.T.);
#1132=ORIENTED_EDGE('',*,*,#3082,.T.);
#1133=ORIENTED_EDGE('',*,*,#3083,.T.);
#1134=ORIENTED_EDGE('',*,*,#3084,.T.);
#1135=ORIENTED_EDGE('',*,*,#3085,.T.);
#1136=ORIENTED_EDGE('',*,*,#3086,.T.);
#1137=ORIENTED_EDGE('',*,*,#3087,.T.);
#1138=ORIENTED_EDGE('',*,*,#3088,.T.);
#1139=ORIENTED_EDGE('',*,*,#3089,.T.);
#1140=ORIENTED_EDGE('',*,*,#3090,.T.);
#1141=ORIENTED_EDGE('',*,*,#3091,.T.);
#1142=ORIENTED_EDGE('',*,*,#3092,.T.);
#1143=ORIENTED_EDGE('',*,*,#3093,.T.);
#1144=ORIENTED_EDGE('',*,*,#3094,.T.);
#1145=ORIENTED_EDGE('',*,*,#3095,.T.);
#1146=ORIENTED_EDGE('',*,*,#3096,.T.);
#1147=ORIENTED_EDGE('',*,*,#3097,.T.);
#1148=ORIENTED_EDGE('',*,*,#3098,.T.);
#1149=ORIENTED_EDGE('',*,*,#3099,.T.);
#1150=ORIENTED_EDGE('',*,*,#3100,.T.);
#1151=ORIENTED_EDGE('',*,*,#3101,.T.);
#1152=ORIENTED_EDGE('',*,*,#3102,.T.);
#1153=ORIENTED_EDGE('',*,*,#3103,.T.);
#1154=ORIENTED_EDGE('',*,*,#3104,.T.);
#1155=ORIENTED_EDGE('',*,*,#3105,.T.);
#1156=ORIENTED_EDGE('',*,*,#3106,.T.);
#1157=ORIENTED_EDGE('',*,*,#3107,.T.);
#1158=ORIENTED_EDGE('',*,*,#3108,.T.);
#1159=ORIENTED_EDGE('',*,*,#3109,.T.);
#1160=ORIENTED_EDGE('',*,*,#3110,.T.);
#1161=ORIENTED_EDGE('',*,*,#3111,.T.);
#1162=ORIENTED_EDGE('',*,*,#3112,.T.);
#1163=ORIENTED_EDGE('',*,*,#3113,.T.);
#1164=ORIENTED_EDGE('',*,*,#3114,.T.);
#1165=ORIENTED_EDGE('',*,*,#3115,.T.);
#1166=ORIENTED_EDGE('',*,*,#3116,.T.);
#1167=ORIENTED_EDGE('',*,*,#3117,.T.);
#1168=ORIENTED_EDGE('',*,*,#3118,.T.);
#1169=ORIENTED_EDGE('',*,*,#3119,.T.);
#1170=ORIENTED_EDGE('',*,*,#3120,.T.);
#1171=ORIENTED_EDGE('',*,*,#3121,.T.);
#1172=ORIENTED_EDGE('',*,*,#3122,.T.);
#1173=ORIENTED_EDGE('',*,*,#3123,.T.);
#1174=ORIENTED_EDGE('',*,*,#3124,.T.);
#1175=ORIENTED_EDGE('',*,*,#3125,.T.);
#1176=ORIENTED_EDGE('',*,*,#3126,.T.);
#1177=ORIENTED_EDGE('',*,*,#3127,.T.);
#1178=ORIENTED_EDGE('',*,*,#3128,.T.);
#1179=ORIENTED_EDGE('',*,*,#3129,.T.);
#1180=ORIENTED_EDGE('',*,*,#3130,.T.);
#1181=ORIENTED_EDGE('',*,*,#3131,.T.);
#1182=ORIENTED_EDGE('',*,*,#3132,.T.);
#1183=ORIENTED_EDGE('',*,*,#3133,.T.);
#1184=ORIENTED_EDGE('',*,*,#3134,.T.);
#1185=ORIENTED_EDGE('',*,*,#3135,.T.);
#1186=ORIENTED_EDGE('',*,*,#3136,.T.);
#1187=ORIENTED_EDGE('',*,*,#3137,.F.);
#1188=ORIENTED_EDGE('',*,*,#3138,.F.);
#1189=ORIENTED_EDGE('',*,*,#2954,.T.);
#1190=ORIENTED_EDGE('',*,*,#3139,.T.);
#1191=ORIENTED_EDGE('',*,*,#3140,.T.);
#1192=ORIENTED_EDGE('',*,*,#3141,.F.);
#1193=ORIENTED_EDGE('',*,*,#2955,.F.);
#1194=ORIENTED_EDGE('',*,*,#3138,.T.);
#1195=ORIENTED_EDGE('',*,*,#3142,.T.);
#1196=ORIENTED_EDGE('',*,*,#3143,.F.);
#1197=ORIENTED_EDGE('',*,*,#2956,.F.);
#1198=ORIENTED_EDGE('',*,*,#3141,.T.);
#1199=ORIENTED_EDGE('',*,*,#3144,.F.);
#1200=ORIENTED_EDGE('',*,*,#3145,.F.);
#1201=ORIENTED_EDGE('',*,*,#2958,.T.);
#1202=ORIENTED_EDGE('',*,*,#3146,.T.);
#1203=ORIENTED_EDGE('',*,*,#3147,.T.);
#1204=ORIENTED_EDGE('',*,*,#3148,.F.);
#1205=ORIENTED_EDGE('',*,*,#2959,.F.);
#1206=ORIENTED_EDGE('',*,*,#3145,.T.);
#1207=ORIENTED_EDGE('',*,*,#3149,.T.);
#1208=ORIENTED_EDGE('',*,*,#3150,.F.);
#1209=ORIENTED_EDGE('',*,*,#2960,.F.);
#1210=ORIENTED_EDGE('',*,*,#3148,.T.);
#1211=ORIENTED_EDGE('',*,*,#3151,.F.);
#1212=ORIENTED_EDGE('',*,*,#3146,.F.);
#1213=ORIENTED_EDGE('',*,*,#2961,.T.);
#1214=ORIENTED_EDGE('',*,*,#3150,.T.);
#1215=ORIENTED_EDGE('',*,*,#2962,.T.);
#1216=ORIENTED_EDGE('',*,*,#3152,.F.);
#1217=ORIENTED_EDGE('',*,*,#2963,.T.);
#1218=ORIENTED_EDGE('',*,*,#3153,.F.);
#1219=ORIENTED_EDGE('',*,*,#2964,.T.);
#1220=ORIENTED_EDGE('',*,*,#3154,.F.);
#1221=ORIENTED_EDGE('',*,*,#2965,.T.);
#1222=ORIENTED_EDGE('',*,*,#3155,.F.);
#1223=ORIENTED_EDGE('',*,*,#3156,.F.);
#1224=ORIENTED_EDGE('',*,*,#3139,.F.);
#1225=ORIENTED_EDGE('',*,*,#2957,.T.);
#1226=ORIENTED_EDGE('',*,*,#3143,.T.);
#1227=ORIENTED_EDGE('',*,*,#3155,.T.);
#1228=ORIENTED_EDGE('',*,*,#3154,.T.);
#1229=ORIENTED_EDGE('',*,*,#3153,.T.);
#1230=ORIENTED_EDGE('',*,*,#3152,.T.);
#1231=ORIENTED_EDGE('',*,*,#3144,.T.);
#1232=ORIENTED_EDGE('',*,*,#3151,.T.);
#1233=ORIENTED_EDGE('',*,*,#3149,.F.);
#1234=ORIENTED_EDGE('',*,*,#3147,.F.);
#1235=ORIENTED_EDGE('',*,*,#3137,.T.);
#1236=ORIENTED_EDGE('',*,*,#3156,.T.);
#1237=ORIENTED_EDGE('',*,*,#3142,.F.);
#1238=ORIENTED_EDGE('',*,*,#3140,.F.);
#1239=ORIENTED_EDGE('',*,*,#2966,.F.);
#1240=ORIENTED_EDGE('',*,*,#3157,.F.);
#1241=ORIENTED_EDGE('',*,*,#3158,.T.);
#1242=ORIENTED_EDGE('',*,*,#3159,.T.);
#1243=ORIENTED_EDGE('',*,*,#2982,.F.);
#1244=ORIENTED_EDGE('',*,*,#3160,.F.);
#1245=ORIENTED_EDGE('',*,*,#3161,.T.);
#1246=ORIENTED_EDGE('',*,*,#3157,.T.);
#1247=ORIENTED_EDGE('',*,*,#2981,.F.);
#1248=ORIENTED_EDGE('',*,*,#3162,.F.);
#1249=ORIENTED_EDGE('',*,*,#3163,.T.);
#1250=ORIENTED_EDGE('',*,*,#3160,.T.);
#1251=ORIENTED_EDGE('',*,*,#2980,.F.);
#1252=ORIENTED_EDGE('',*,*,#3164,.F.);
#1253=ORIENTED_EDGE('',*,*,#3165,.T.);
#1254=ORIENTED_EDGE('',*,*,#3162,.T.);
#1255=ORIENTED_EDGE('',*,*,#2979,.F.);
#1256=ORIENTED_EDGE('',*,*,#3166,.F.);
#1257=ORIENTED_EDGE('',*,*,#3167,.T.);
#1258=ORIENTED_EDGE('',*,*,#3164,.T.);
#1259=ORIENTED_EDGE('',*,*,#2978,.F.);
#1260=ORIENTED_EDGE('',*,*,#3168,.F.);
#1261=ORIENTED_EDGE('',*,*,#3169,.T.);
#1262=ORIENTED_EDGE('',*,*,#3166,.T.);
#1263=ORIENTED_EDGE('',*,*,#2977,.F.);
#1264=ORIENTED_EDGE('',*,*,#3170,.F.);
#1265=ORIENTED_EDGE('',*,*,#3171,.T.);
#1266=ORIENTED_EDGE('',*,*,#3168,.T.);
#1267=ORIENTED_EDGE('',*,*,#2976,.F.);
#1268=ORIENTED_EDGE('',*,*,#3172,.F.);
#1269=ORIENTED_EDGE('',*,*,#3173,.T.);
#1270=ORIENTED_EDGE('',*,*,#3170,.T.);
#1271=ORIENTED_EDGE('',*,*,#2975,.F.);
#1272=ORIENTED_EDGE('',*,*,#3174,.F.);
#1273=ORIENTED_EDGE('',*,*,#3175,.T.);
#1274=ORIENTED_EDGE('',*,*,#3172,.T.);
#1275=ORIENTED_EDGE('',*,*,#2974,.F.);
#1276=ORIENTED_EDGE('',*,*,#3176,.F.);
#1277=ORIENTED_EDGE('',*,*,#3177,.T.);
#1278=ORIENTED_EDGE('',*,*,#3174,.T.);
#1279=ORIENTED_EDGE('',*,*,#2973,.F.);
#1280=ORIENTED_EDGE('',*,*,#3178,.F.);
#1281=ORIENTED_EDGE('',*,*,#3179,.T.);
#1282=ORIENTED_EDGE('',*,*,#3176,.T.);
#1283=ORIENTED_EDGE('',*,*,#2972,.F.);
#1284=ORIENTED_EDGE('',*,*,#3180,.F.);
#1285=ORIENTED_EDGE('',*,*,#3181,.T.);
#1286=ORIENTED_EDGE('',*,*,#3178,.T.);
#1287=ORIENTED_EDGE('',*,*,#2971,.F.);
#1288=ORIENTED_EDGE('',*,*,#3182,.F.);
#1289=ORIENTED_EDGE('',*,*,#3183,.T.);
#1290=ORIENTED_EDGE('',*,*,#3180,.T.);
#1291=ORIENTED_EDGE('',*,*,#2970,.F.);
#1292=ORIENTED_EDGE('',*,*,#3184,.F.);
#1293=ORIENTED_EDGE('',*,*,#3185,.T.);
#1294=ORIENTED_EDGE('',*,*,#3182,.T.);
#1295=ORIENTED_EDGE('',*,*,#2969,.F.);
#1296=ORIENTED_EDGE('',*,*,#3186,.F.);
#1297=ORIENTED_EDGE('',*,*,#3187,.T.);
#1298=ORIENTED_EDGE('',*,*,#3184,.T.);
#1299=ORIENTED_EDGE('',*,*,#2968,.F.);
#1300=ORIENTED_EDGE('',*,*,#3188,.F.);
#1301=ORIENTED_EDGE('',*,*,#3189,.T.);
#1302=ORIENTED_EDGE('',*,*,#3186,.T.);
#1303=ORIENTED_EDGE('',*,*,#2967,.F.);
#1304=ORIENTED_EDGE('',*,*,#3159,.F.);
#1305=ORIENTED_EDGE('',*,*,#3190,.T.);
#1306=ORIENTED_EDGE('',*,*,#3188,.T.);
#1307=ORIENTED_EDGE('',*,*,#3158,.F.);
#1308=ORIENTED_EDGE('',*,*,#3161,.F.);
#1309=ORIENTED_EDGE('',*,*,#3163,.F.);
#1310=ORIENTED_EDGE('',*,*,#3165,.F.);
#1311=ORIENTED_EDGE('',*,*,#3167,.F.);
#1312=ORIENTED_EDGE('',*,*,#3169,.F.);
#1313=ORIENTED_EDGE('',*,*,#3171,.F.);
#1314=ORIENTED_EDGE('',*,*,#3173,.F.);
#1315=ORIENTED_EDGE('',*,*,#3175,.F.);
#1316=ORIENTED_EDGE('',*,*,#3177,.F.);
#1317=ORIENTED_EDGE('',*,*,#3179,.F.);
#1318=ORIENTED_EDGE('',*,*,#3181,.F.);
#1319=ORIENTED_EDGE('',*,*,#3183,.F.);
#1320=ORIENTED_EDGE('',*,*,#3185,.F.);
#1321=ORIENTED_EDGE('',*,*,#3187,.F.);
#1322=ORIENTED_EDGE('',*,*,#3189,.F.);
#1323=ORIENTED_EDGE('',*,*,#3190,.F.);
#1324=ORIENTED_EDGE('',*,*,#2983,.F.);
#1325=ORIENTED_EDGE('',*,*,#3191,.F.);
#1326=ORIENTED_EDGE('',*,*,#3192,.T.);
#1327=ORIENTED_EDGE('',*,*,#3193,.T.);
#1328=ORIENTED_EDGE('',*,*,#3000,.F.);
#1329=ORIENTED_EDGE('',*,*,#3194,.F.);
#1330=ORIENTED_EDGE('',*,*,#3195,.T.);
#1331=ORIENTED_EDGE('',*,*,#3191,.T.);
#1332=ORIENTED_EDGE('',*,*,#2999,.F.);
#1333=ORIENTED_EDGE('',*,*,#3196,.F.);
#1334=ORIENTED_EDGE('',*,*,#3197,.T.);
#1335=ORIENTED_EDGE('',*,*,#3194,.T.);
#1336=ORIENTED_EDGE('',*,*,#2998,.F.);
#1337=ORIENTED_EDGE('',*,*,#3198,.F.);
#1338=ORIENTED_EDGE('',*,*,#3199,.T.);
#1339=ORIENTED_EDGE('',*,*,#3196,.T.);
#1340=ORIENTED_EDGE('',*,*,#2997,.F.);
#1341=ORIENTED_EDGE('',*,*,#3200,.F.);
#1342=ORIENTED_EDGE('',*,*,#3201,.T.);
#1343=ORIENTED_EDGE('',*,*,#3198,.T.);
#1344=ORIENTED_EDGE('',*,*,#2996,.F.);
#1345=ORIENTED_EDGE('',*,*,#3202,.F.);
#1346=ORIENTED_EDGE('',*,*,#3203,.T.);
#1347=ORIENTED_EDGE('',*,*,#3200,.T.);
#1348=ORIENTED_EDGE('',*,*,#2995,.F.);
#1349=ORIENTED_EDGE('',*,*,#3204,.F.);
#1350=ORIENTED_EDGE('',*,*,#3205,.T.);
#1351=ORIENTED_EDGE('',*,*,#3202,.T.);
#1352=ORIENTED_EDGE('',*,*,#2994,.F.);
#1353=ORIENTED_EDGE('',*,*,#3206,.F.);
#1354=ORIENTED_EDGE('',*,*,#3207,.T.);
#1355=ORIENTED_EDGE('',*,*,#3204,.T.);
#1356=ORIENTED_EDGE('',*,*,#2993,.F.);
#1357=ORIENTED_EDGE('',*,*,#3208,.F.);
#1358=ORIENTED_EDGE('',*,*,#3209,.T.);
#1359=ORIENTED_EDGE('',*,*,#3206,.T.);
#1360=ORIENTED_EDGE('',*,*,#2992,.F.);
#1361=ORIENTED_EDGE('',*,*,#3210,.F.);
#1362=ORIENTED_EDGE('',*,*,#3211,.T.);
#1363=ORIENTED_EDGE('',*,*,#3208,.T.);
#1364=ORIENTED_EDGE('',*,*,#2991,.F.);
#1365=ORIENTED_EDGE('',*,*,#3212,.F.);
#1366=ORIENTED_EDGE('',*,*,#3213,.T.);
#1367=ORIENTED_EDGE('',*,*,#3210,.T.);
#1368=ORIENTED_EDGE('',*,*,#2990,.F.);
#1369=ORIENTED_EDGE('',*,*,#3214,.F.);
#1370=ORIENTED_EDGE('',*,*,#3215,.T.);
#1371=ORIENTED_EDGE('',*,*,#3212,.T.);
#1372=ORIENTED_EDGE('',*,*,#2989,.F.);
#1373=ORIENTED_EDGE('',*,*,#3216,.F.);
#1374=ORIENTED_EDGE('',*,*,#3217,.T.);
#1375=ORIENTED_EDGE('',*,*,#3214,.T.);
#1376=ORIENTED_EDGE('',*,*,#2988,.F.);
#1377=ORIENTED_EDGE('',*,*,#3218,.F.);
#1378=ORIENTED_EDGE('',*,*,#3219,.T.);
#1379=ORIENTED_EDGE('',*,*,#3216,.T.);
#1380=ORIENTED_EDGE('',*,*,#2987,.F.);
#1381=ORIENTED_EDGE('',*,*,#3220,.F.);
#1382=ORIENTED_EDGE('',*,*,#3221,.T.);
#1383=ORIENTED_EDGE('',*,*,#3218,.T.);
#1384=ORIENTED_EDGE('',*,*,#2986,.F.);
#1385=ORIENTED_EDGE('',*,*,#3222,.F.);
#1386=ORIENTED_EDGE('',*,*,#3223,.T.);
#1387=ORIENTED_EDGE('',*,*,#3220,.T.);
#1388=ORIENTED_EDGE('',*,*,#2985,.F.);
#1389=ORIENTED_EDGE('',*,*,#3224,.F.);
#1390=ORIENTED_EDGE('',*,*,#3225,.T.);
#1391=ORIENTED_EDGE('',*,*,#3222,.T.);
#1392=ORIENTED_EDGE('',*,*,#2984,.F.);
#1393=ORIENTED_EDGE('',*,*,#3193,.F.);
#1394=ORIENTED_EDGE('',*,*,#3226,.T.);
#1395=ORIENTED_EDGE('',*,*,#3224,.T.);
#1396=ORIENTED_EDGE('',*,*,#3192,.F.);
#1397=ORIENTED_EDGE('',*,*,#3195,.F.);
#1398=ORIENTED_EDGE('',*,*,#3197,.F.);
#1399=ORIENTED_EDGE('',*,*,#3199,.F.);
#1400=ORIENTED_EDGE('',*,*,#3201,.F.);
#1401=ORIENTED_EDGE('',*,*,#3203,.F.);
#1402=ORIENTED_EDGE('',*,*,#3205,.F.);
#1403=ORIENTED_EDGE('',*,*,#3207,.F.);
#1404=ORIENTED_EDGE('',*,*,#3209,.F.);
#1405=ORIENTED_EDGE('',*,*,#3211,.F.);
#1406=ORIENTED_EDGE('',*,*,#3213,.F.);
#1407=ORIENTED_EDGE('',*,*,#3215,.F.);
#1408=ORIENTED_EDGE('',*,*,#3217,.F.);
#1409=ORIENTED_EDGE('',*,*,#3219,.F.);
#1410=ORIENTED_EDGE('',*,*,#3221,.F.);
#1411=ORIENTED_EDGE('',*,*,#3223,.F.);
#1412=ORIENTED_EDGE('',*,*,#3225,.F.);
#1413=ORIENTED_EDGE('',*,*,#3226,.F.);
#1414=ORIENTED_EDGE('',*,*,#3227,.F.);
#1415=ORIENTED_EDGE('',*,*,#3228,.F.);
#1416=ORIENTED_EDGE('',*,*,#3229,.T.);
#1417=ORIENTED_EDGE('',*,*,#3230,.T.);
#1418=ORIENTED_EDGE('',*,*,#3231,.F.);
#1419=ORIENTED_EDGE('',*,*,#3232,.F.);
#1420=ORIENTED_EDGE('',*,*,#3233,.T.);
#1421=ORIENTED_EDGE('',*,*,#3228,.T.);
#1422=ORIENTED_EDGE('',*,*,#3234,.F.);
#1423=ORIENTED_EDGE('',*,*,#3235,.F.);
#1424=ORIENTED_EDGE('',*,*,#3236,.T.);
#1425=ORIENTED_EDGE('',*,*,#3232,.T.);
#1426=ORIENTED_EDGE('',*,*,#3237,.F.);
#1427=ORIENTED_EDGE('',*,*,#3238,.F.);
#1428=ORIENTED_EDGE('',*,*,#3239,.T.);
#1429=ORIENTED_EDGE('',*,*,#3235,.T.);
#1430=ORIENTED_EDGE('',*,*,#3002,.F.);
#1431=ORIENTED_EDGE('',*,*,#3240,.F.);
#1432=ORIENTED_EDGE('',*,*,#3241,.T.);
#1433=ORIENTED_EDGE('',*,*,#3242,.T.);
#1434=ORIENTED_EDGE('',*,*,#3001,.F.);
#1435=ORIENTED_EDGE('',*,*,#3243,.F.);
#1436=ORIENTED_EDGE('',*,*,#3244,.T.);
#1437=ORIENTED_EDGE('',*,*,#3240,.T.);
#1438=ORIENTED_EDGE('',*,*,#3014,.F.);
#1439=ORIENTED_EDGE('',*,*,#3245,.F.);
#1440=ORIENTED_EDGE('',*,*,#3246,.T.);
#1441=ORIENTED_EDGE('',*,*,#3243,.T.);
#1442=ORIENTED_EDGE('',*,*,#3013,.F.);
#1443=ORIENTED_EDGE('',*,*,#3247,.F.);
#1444=ORIENTED_EDGE('',*,*,#3248,.T.);
#1445=ORIENTED_EDGE('',*,*,#3245,.T.);
#1446=ORIENTED_EDGE('',*,*,#3012,.F.);
#1447=ORIENTED_EDGE('',*,*,#3249,.F.);
#1448=ORIENTED_EDGE('',*,*,#3250,.T.);
#1449=ORIENTED_EDGE('',*,*,#3247,.T.);
#1450=ORIENTED_EDGE('',*,*,#3011,.F.);
#1451=ORIENTED_EDGE('',*,*,#3251,.F.);
#1452=ORIENTED_EDGE('',*,*,#3252,.T.);
#1453=ORIENTED_EDGE('',*,*,#3249,.T.);
#1454=ORIENTED_EDGE('',*,*,#3010,.F.);
#1455=ORIENTED_EDGE('',*,*,#3253,.F.);
#1456=ORIENTED_EDGE('',*,*,#3254,.T.);
#1457=ORIENTED_EDGE('',*,*,#3251,.T.);
#1458=ORIENTED_EDGE('',*,*,#3009,.F.);
#1459=ORIENTED_EDGE('',*,*,#3255,.F.);
#1460=ORIENTED_EDGE('',*,*,#3256,.T.);
#1461=ORIENTED_EDGE('',*,*,#3253,.T.);
#1462=ORIENTED_EDGE('',*,*,#3008,.F.);
#1463=ORIENTED_EDGE('',*,*,#3257,.F.);
#1464=ORIENTED_EDGE('',*,*,#3258,.T.);
#1465=ORIENTED_EDGE('',*,*,#3255,.T.);
#1466=ORIENTED_EDGE('',*,*,#3007,.F.);
#1467=ORIENTED_EDGE('',*,*,#3259,.F.);
#1468=ORIENTED_EDGE('',*,*,#3260,.T.);
#1469=ORIENTED_EDGE('',*,*,#3257,.T.);
#1470=ORIENTED_EDGE('',*,*,#3006,.F.);
#1471=ORIENTED_EDGE('',*,*,#3261,.F.);
#1472=ORIENTED_EDGE('',*,*,#3262,.T.);
#1473=ORIENTED_EDGE('',*,*,#3259,.T.);
#1474=ORIENTED_EDGE('',*,*,#3005,.F.);
#1475=ORIENTED_EDGE('',*,*,#3263,.F.);
#1476=ORIENTED_EDGE('',*,*,#3264,.T.);
#1477=ORIENTED_EDGE('',*,*,#3261,.T.);
#1478=ORIENTED_EDGE('',*,*,#3004,.F.);
#1479=ORIENTED_EDGE('',*,*,#3265,.F.);
#1480=ORIENTED_EDGE('',*,*,#3266,.T.);
#1481=ORIENTED_EDGE('',*,*,#3263,.T.);
#1482=ORIENTED_EDGE('',*,*,#3003,.F.);
#1483=ORIENTED_EDGE('',*,*,#3242,.F.);
#1484=ORIENTED_EDGE('',*,*,#3267,.T.);
#1485=ORIENTED_EDGE('',*,*,#3265,.T.);
#1486=ORIENTED_EDGE('',*,*,#3268,.F.);
#1487=ORIENTED_EDGE('',*,*,#3230,.F.);
#1488=ORIENTED_EDGE('',*,*,#3269,.T.);
#1489=ORIENTED_EDGE('',*,*,#3238,.T.);
#1490=ORIENTED_EDGE('',*,*,#3241,.F.);
#1491=ORIENTED_EDGE('',*,*,#3244,.F.);
#1492=ORIENTED_EDGE('',*,*,#3246,.F.);
#1493=ORIENTED_EDGE('',*,*,#3248,.F.);
#1494=ORIENTED_EDGE('',*,*,#3250,.F.);
#1495=ORIENTED_EDGE('',*,*,#3252,.F.);
#1496=ORIENTED_EDGE('',*,*,#3254,.F.);
#1497=ORIENTED_EDGE('',*,*,#3256,.F.);
#1498=ORIENTED_EDGE('',*,*,#3258,.F.);
#1499=ORIENTED_EDGE('',*,*,#3260,.F.);
#1500=ORIENTED_EDGE('',*,*,#3262,.F.);
#1501=ORIENTED_EDGE('',*,*,#3264,.F.);
#1502=ORIENTED_EDGE('',*,*,#3266,.F.);
#1503=ORIENTED_EDGE('',*,*,#3267,.F.);
#1504=ORIENTED_EDGE('',*,*,#3229,.F.);
#1505=ORIENTED_EDGE('',*,*,#3233,.F.);
#1506=ORIENTED_EDGE('',*,*,#3236,.F.);
#1507=ORIENTED_EDGE('',*,*,#3239,.F.);
#1508=ORIENTED_EDGE('',*,*,#3269,.F.);
#1509=ORIENTED_EDGE('',*,*,#3016,.F.);
#1510=ORIENTED_EDGE('',*,*,#3270,.F.);
#1511=ORIENTED_EDGE('',*,*,#3271,.T.);
#1512=ORIENTED_EDGE('',*,*,#3272,.T.);
#1513=ORIENTED_EDGE('',*,*,#3015,.F.);
#1514=ORIENTED_EDGE('',*,*,#3273,.F.);
#1515=ORIENTED_EDGE('',*,*,#3274,.T.);
#1516=ORIENTED_EDGE('',*,*,#3270,.T.);
#1517=ORIENTED_EDGE('',*,*,#3024,.F.);
#1518=ORIENTED_EDGE('',*,*,#3275,.F.);
#1519=ORIENTED_EDGE('',*,*,#3276,.T.);
#1520=ORIENTED_EDGE('',*,*,#3273,.T.);
#1521=ORIENTED_EDGE('',*,*,#3023,.F.);
#1522=ORIENTED_EDGE('',*,*,#3277,.F.);
#1523=ORIENTED_EDGE('',*,*,#3278,.T.);
#1524=ORIENTED_EDGE('',*,*,#3275,.T.);
#1525=ORIENTED_EDGE('',*,*,#3022,.F.);
#1526=ORIENTED_EDGE('',*,*,#3279,.F.);
#1527=ORIENTED_EDGE('',*,*,#3280,.T.);
#1528=ORIENTED_EDGE('',*,*,#3277,.T.);
#1529=ORIENTED_EDGE('',*,*,#3021,.F.);
#1530=ORIENTED_EDGE('',*,*,#3281,.F.);
#1531=ORIENTED_EDGE('',*,*,#3282,.T.);
#1532=ORIENTED_EDGE('',*,*,#3279,.T.);
#1533=ORIENTED_EDGE('',*,*,#3020,.F.);
#1534=ORIENTED_EDGE('',*,*,#3283,.F.);
#1535=ORIENTED_EDGE('',*,*,#3284,.T.);
#1536=ORIENTED_EDGE('',*,*,#3281,.T.);
#1537=ORIENTED_EDGE('',*,*,#3019,.F.);
#1538=ORIENTED_EDGE('',*,*,#3285,.F.);
#1539=ORIENTED_EDGE('',*,*,#3286,.T.);
#1540=ORIENTED_EDGE('',*,*,#3283,.T.);
#1541=ORIENTED_EDGE('',*,*,#3018,.F.);
#1542=ORIENTED_EDGE('',*,*,#3287,.F.);
#1543=ORIENTED_EDGE('',*,*,#3288,.T.);
#1544=ORIENTED_EDGE('',*,*,#3285,.T.);
#1545=ORIENTED_EDGE('',*,*,#3017,.F.);
#1546=ORIENTED_EDGE('',*,*,#3272,.F.);
#1547=ORIENTED_EDGE('',*,*,#3289,.T.);
#1548=ORIENTED_EDGE('',*,*,#3287,.T.);
#1549=ORIENTED_EDGE('',*,*,#3271,.F.);
#1550=ORIENTED_EDGE('',*,*,#3274,.F.);
#1551=ORIENTED_EDGE('',*,*,#3276,.F.);
#1552=ORIENTED_EDGE('',*,*,#3278,.F.);
#1553=ORIENTED_EDGE('',*,*,#3280,.F.);
#1554=ORIENTED_EDGE('',*,*,#3282,.F.);
#1555=ORIENTED_EDGE('',*,*,#3284,.F.);
#1556=ORIENTED_EDGE('',*,*,#3286,.F.);
#1557=ORIENTED_EDGE('',*,*,#3288,.F.);
#1558=ORIENTED_EDGE('',*,*,#3289,.F.);
#1559=ORIENTED_EDGE('',*,*,#3290,.F.);
#1560=ORIENTED_EDGE('',*,*,#3291,.F.);
#1561=ORIENTED_EDGE('',*,*,#3292,.T.);
#1562=ORIENTED_EDGE('',*,*,#3293,.T.);
#1563=ORIENTED_EDGE('',*,*,#3294,.F.);
#1564=ORIENTED_EDGE('',*,*,#3295,.F.);
#1565=ORIENTED_EDGE('',*,*,#3296,.T.);
#1566=ORIENTED_EDGE('',*,*,#3291,.T.);
#1567=ORIENTED_EDGE('',*,*,#3297,.F.);
#1568=ORIENTED_EDGE('',*,*,#3298,.F.);
#1569=ORIENTED_EDGE('',*,*,#3299,.T.);
#1570=ORIENTED_EDGE('',*,*,#3295,.T.);
#1571=ORIENTED_EDGE('',*,*,#3300,.F.);
#1572=ORIENTED_EDGE('',*,*,#3301,.F.);
#1573=ORIENTED_EDGE('',*,*,#3302,.T.);
#1574=ORIENTED_EDGE('',*,*,#3298,.T.);
#1575=ORIENTED_EDGE('',*,*,#3303,.F.);
#1576=ORIENTED_EDGE('',*,*,#3304,.F.);
#1577=ORIENTED_EDGE('',*,*,#3305,.T.);
#1578=ORIENTED_EDGE('',*,*,#3301,.T.);
#1579=ORIENTED_EDGE('',*,*,#3306,.F.);
#1580=ORIENTED_EDGE('',*,*,#3307,.F.);
#1581=ORIENTED_EDGE('',*,*,#3308,.T.);
#1582=ORIENTED_EDGE('',*,*,#3304,.T.);
#1583=ORIENTED_EDGE('',*,*,#3309,.F.);
#1584=ORIENTED_EDGE('',*,*,#3310,.F.);
#1585=ORIENTED_EDGE('',*,*,#3311,.T.);
#1586=ORIENTED_EDGE('',*,*,#3307,.T.);
#1587=ORIENTED_EDGE('',*,*,#2946,.F.);
#1588=ORIENTED_EDGE('',*,*,#3312,.F.);
#1589=ORIENTED_EDGE('',*,*,#3313,.T.);
#1590=ORIENTED_EDGE('',*,*,#3314,.T.);
#1591=ORIENTED_EDGE('',*,*,#2945,.F.);
#1592=ORIENTED_EDGE('',*,*,#3315,.F.);
#1593=ORIENTED_EDGE('',*,*,#3316,.T.);
#1594=ORIENTED_EDGE('',*,*,#3312,.T.);
#1595=ORIENTED_EDGE('',*,*,#2953,.F.);
#1596=ORIENTED_EDGE('',*,*,#3317,.F.);
#1597=ORIENTED_EDGE('',*,*,#3318,.T.);
#1598=ORIENTED_EDGE('',*,*,#3315,.T.);
#1599=ORIENTED_EDGE('',*,*,#2952,.F.);
#1600=ORIENTED_EDGE('',*,*,#3319,.F.);
#1601=ORIENTED_EDGE('',*,*,#3320,.T.);
#1602=ORIENTED_EDGE('',*,*,#3317,.T.);
#1603=ORIENTED_EDGE('',*,*,#2951,.F.);
#1604=ORIENTED_EDGE('',*,*,#3321,.F.);
#1605=ORIENTED_EDGE('',*,*,#3322,.T.);
#1606=ORIENTED_EDGE('',*,*,#3319,.T.);
#1607=ORIENTED_EDGE('',*,*,#2950,.F.);
#1608=ORIENTED_EDGE('',*,*,#3323,.F.);
#1609=ORIENTED_EDGE('',*,*,#3324,.T.);
#1610=ORIENTED_EDGE('',*,*,#3321,.T.);
#1611=ORIENTED_EDGE('',*,*,#2949,.F.);
#1612=ORIENTED_EDGE('',*,*,#3325,.F.);
#1613=ORIENTED_EDGE('',*,*,#3326,.T.);
#1614=ORIENTED_EDGE('',*,*,#3323,.T.);
#1615=ORIENTED_EDGE('',*,*,#2948,.F.);
#1616=ORIENTED_EDGE('',*,*,#3327,.F.);
#1617=ORIENTED_EDGE('',*,*,#3328,.T.);
#1618=ORIENTED_EDGE('',*,*,#3325,.T.);
#1619=ORIENTED_EDGE('',*,*,#2947,.F.);
#1620=ORIENTED_EDGE('',*,*,#3314,.F.);
#1621=ORIENTED_EDGE('',*,*,#3329,.T.);
#1622=ORIENTED_EDGE('',*,*,#3327,.T.);
#1623=ORIENTED_EDGE('',*,*,#3330,.F.);
#1624=ORIENTED_EDGE('',*,*,#3293,.F.);
#1625=ORIENTED_EDGE('',*,*,#3331,.T.);
#1626=ORIENTED_EDGE('',*,*,#3310,.T.);
#1627=ORIENTED_EDGE('',*,*,#3313,.F.);
#1628=ORIENTED_EDGE('',*,*,#3316,.F.);
#1629=ORIENTED_EDGE('',*,*,#3318,.F.);
#1630=ORIENTED_EDGE('',*,*,#3320,.F.);
#1631=ORIENTED_EDGE('',*,*,#3322,.F.);
#1632=ORIENTED_EDGE('',*,*,#3324,.F.);
#1633=ORIENTED_EDGE('',*,*,#3326,.F.);
#1634=ORIENTED_EDGE('',*,*,#3328,.F.);
#1635=ORIENTED_EDGE('',*,*,#3329,.F.);
#1636=ORIENTED_EDGE('',*,*,#3292,.F.);
#1637=ORIENTED_EDGE('',*,*,#3296,.F.);
#1638=ORIENTED_EDGE('',*,*,#3299,.F.);
#1639=ORIENTED_EDGE('',*,*,#3302,.F.);
#1640=ORIENTED_EDGE('',*,*,#3305,.F.);
#1641=ORIENTED_EDGE('',*,*,#3308,.F.);
#1642=ORIENTED_EDGE('',*,*,#3311,.F.);
#1643=ORIENTED_EDGE('',*,*,#3331,.F.);
#1644=ORIENTED_EDGE('',*,*,#3332,.F.);
#1645=ORIENTED_EDGE('',*,*,#3333,.F.);
#1646=ORIENTED_EDGE('',*,*,#3334,.T.);
#1647=ORIENTED_EDGE('',*,*,#3335,.T.);
#1648=ORIENTED_EDGE('',*,*,#3336,.F.);
#1649=ORIENTED_EDGE('',*,*,#3337,.F.);
#1650=ORIENTED_EDGE('',*,*,#3338,.T.);
#1651=ORIENTED_EDGE('',*,*,#3333,.T.);
#1652=ORIENTED_EDGE('',*,*,#3339,.F.);
#1653=ORIENTED_EDGE('',*,*,#3340,.F.);
#1654=ORIENTED_EDGE('',*,*,#3341,.T.);
#1655=ORIENTED_EDGE('',*,*,#3337,.T.);
#1656=ORIENTED_EDGE('',*,*,#3342,.F.);
#1657=ORIENTED_EDGE('',*,*,#3343,.F.);
#1658=ORIENTED_EDGE('',*,*,#3344,.T.);
#1659=ORIENTED_EDGE('',*,*,#3340,.T.);
#1660=ORIENTED_EDGE('',*,*,#3345,.F.);
#1661=ORIENTED_EDGE('',*,*,#3346,.F.);
#1662=ORIENTED_EDGE('',*,*,#3347,.T.);
#1663=ORIENTED_EDGE('',*,*,#3343,.T.);
#1664=ORIENTED_EDGE('',*,*,#3348,.F.);
#1665=ORIENTED_EDGE('',*,*,#3349,.F.);
#1666=ORIENTED_EDGE('',*,*,#3350,.T.);
#1667=ORIENTED_EDGE('',*,*,#3346,.T.);
#1668=ORIENTED_EDGE('',*,*,#3351,.F.);
#1669=ORIENTED_EDGE('',*,*,#3352,.F.);
#1670=ORIENTED_EDGE('',*,*,#3353,.T.);
#1671=ORIENTED_EDGE('',*,*,#3349,.T.);
#1672=ORIENTED_EDGE('',*,*,#3026,.F.);
#1673=ORIENTED_EDGE('',*,*,#3354,.F.);
#1674=ORIENTED_EDGE('',*,*,#3355,.T.);
#1675=ORIENTED_EDGE('',*,*,#3356,.T.);
#1676=ORIENTED_EDGE('',*,*,#3025,.F.);
#1677=ORIENTED_EDGE('',*,*,#3357,.F.);
#1678=ORIENTED_EDGE('',*,*,#3358,.T.);
#1679=ORIENTED_EDGE('',*,*,#3354,.T.);
#1680=ORIENTED_EDGE('',*,*,#3033,.F.);
#1681=ORIENTED_EDGE('',*,*,#3359,.F.);
#1682=ORIENTED_EDGE('',*,*,#3360,.T.);
#1683=ORIENTED_EDGE('',*,*,#3357,.T.);
#1684=ORIENTED_EDGE('',*,*,#3032,.F.);
#1685=ORIENTED_EDGE('',*,*,#3361,.F.);
#1686=ORIENTED_EDGE('',*,*,#3362,.T.);
#1687=ORIENTED_EDGE('',*,*,#3359,.T.);
#1688=ORIENTED_EDGE('',*,*,#3031,.F.);
#1689=ORIENTED_EDGE('',*,*,#3363,.F.);
#1690=ORIENTED_EDGE('',*,*,#3364,.T.);
#1691=ORIENTED_EDGE('',*,*,#3361,.T.);
#1692=ORIENTED_EDGE('',*,*,#3030,.F.);
#1693=ORIENTED_EDGE('',*,*,#3365,.F.);
#1694=ORIENTED_EDGE('',*,*,#3366,.T.);
#1695=ORIENTED_EDGE('',*,*,#3363,.T.);
#1696=ORIENTED_EDGE('',*,*,#3029,.F.);
#1697=ORIENTED_EDGE('',*,*,#3367,.F.);
#1698=ORIENTED_EDGE('',*,*,#3368,.T.);
#1699=ORIENTED_EDGE('',*,*,#3365,.T.);
#1700=ORIENTED_EDGE('',*,*,#3028,.F.);
#1701=ORIENTED_EDGE('',*,*,#3369,.F.);
#1702=ORIENTED_EDGE('',*,*,#3370,.T.);
#1703=ORIENTED_EDGE('',*,*,#3367,.T.);
#1704=ORIENTED_EDGE('',*,*,#3027,.F.);
#1705=ORIENTED_EDGE('',*,*,#3356,.F.);
#1706=ORIENTED_EDGE('',*,*,#3371,.T.);
#1707=ORIENTED_EDGE('',*,*,#3369,.T.);
#1708=ORIENTED_EDGE('',*,*,#3372,.F.);
#1709=ORIENTED_EDGE('',*,*,#3335,.F.);
#1710=ORIENTED_EDGE('',*,*,#3373,.T.);
#1711=ORIENTED_EDGE('',*,*,#3352,.T.);
#1712=ORIENTED_EDGE('',*,*,#3355,.F.);
#1713=ORIENTED_EDGE('',*,*,#3358,.F.);
#1714=ORIENTED_EDGE('',*,*,#3360,.F.);
#1715=ORIENTED_EDGE('',*,*,#3362,.F.);
#1716=ORIENTED_EDGE('',*,*,#3364,.F.);
#1717=ORIENTED_EDGE('',*,*,#3366,.F.);
#1718=ORIENTED_EDGE('',*,*,#3368,.F.);
#1719=ORIENTED_EDGE('',*,*,#3370,.F.);
#1720=ORIENTED_EDGE('',*,*,#3371,.F.);
#1721=ORIENTED_EDGE('',*,*,#3334,.F.);
#1722=ORIENTED_EDGE('',*,*,#3338,.F.);
#1723=ORIENTED_EDGE('',*,*,#3341,.F.);
#1724=ORIENTED_EDGE('',*,*,#3344,.F.);
#1725=ORIENTED_EDGE('',*,*,#3347,.F.);
#1726=ORIENTED_EDGE('',*,*,#3350,.F.);
#1727=ORIENTED_EDGE('',*,*,#3353,.F.);
#1728=ORIENTED_EDGE('',*,*,#3373,.F.);
#1729=ORIENTED_EDGE('',*,*,#3035,.F.);
#1730=ORIENTED_EDGE('',*,*,#3374,.F.);
#1731=ORIENTED_EDGE('',*,*,#3375,.T.);
#1732=ORIENTED_EDGE('',*,*,#3376,.T.);
#1733=ORIENTED_EDGE('',*,*,#3034,.F.);
#1734=ORIENTED_EDGE('',*,*,#3377,.F.);
#1735=ORIENTED_EDGE('',*,*,#3378,.T.);
#1736=ORIENTED_EDGE('',*,*,#3374,.T.);
#1737=ORIENTED_EDGE('',*,*,#3050,.F.);
#1738=ORIENTED_EDGE('',*,*,#3379,.F.);
#1739=ORIENTED_EDGE('',*,*,#3380,.T.);
#1740=ORIENTED_EDGE('',*,*,#3377,.T.);
#1741=ORIENTED_EDGE('',*,*,#3049,.F.);
#1742=ORIENTED_EDGE('',*,*,#3381,.F.);
#1743=ORIENTED_EDGE('',*,*,#3382,.T.);
#1744=ORIENTED_EDGE('',*,*,#3379,.T.);
#1745=ORIENTED_EDGE('',*,*,#3048,.F.);
#1746=ORIENTED_EDGE('',*,*,#3383,.F.);
#1747=ORIENTED_EDGE('',*,*,#3384,.T.);
#1748=ORIENTED_EDGE('',*,*,#3381,.T.);
#1749=ORIENTED_EDGE('',*,*,#3047,.F.);
#1750=ORIENTED_EDGE('',*,*,#3385,.F.);
#1751=ORIENTED_EDGE('',*,*,#3386,.T.);
#1752=ORIENTED_EDGE('',*,*,#3383,.T.);
#1753=ORIENTED_EDGE('',*,*,#3046,.F.);
#1754=ORIENTED_EDGE('',*,*,#3387,.F.);
#1755=ORIENTED_EDGE('',*,*,#3388,.T.);
#1756=ORIENTED_EDGE('',*,*,#3385,.T.);
#1757=ORIENTED_EDGE('',*,*,#3045,.F.);
#1758=ORIENTED_EDGE('',*,*,#3389,.F.);
#1759=ORIENTED_EDGE('',*,*,#3390,.T.);
#1760=ORIENTED_EDGE('',*,*,#3387,.T.);
#1761=ORIENTED_EDGE('',*,*,#3044,.F.);
#1762=ORIENTED_EDGE('',*,*,#3391,.F.);
#1763=ORIENTED_EDGE('',*,*,#3392,.T.);
#1764=ORIENTED_EDGE('',*,*,#3389,.T.);
#1765=ORIENTED_EDGE('',*,*,#3043,.F.);
#1766=ORIENTED_EDGE('',*,*,#3393,.F.);
#1767=ORIENTED_EDGE('',*,*,#3394,.T.);
#1768=ORIENTED_EDGE('',*,*,#3391,.T.);
#1769=ORIENTED_EDGE('',*,*,#3042,.F.);
#1770=ORIENTED_EDGE('',*,*,#3395,.F.);
#1771=ORIENTED_EDGE('',*,*,#3396,.T.);
#1772=ORIENTED_EDGE('',*,*,#3393,.T.);
#1773=ORIENTED_EDGE('',*,*,#3041,.F.);
#1774=ORIENTED_EDGE('',*,*,#3397,.F.);
#1775=ORIENTED_EDGE('',*,*,#3398,.T.);
#1776=ORIENTED_EDGE('',*,*,#3395,.T.);
#1777=ORIENTED_EDGE('',*,*,#3040,.F.);
#1778=ORIENTED_EDGE('',*,*,#3399,.F.);
#1779=ORIENTED_EDGE('',*,*,#3400,.T.);
#1780=ORIENTED_EDGE('',*,*,#3397,.T.);
#1781=ORIENTED_EDGE('',*,*,#3039,.F.);
#1782=ORIENTED_EDGE('',*,*,#3401,.F.);
#1783=ORIENTED_EDGE('',*,*,#3402,.T.);
#1784=ORIENTED_EDGE('',*,*,#3399,.T.);
#1785=ORIENTED_EDGE('',*,*,#3038,.F.);
#1786=ORIENTED_EDGE('',*,*,#3403,.F.);
#1787=ORIENTED_EDGE('',*,*,#3404,.T.);
#1788=ORIENTED_EDGE('',*,*,#3401,.T.);
#1789=ORIENTED_EDGE('',*,*,#3037,.F.);
#1790=ORIENTED_EDGE('',*,*,#3405,.F.);
#1791=ORIENTED_EDGE('',*,*,#3406,.T.);
#1792=ORIENTED_EDGE('',*,*,#3403,.T.);
#1793=ORIENTED_EDGE('',*,*,#3036,.F.);
#1794=ORIENTED_EDGE('',*,*,#3376,.F.);
#1795=ORIENTED_EDGE('',*,*,#3407,.T.);
#1796=ORIENTED_EDGE('',*,*,#3405,.T.);
#1797=ORIENTED_EDGE('',*,*,#3375,.F.);
#1798=ORIENTED_EDGE('',*,*,#3378,.F.);
#1799=ORIENTED_EDGE('',*,*,#3380,.F.);
#1800=ORIENTED_EDGE('',*,*,#3382,.F.);
#1801=ORIENTED_EDGE('',*,*,#3384,.F.);
#1802=ORIENTED_EDGE('',*,*,#3386,.F.);
#1803=ORIENTED_EDGE('',*,*,#3388,.F.);
#1804=ORIENTED_EDGE('',*,*,#3390,.F.);
#1805=ORIENTED_EDGE('',*,*,#3392,.F.);
#1806=ORIENTED_EDGE('',*,*,#3394,.F.);
#1807=ORIENTED_EDGE('',*,*,#3396,.F.);
#1808=ORIENTED_EDGE('',*,*,#3398,.F.);
#1809=ORIENTED_EDGE('',*,*,#3400,.F.);
#1810=ORIENTED_EDGE('',*,*,#3402,.F.);
#1811=ORIENTED_EDGE('',*,*,#3404,.F.);
#1812=ORIENTED_EDGE('',*,*,#3406,.F.);
#1813=ORIENTED_EDGE('',*,*,#3407,.F.);
#1814=ORIENTED_EDGE('',*,*,#3052,.F.);
#1815=ORIENTED_EDGE('',*,*,#3408,.F.);
#1816=ORIENTED_EDGE('',*,*,#3409,.T.);
#1817=ORIENTED_EDGE('',*,*,#3410,.T.);
#1818=ORIENTED_EDGE('',*,*,#3051,.F.);
#1819=ORIENTED_EDGE('',*,*,#3411,.F.);
#1820=ORIENTED_EDGE('',*,*,#3412,.T.);
#1821=ORIENTED_EDGE('',*,*,#3408,.T.);
#1822=ORIENTED_EDGE('',*,*,#3075,.F.);
#1823=ORIENTED_EDGE('',*,*,#3413,.F.);
#1824=ORIENTED_EDGE('',*,*,#3414,.T.);
#1825=ORIENTED_EDGE('',*,*,#3411,.T.);
#1826=ORIENTED_EDGE('',*,*,#3074,.F.);
#1827=ORIENTED_EDGE('',*,*,#3415,.F.);
#1828=ORIENTED_EDGE('',*,*,#3416,.T.);
#1829=ORIENTED_EDGE('',*,*,#3413,.T.);
#1830=ORIENTED_EDGE('',*,*,#3073,.F.);
#1831=ORIENTED_EDGE('',*,*,#3417,.F.);
#1832=ORIENTED_EDGE('',*,*,#3418,.T.);
#1833=ORIENTED_EDGE('',*,*,#3415,.T.);
#1834=ORIENTED_EDGE('',*,*,#3072,.F.);
#1835=ORIENTED_EDGE('',*,*,#3419,.F.);
#1836=ORIENTED_EDGE('',*,*,#3420,.T.);
#1837=ORIENTED_EDGE('',*,*,#3417,.T.);
#1838=ORIENTED_EDGE('',*,*,#3071,.F.);
#1839=ORIENTED_EDGE('',*,*,#3421,.F.);
#1840=ORIENTED_EDGE('',*,*,#3422,.T.);
#1841=ORIENTED_EDGE('',*,*,#3419,.T.);
#1842=ORIENTED_EDGE('',*,*,#3070,.F.);
#1843=ORIENTED_EDGE('',*,*,#3423,.F.);
#1844=ORIENTED_EDGE('',*,*,#3424,.T.);
#1845=ORIENTED_EDGE('',*,*,#3421,.T.);
#1846=ORIENTED_EDGE('',*,*,#3069,.F.);
#1847=ORIENTED_EDGE('',*,*,#3425,.F.);
#1848=ORIENTED_EDGE('',*,*,#3426,.T.);
#1849=ORIENTED_EDGE('',*,*,#3423,.T.);
#1850=ORIENTED_EDGE('',*,*,#3068,.F.);
#1851=ORIENTED_EDGE('',*,*,#3427,.F.);
#1852=ORIENTED_EDGE('',*,*,#3428,.T.);
#1853=ORIENTED_EDGE('',*,*,#3425,.T.);
#1854=ORIENTED_EDGE('',*,*,#3067,.F.);
#1855=ORIENTED_EDGE('',*,*,#3429,.F.);
#1856=ORIENTED_EDGE('',*,*,#3430,.T.);
#1857=ORIENTED_EDGE('',*,*,#3427,.T.);
#1858=ORIENTED_EDGE('',*,*,#3066,.F.);
#1859=ORIENTED_EDGE('',*,*,#3431,.F.);
#1860=ORIENTED_EDGE('',*,*,#3432,.T.);
#1861=ORIENTED_EDGE('',*,*,#3429,.T.);
#1862=ORIENTED_EDGE('',*,*,#3065,.F.);
#1863=ORIENTED_EDGE('',*,*,#3433,.F.);
#1864=ORIENTED_EDGE('',*,*,#3434,.T.);
#1865=ORIENTED_EDGE('',*,*,#3431,.T.);
#1866=ORIENTED_EDGE('',*,*,#3064,.F.);
#1867=ORIENTED_EDGE('',*,*,#3435,.F.);
#1868=ORIENTED_EDGE('',*,*,#3436,.T.);
#1869=ORIENTED_EDGE('',*,*,#3433,.T.);
#1870=ORIENTED_EDGE('',*,*,#3063,.F.);
#1871=ORIENTED_EDGE('',*,*,#3437,.F.);
#1872=ORIENTED_EDGE('',*,*,#3438,.T.);
#1873=ORIENTED_EDGE('',*,*,#3435,.T.);
#1874=ORIENTED_EDGE('',*,*,#3062,.F.);
#1875=ORIENTED_EDGE('',*,*,#3439,.F.);
#1876=ORIENTED_EDGE('',*,*,#3440,.T.);
#1877=ORIENTED_EDGE('',*,*,#3437,.T.);
#1878=ORIENTED_EDGE('',*,*,#3061,.F.);
#1879=ORIENTED_EDGE('',*,*,#3441,.F.);
#1880=ORIENTED_EDGE('',*,*,#3442,.T.);
#1881=ORIENTED_EDGE('',*,*,#3439,.T.);
#1882=ORIENTED_EDGE('',*,*,#3060,.F.);
#1883=ORIENTED_EDGE('',*,*,#3443,.F.);
#1884=ORIENTED_EDGE('',*,*,#3444,.T.);
#1885=ORIENTED_EDGE('',*,*,#3441,.T.);
#1886=ORIENTED_EDGE('',*,*,#3059,.F.);
#1887=ORIENTED_EDGE('',*,*,#3445,.F.);
#1888=ORIENTED_EDGE('',*,*,#3446,.T.);
#1889=ORIENTED_EDGE('',*,*,#3443,.T.);
#1890=ORIENTED_EDGE('',*,*,#3058,.F.);
#1891=ORIENTED_EDGE('',*,*,#3447,.F.);
#1892=ORIENTED_EDGE('',*,*,#3448,.T.);
#1893=ORIENTED_EDGE('',*,*,#3445,.T.);
#1894=ORIENTED_EDGE('',*,*,#3057,.F.);
#1895=ORIENTED_EDGE('',*,*,#3449,.F.);
#1896=ORIENTED_EDGE('',*,*,#3450,.T.);
#1897=ORIENTED_EDGE('',*,*,#3447,.T.);
#1898=ORIENTED_EDGE('',*,*,#3056,.F.);
#1899=ORIENTED_EDGE('',*,*,#3451,.F.);
#1900=ORIENTED_EDGE('',*,*,#3452,.T.);
#1901=ORIENTED_EDGE('',*,*,#3449,.T.);
#1902=ORIENTED_EDGE('',*,*,#3055,.F.);
#1903=ORIENTED_EDGE('',*,*,#3453,.F.);
#1904=ORIENTED_EDGE('',*,*,#3454,.T.);
#1905=ORIENTED_EDGE('',*,*,#3451,.T.);
#1906=ORIENTED_EDGE('',*,*,#3054,.F.);
#1907=ORIENTED_EDGE('',*,*,#3455,.F.);
#1908=ORIENTED_EDGE('',*,*,#3456,.T.);
#1909=ORIENTED_EDGE('',*,*,#3453,.T.);
#1910=ORIENTED_EDGE('',*,*,#3053,.F.);
#1911=ORIENTED_EDGE('',*,*,#3410,.F.);
#1912=ORIENTED_EDGE('',*,*,#3457,.T.);
#1913=ORIENTED_EDGE('',*,*,#3455,.T.);
#1914=ORIENTED_EDGE('',*,*,#3409,.F.);
#1915=ORIENTED_EDGE('',*,*,#3412,.F.);
#1916=ORIENTED_EDGE('',*,*,#3414,.F.);
#1917=ORIENTED_EDGE('',*,*,#3416,.F.);
#1918=ORIENTED_EDGE('',*,*,#3418,.F.);
#1919=ORIENTED_EDGE('',*,*,#3420,.F.);
#1920=ORIENTED_EDGE('',*,*,#3422,.F.);
#1921=ORIENTED_EDGE('',*,*,#3424,.F.);
#1922=ORIENTED_EDGE('',*,*,#3426,.F.);
#1923=ORIENTED_EDGE('',*,*,#3428,.F.);
#1924=ORIENTED_EDGE('',*,*,#3430,.F.);
#1925=ORIENTED_EDGE('',*,*,#3432,.F.);
#1926=ORIENTED_EDGE('',*,*,#3434,.F.);
#1927=ORIENTED_EDGE('',*,*,#3436,.F.);
#1928=ORIENTED_EDGE('',*,*,#3438,.F.);
#1929=ORIENTED_EDGE('',*,*,#3440,.F.);
#1930=ORIENTED_EDGE('',*,*,#3442,.F.);
#1931=ORIENTED_EDGE('',*,*,#3444,.F.);
#1932=ORIENTED_EDGE('',*,*,#3446,.F.);
#1933=ORIENTED_EDGE('',*,*,#3448,.F.);
#1934=ORIENTED_EDGE('',*,*,#3450,.F.);
#1935=ORIENTED_EDGE('',*,*,#3452,.F.);
#1936=ORIENTED_EDGE('',*,*,#3454,.F.);
#1937=ORIENTED_EDGE('',*,*,#3456,.F.);
#1938=ORIENTED_EDGE('',*,*,#3457,.F.);
#1939=ORIENTED_EDGE('',*,*,#3077,.F.);
#1940=ORIENTED_EDGE('',*,*,#3458,.F.);
#1941=ORIENTED_EDGE('',*,*,#3459,.T.);
#1942=ORIENTED_EDGE('',*,*,#3460,.T.);
#1943=ORIENTED_EDGE('',*,*,#3076,.F.);
#1944=ORIENTED_EDGE('',*,*,#3461,.F.);
#1945=ORIENTED_EDGE('',*,*,#3462,.T.);
#1946=ORIENTED_EDGE('',*,*,#3458,.T.);
#1947=ORIENTED_EDGE('',*,*,#3092,.F.);
#1948=ORIENTED_EDGE('',*,*,#3463,.F.);
#1949=ORIENTED_EDGE('',*,*,#3464,.T.);
#1950=ORIENTED_EDGE('',*,*,#3461,.T.);
#1951=ORIENTED_EDGE('',*,*,#3091,.F.);
#1952=ORIENTED_EDGE('',*,*,#3465,.F.);
#1953=ORIENTED_EDGE('',*,*,#3466,.T.);
#1954=ORIENTED_EDGE('',*,*,#3463,.T.);
#1955=ORIENTED_EDGE('',*,*,#3090,.F.);
#1956=ORIENTED_EDGE('',*,*,#3467,.F.);
#1957=ORIENTED_EDGE('',*,*,#3468,.T.);
#1958=ORIENTED_EDGE('',*,*,#3465,.T.);
#1959=ORIENTED_EDGE('',*,*,#3089,.F.);
#1960=ORIENTED_EDGE('',*,*,#3469,.F.);
#1961=ORIENTED_EDGE('',*,*,#3470,.T.);
#1962=ORIENTED_EDGE('',*,*,#3467,.T.);
#1963=ORIENTED_EDGE('',*,*,#3088,.F.);
#1964=ORIENTED_EDGE('',*,*,#3471,.F.);
#1965=ORIENTED_EDGE('',*,*,#3472,.T.);
#1966=ORIENTED_EDGE('',*,*,#3469,.T.);
#1967=ORIENTED_EDGE('',*,*,#3087,.F.);
#1968=ORIENTED_EDGE('',*,*,#3473,.F.);
#1969=ORIENTED_EDGE('',*,*,#3474,.T.);
#1970=ORIENTED_EDGE('',*,*,#3471,.T.);
#1971=ORIENTED_EDGE('',*,*,#3086,.F.);
#1972=ORIENTED_EDGE('',*,*,#3475,.F.);
#1973=ORIENTED_EDGE('',*,*,#3476,.T.);
#1974=ORIENTED_EDGE('',*,*,#3473,.T.);
#1975=ORIENTED_EDGE('',*,*,#3085,.F.);
#1976=ORIENTED_EDGE('',*,*,#3477,.F.);
#1977=ORIENTED_EDGE('',*,*,#3478,.T.);
#1978=ORIENTED_EDGE('',*,*,#3475,.T.);
#1979=ORIENTED_EDGE('',*,*,#3084,.F.);
#1980=ORIENTED_EDGE('',*,*,#3479,.F.);
#1981=ORIENTED_EDGE('',*,*,#3480,.T.);
#1982=ORIENTED_EDGE('',*,*,#3477,.T.);
#1983=ORIENTED_EDGE('',*,*,#3083,.F.);
#1984=ORIENTED_EDGE('',*,*,#3481,.F.);
#1985=ORIENTED_EDGE('',*,*,#3482,.T.);
#1986=ORIENTED_EDGE('',*,*,#3479,.T.);
#1987=ORIENTED_EDGE('',*,*,#3082,.F.);
#1988=ORIENTED_EDGE('',*,*,#3483,.F.);
#1989=ORIENTED_EDGE('',*,*,#3484,.T.);
#1990=ORIENTED_EDGE('',*,*,#3481,.T.);
#1991=ORIENTED_EDGE('',*,*,#3081,.F.);
#1992=ORIENTED_EDGE('',*,*,#3485,.F.);
#1993=ORIENTED_EDGE('',*,*,#3486,.T.);
#1994=ORIENTED_EDGE('',*,*,#3483,.T.);
#1995=ORIENTED_EDGE('',*,*,#3080,.F.);
#1996=ORIENTED_EDGE('',*,*,#3487,.F.);
#1997=ORIENTED_EDGE('',*,*,#3488,.T.);
#1998=ORIENTED_EDGE('',*,*,#3485,.T.);
#1999=ORIENTED_EDGE('',*,*,#3079,.F.);
#2000=ORIENTED_EDGE('',*,*,#3489,.F.);
#2001=ORIENTED_EDGE('',*,*,#3490,.T.);
#2002=ORIENTED_EDGE('',*,*,#3487,.T.);
#2003=ORIENTED_EDGE('',*,*,#3078,.F.);
#2004=ORIENTED_EDGE('',*,*,#3460,.F.);
#2005=ORIENTED_EDGE('',*,*,#3491,.T.);
#2006=ORIENTED_EDGE('',*,*,#3489,.T.);
#2007=ORIENTED_EDGE('',*,*,#3459,.F.);
#2008=ORIENTED_EDGE('',*,*,#3462,.F.);
#2009=ORIENTED_EDGE('',*,*,#3464,.F.);
#2010=ORIENTED_EDGE('',*,*,#3466,.F.);
#2011=ORIENTED_EDGE('',*,*,#3468,.F.);
#2012=ORIENTED_EDGE('',*,*,#3470,.F.);
#2013=ORIENTED_EDGE('',*,*,#3472,.F.);
#2014=ORIENTED_EDGE('',*,*,#3474,.F.);
#2015=ORIENTED_EDGE('',*,*,#3476,.F.);
#2016=ORIENTED_EDGE('',*,*,#3478,.F.);
#2017=ORIENTED_EDGE('',*,*,#3480,.F.);
#2018=ORIENTED_EDGE('',*,*,#3482,.F.);
#2019=ORIENTED_EDGE('',*,*,#3484,.F.);
#2020=ORIENTED_EDGE('',*,*,#3486,.F.);
#2021=ORIENTED_EDGE('',*,*,#3488,.F.);
#2022=ORIENTED_EDGE('',*,*,#3490,.F.);
#2023=ORIENTED_EDGE('',*,*,#3491,.F.);
#2024=ORIENTED_EDGE('',*,*,#3094,.F.);
#2025=ORIENTED_EDGE('',*,*,#3492,.F.);
#2026=ORIENTED_EDGE('',*,*,#3493,.T.);
#2027=ORIENTED_EDGE('',*,*,#3494,.T.);
#2028=ORIENTED_EDGE('',*,*,#3093,.F.);
#2029=ORIENTED_EDGE('',*,*,#3495,.F.);
#2030=ORIENTED_EDGE('',*,*,#3496,.T.);
#2031=ORIENTED_EDGE('',*,*,#3492,.T.);
#2032=ORIENTED_EDGE('',*,*,#3115,.F.);
#2033=ORIENTED_EDGE('',*,*,#3497,.F.);
#2034=ORIENTED_EDGE('',*,*,#3498,.T.);
#2035=ORIENTED_EDGE('',*,*,#3495,.T.);
#2036=ORIENTED_EDGE('',*,*,#3114,.F.);
#2037=ORIENTED_EDGE('',*,*,#3499,.F.);
#2038=ORIENTED_EDGE('',*,*,#3500,.T.);
#2039=ORIENTED_EDGE('',*,*,#3497,.T.);
#2040=ORIENTED_EDGE('',*,*,#3113,.F.);
#2041=ORIENTED_EDGE('',*,*,#3501,.F.);
#2042=ORIENTED_EDGE('',*,*,#3502,.T.);
#2043=ORIENTED_EDGE('',*,*,#3499,.T.);
#2044=ORIENTED_EDGE('',*,*,#3112,.F.);
#2045=ORIENTED_EDGE('',*,*,#3503,.F.);
#2046=ORIENTED_EDGE('',*,*,#3504,.T.);
#2047=ORIENTED_EDGE('',*,*,#3501,.T.);
#2048=ORIENTED_EDGE('',*,*,#3111,.F.);
#2049=ORIENTED_EDGE('',*,*,#3505,.F.);
#2050=ORIENTED_EDGE('',*,*,#3506,.T.);
#2051=ORIENTED_EDGE('',*,*,#3503,.T.);
#2052=ORIENTED_EDGE('',*,*,#3110,.F.);
#2053=ORIENTED_EDGE('',*,*,#3507,.F.);
#2054=ORIENTED_EDGE('',*,*,#3508,.T.);
#2055=ORIENTED_EDGE('',*,*,#3505,.T.);
#2056=ORIENTED_EDGE('',*,*,#3109,.F.);
#2057=ORIENTED_EDGE('',*,*,#3509,.F.);
#2058=ORIENTED_EDGE('',*,*,#3510,.T.);
#2059=ORIENTED_EDGE('',*,*,#3507,.T.);
#2060=ORIENTED_EDGE('',*,*,#3108,.F.);
#2061=ORIENTED_EDGE('',*,*,#3511,.F.);
#2062=ORIENTED_EDGE('',*,*,#3512,.T.);
#2063=ORIENTED_EDGE('',*,*,#3509,.T.);
#2064=ORIENTED_EDGE('',*,*,#3107,.F.);
#2065=ORIENTED_EDGE('',*,*,#3513,.F.);
#2066=ORIENTED_EDGE('',*,*,#3514,.T.);
#2067=ORIENTED_EDGE('',*,*,#3511,.T.);
#2068=ORIENTED_EDGE('',*,*,#3106,.F.);
#2069=ORIENTED_EDGE('',*,*,#3515,.F.);
#2070=ORIENTED_EDGE('',*,*,#3516,.T.);
#2071=ORIENTED_EDGE('',*,*,#3513,.T.);
#2072=ORIENTED_EDGE('',*,*,#3105,.F.);
#2073=ORIENTED_EDGE('',*,*,#3517,.F.);
#2074=ORIENTED_EDGE('',*,*,#3518,.T.);
#2075=ORIENTED_EDGE('',*,*,#3515,.T.);
#2076=ORIENTED_EDGE('',*,*,#3104,.F.);
#2077=ORIENTED_EDGE('',*,*,#3519,.F.);
#2078=ORIENTED_EDGE('',*,*,#3520,.T.);
#2079=ORIENTED_EDGE('',*,*,#3517,.T.);
#2080=ORIENTED_EDGE('',*,*,#3103,.F.);
#2081=ORIENTED_EDGE('',*,*,#3521,.F.);
#2082=ORIENTED_EDGE('',*,*,#3522,.T.);
#2083=ORIENTED_EDGE('',*,*,#3519,.T.);
#2084=ORIENTED_EDGE('',*,*,#3102,.F.);
#2085=ORIENTED_EDGE('',*,*,#3523,.F.);
#2086=ORIENTED_EDGE('',*,*,#3524,.T.);
#2087=ORIENTED_EDGE('',*,*,#3521,.T.);
#2088=ORIENTED_EDGE('',*,*,#3101,.F.);
#2089=ORIENTED_EDGE('',*,*,#3525,.F.);
#2090=ORIENTED_EDGE('',*,*,#3526,.T.);
#2091=ORIENTED_EDGE('',*,*,#3523,.T.);
#2092=ORIENTED_EDGE('',*,*,#3100,.F.);
#2093=ORIENTED_EDGE('',*,*,#3527,.F.);
#2094=ORIENTED_EDGE('',*,*,#3528,.T.);
#2095=ORIENTED_EDGE('',*,*,#3525,.T.);
#2096=ORIENTED_EDGE('',*,*,#3099,.F.);
#2097=ORIENTED_EDGE('',*,*,#3529,.F.);
#2098=ORIENTED_EDGE('',*,*,#3530,.T.);
#2099=ORIENTED_EDGE('',*,*,#3527,.T.);
#2100=ORIENTED_EDGE('',*,*,#3098,.F.);
#2101=ORIENTED_EDGE('',*,*,#3531,.F.);
#2102=ORIENTED_EDGE('',*,*,#3532,.T.);
#2103=ORIENTED_EDGE('',*,*,#3529,.T.);
#2104=ORIENTED_EDGE('',*,*,#3097,.F.);
#2105=ORIENTED_EDGE('',*,*,#3533,.F.);
#2106=ORIENTED_EDGE('',*,*,#3534,.T.);
#2107=ORIENTED_EDGE('',*,*,#3531,.T.);
#2108=ORIENTED_EDGE('',*,*,#3096,.F.);
#2109=ORIENTED_EDGE('',*,*,#3535,.F.);
#2110=ORIENTED_EDGE('',*,*,#3536,.T.);
#2111=ORIENTED_EDGE('',*,*,#3533,.T.);
#2112=ORIENTED_EDGE('',*,*,#3095,.F.);
#2113=ORIENTED_EDGE('',*,*,#3494,.F.);
#2114=ORIENTED_EDGE('',*,*,#3537,.T.);
#2115=ORIENTED_EDGE('',*,*,#3535,.T.);
#2116=ORIENTED_EDGE('',*,*,#3493,.F.);
#2117=ORIENTED_EDGE('',*,*,#3496,.F.);
#2118=ORIENTED_EDGE('',*,*,#3498,.F.);
#2119=ORIENTED_EDGE('',*,*,#3500,.F.);
#2120=ORIENTED_EDGE('',*,*,#3502,.F.);
#2121=ORIENTED_EDGE('',*,*,#3504,.F.);
#2122=ORIENTED_EDGE('',*,*,#3506,.F.);
#2123=ORIENTED_EDGE('',*,*,#3508,.F.);
#2124=ORIENTED_EDGE('',*,*,#3510,.F.);
#2125=ORIENTED_EDGE('',*,*,#3512,.F.);
#2126=ORIENTED_EDGE('',*,*,#3514,.F.);
#2127=ORIENTED_EDGE('',*,*,#3516,.F.);
#2128=ORIENTED_EDGE('',*,*,#3518,.F.);
#2129=ORIENTED_EDGE('',*,*,#3520,.F.);
#2130=ORIENTED_EDGE('',*,*,#3522,.F.);
#2131=ORIENTED_EDGE('',*,*,#3524,.F.);
#2132=ORIENTED_EDGE('',*,*,#3526,.F.);
#2133=ORIENTED_EDGE('',*,*,#3528,.F.);
#2134=ORIENTED_EDGE('',*,*,#3530,.F.);
#2135=ORIENTED_EDGE('',*,*,#3532,.F.);
#2136=ORIENTED_EDGE('',*,*,#3534,.F.);
#2137=ORIENTED_EDGE('',*,*,#3536,.F.);
#2138=ORIENTED_EDGE('',*,*,#3537,.F.);
#2139=ORIENTED_EDGE('',*,*,#3538,.F.);
#2140=ORIENTED_EDGE('',*,*,#3539,.F.);
#2141=ORIENTED_EDGE('',*,*,#3540,.T.);
#2142=ORIENTED_EDGE('',*,*,#3541,.T.);
#2143=ORIENTED_EDGE('',*,*,#3542,.F.);
#2144=ORIENTED_EDGE('',*,*,#3543,.F.);
#2145=ORIENTED_EDGE('',*,*,#3544,.T.);
#2146=ORIENTED_EDGE('',*,*,#3539,.T.);
#2147=ORIENTED_EDGE('',*,*,#3545,.F.);
#2148=ORIENTED_EDGE('',*,*,#3546,.F.);
#2149=ORIENTED_EDGE('',*,*,#3547,.T.);
#2150=ORIENTED_EDGE('',*,*,#3543,.T.);
#2151=ORIENTED_EDGE('',*,*,#3548,.F.);
#2152=ORIENTED_EDGE('',*,*,#3549,.F.);
#2153=ORIENTED_EDGE('',*,*,#3550,.T.);
#2154=ORIENTED_EDGE('',*,*,#3546,.T.);
#2155=ORIENTED_EDGE('',*,*,#3551,.F.);
#2156=ORIENTED_EDGE('',*,*,#3552,.F.);
#2157=ORIENTED_EDGE('',*,*,#3553,.T.);
#2158=ORIENTED_EDGE('',*,*,#3549,.T.);
#2159=ORIENTED_EDGE('',*,*,#3554,.F.);
#2160=ORIENTED_EDGE('',*,*,#3555,.F.);
#2161=ORIENTED_EDGE('',*,*,#3556,.T.);
#2162=ORIENTED_EDGE('',*,*,#3552,.T.);
#2163=ORIENTED_EDGE('',*,*,#3557,.F.);
#2164=ORIENTED_EDGE('',*,*,#3558,.F.);
#2165=ORIENTED_EDGE('',*,*,#3559,.T.);
#2166=ORIENTED_EDGE('',*,*,#3555,.T.);
#2167=ORIENTED_EDGE('',*,*,#2937,.F.);
#2168=ORIENTED_EDGE('',*,*,#3560,.F.);
#2169=ORIENTED_EDGE('',*,*,#3561,.T.);
#2170=ORIENTED_EDGE('',*,*,#3562,.T.);
#2171=ORIENTED_EDGE('',*,*,#2936,.F.);
#2172=ORIENTED_EDGE('',*,*,#3563,.F.);
#2173=ORIENTED_EDGE('',*,*,#3564,.T.);
#2174=ORIENTED_EDGE('',*,*,#3560,.T.);
#2175=ORIENTED_EDGE('',*,*,#2944,.F.);
#2176=ORIENTED_EDGE('',*,*,#3565,.F.);
#2177=ORIENTED_EDGE('',*,*,#3566,.T.);
#2178=ORIENTED_EDGE('',*,*,#3563,.T.);
#2179=ORIENTED_EDGE('',*,*,#2943,.F.);
#2180=ORIENTED_EDGE('',*,*,#3567,.F.);
#2181=ORIENTED_EDGE('',*,*,#3568,.T.);
#2182=ORIENTED_EDGE('',*,*,#3565,.T.);
#2183=ORIENTED_EDGE('',*,*,#2942,.F.);
#2184=ORIENTED_EDGE('',*,*,#3569,.F.);
#2185=ORIENTED_EDGE('',*,*,#3570,.T.);
#2186=ORIENTED_EDGE('',*,*,#3567,.T.);
#2187=ORIENTED_EDGE('',*,*,#2941,.F.);
#2188=ORIENTED_EDGE('',*,*,#3571,.F.);
#2189=ORIENTED_EDGE('',*,*,#3572,.T.);
#2190=ORIENTED_EDGE('',*,*,#3569,.T.);
#2191=ORIENTED_EDGE('',*,*,#2940,.F.);
#2192=ORIENTED_EDGE('',*,*,#3573,.F.);
#2193=ORIENTED_EDGE('',*,*,#3574,.T.);
#2194=ORIENTED_EDGE('',*,*,#3571,.T.);
#2195=ORIENTED_EDGE('',*,*,#2939,.F.);
#2196=ORIENTED_EDGE('',*,*,#3575,.F.);
#2197=ORIENTED_EDGE('',*,*,#3576,.T.);
#2198=ORIENTED_EDGE('',*,*,#3573,.T.);
#2199=ORIENTED_EDGE('',*,*,#2938,.F.);
#2200=ORIENTED_EDGE('',*,*,#3562,.F.);
#2201=ORIENTED_EDGE('',*,*,#3577,.T.);
#2202=ORIENTED_EDGE('',*,*,#3575,.T.);
#2203=ORIENTED_EDGE('',*,*,#3578,.F.);
#2204=ORIENTED_EDGE('',*,*,#3541,.F.);
#2205=ORIENTED_EDGE('',*,*,#3579,.T.);
#2206=ORIENTED_EDGE('',*,*,#3558,.T.);
#2207=ORIENTED_EDGE('',*,*,#3561,.F.);
#2208=ORIENTED_EDGE('',*,*,#3564,.F.);
#2209=ORIENTED_EDGE('',*,*,#3566,.F.);
#2210=ORIENTED_EDGE('',*,*,#3568,.F.);
#2211=ORIENTED_EDGE('',*,*,#3570,.F.);
#2212=ORIENTED_EDGE('',*,*,#3572,.F.);
#2213=ORIENTED_EDGE('',*,*,#3574,.F.);
#2214=ORIENTED_EDGE('',*,*,#3576,.F.);
#2215=ORIENTED_EDGE('',*,*,#3577,.F.);
#2216=ORIENTED_EDGE('',*,*,#3540,.F.);
#2217=ORIENTED_EDGE('',*,*,#3544,.F.);
#2218=ORIENTED_EDGE('',*,*,#3547,.F.);
#2219=ORIENTED_EDGE('',*,*,#3550,.F.);
#2220=ORIENTED_EDGE('',*,*,#3553,.F.);
#2221=ORIENTED_EDGE('',*,*,#3556,.F.);
#2222=ORIENTED_EDGE('',*,*,#3559,.F.);
#2223=ORIENTED_EDGE('',*,*,#3579,.F.);
#2224=ORIENTED_EDGE('',*,*,#3580,.F.);
#2225=ORIENTED_EDGE('',*,*,#3581,.F.);
#2226=ORIENTED_EDGE('',*,*,#3582,.T.);
#2227=ORIENTED_EDGE('',*,*,#3583,.T.);
#2228=ORIENTED_EDGE('',*,*,#3584,.F.);
#2229=ORIENTED_EDGE('',*,*,#3585,.F.);
#2230=ORIENTED_EDGE('',*,*,#3586,.T.);
#2231=ORIENTED_EDGE('',*,*,#3581,.T.);
#2232=ORIENTED_EDGE('',*,*,#3587,.F.);
#2233=ORIENTED_EDGE('',*,*,#3588,.F.);
#2234=ORIENTED_EDGE('',*,*,#3589,.T.);
#2235=ORIENTED_EDGE('',*,*,#3585,.T.);
#2236=ORIENTED_EDGE('',*,*,#3590,.F.);
#2237=ORIENTED_EDGE('',*,*,#3591,.F.);
#2238=ORIENTED_EDGE('',*,*,#3592,.T.);
#2239=ORIENTED_EDGE('',*,*,#3588,.T.);
#2240=ORIENTED_EDGE('',*,*,#3593,.F.);
#2241=ORIENTED_EDGE('',*,*,#3594,.F.);
#2242=ORIENTED_EDGE('',*,*,#3595,.T.);
#2243=ORIENTED_EDGE('',*,*,#3591,.T.);
#2244=ORIENTED_EDGE('',*,*,#3596,.F.);
#2245=ORIENTED_EDGE('',*,*,#3597,.F.);
#2246=ORIENTED_EDGE('',*,*,#3598,.T.);
#2247=ORIENTED_EDGE('',*,*,#3594,.T.);
#2248=ORIENTED_EDGE('',*,*,#3117,.F.);
#2249=ORIENTED_EDGE('',*,*,#3599,.F.);
#2250=ORIENTED_EDGE('',*,*,#3600,.T.);
#2251=ORIENTED_EDGE('',*,*,#3601,.T.);
#2252=ORIENTED_EDGE('',*,*,#3116,.F.);
#2253=ORIENTED_EDGE('',*,*,#3602,.F.);
#2254=ORIENTED_EDGE('',*,*,#3603,.T.);
#2255=ORIENTED_EDGE('',*,*,#3599,.T.);
#2256=ORIENTED_EDGE('',*,*,#3122,.F.);
#2257=ORIENTED_EDGE('',*,*,#3604,.F.);
#2258=ORIENTED_EDGE('',*,*,#3605,.T.);
#2259=ORIENTED_EDGE('',*,*,#3602,.T.);
#2260=ORIENTED_EDGE('',*,*,#3121,.F.);
#2261=ORIENTED_EDGE('',*,*,#3606,.F.);
#2262=ORIENTED_EDGE('',*,*,#3607,.T.);
#2263=ORIENTED_EDGE('',*,*,#3604,.T.);
#2264=ORIENTED_EDGE('',*,*,#3120,.F.);
#2265=ORIENTED_EDGE('',*,*,#3608,.F.);
#2266=ORIENTED_EDGE('',*,*,#3609,.T.);
#2267=ORIENTED_EDGE('',*,*,#3606,.T.);
#2268=ORIENTED_EDGE('',*,*,#3119,.F.);
#2269=ORIENTED_EDGE('',*,*,#3610,.F.);
#2270=ORIENTED_EDGE('',*,*,#3611,.T.);
#2271=ORIENTED_EDGE('',*,*,#3608,.T.);
#2272=ORIENTED_EDGE('',*,*,#3118,.F.);
#2273=ORIENTED_EDGE('',*,*,#3601,.F.);
#2274=ORIENTED_EDGE('',*,*,#3612,.T.);
#2275=ORIENTED_EDGE('',*,*,#3610,.T.);
#2276=ORIENTED_EDGE('',*,*,#3613,.F.);
#2277=ORIENTED_EDGE('',*,*,#3583,.F.);
#2278=ORIENTED_EDGE('',*,*,#3614,.T.);
#2279=ORIENTED_EDGE('',*,*,#3597,.T.);
#2280=ORIENTED_EDGE('',*,*,#3600,.F.);
#2281=ORIENTED_EDGE('',*,*,#3603,.F.);
#2282=ORIENTED_EDGE('',*,*,#3605,.F.);
#2283=ORIENTED_EDGE('',*,*,#3607,.F.);
#2284=ORIENTED_EDGE('',*,*,#3609,.F.);
#2285=ORIENTED_EDGE('',*,*,#3611,.F.);
#2286=ORIENTED_EDGE('',*,*,#3612,.F.);
#2287=ORIENTED_EDGE('',*,*,#3582,.F.);
#2288=ORIENTED_EDGE('',*,*,#3586,.F.);
#2289=ORIENTED_EDGE('',*,*,#3589,.F.);
#2290=ORIENTED_EDGE('',*,*,#3592,.F.);
#2291=ORIENTED_EDGE('',*,*,#3595,.F.);
#2292=ORIENTED_EDGE('',*,*,#3598,.F.);
#2293=ORIENTED_EDGE('',*,*,#3614,.F.);
#2294=ORIENTED_EDGE('',*,*,#3615,.F.);
#2295=ORIENTED_EDGE('',*,*,#3616,.F.);
#2296=ORIENTED_EDGE('',*,*,#3617,.T.);
#2297=ORIENTED_EDGE('',*,*,#3618,.T.);
#2298=ORIENTED_EDGE('',*,*,#3619,.F.);
#2299=ORIENTED_EDGE('',*,*,#3620,.F.);
#2300=ORIENTED_EDGE('',*,*,#3621,.T.);
#2301=ORIENTED_EDGE('',*,*,#3616,.T.);
#2302=ORIENTED_EDGE('',*,*,#3622,.F.);
#2303=ORIENTED_EDGE('',*,*,#3623,.F.);
#2304=ORIENTED_EDGE('',*,*,#3624,.T.);
#2305=ORIENTED_EDGE('',*,*,#3620,.T.);
#2306=ORIENTED_EDGE('',*,*,#3625,.F.);
#2307=ORIENTED_EDGE('',*,*,#3626,.F.);
#2308=ORIENTED_EDGE('',*,*,#3627,.T.);
#2309=ORIENTED_EDGE('',*,*,#3623,.T.);
#2310=ORIENTED_EDGE('',*,*,#3628,.F.);
#2311=ORIENTED_EDGE('',*,*,#3629,.F.);
#2312=ORIENTED_EDGE('',*,*,#3630,.T.);
#2313=ORIENTED_EDGE('',*,*,#3626,.T.);
#2314=ORIENTED_EDGE('',*,*,#3631,.F.);
#2315=ORIENTED_EDGE('',*,*,#3632,.F.);
#2316=ORIENTED_EDGE('',*,*,#3633,.T.);
#2317=ORIENTED_EDGE('',*,*,#3629,.T.);
#2318=ORIENTED_EDGE('',*,*,#3634,.F.);
#2319=ORIENTED_EDGE('',*,*,#3635,.F.);
#2320=ORIENTED_EDGE('',*,*,#3636,.T.);
#2321=ORIENTED_EDGE('',*,*,#3632,.T.);
#2322=ORIENTED_EDGE('',*,*,#3637,.F.);
#2323=ORIENTED_EDGE('',*,*,#3638,.F.);
#2324=ORIENTED_EDGE('',*,*,#3639,.T.);
#2325=ORIENTED_EDGE('',*,*,#3635,.T.);
#2326=ORIENTED_EDGE('',*,*,#2921,.F.);
#2327=ORIENTED_EDGE('',*,*,#3640,.F.);
#2328=ORIENTED_EDGE('',*,*,#3641,.T.);
#2329=ORIENTED_EDGE('',*,*,#3642,.T.);
#2330=ORIENTED_EDGE('',*,*,#2920,.F.);
#2331=ORIENTED_EDGE('',*,*,#3643,.F.);
#2332=ORIENTED_EDGE('',*,*,#3644,.T.);
#2333=ORIENTED_EDGE('',*,*,#3640,.T.);
#2334=ORIENTED_EDGE('',*,*,#2935,.F.);
#2335=ORIENTED_EDGE('',*,*,#3645,.F.);
#2336=ORIENTED_EDGE('',*,*,#3646,.T.);
#2337=ORIENTED_EDGE('',*,*,#3643,.T.);
#2338=ORIENTED_EDGE('',*,*,#2934,.F.);
#2339=ORIENTED_EDGE('',*,*,#3647,.F.);
#2340=ORIENTED_EDGE('',*,*,#3648,.T.);
#2341=ORIENTED_EDGE('',*,*,#3645,.T.);
#2342=ORIENTED_EDGE('',*,*,#2933,.F.);
#2343=ORIENTED_EDGE('',*,*,#3649,.F.);
#2344=ORIENTED_EDGE('',*,*,#3650,.T.);
#2345=ORIENTED_EDGE('',*,*,#3647,.T.);
#2346=ORIENTED_EDGE('',*,*,#2932,.F.);
#2347=ORIENTED_EDGE('',*,*,#3651,.F.);
#2348=ORIENTED_EDGE('',*,*,#3652,.T.);
#2349=ORIENTED_EDGE('',*,*,#3649,.T.);
#2350=ORIENTED_EDGE('',*,*,#2931,.F.);
#2351=ORIENTED_EDGE('',*,*,#3653,.F.);
#2352=ORIENTED_EDGE('',*,*,#3654,.T.);
#2353=ORIENTED_EDGE('',*,*,#3651,.T.);
#2354=ORIENTED_EDGE('',*,*,#2930,.F.);
#2355=ORIENTED_EDGE('',*,*,#3655,.F.);
#2356=ORIENTED_EDGE('',*,*,#3656,.T.);
#2357=ORIENTED_EDGE('',*,*,#3653,.T.);
#2358=ORIENTED_EDGE('',*,*,#2929,.F.);
#2359=ORIENTED_EDGE('',*,*,#3657,.F.);
#2360=ORIENTED_EDGE('',*,*,#3658,.T.);
#2361=ORIENTED_EDGE('',*,*,#3655,.T.);
#2362=ORIENTED_EDGE('',*,*,#2928,.F.);
#2363=ORIENTED_EDGE('',*,*,#3659,.F.);
#2364=ORIENTED_EDGE('',*,*,#3660,.T.);
#2365=ORIENTED_EDGE('',*,*,#3657,.T.);
#2366=ORIENTED_EDGE('',*,*,#2927,.F.);
#2367=ORIENTED_EDGE('',*,*,#3661,.F.);
#2368=ORIENTED_EDGE('',*,*,#3662,.T.);
#2369=ORIENTED_EDGE('',*,*,#3659,.T.);
#2370=ORIENTED_EDGE('',*,*,#2926,.F.);
#2371=ORIENTED_EDGE('',*,*,#3663,.F.);
#2372=ORIENTED_EDGE('',*,*,#3664,.T.);
#2373=ORIENTED_EDGE('',*,*,#3661,.T.);
#2374=ORIENTED_EDGE('',*,*,#2925,.F.);
#2375=ORIENTED_EDGE('',*,*,#3665,.F.);
#2376=ORIENTED_EDGE('',*,*,#3666,.T.);
#2377=ORIENTED_EDGE('',*,*,#3663,.T.);
#2378=ORIENTED_EDGE('',*,*,#2924,.F.);
#2379=ORIENTED_EDGE('',*,*,#3667,.F.);
#2380=ORIENTED_EDGE('',*,*,#3668,.T.);
#2381=ORIENTED_EDGE('',*,*,#3665,.T.);
#2382=ORIENTED_EDGE('',*,*,#2923,.F.);
#2383=ORIENTED_EDGE('',*,*,#3669,.F.);
#2384=ORIENTED_EDGE('',*,*,#3670,.T.);
#2385=ORIENTED_EDGE('',*,*,#3667,.T.);
#2386=ORIENTED_EDGE('',*,*,#2922,.F.);
#2387=ORIENTED_EDGE('',*,*,#3642,.F.);
#2388=ORIENTED_EDGE('',*,*,#3671,.T.);
#2389=ORIENTED_EDGE('',*,*,#3669,.T.);
#2390=ORIENTED_EDGE('',*,*,#3672,.F.);
#2391=ORIENTED_EDGE('',*,*,#3618,.F.);
#2392=ORIENTED_EDGE('',*,*,#3673,.T.);
#2393=ORIENTED_EDGE('',*,*,#3638,.T.);
#2394=ORIENTED_EDGE('',*,*,#3641,.F.);
#2395=ORIENTED_EDGE('',*,*,#3644,.F.);
#2396=ORIENTED_EDGE('',*,*,#3646,.F.);
#2397=ORIENTED_EDGE('',*,*,#3648,.F.);
#2398=ORIENTED_EDGE('',*,*,#3650,.F.);
#2399=ORIENTED_EDGE('',*,*,#3652,.F.);
#2400=ORIENTED_EDGE('',*,*,#3654,.F.);
#2401=ORIENTED_EDGE('',*,*,#3656,.F.);
#2402=ORIENTED_EDGE('',*,*,#3658,.F.);
#2403=ORIENTED_EDGE('',*,*,#3660,.F.);
#2404=ORIENTED_EDGE('',*,*,#3662,.F.);
#2405=ORIENTED_EDGE('',*,*,#3664,.F.);
#2406=ORIENTED_EDGE('',*,*,#3666,.F.);
#2407=ORIENTED_EDGE('',*,*,#3668,.F.);
#2408=ORIENTED_EDGE('',*,*,#3670,.F.);
#2409=ORIENTED_EDGE('',*,*,#3671,.F.);
#2410=ORIENTED_EDGE('',*,*,#3617,.F.);
#2411=ORIENTED_EDGE('',*,*,#3621,.F.);
#2412=ORIENTED_EDGE('',*,*,#3624,.F.);
#2413=ORIENTED_EDGE('',*,*,#3627,.F.);
#2414=ORIENTED_EDGE('',*,*,#3630,.F.);
#2415=ORIENTED_EDGE('',*,*,#3633,.F.);
#2416=ORIENTED_EDGE('',*,*,#3636,.F.);
#2417=ORIENTED_EDGE('',*,*,#3639,.F.);
#2418=ORIENTED_EDGE('',*,*,#3673,.F.);
#2419=ORIENTED_EDGE('',*,*,#2907,.F.);
#2420=ORIENTED_EDGE('',*,*,#3674,.F.);
#2421=ORIENTED_EDGE('',*,*,#3675,.T.);
#2422=ORIENTED_EDGE('',*,*,#3676,.T.);
#2423=ORIENTED_EDGE('',*,*,#2906,.F.);
#2424=ORIENTED_EDGE('',*,*,#3677,.F.);
#2425=ORIENTED_EDGE('',*,*,#3678,.T.);
#2426=ORIENTED_EDGE('',*,*,#3674,.T.);
#2427=ORIENTED_EDGE('',*,*,#2919,.F.);
#2428=ORIENTED_EDGE('',*,*,#3679,.F.);
#2429=ORIENTED_EDGE('',*,*,#3680,.T.);
#2430=ORIENTED_EDGE('',*,*,#3677,.T.);
#2431=ORIENTED_EDGE('',*,*,#2918,.F.);
#2432=ORIENTED_EDGE('',*,*,#3681,.F.);
#2433=ORIENTED_EDGE('',*,*,#3682,.T.);
#2434=ORIENTED_EDGE('',*,*,#3679,.T.);
#2435=ORIENTED_EDGE('',*,*,#2917,.F.);
#2436=ORIENTED_EDGE('',*,*,#3683,.F.);
#2437=ORIENTED_EDGE('',*,*,#3684,.T.);
#2438=ORIENTED_EDGE('',*,*,#3681,.T.);
#2439=ORIENTED_EDGE('',*,*,#2916,.F.);
#2440=ORIENTED_EDGE('',*,*,#3685,.F.);
#2441=ORIENTED_EDGE('',*,*,#3686,.T.);
#2442=ORIENTED_EDGE('',*,*,#3683,.T.);
#2443=ORIENTED_EDGE('',*,*,#2915,.F.);
#2444=ORIENTED_EDGE('',*,*,#3687,.F.);
#2445=ORIENTED_EDGE('',*,*,#3688,.T.);
#2446=ORIENTED_EDGE('',*,*,#3685,.T.);
#2447=ORIENTED_EDGE('',*,*,#2914,.F.);
#2448=ORIENTED_EDGE('',*,*,#3689,.F.);
#2449=ORIENTED_EDGE('',*,*,#3690,.T.);
#2450=ORIENTED_EDGE('',*,*,#3687,.T.);
#2451=ORIENTED_EDGE('',*,*,#2913,.F.);
#2452=ORIENTED_EDGE('',*,*,#3691,.F.);
#2453=ORIENTED_EDGE('',*,*,#3692,.T.);
#2454=ORIENTED_EDGE('',*,*,#3689,.T.);
#2455=ORIENTED_EDGE('',*,*,#2912,.F.);
#2456=ORIENTED_EDGE('',*,*,#3693,.F.);
#2457=ORIENTED_EDGE('',*,*,#3694,.T.);
#2458=ORIENTED_EDGE('',*,*,#3691,.T.);
#2459=ORIENTED_EDGE('',*,*,#2911,.F.);
#2460=ORIENTED_EDGE('',*,*,#3695,.F.);
#2461=ORIENTED_EDGE('',*,*,#3696,.T.);
#2462=ORIENTED_EDGE('',*,*,#3693,.T.);
#2463=ORIENTED_EDGE('',*,*,#2910,.F.);
#2464=ORIENTED_EDGE('',*,*,#3697,.F.);
#2465=ORIENTED_EDGE('',*,*,#3698,.T.);
#2466=ORIENTED_EDGE('',*,*,#3695,.T.);
#2467=ORIENTED_EDGE('',*,*,#2909,.F.);
#2468=ORIENTED_EDGE('',*,*,#3699,.F.);
#2469=ORIENTED_EDGE('',*,*,#3700,.T.);
#2470=ORIENTED_EDGE('',*,*,#3697,.T.);
#2471=ORIENTED_EDGE('',*,*,#2908,.F.);
#2472=ORIENTED_EDGE('',*,*,#3676,.F.);
#2473=ORIENTED_EDGE('',*,*,#3701,.T.);
#2474=ORIENTED_EDGE('',*,*,#3699,.T.);
#2475=ORIENTED_EDGE('',*,*,#3675,.F.);
#2476=ORIENTED_EDGE('',*,*,#3678,.F.);
#2477=ORIENTED_EDGE('',*,*,#3680,.F.);
#2478=ORIENTED_EDGE('',*,*,#3682,.F.);
#2479=ORIENTED_EDGE('',*,*,#3684,.F.);
#2480=ORIENTED_EDGE('',*,*,#3686,.F.);
#2481=ORIENTED_EDGE('',*,*,#3688,.F.);
#2482=ORIENTED_EDGE('',*,*,#3690,.F.);
#2483=ORIENTED_EDGE('',*,*,#3692,.F.);
#2484=ORIENTED_EDGE('',*,*,#3694,.F.);
#2485=ORIENTED_EDGE('',*,*,#3696,.F.);
#2486=ORIENTED_EDGE('',*,*,#3698,.F.);
#2487=ORIENTED_EDGE('',*,*,#3700,.F.);
#2488=ORIENTED_EDGE('',*,*,#3701,.F.);
#2489=ORIENTED_EDGE('',*,*,#2890,.F.);
#2490=ORIENTED_EDGE('',*,*,#3702,.F.);
#2491=ORIENTED_EDGE('',*,*,#3703,.T.);
#2492=ORIENTED_EDGE('',*,*,#3704,.T.);
#2493=ORIENTED_EDGE('',*,*,#2889,.F.);
#2494=ORIENTED_EDGE('',*,*,#3705,.F.);
#2495=ORIENTED_EDGE('',*,*,#3706,.T.);
#2496=ORIENTED_EDGE('',*,*,#3702,.T.);
#2497=ORIENTED_EDGE('',*,*,#2905,.F.);
#2498=ORIENTED_EDGE('',*,*,#3707,.F.);
#2499=ORIENTED_EDGE('',*,*,#3708,.T.);
#2500=ORIENTED_EDGE('',*,*,#3705,.T.);
#2501=ORIENTED_EDGE('',*,*,#2904,.F.);
#2502=ORIENTED_EDGE('',*,*,#3709,.F.);
#2503=ORIENTED_EDGE('',*,*,#3710,.T.);
#2504=ORIENTED_EDGE('',*,*,#3707,.T.);
#2505=ORIENTED_EDGE('',*,*,#2903,.F.);
#2506=ORIENTED_EDGE('',*,*,#3711,.F.);
#2507=ORIENTED_EDGE('',*,*,#3712,.T.);
#2508=ORIENTED_EDGE('',*,*,#3709,.T.);
#2509=ORIENTED_EDGE('',*,*,#2902,.F.);
#2510=ORIENTED_EDGE('',*,*,#3713,.F.);
#2511=ORIENTED_EDGE('',*,*,#3714,.T.);
#2512=ORIENTED_EDGE('',*,*,#3711,.T.);
#2513=ORIENTED_EDGE('',*,*,#2901,.F.);
#2514=ORIENTED_EDGE('',*,*,#3715,.F.);
#2515=ORIENTED_EDGE('',*,*,#3716,.T.);
#2516=ORIENTED_EDGE('',*,*,#3713,.T.);
#2517=ORIENTED_EDGE('',*,*,#2900,.F.);
#2518=ORIENTED_EDGE('',*,*,#3717,.F.);
#2519=ORIENTED_EDGE('',*,*,#3718,.T.);
#2520=ORIENTED_EDGE('',*,*,#3715,.T.);
#2521=ORIENTED_EDGE('',*,*,#2899,.F.);
#2522=ORIENTED_EDGE('',*,*,#3719,.F.);
#2523=ORIENTED_EDGE('',*,*,#3720,.T.);
#2524=ORIENTED_EDGE('',*,*,#3717,.T.);
#2525=ORIENTED_EDGE('',*,*,#2898,.F.);
#2526=ORIENTED_EDGE('',*,*,#3721,.F.);
#2527=ORIENTED_EDGE('',*,*,#3722,.T.);
#2528=ORIENTED_EDGE('',*,*,#3719,.T.);
#2529=ORIENTED_EDGE('',*,*,#2897,.F.);
#2530=ORIENTED_EDGE('',*,*,#3723,.F.);
#2531=ORIENTED_EDGE('',*,*,#3724,.T.);
#2532=ORIENTED_EDGE('',*,*,#3721,.T.);
#2533=ORIENTED_EDGE('',*,*,#2896,.F.);
#2534=ORIENTED_EDGE('',*,*,#3725,.F.);
#2535=ORIENTED_EDGE('',*,*,#3726,.T.);
#2536=ORIENTED_EDGE('',*,*,#3723,.T.);
#2537=ORIENTED_EDGE('',*,*,#2895,.F.);
#2538=ORIENTED_EDGE('',*,*,#3727,.F.);
#2539=ORIENTED_EDGE('',*,*,#3728,.T.);
#2540=ORIENTED_EDGE('',*,*,#3725,.T.);
#2541=ORIENTED_EDGE('',*,*,#2894,.F.);
#2542=ORIENTED_EDGE('',*,*,#3729,.F.);
#2543=ORIENTED_EDGE('',*,*,#3730,.T.);
#2544=ORIENTED_EDGE('',*,*,#3727,.T.);
#2545=ORIENTED_EDGE('',*,*,#2893,.F.);
#2546=ORIENTED_EDGE('',*,*,#3731,.F.);
#2547=ORIENTED_EDGE('',*,*,#3732,.T.);
#2548=ORIENTED_EDGE('',*,*,#3729,.T.);
#2549=ORIENTED_EDGE('',*,*,#2892,.F.);
#2550=ORIENTED_EDGE('',*,*,#3733,.F.);
#2551=ORIENTED_EDGE('',*,*,#3734,.T.);
#2552=ORIENTED_EDGE('',*,*,#3731,.T.);
#2553=ORIENTED_EDGE('',*,*,#2891,.F.);
#2554=ORIENTED_EDGE('',*,*,#3704,.F.);
#2555=ORIENTED_EDGE('',*,*,#3735,.T.);
#2556=ORIENTED_EDGE('',*,*,#3733,.T.);
#2557=ORIENTED_EDGE('',*,*,#3703,.F.);
#2558=ORIENTED_EDGE('',*,*,#3706,.F.);
#2559=ORIENTED_EDGE('',*,*,#3708,.F.);
#2560=ORIENTED_EDGE('',*,*,#3710,.F.);
#2561=ORIENTED_EDGE('',*,*,#3712,.F.);
#2562=ORIENTED_EDGE('',*,*,#3714,.F.);
#2563=ORIENTED_EDGE('',*,*,#3716,.F.);
#2564=ORIENTED_EDGE('',*,*,#3718,.F.);
#2565=ORIENTED_EDGE('',*,*,#3720,.F.);
#2566=ORIENTED_EDGE('',*,*,#3722,.F.);
#2567=ORIENTED_EDGE('',*,*,#3724,.F.);
#2568=ORIENTED_EDGE('',*,*,#3726,.F.);
#2569=ORIENTED_EDGE('',*,*,#3728,.F.);
#2570=ORIENTED_EDGE('',*,*,#3730,.F.);
#2571=ORIENTED_EDGE('',*,*,#3732,.F.);
#2572=ORIENTED_EDGE('',*,*,#3734,.F.);
#2573=ORIENTED_EDGE('',*,*,#3735,.F.);
#2574=ORIENTED_EDGE('',*,*,#3736,.F.);
#2575=ORIENTED_EDGE('',*,*,#3737,.F.);
#2576=ORIENTED_EDGE('',*,*,#3738,.T.);
#2577=ORIENTED_EDGE('',*,*,#3739,.T.);
#2578=ORIENTED_EDGE('',*,*,#3740,.F.);
#2579=ORIENTED_EDGE('',*,*,#3741,.F.);
#2580=ORIENTED_EDGE('',*,*,#3742,.T.);
#2581=ORIENTED_EDGE('',*,*,#3737,.T.);
#2582=ORIENTED_EDGE('',*,*,#3743,.F.);
#2583=ORIENTED_EDGE('',*,*,#3744,.F.);
#2584=ORIENTED_EDGE('',*,*,#3745,.T.);
#2585=ORIENTED_EDGE('',*,*,#3741,.T.);
#2586=ORIENTED_EDGE('',*,*,#3746,.F.);
#2587=ORIENTED_EDGE('',*,*,#3747,.F.);
#2588=ORIENTED_EDGE('',*,*,#3748,.T.);
#2589=ORIENTED_EDGE('',*,*,#3744,.T.);
#2590=ORIENTED_EDGE('',*,*,#3124,.F.);
#2591=ORIENTED_EDGE('',*,*,#3749,.F.);
#2592=ORIENTED_EDGE('',*,*,#3750,.T.);
#2593=ORIENTED_EDGE('',*,*,#3751,.T.);
#2594=ORIENTED_EDGE('',*,*,#3123,.F.);
#2595=ORIENTED_EDGE('',*,*,#3752,.F.);
#2596=ORIENTED_EDGE('',*,*,#3753,.T.);
#2597=ORIENTED_EDGE('',*,*,#3749,.T.);
#2598=ORIENTED_EDGE('',*,*,#3136,.F.);
#2599=ORIENTED_EDGE('',*,*,#3754,.F.);
#2600=ORIENTED_EDGE('',*,*,#3755,.T.);
#2601=ORIENTED_EDGE('',*,*,#3752,.T.);
#2602=ORIENTED_EDGE('',*,*,#3135,.F.);
#2603=ORIENTED_EDGE('',*,*,#3756,.F.);
#2604=ORIENTED_EDGE('',*,*,#3757,.T.);
#2605=ORIENTED_EDGE('',*,*,#3754,.T.);
#2606=ORIENTED_EDGE('',*,*,#3134,.F.);
#2607=ORIENTED_EDGE('',*,*,#3758,.F.);
#2608=ORIENTED_EDGE('',*,*,#3759,.T.);
#2609=ORIENTED_EDGE('',*,*,#3756,.T.);
#2610=ORIENTED_EDGE('',*,*,#3133,.F.);
#2611=ORIENTED_EDGE('',*,*,#3760,.F.);
#2612=ORIENTED_EDGE('',*,*,#3761,.T.);
#2613=ORIENTED_EDGE('',*,*,#3758,.T.);
#2614=ORIENTED_EDGE('',*,*,#3132,.F.);
#2615=ORIENTED_EDGE('',*,*,#3762,.F.);
#2616=ORIENTED_EDGE('',*,*,#3763,.T.);
#2617=ORIENTED_EDGE('',*,*,#3760,.T.);
#2618=ORIENTED_EDGE('',*,*,#3131,.F.);
#2619=ORIENTED_EDGE('',*,*,#3764,.F.);
#2620=ORIENTED_EDGE('',*,*,#3765,.T.);
#2621=ORIENTED_EDGE('',*,*,#3762,.T.);
#2622=ORIENTED_EDGE('',*,*,#3130,.F.);
#2623=ORIENTED_EDGE('',*,*,#3766,.F.);
#2624=ORIENTED_EDGE('',*,*,#3767,.T.);
#2625=ORIENTED_EDGE('',*,*,#3764,.T.);
#2626=ORIENTED_EDGE('',*,*,#3129,.F.);
#2627=ORIENTED_EDGE('',*,*,#3768,.F.);
#2628=ORIENTED_EDGE('',*,*,#3769,.T.);
#2629=ORIENTED_EDGE('',*,*,#3766,.T.);
#2630=ORIENTED_EDGE('',*,*,#3128,.F.);
#2631=ORIENTED_EDGE('',*,*,#3770,.F.);
#2632=ORIENTED_EDGE('',*,*,#3771,.T.);
#2633=ORIENTED_EDGE('',*,*,#3768,.T.);
#2634=ORIENTED_EDGE('',*,*,#3127,.F.);
#2635=ORIENTED_EDGE('',*,*,#3772,.F.);
#2636=ORIENTED_EDGE('',*,*,#3773,.T.);
#2637=ORIENTED_EDGE('',*,*,#3770,.T.);
#2638=ORIENTED_EDGE('',*,*,#3126,.F.);
#2639=ORIENTED_EDGE('',*,*,#3774,.F.);
#2640=ORIENTED_EDGE('',*,*,#3775,.T.);
#2641=ORIENTED_EDGE('',*,*,#3772,.T.);
#2642=ORIENTED_EDGE('',*,*,#3125,.F.);
#2643=ORIENTED_EDGE('',*,*,#3751,.F.);
#2644=ORIENTED_EDGE('',*,*,#3776,.T.);
#2645=ORIENTED_EDGE('',*,*,#3774,.T.);
#2646=ORIENTED_EDGE('',*,*,#3777,.F.);
#2647=ORIENTED_EDGE('',*,*,#3739,.F.);
#2648=ORIENTED_EDGE('',*,*,#3778,.T.);
#2649=ORIENTED_EDGE('',*,*,#3747,.T.);
#2650=ORIENTED_EDGE('',*,*,#3750,.F.);
#2651=ORIENTED_EDGE('',*,*,#3753,.F.);
#2652=ORIENTED_EDGE('',*,*,#3755,.F.);
#2653=ORIENTED_EDGE('',*,*,#3757,.F.);
#2654=ORIENTED_EDGE('',*,*,#3759,.F.);
#2655=ORIENTED_EDGE('',*,*,#3761,.F.);
#2656=ORIENTED_EDGE('',*,*,#3763,.F.);
#2657=ORIENTED_EDGE('',*,*,#3765,.F.);
#2658=ORIENTED_EDGE('',*,*,#3767,.F.);
#2659=ORIENTED_EDGE('',*,*,#3769,.F.);
#2660=ORIENTED_EDGE('',*,*,#3771,.F.);
#2661=ORIENTED_EDGE('',*,*,#3773,.F.);
#2662=ORIENTED_EDGE('',*,*,#3775,.F.);
#2663=ORIENTED_EDGE('',*,*,#3776,.F.);
#2664=ORIENTED_EDGE('',*,*,#3738,.F.);
#2665=ORIENTED_EDGE('',*,*,#3742,.F.);
#2666=ORIENTED_EDGE('',*,*,#3745,.F.);
#2667=ORIENTED_EDGE('',*,*,#3748,.F.);
#2668=ORIENTED_EDGE('',*,*,#3778,.F.);
#2669=ORIENTED_EDGE('',*,*,#3231,.T.);
#2670=ORIENTED_EDGE('',*,*,#3227,.T.);
#2671=ORIENTED_EDGE('',*,*,#3268,.T.);
#2672=ORIENTED_EDGE('',*,*,#3237,.T.);
#2673=ORIENTED_EDGE('',*,*,#3234,.T.);
#2674=ORIENTED_EDGE('',*,*,#3294,.T.);
#2675=ORIENTED_EDGE('',*,*,#3290,.T.);
#2676=ORIENTED_EDGE('',*,*,#3330,.T.);
#2677=ORIENTED_EDGE('',*,*,#3309,.T.);
#2678=ORIENTED_EDGE('',*,*,#3306,.T.);
#2679=ORIENTED_EDGE('',*,*,#3303,.T.);
#2680=ORIENTED_EDGE('',*,*,#3300,.T.);
#2681=ORIENTED_EDGE('',*,*,#3297,.T.);
#2682=ORIENTED_EDGE('',*,*,#3336,.T.);
#2683=ORIENTED_EDGE('',*,*,#3332,.T.);
#2684=ORIENTED_EDGE('',*,*,#3372,.T.);
#2685=ORIENTED_EDGE('',*,*,#3351,.T.);
#2686=ORIENTED_EDGE('',*,*,#3348,.T.);
#2687=ORIENTED_EDGE('',*,*,#3345,.T.);
#2688=ORIENTED_EDGE('',*,*,#3342,.T.);
#2689=ORIENTED_EDGE('',*,*,#3339,.T.);
#2690=ORIENTED_EDGE('',*,*,#3542,.T.);
#2691=ORIENTED_EDGE('',*,*,#3538,.T.);
#2692=ORIENTED_EDGE('',*,*,#3578,.T.);
#2693=ORIENTED_EDGE('',*,*,#3557,.T.);
#2694=ORIENTED_EDGE('',*,*,#3554,.T.);
#2695=ORIENTED_EDGE('',*,*,#3551,.T.);
#2696=ORIENTED_EDGE('',*,*,#3548,.T.);
#2697=ORIENTED_EDGE('',*,*,#3545,.T.);
#2698=ORIENTED_EDGE('',*,*,#3584,.T.);
#2699=ORIENTED_EDGE('',*,*,#3580,.T.);
#2700=ORIENTED_EDGE('',*,*,#3613,.T.);
#2701=ORIENTED_EDGE('',*,*,#3596,.T.);
#2702=ORIENTED_EDGE('',*,*,#3593,.T.);
#2703=ORIENTED_EDGE('',*,*,#3590,.T.);
#2704=ORIENTED_EDGE('',*,*,#3587,.T.);
#2705=ORIENTED_EDGE('',*,*,#3619,.T.);
#2706=ORIENTED_EDGE('',*,*,#3615,.T.);
#2707=ORIENTED_EDGE('',*,*,#3672,.T.);
#2708=ORIENTED_EDGE('',*,*,#3637,.T.);
#2709=ORIENTED_EDGE('',*,*,#3634,.T.);
#2710=ORIENTED_EDGE('',*,*,#3631,.T.);
#2711=ORIENTED_EDGE('',*,*,#3628,.T.);
#2712=ORIENTED_EDGE('',*,*,#3625,.T.);
#2713=ORIENTED_EDGE('',*,*,#3622,.T.);
#2714=ORIENTED_EDGE('',*,*,#3740,.T.);
#2715=ORIENTED_EDGE('',*,*,#3736,.T.);
#2716=ORIENTED_EDGE('',*,*,#3777,.T.);
#2717=ORIENTED_EDGE('',*,*,#3746,.T.);
#2718=ORIENTED_EDGE('',*,*,#3743,.T.);
#2719=EDGE_CURVE('',#3779,#3780,#4495,.T.);
#2720=EDGE_CURVE('',#3781,#3779,#4496,.T.);
#2721=EDGE_CURVE('',#3781,#3782,#4497,.T.);
#2722=EDGE_CURVE('',#3782,#3780,#4498,.T.);
#2723=EDGE_CURVE('',#3779,#3783,#4499,.T.);
#2724=EDGE_CURVE('',#3784,#3783,#4500,.T.);
#2725=EDGE_CURVE('',#3781,#3784,#4501,.T.);
#2726=EDGE_CURVE('',#3783,#3785,#4502,.T.);
#2727=EDGE_CURVE('',#3786,#3785,#4503,.T.);
#2728=EDGE_CURVE('',#3784,#3786,#4504,.T.);
#2729=EDGE_CURVE('',#3780,#3785,#4505,.T.);
#2730=EDGE_CURVE('',#3782,#3786,#4506,.T.);
#2731=EDGE_CURVE('',#3787,#3788,#4507,.T.);
#2732=EDGE_CURVE('',#3789,#3787,#4508,.T.);
#2733=EDGE_CURVE('',#3789,#3790,#4509,.T.);
#2734=EDGE_CURVE('',#3790,#3788,#4510,.T.);
#2735=EDGE_CURVE('',#3787,#3791,#4511,.T.);
#2736=EDGE_CURVE('',#3792,#3791,#4512,.T.);
#2737=EDGE_CURVE('',#3789,#3792,#4513,.T.);
#2738=EDGE_CURVE('',#3791,#3793,#4514,.T.);
#2739=EDGE_CURVE('',#3794,#3793,#4515,.T.);
#2740=EDGE_CURVE('',#3792,#3794,#4516,.T.);
#2741=EDGE_CURVE('',#3788,#3793,#4517,.T.);
#2742=EDGE_CURVE('',#3790,#3794,#4518,.T.);
#2743=EDGE_CURVE('',#3795,#3795,#478,.T.);
#2744=EDGE_CURVE('',#3796,#3796,#479,.T.);
#2745=EDGE_CURVE('',#3797,#3798,#4519,.T.);
#2746=EDGE_CURVE('',#3799,#3797,#4520,.T.);
#2747=EDGE_CURVE('',#3799,#3800,#4521,.T.);
#2748=EDGE_CURVE('',#3801,#3800,#4522,.T.);
#2749=EDGE_CURVE('',#3801,#3802,#4523,.T.);
#2750=EDGE_CURVE('',#3802,#3803,#4524,.T.);
#2751=EDGE_CURVE('',#3803,#3804,#4525,.T.);
#2752=EDGE_CURVE('',#3804,#3798,#4526,.T.);
#2753=EDGE_CURVE('',#3805,#3806,#4527,.T.);
#2754=EDGE_CURVE('',#3805,#3807,#4528,.T.);
#2755=EDGE_CURVE('',#3807,#3808,#4529,.T.);
#2756=EDGE_CURVE('',#3808,#3809,#4530,.T.);
#2757=EDGE_CURVE('',#3810,#3809,#4531,.T.);
#2758=EDGE_CURVE('',#3811,#3810,#4532,.T.);
#2759=EDGE_CURVE('',#3811,#3812,#4533,.T.);
#2760=EDGE_CURVE('',#3812,#3806,#4534,.T.);
#2761=EDGE_CURVE('',#3813,#3814,#4535,.T.);
#2762=EDGE_CURVE('',#3814,#3815,#4536,.T.);
#2763=EDGE_CURVE('',#3816,#3815,#4537,.T.);
#2764=EDGE_CURVE('',#3817,#3816,#4538,.T.);
#2765=EDGE_CURVE('',#3818,#3817,#4539,.T.);
#2766=EDGE_CURVE('',#3818,#3819,#4540,.T.);
#2767=EDGE_CURVE('',#3819,#3820,#4541,.T.);
#2768=EDGE_CURVE('',#3821,#3820,#4542,.T.);
#2769=EDGE_CURVE('',#3798,#3821,#4543,.T.);
#2770=EDGE_CURVE('',#3804,#3822,#4544,.T.);
#2771=EDGE_CURVE('',#3822,#3823,#4545,.T.);
#2772=EDGE_CURVE('',#3823,#3824,#4546,.T.);
#2773=EDGE_CURVE('',#3825,#3824,#4547,.T.);
#2774=EDGE_CURVE('',#3826,#3825,#4548,.T.);
#2775=EDGE_CURVE('',#3809,#3826,#4549,.T.);
#2776=EDGE_CURVE('',#3808,#3827,#4550,.T.);
#2777=EDGE_CURVE('',#3828,#3827,#4551,.T.);
#2778=EDGE_CURVE('',#3806,#3828,#4552,.T.);
#2779=EDGE_CURVE('',#3812,#3829,#4553,.T.);
#2780=EDGE_CURVE('',#3829,#3830,#4554,.T.);
#2781=EDGE_CURVE('',#3830,#3831,#4555,.T.);
#2782=EDGE_CURVE('',#3831,#3832,#4556,.T.);
#2783=EDGE_CURVE('',#3813,#3832,#4557,.T.);
#2784=EDGE_CURVE('',#3833,#3834,#4558,.T.);
#2785=EDGE_CURVE('',#3833,#3820,#4559,.T.);
#2786=EDGE_CURVE('',#3835,#3819,#4560,.T.);
#2787=EDGE_CURVE('',#3835,#3836,#4561,.T.);
#2788=EDGE_CURVE('',#3836,#3834,#4562,.T.);
#2789=EDGE_CURVE('',#3837,#3838,#4563,.T.);
#2790=EDGE_CURVE('',#3838,#3839,#4564,.T.);
#2791=EDGE_CURVE('',#3840,#3839,#4565,.T.);
#2792=EDGE_CURVE('',#3837,#3840,#4566,.T.);
#2793=EDGE_CURVE('',#3841,#3842,#4567,.T.);
#2794=EDGE_CURVE('',#3843,#3842,#4568,.T.);
#2795=EDGE_CURVE('',#3844,#3843,#4569,.T.);
#2796=EDGE_CURVE('',#3844,#3841,#4570,.T.);
#2797=EDGE_CURVE('',#3845,#3841,#4571,.T.);
#2798=EDGE_CURVE('',#3846,#3844,#4572,.T.);
#2799=EDGE_CURVE('',#3846,#3845,#4573,.T.);
#2800=EDGE_CURVE('',#3847,#3848,#4574,.T.);
#2801=EDGE_CURVE('',#3845,#3848,#4575,.T.);
#2802=EDGE_CURVE('',#3846,#3847,#4576,.T.);
#2803=EDGE_CURVE('',#3848,#3842,#4577,.T.);
#2804=EDGE_CURVE('',#3847,#3843,#4578,.T.);
#2805=EDGE_CURVE('',#3811,#3849,#4579,.T.);
#2806=EDGE_CURVE('',#3849,#3829,#4580,.T.);
#2807=EDGE_CURVE('',#3814,#3850,#4581,.T.);
#2808=EDGE_CURVE('',#3813,#3851,#4582,.T.);
#2809=EDGE_CURVE('',#3852,#3851,#4583,.T.);
#2810=EDGE_CURVE('',#3830,#3852,#4584,.T.);
#2811=EDGE_CURVE('',#3849,#3853,#4585,.T.);
#2812=EDGE_CURVE('',#3854,#3853,#4586,.T.);
#2813=EDGE_CURVE('',#3850,#3854,#4587,.T.);
#2814=EDGE_CURVE('',#3855,#3855,#480,.T.);
#2815=EDGE_CURVE('',#3856,#3856,#481,.T.);
#2816=EDGE_CURVE('',#3857,#3857,#482,.T.);
#2817=EDGE_CURVE('',#3858,#3858,#483,.T.);
#2818=EDGE_CURVE('',#3797,#3859,#4588,.T.);
#2819=EDGE_CURVE('',#3853,#3859,#4589,.T.);
#2820=EDGE_CURVE('',#3810,#3860,#4590,.T.);
#2821=EDGE_CURVE('',#3799,#3860,#4591,.T.);
#2822=EDGE_CURVE('',#3861,#3818,#4592,.T.);
#2823=EDGE_CURVE('',#3861,#3835,#4593,.T.);
#2824=EDGE_CURVE('',#3862,#3817,#4594,.T.);
#2825=EDGE_CURVE('',#3861,#3862,#4595,.T.);
#2826=EDGE_CURVE('',#3863,#3816,#4596,.T.);
#2827=EDGE_CURVE('',#3863,#3834,#4597,.T.);
#2828=EDGE_CURVE('',#3862,#3836,#4598,.T.);
#2829=EDGE_CURVE('',#3801,#3837,#4599,.T.);
#2830=EDGE_CURVE('',#3800,#3838,#4600,.T.);
#2831=EDGE_CURVE('',#3802,#3840,#4601,.T.);
#2832=EDGE_CURVE('',#3803,#3839,#4602,.T.);
#2833=EDGE_CURVE('',#3860,#3864,#4603,.T.);
#2834=EDGE_CURVE('',#3864,#3865,#4604,.T.);
#2835=EDGE_CURVE('',#3865,#3822,#4605,.T.);
#2836=EDGE_CURVE('',#3821,#3866,#4606,.T.);
#2837=EDGE_CURVE('',#3867,#3866,#4607,.T.);
#2838=EDGE_CURVE('',#3859,#3867,#4608,.T.);
#2839=EDGE_CURVE('',#3863,#3868,#4609,.T.);
#2840=EDGE_CURVE('',#3868,#3815,#4610,.T.);
#2841=EDGE_CURVE('',#3869,#3869,#484,.T.);
#2842=EDGE_CURVE('',#3850,#3868,#4611,.T.);
#2843=EDGE_CURVE('',#3867,#3854,#4612,.T.);
#2844=EDGE_CURVE('',#3866,#3833,#4613,.T.);
#2845=EDGE_CURVE('',#3870,#3870,#485,.F.);
#2846=EDGE_CURVE('',#3852,#3871,#4614,.T.);
#2847=EDGE_CURVE('',#3871,#3831,#4615,.T.);
#2848=EDGE_CURVE('',#3872,#3832,#4616,.T.);
#2849=EDGE_CURVE('',#3851,#3872,#4617,.T.);
#2850=EDGE_CURVE('',#3873,#3873,#486,.T.);
#2851=EDGE_CURVE('',#3874,#3874,#487,.F.);
#2852=EDGE_CURVE('',#3871,#3872,#4618,.T.);
#2853=EDGE_CURVE('',#3826,#3875,#4619,.T.);
#2854=EDGE_CURVE('',#3864,#3875,#4620,.T.);
#2855=EDGE_CURVE('',#3876,#3825,#4621,.T.);
#2856=EDGE_CURVE('',#3875,#3876,#4622,.T.);
#2857=EDGE_CURVE('',#3877,#3877,#488,.T.);
#2858=EDGE_CURVE('',#3876,#3878,#4623,.T.);
#2859=EDGE_CURVE('',#3879,#3878,#4624,.T.);
#2860=EDGE_CURVE('',#3865,#3879,#4625,.T.);
#2861=EDGE_CURVE('',#3879,#3823,#4626,.T.);
#2862=EDGE_CURVE('',#3878,#3824,#4627,.T.);
#2863=EDGE_CURVE('',#3880,#3880,#489,.F.);
#2864=EDGE_CURVE('',#3805,#3881,#4628,.T.);
#2865=EDGE_CURVE('',#3881,#3828,#4629,.T.);
#2866=EDGE_CURVE('',#3807,#3882,#4630,.T.);
#2867=EDGE_CURVE('',#3882,#3827,#4631,.T.);
#2868=EDGE_CURVE('',#3883,#3883,#490,.T.);
#2869=EDGE_CURVE('',#3881,#3882,#4632,.T.);
#2870=EDGE_CURVE('',#3884,#3884,#491,.F.);
#2871=EDGE_CURVE('',#3885,#3885,#492,.T.);
#2872=EDGE_CURVE('',#3886,#3886,#493,.T.);
#2873=EDGE_CURVE('',#3887,#3887,#494,.T.);
#2874=EDGE_CURVE('',#3888,#3888,#495,.T.);
#2875=EDGE_CURVE('',#3889,#3890,#4633,.T.);
#2876=EDGE_CURVE('',#3891,#3889,#4634,.T.);
#2877=EDGE_CURVE('',#3891,#3892,#4635,.T.);
#2878=EDGE_CURVE('',#3892,#3890,#4636,.T.);
#2879=EDGE_CURVE('',#3889,#3893,#4637,.T.);
#2880=EDGE_CURVE('',#3894,#3893,#4638,.T.);
#2881=EDGE_CURVE('',#3891,#3894,#4639,.T.);
#2882=EDGE_CURVE('',#3893,#3895,#4640,.T.);
#2883=EDGE_CURVE('',#3896,#3895,#4641,.T.);
#2884=EDGE_CURVE('',#3894,#3896,#4642,.T.);
#2885=EDGE_CURVE('',#3897,#3897,#496,.T.);
#2886=EDGE_CURVE('',#3898,#3898,#497,.T.);
#2887=EDGE_CURVE('',#3890,#3895,#4643,.T.);
#2888=EDGE_CURVE('',#3892,#3896,#4644,.T.);
#2889=EDGE_CURVE('',#3899,#3900,#4645,.T.);
#2890=EDGE_CURVE('',#3900,#3901,#4646,.T.);
#2891=EDGE_CURVE('',#3901,#3902,#166,.T.);
#2892=EDGE_CURVE('',#3902,#3903,#167,.T.);
#2893=EDGE_CURVE('',#3903,#3904,#168,.T.);
#2894=EDGE_CURVE('',#3904,#3905,#169,.T.);
#2895=EDGE_CURVE('',#3905,#3906,#4647,.T.);
#2896=EDGE_CURVE('',#3906,#3907,#4648,.T.);
#2897=EDGE_CURVE('',#3907,#3908,#4649,.T.);
#2898=EDGE_CURVE('',#3908,#3909,#4650,.T.);
#2899=EDGE_CURVE('',#3909,#3910,#4651,.T.);
#2900=EDGE_CURVE('',#3910,#3911,#4652,.T.);
#2901=EDGE_CURVE('',#3911,#3912,#498,.T.);
#2902=EDGE_CURVE('',#3912,#3913,#499,.T.);
#2903=EDGE_CURVE('',#3913,#3914,#170,.T.);
#2904=EDGE_CURVE('',#3914,#3915,#171,.T.);
#2905=EDGE_CURVE('',#3915,#3899,#4653,.T.);
#2906=EDGE_CURVE('',#3916,#3917,#4654,.T.);
#2907=EDGE_CURVE('',#3917,#3918,#4655,.T.);
#2908=EDGE_CURVE('',#3918,#3919,#172,.T.);
#2909=EDGE_CURVE('',#3919,#3920,#173,.T.);
#2910=EDGE_CURVE('',#3920,#3921,#174,.T.);
#2911=EDGE_CURVE('',#3921,#3922,#175,.T.);
#2912=EDGE_CURVE('',#3922,#3923,#4656,.T.);
#2913=EDGE_CURVE('',#3923,#3924,#4657,.T.);
#2914=EDGE_CURVE('',#3924,#3925,#4658,.T.);
#2915=EDGE_CURVE('',#3925,#3926,#176,.T.);
#2916=EDGE_CURVE('',#3926,#3927,#177,.T.);
#2917=EDGE_CURVE('',#3927,#3928,#178,.T.);
#2918=EDGE_CURVE('',#3928,#3929,#179,.T.);
#2919=EDGE_CURVE('',#3929,#3916,#4659,.T.);
#2920=EDGE_CURVE('',#3930,#3931,#180,.T.);
#2921=EDGE_CURVE('',#3931,#3932,#500,.T.);
#2922=EDGE_CURVE('',#3932,#3933,#501,.T.);
#2923=EDGE_CURVE('',#3933,#3934,#4660,.T.);
#2924=EDGE_CURVE('',#3934,#3935,#502,.T.);
#2925=EDGE_CURVE('',#3935,#3936,#4661,.T.);
#2926=EDGE_CURVE('',#3936,#3937,#4662,.T.);
#2927=EDGE_CURVE('',#3937,#3938,#4663,.T.);
#2928=EDGE_CURVE('',#3938,#3939,#4664,.T.);
#2929=EDGE_CURVE('',#3939,#3940,#4665,.T.);
#2930=EDGE_CURVE('',#3940,#3941,#4666,.T.);
#2931=EDGE_CURVE('',#3941,#3942,#181,.T.);
#2932=EDGE_CURVE('',#3942,#3943,#182,.T.);
#2933=EDGE_CURVE('',#3943,#3944,#183,.T.);
#2934=EDGE_CURVE('',#3944,#3945,#184,.T.);
#2935=EDGE_CURVE('',#3945,#3930,#185,.T.);
#2936=EDGE_CURVE('',#3946,#3947,#186,.T.);
#2937=EDGE_CURVE('',#3947,#3948,#187,.T.);
#2938=EDGE_CURVE('',#3948,#3949,#188,.T.);
#2939=EDGE_CURVE('',#3949,#3950,#189,.T.);
#2940=EDGE_CURVE('',#3950,#3951,#190,.T.);
#2941=EDGE_CURVE('',#3951,#3952,#191,.T.);
#2942=EDGE_CURVE('',#3952,#3953,#192,.T.);
#2943=EDGE_CURVE('',#3953,#3954,#193,.T.);
#2944=EDGE_CURVE('',#3954,#3946,#194,.T.);
#2945=EDGE_CURVE('',#3955,#3956,#195,.T.);
#2946=EDGE_CURVE('',#3956,#3957,#196,.T.);
#2947=EDGE_CURVE('',#3957,#3958,#197,.T.);
#2948=EDGE_CURVE('',#3958,#3959,#198,.T.);
#2949=EDGE_CURVE('',#3959,#3960,#199,.T.);
#2950=EDGE_CURVE('',#3960,#3961,#200,.T.);
#2951=EDGE_CURVE('',#3961,#3962,#201,.T.);
#2952=EDGE_CURVE('',#3962,#3963,#202,.T.);
#2953=EDGE_CURVE('',#3963,#3955,#203,.T.);
#2954=EDGE_CURVE('',#3964,#3965,#4667,.T.);
#2955=EDGE_CURVE('',#3964,#3966,#4668,.T.);
#2956=EDGE_CURVE('',#3966,#3967,#4669,.T.);
#2957=EDGE_CURVE('',#3965,#3967,#4670,.T.);
#2958=EDGE_CURVE('',#3968,#3969,#4671,.T.);
#2959=EDGE_CURVE('',#3968,#3970,#4672,.T.);
#2960=EDGE_CURVE('',#3970,#3971,#4673,.T.);
#2961=EDGE_CURVE('',#3969,#3971,#4674,.T.);
#2962=EDGE_CURVE('',#3972,#3972,#503,.T.);
#2963=EDGE_CURVE('',#3973,#3973,#504,.T.);
#2964=EDGE_CURVE('',#3974,#3974,#505,.T.);
#2965=EDGE_CURVE('',#3975,#3975,#506,.T.);
#2966=EDGE_CURVE('',#3976,#3977,#4675,.T.);
#2967=EDGE_CURVE('',#3977,#3978,#204,.T.);
#2968=EDGE_CURVE('',#3978,#3979,#205,.T.);
#2969=EDGE_CURVE('',#3979,#3980,#206,.T.);
#2970=EDGE_CURVE('',#3980,#3981,#207,.T.);
#2971=EDGE_CURVE('',#3981,#3982,#4676,.T.);
#2972=EDGE_CURVE('',#3982,#3983,#4677,.T.);
#2973=EDGE_CURVE('',#3983,#3984,#4678,.T.);
#2974=EDGE_CURVE('',#3984,#3985,#4679,.T.);
#2975=EDGE_CURVE('',#3985,#3986,#4680,.T.);
#2976=EDGE_CURVE('',#3986,#3987,#4681,.T.);
#2977=EDGE_CURVE('',#3987,#3988,#507,.T.);
#2978=EDGE_CURVE('',#3988,#3989,#508,.T.);
#2979=EDGE_CURVE('',#3989,#3990,#208,.T.);
#2980=EDGE_CURVE('',#3990,#3991,#209,.T.);
#2981=EDGE_CURVE('',#3991,#3992,#4682,.T.);
#2982=EDGE_CURVE('',#3992,#3976,#4683,.T.);
#2983=EDGE_CURVE('',#3993,#3994,#4684,.T.);
#2984=EDGE_CURVE('',#3994,#3995,#4685,.T.);
#2985=EDGE_CURVE('',#3995,#3996,#509,.T.);
#2986=EDGE_CURVE('',#3996,#3997,#4686,.T.);
#2987=EDGE_CURVE('',#3997,#3998,#4687,.T.);
#2988=EDGE_CURVE('',#3998,#3999,#4688,.T.);
#2989=EDGE_CURVE('',#3999,#4000,#4689,.T.);
#2990=EDGE_CURVE('',#4000,#4001,#4690,.T.);
#2991=EDGE_CURVE('',#4001,#4002,#4691,.T.);
#2992=EDGE_CURVE('',#4002,#4003,#4692,.T.);
#2993=EDGE_CURVE('',#4003,#4004,#4693,.T.);
#2994=EDGE_CURVE('',#4004,#4005,#4694,.T.);
#2995=EDGE_CURVE('',#4005,#4006,#4695,.T.);
#2996=EDGE_CURVE('',#4006,#4007,#4696,.T.);
#2997=EDGE_CURVE('',#4007,#4008,#510,.T.);
#2998=EDGE_CURVE('',#4008,#4009,#4697,.T.);
#2999=EDGE_CURVE('',#4009,#4010,#4698,.T.);
#3000=EDGE_CURVE('',#4010,#3993,#4699,.T.);
#3001=EDGE_CURVE('',#4011,#4012,#210,.T.);
#3002=EDGE_CURVE('',#4012,#4013,#211,.T.);
#3003=EDGE_CURVE('',#4013,#4014,#212,.T.);
#3004=EDGE_CURVE('',#4014,#4015,#213,.T.);
#3005=EDGE_CURVE('',#4015,#4016,#214,.T.);
#3006=EDGE_CURVE('',#4016,#4017,#215,.T.);
#3007=EDGE_CURVE('',#4017,#4018,#216,.T.);
#3008=EDGE_CURVE('',#4018,#4019,#4700,.T.);
#3009=EDGE_CURVE('',#4019,#4020,#4701,.T.);
#3010=EDGE_CURVE('',#4020,#4021,#217,.T.);
#3011=EDGE_CURVE('',#4021,#4022,#218,.T.);
#3012=EDGE_CURVE('',#4022,#4023,#511,.F.);
#3013=EDGE_CURVE('',#4023,#4024,#4702,.T.);
#3014=EDGE_CURVE('',#4024,#4011,#512,.T.);
#3015=EDGE_CURVE('',#4025,#4026,#4703,.T.);
#3016=EDGE_CURVE('',#4026,#4027,#4704,.T.);
#3017=EDGE_CURVE('',#4027,#4028,#4705,.T.);
#3018=EDGE_CURVE('',#4028,#4029,#4706,.T.);
#3019=EDGE_CURVE('',#4029,#4030,#4707,.T.);
#3020=EDGE_CURVE('',#4030,#4031,#4708,.T.);
#3021=EDGE_CURVE('',#4031,#4032,#4709,.T.);
#3022=EDGE_CURVE('',#4032,#4033,#4710,.T.);
#3023=EDGE_CURVE('',#4033,#4034,#4711,.T.);
#3024=EDGE_CURVE('',#4034,#4025,#4712,.T.);
#3025=EDGE_CURVE('',#4035,#4036,#219,.T.);
#3026=EDGE_CURVE('',#4036,#4037,#220,.T.);
#3027=EDGE_CURVE('',#4037,#4038,#221,.T.);
#3028=EDGE_CURVE('',#4038,#4039,#222,.T.);
#3029=EDGE_CURVE('',#4039,#4040,#223,.T.);
#3030=EDGE_CURVE('',#4040,#4041,#224,.T.);
#3031=EDGE_CURVE('',#4041,#4042,#225,.T.);
#3032=EDGE_CURVE('',#4042,#4043,#226,.T.);
#3033=EDGE_CURVE('',#4043,#4035,#227,.T.);
#3034=EDGE_CURVE('',#4044,#4045,#4713,.T.);
#3035=EDGE_CURVE('',#4045,#4046,#4714,.T.);
#3036=EDGE_CURVE('',#4046,#4047,#228,.T.);
#3037=EDGE_CURVE('',#4047,#4048,#229,.T.);
#3038=EDGE_CURVE('',#4048,#4049,#230,.T.);
#3039=EDGE_CURVE('',#4049,#4050,#231,.T.);
#3040=EDGE_CURVE('',#4050,#4051,#4715,.T.);
#3041=EDGE_CURVE('',#4051,#4052,#4716,.T.);
#3042=EDGE_CURVE('',#4052,#4053,#4717,.T.);
#3043=EDGE_CURVE('',#4053,#4054,#4718,.T.);
#3044=EDGE_CURVE('',#4054,#4055,#4719,.T.);
#3045=EDGE_CURVE('',#4055,#4056,#4720,.T.);
#3046=EDGE_CURVE('',#4056,#4057,#513,.T.);
#3047=EDGE_CURVE('',#4057,#4058,#514,.T.);
#3048=EDGE_CURVE('',#4058,#4059,#232,.T.);
#3049=EDGE_CURVE('',#4059,#4060,#233,.T.);
#3050=EDGE_CURVE('',#4060,#4044,#4721,.T.);
#3051=EDGE_CURVE('',#4061,#4062,#234,.T.);
#3052=EDGE_CURVE('',#4062,#4063,#235,.T.);
#3053=EDGE_CURVE('',#4063,#4064,#236,.T.);
#3054=EDGE_CURVE('',#4064,#4065,#237,.T.);
#3055=EDGE_CURVE('',#4065,#4066,#4722,.T.);
#3056=EDGE_CURVE('',#4066,#4067,#515,.F.);
#3057=EDGE_CURVE('',#4067,#4068,#516,.F.);
#3058=EDGE_CURVE('',#4068,#4069,#238,.T.);
#3059=EDGE_CURVE('',#4069,#4070,#239,.T.);
#3060=EDGE_CURVE('',#4070,#4071,#240,.T.);
#3061=EDGE_CURVE('',#4071,#4072,#241,.T.);
#3062=EDGE_CURVE('',#4072,#4073,#242,.T.);
#3063=EDGE_CURVE('',#4073,#4074,#243,.T.);
#3064=EDGE_CURVE('',#4074,#4075,#244,.T.);
#3065=EDGE_CURVE('',#4075,#4076,#245,.T.);
#3066=EDGE_CURVE('',#4076,#4077,#246,.T.);
#3067=EDGE_CURVE('',#4077,#4078,#247,.T.);
#3068=EDGE_CURVE('',#4078,#4079,#4723,.T.);
#3069=EDGE_CURVE('',#4079,#4080,#248,.T.);
#3070=EDGE_CURVE('',#4080,#4081,#249,.T.);
#3071=EDGE_CURVE('',#4081,#4082,#250,.T.);
#3072=EDGE_CURVE('',#4082,#4083,#251,.T.);
#3073=EDGE_CURVE('',#4083,#4084,#252,.T.);
#3074=EDGE_CURVE('',#4084,#4085,#253,.T.);
#3075=EDGE_CURVE('',#4085,#4061,#254,.T.);
#3076=EDGE_CURVE('',#4086,#4087,#4724,.T.);
#3077=EDGE_CURVE('',#4087,#4088,#4725,.T.);
#3078=EDGE_CURVE('',#4088,#4089,#255,.T.);
#3079=EDGE_CURVE('',#4089,#4090,#256,.T.);
#3080=EDGE_CURVE('',#4090,#4091,#257,.T.);
#3081=EDGE_CURVE('',#4091,#4092,#258,.T.);
#3082=EDGE_CURVE('',#4092,#4093,#4726,.T.);
#3083=EDGE_CURVE('',#4093,#4094,#4727,.T.);
#3084=EDGE_CURVE('',#4094,#4095,#4728,.T.);
#3085=EDGE_CURVE('',#4095,#4096,#4729,.T.);
#3086=EDGE_CURVE('',#4096,#4097,#4730,.T.);
#3087=EDGE_CURVE('',#4097,#4098,#4731,.T.);
#3088=EDGE_CURVE('',#4098,#4099,#517,.T.);
#3089=EDGE_CURVE('',#4099,#4100,#518,.T.);
#3090=EDGE_CURVE('',#4100,#4101,#259,.T.);
#3091=EDGE_CURVE('',#4101,#4102,#260,.T.);
#3092=EDGE_CURVE('',#4102,#4086,#4732,.T.);
#3093=EDGE_CURVE('',#4103,#4104,#4733,.T.);
#3094=EDGE_CURVE('',#4104,#4105,#4734,.T.);
#3095=EDGE_CURVE('',#4105,#4106,#261,.T.);
#3096=EDGE_CURVE('',#4106,#4107,#4735,.T.);
#3097=EDGE_CURVE('',#4107,#4108,#262,.T.);
#3098=EDGE_CURVE('',#4108,#4109,#4736,.T.);
#3099=EDGE_CURVE('',#4109,#4110,#4737,.T.);
#3100=EDGE_CURVE('',#4110,#4111,#4738,.T.);
#3101=EDGE_CURVE('',#4111,#4112,#4739,.T.);
#3102=EDGE_CURVE('',#4112,#4113,#4740,.T.);
#3103=EDGE_CURVE('',#4113,#4114,#263,.T.);
#3104=EDGE_CURVE('',#4114,#4115,#4741,.T.);
#3105=EDGE_CURVE('',#4115,#4116,#519,.T.);
#3106=EDGE_CURVE('',#4116,#4117,#520,.T.);
#3107=EDGE_CURVE('',#4117,#4118,#4742,.T.);
#3108=EDGE_CURVE('',#4118,#4119,#4743,.T.);
#3109=EDGE_CURVE('',#4119,#4120,#4744,.T.);
#3110=EDGE_CURVE('',#4120,#4121,#264,.T.);
#3111=EDGE_CURVE('',#4121,#4122,#4745,.T.);
#3112=EDGE_CURVE('',#4122,#4123,#521,.T.);
#3113=EDGE_CURVE('',#4123,#4124,#265,.T.);
#3114=EDGE_CURVE('',#4124,#4125,#4746,.T.);
#3115=EDGE_CURVE('',#4125,#4103,#4747,.T.);
#3116=EDGE_CURVE('',#4126,#4127,#266,.T.);
#3117=EDGE_CURVE('',#4127,#4128,#267,.T.);
#3118=EDGE_CURVE('',#4128,#4129,#268,.T.);
#3119=EDGE_CURVE('',#4129,#4130,#4748,.T.);
#3120=EDGE_CURVE('',#4130,#4131,#4749,.T.);
#3121=EDGE_CURVE('',#4131,#4132,#4750,.T.);
#3122=EDGE_CURVE('',#4132,#4126,#269,.T.);
#3123=EDGE_CURVE('',#4133,#4134,#522,.T.);
#3124=EDGE_CURVE('',#4134,#4135,#270,.T.);
#3125=EDGE_CURVE('',#4135,#4136,#271,.T.);
#3126=EDGE_CURVE('',#4136,#4137,#272,.T.);
#3127=EDGE_CURVE('',#4137,#4138,#273,.T.);
#3128=EDGE_CURVE('',#4138,#4139,#274,.T.);
#3129=EDGE_CURVE('',#4139,#4140,#275,.T.);
#3130=EDGE_CURVE('',#4140,#4141,#4751,.T.);
#3131=EDGE_CURVE('',#4141,#4142,#4752,.T.);
#3132=EDGE_CURVE('',#4142,#4143,#276,.T.);
#3133=EDGE_CURVE('',#4143,#4144,#277,.T.);
#3134=EDGE_CURVE('',#4144,#4145,#523,.F.);
#3135=EDGE_CURVE('',#4145,#4146,#4753,.T.);
#3136=EDGE_CURVE('',#4146,#4133,#524,.T.);
#3137=EDGE_CURVE('',#4147,#4148,#4754,.T.);
#3138=EDGE_CURVE('',#3964,#4147,#4755,.T.);
#3139=EDGE_CURVE('',#3965,#4148,#4756,.T.);
#3140=EDGE_CURVE('',#4147,#4149,#4757,.T.);
#3141=EDGE_CURVE('',#3966,#4149,#4758,.T.);
#3142=EDGE_CURVE('',#4149,#4150,#4759,.T.);
#3143=EDGE_CURVE('',#3967,#4150,#4760,.T.);
#3144=EDGE_CURVE('',#4151,#4152,#4761,.T.);
#3145=EDGE_CURVE('',#3968,#4151,#4762,.T.);
#3146=EDGE_CURVE('',#3969,#4152,#4763,.T.);
#3147=EDGE_CURVE('',#4151,#4153,#4764,.T.);
#3148=EDGE_CURVE('',#3970,#4153,#4765,.T.);
#3149=EDGE_CURVE('',#4153,#4154,#4766,.T.);
#3150=EDGE_CURVE('',#3971,#4154,#4767,.T.);
#3151=EDGE_CURVE('',#4152,#4154,#4768,.T.);
#3152=EDGE_CURVE('',#4155,#4155,#525,.T.);
#3153=EDGE_CURVE('',#4156,#4156,#526,.T.);
#3154=EDGE_CURVE('',#4157,#4157,#527,.T.);
#3155=EDGE_CURVE('',#4158,#4158,#528,.T.);
#3156=EDGE_CURVE('',#4148,#4150,#4769,.T.);
#3157=EDGE_CURVE('',#4159,#3976,#4770,.T.);
#3158=EDGE_CURVE('',#4159,#4160,#4771,.T.);
#3159=EDGE_CURVE('',#4160,#3977,#4772,.T.);
#3160=EDGE_CURVE('',#4161,#3992,#4773,.T.);
#3161=EDGE_CURVE('',#4161,#4159,#4774,.T.);
#3162=EDGE_CURVE('',#4162,#3991,#4775,.T.);
#3163=EDGE_CURVE('',#4162,#4161,#4776,.T.);
#3164=EDGE_CURVE('',#4163,#3990,#4777,.T.);
#3165=EDGE_CURVE('',#4163,#4162,#278,.T.);
#3166=EDGE_CURVE('',#4164,#3989,#4778,.T.);
#3167=EDGE_CURVE('',#4164,#4163,#279,.T.);
#3168=EDGE_CURVE('',#4165,#3988,#4779,.T.);
#3169=EDGE_CURVE('',#4165,#4164,#529,.T.);
#3170=EDGE_CURVE('',#4166,#3987,#4780,.T.);
#3171=EDGE_CURVE('',#4166,#4165,#530,.T.);
#3172=EDGE_CURVE('',#4167,#3986,#4781,.T.);
#3173=EDGE_CURVE('',#4167,#4166,#4782,.T.);
#3174=EDGE_CURVE('',#4168,#3985,#4783,.T.);
#3175=EDGE_CURVE('',#4168,#4167,#4784,.T.);
#3176=EDGE_CURVE('',#4169,#3984,#4785,.T.);
#3177=EDGE_CURVE('',#4169,#4168,#4786,.T.);
#3178=EDGE_CURVE('',#4170,#3983,#4787,.T.);
#3179=EDGE_CURVE('',#4170,#4169,#4788,.T.);
#3180=EDGE_CURVE('',#4171,#3982,#4789,.T.);
#3181=EDGE_CURVE('',#4171,#4170,#4790,.T.);
#3182=EDGE_CURVE('',#4172,#3981,#4791,.T.);
#3183=EDGE_CURVE('',#4172,#4171,#4792,.T.);
#3184=EDGE_CURVE('',#4173,#3980,#4793,.T.);
#3185=EDGE_CURVE('',#4173,#4172,#280,.T.);
#3186=EDGE_CURVE('',#4174,#3979,#4794,.T.);
#3187=EDGE_CURVE('',#4174,#4173,#281,.T.);
#3188=EDGE_CURVE('',#4175,#3978,#4795,.T.);
#3189=EDGE_CURVE('',#4175,#4174,#282,.T.);
#3190=EDGE_CURVE('',#4160,#4175,#283,.T.);
#3191=EDGE_CURVE('',#4176,#3993,#4796,.T.);
#3192=EDGE_CURVE('',#4176,#4177,#4797,.T.);
#3193=EDGE_CURVE('',#4177,#3994,#4798,.T.);
#3194=EDGE_CURVE('',#4178,#4010,#4799,.T.);
#3195=EDGE_CURVE('',#4178,#4176,#4800,.T.);
#3196=EDGE_CURVE('',#4179,#4009,#4801,.T.);
#3197=EDGE_CURVE('',#4179,#4178,#4802,.T.);
#3198=EDGE_CURVE('',#4180,#4008,#4803,.T.);
#3199=EDGE_CURVE('',#4180,#4179,#4804,.T.);
#3200=EDGE_CURVE('',#4181,#4007,#4805,.T.);
#3201=EDGE_CURVE('',#4181,#4180,#531,.T.);
#3202=EDGE_CURVE('',#4182,#4006,#4806,.T.);
#3203=EDGE_CURVE('',#4182,#4181,#4807,.T.);
#3204=EDGE_CURVE('',#4183,#4005,#4808,.T.);
#3205=EDGE_CURVE('',#4183,#4182,#4809,.T.);
#3206=EDGE_CURVE('',#4184,#4004,#4810,.T.);
#3207=EDGE_CURVE('',#4184,#4183,#4811,.T.);
#3208=EDGE_CURVE('',#4185,#4003,#4812,.T.);
#3209=EDGE_CURVE('',#4185,#4184,#4813,.T.);
#3210=EDGE_CURVE('',#4186,#4002,#4814,.T.);
#3211=EDGE_CURVE('',#4186,#4185,#4815,.T.);
#3212=EDGE_CURVE('',#4187,#4001,#4816,.T.);
#3213=EDGE_CURVE('',#4187,#4186,#4817,.T.);
#3214=EDGE_CURVE('',#4188,#4000,#4818,.T.);
#3215=EDGE_CURVE('',#4188,#4187,#4819,.T.);
#3216=EDGE_CURVE('',#4189,#3999,#4820,.T.);
#3217=EDGE_CURVE('',#4189,#4188,#4821,.T.);
#3218=EDGE_CURVE('',#4190,#3998,#4822,.T.);
#3219=EDGE_CURVE('',#4190,#4189,#4823,.T.);
#3220=EDGE_CURVE('',#4191,#3997,#4824,.T.);
#3221=EDGE_CURVE('',#4191,#4190,#4825,.T.);
#3222=EDGE_CURVE('',#4192,#3996,#4826,.T.);
#3223=EDGE_CURVE('',#4192,#4191,#4827,.T.);
#3224=EDGE_CURVE('',#4193,#3995,#4828,.T.);
#3225=EDGE_CURVE('',#4193,#4192,#532,.T.);
#3226=EDGE_CURVE('',#4177,#4193,#4829,.T.);
#3227=EDGE_CURVE('',#4194,#4195,#284,.T.);
#3228=EDGE_CURVE('',#4196,#4194,#4830,.T.);
#3229=EDGE_CURVE('',#4196,#4197,#285,.T.);
#3230=EDGE_CURVE('',#4197,#4195,#4831,.T.);
#3231=EDGE_CURVE('',#4198,#4194,#286,.T.);
#3232=EDGE_CURVE('',#4199,#4198,#4832,.T.);
#3233=EDGE_CURVE('',#4199,#4196,#287,.T.);
#3234=EDGE_CURVE('',#4200,#4198,#288,.T.);
#3235=EDGE_CURVE('',#4201,#4200,#4833,.T.);
#3236=EDGE_CURVE('',#4201,#4199,#289,.T.);
#3237=EDGE_CURVE('',#4202,#4200,#4834,.T.);
#3238=EDGE_CURVE('',#4203,#4202,#4835,.T.);
#3239=EDGE_CURVE('',#4203,#4201,#4836,.T.);
#3240=EDGE_CURVE('',#4204,#4012,#4837,.T.);
#3241=EDGE_CURVE('',#4204,#4205,#290,.T.);
#3242=EDGE_CURVE('',#4205,#4013,#4838,.T.);
#3243=EDGE_CURVE('',#4206,#4011,#4839,.T.);
#3244=EDGE_CURVE('',#4206,#4204,#291,.T.);
#3245=EDGE_CURVE('',#4207,#4024,#4840,.T.);
#3246=EDGE_CURVE('',#4207,#4206,#533,.T.);
#3247=EDGE_CURVE('',#4208,#4023,#4841,.T.);
#3248=EDGE_CURVE('',#4208,#4207,#4842,.T.);
#3249=EDGE_CURVE('',#4209,#4022,#4843,.T.);
#3250=EDGE_CURVE('',#4209,#4208,#534,.F.);
#3251=EDGE_CURVE('',#4210,#4021,#4844,.T.);
#3252=EDGE_CURVE('',#4210,#4209,#292,.T.);
#3253=EDGE_CURVE('',#4211,#4020,#4845,.T.);
#3254=EDGE_CURVE('',#4211,#4210,#293,.T.);
#3255=EDGE_CURVE('',#4212,#4019,#4846,.T.);
#3256=EDGE_CURVE('',#4212,#4211,#4847,.T.);
#3257=EDGE_CURVE('',#4213,#4018,#4848,.T.);
#3258=EDGE_CURVE('',#4213,#4212,#4849,.T.);
#3259=EDGE_CURVE('',#4214,#4017,#4850,.T.);
#3260=EDGE_CURVE('',#4214,#4213,#294,.T.);
#3261=EDGE_CURVE('',#4215,#4016,#4851,.T.);
#3262=EDGE_CURVE('',#4215,#4214,#295,.T.);
#3263=EDGE_CURVE('',#4216,#4015,#4852,.T.);
#3264=EDGE_CURVE('',#4216,#4215,#296,.T.);
#3265=EDGE_CURVE('',#4217,#4014,#4853,.T.);
#3266=EDGE_CURVE('',#4217,#4216,#297,.T.);
#3267=EDGE_CURVE('',#4205,#4217,#298,.T.);
#3268=EDGE_CURVE('',#4195,#4202,#299,.T.);
#3269=EDGE_CURVE('',#4197,#4203,#300,.T.);
#3270=EDGE_CURVE('',#4218,#4026,#4854,.T.);
#3271=EDGE_CURVE('',#4218,#4219,#4855,.T.);
#3272=EDGE_CURVE('',#4219,#4027,#4856,.T.);
#3273=EDGE_CURVE('',#4220,#4025,#4857,.T.);
#3274=EDGE_CURVE('',#4220,#4218,#4858,.T.);
#3275=EDGE_CURVE('',#4221,#4034,#4859,.T.);
#3276=EDGE_CURVE('',#4221,#4220,#4860,.T.);
#3277=EDGE_CURVE('',#4222,#4033,#4861,.T.);
#3278=EDGE_CURVE('',#4222,#4221,#4862,.T.);
#3279=EDGE_CURVE('',#4223,#4032,#4863,.T.);
#3280=EDGE_CURVE('',#4223,#4222,#4864,.T.);
#3281=EDGE_CURVE('',#4224,#4031,#4865,.T.);
#3282=EDGE_CURVE('',#4224,#4223,#4866,.T.);
#3283=EDGE_CURVE('',#4225,#4030,#4867,.T.);
#3284=EDGE_CURVE('',#4225,#4224,#4868,.T.);
#3285=EDGE_CURVE('',#4226,#4029,#4869,.T.);
#3286=EDGE_CURVE('',#4226,#4225,#4870,.T.);
#3287=EDGE_CURVE('',#4227,#4028,#4871,.T.);
#3288=EDGE_CURVE('',#4227,#4226,#4872,.T.);
#3289=EDGE_CURVE('',#4219,#4227,#4873,.T.);
#3290=EDGE_CURVE('',#4228,#4229,#301,.T.);
#3291=EDGE_CURVE('',#4230,#4228,#4874,.T.);
#3292=EDGE_CURVE('',#4230,#4231,#302,.T.);
#3293=EDGE_CURVE('',#4231,#4229,#4875,.T.);
#3294=EDGE_CURVE('',#4232,#4228,#303,.T.);
#3295=EDGE_CURVE('',#4233,#4232,#4876,.T.);
#3296=EDGE_CURVE('',#4233,#4230,#304,.T.);
#3297=EDGE_CURVE('',#4234,#4232,#305,.T.);
#3298=EDGE_CURVE('',#4235,#4234,#4877,.T.);
#3299=EDGE_CURVE('',#4235,#4233,#306,.T.);
#3300=EDGE_CURVE('',#4236,#4234,#307,.T.);
#3301=EDGE_CURVE('',#4237,#4236,#4878,.T.);
#3302=EDGE_CURVE('',#4237,#4235,#308,.T.);
#3303=EDGE_CURVE('',#4238,#4236,#309,.T.);
#3304=EDGE_CURVE('',#4239,#4238,#4879,.T.);
#3305=EDGE_CURVE('',#4239,#4237,#310,.T.);
#3306=EDGE_CURVE('',#4240,#4238,#311,.T.);
#3307=EDGE_CURVE('',#4241,#4240,#4880,.T.);
#3308=EDGE_CURVE('',#4241,#4239,#312,.T.);
#3309=EDGE_CURVE('',#4242,#4240,#313,.T.);
#3310=EDGE_CURVE('',#4243,#4242,#4881,.T.);
#3311=EDGE_CURVE('',#4243,#4241,#314,.T.);
#3312=EDGE_CURVE('',#4244,#3956,#4882,.T.);
#3313=EDGE_CURVE('',#4244,#4245,#315,.T.);
#3314=EDGE_CURVE('',#4245,#3957,#4883,.T.);
#3315=EDGE_CURVE('',#4246,#3955,#4884,.T.);
#3316=EDGE_CURVE('',#4246,#4244,#316,.T.);
#3317=EDGE_CURVE('',#4247,#3963,#4885,.T.);
#3318=EDGE_CURVE('',#4247,#4246,#317,.T.);
#3319=EDGE_CURVE('',#4248,#3962,#4886,.T.);
#3320=EDGE_CURVE('',#4248,#4247,#318,.T.);
#3321=EDGE_CURVE('',#4249,#3961,#4887,.T.);
#3322=EDGE_CURVE('',#4249,#4248,#319,.T.);
#3323=EDGE_CURVE('',#4250,#3960,#4888,.T.);
#3324=EDGE_CURVE('',#4250,#4249,#320,.T.);
#3325=EDGE_CURVE('',#4251,#3959,#4889,.T.);
#3326=EDGE_CURVE('',#4251,#4250,#321,.T.);
#3327=EDGE_CURVE('',#4252,#3958,#4890,.T.);
#3328=EDGE_CURVE('',#4252,#4251,#322,.T.);
#3329=EDGE_CURVE('',#4245,#4252,#323,.T.);
#3330=EDGE_CURVE('',#4229,#4242,#324,.T.);
#3331=EDGE_CURVE('',#4231,#4243,#325,.T.);
#3332=EDGE_CURVE('',#4253,#4254,#326,.T.);
#3333=EDGE_CURVE('',#4255,#4253,#4891,.T.);
#3334=EDGE_CURVE('',#4255,#4256,#327,.T.);
#3335=EDGE_CURVE('',#4256,#4254,#4892,.T.);
#3336=EDGE_CURVE('',#4257,#4253,#328,.T.);
#3337=EDGE_CURVE('',#4258,#4257,#4893,.T.);
#3338=EDGE_CURVE('',#4258,#4255,#329,.T.);
#3339=EDGE_CURVE('',#4259,#4257,#330,.T.);
#3340=EDGE_CURVE('',#4260,#4259,#4894,.T.);
#3341=EDGE_CURVE('',#4260,#4258,#331,.T.);
#3342=EDGE_CURVE('',#4261,#4259,#332,.T.);
#3343=EDGE_CURVE('',#4262,#4261,#4895,.T.);
#3344=EDGE_CURVE('',#4262,#4260,#333,.T.);
#3345=EDGE_CURVE('',#4263,#4261,#334,.T.);
#3346=EDGE_CURVE('',#4264,#4263,#4896,.T.);
#3347=EDGE_CURVE('',#4264,#4262,#335,.T.);
#3348=EDGE_CURVE('',#4265,#4263,#336,.T.);
#3349=EDGE_CURVE('',#4266,#4265,#4897,.T.);
#3350=EDGE_CURVE('',#4266,#4264,#337,.T.);
#3351=EDGE_CURVE('',#4267,#4265,#338,.T.);
#3352=EDGE_CURVE('',#4268,#4267,#4898,.T.);
#3353=EDGE_CURVE('',#4268,#4266,#339,.T.);
#3354=EDGE_CURVE('',#4269,#4036,#4899,.T.);
#3355=EDGE_CURVE('',#4269,#4270,#340,.T.);
#3356=EDGE_CURVE('',#4270,#4037,#4900,.T.);
#3357=EDGE_CURVE('',#4271,#4035,#4901,.T.);
#3358=EDGE_CURVE('',#4271,#4269,#341,.T.);
#3359=EDGE_CURVE('',#4272,#4043,#4902,.T.);
#3360=EDGE_CURVE('',#4272,#4271,#342,.T.);
#3361=EDGE_CURVE('',#4273,#4042,#4903,.T.);
#3362=EDGE_CURVE('',#4273,#4272,#343,.T.);
#3363=EDGE_CURVE('',#4274,#4041,#4904,.T.);
#3364=EDGE_CURVE('',#4274,#4273,#344,.T.);
#3365=EDGE_CURVE('',#4275,#4040,#4905,.T.);
#3366=EDGE_CURVE('',#4275,#4274,#345,.T.);
#3367=EDGE_CURVE('',#4276,#4039,#4906,.T.);
#3368=EDGE_CURVE('',#4276,#4275,#346,.T.);
#3369=EDGE_CURVE('',#4277,#4038,#4907,.T.);
#3370=EDGE_CURVE('',#4277,#4276,#347,.T.);
#3371=EDGE_CURVE('',#4270,#4277,#348,.T.);
#3372=EDGE_CURVE('',#4254,#4267,#349,.T.);
#3373=EDGE_CURVE('',#4256,#4268,#350,.T.);
#3374=EDGE_CURVE('',#4278,#4045,#4908,.T.);
#3375=EDGE_CURVE('',#4278,#4279,#4909,.T.);
#3376=EDGE_CURVE('',#4279,#4046,#4910,.T.);
#3377=EDGE_CURVE('',#4280,#4044,#4911,.T.);
#3378=EDGE_CURVE('',#4280,#4278,#4912,.T.);
#3379=EDGE_CURVE('',#4281,#4060,#4913,.T.);
#3380=EDGE_CURVE('',#4281,#4280,#4914,.T.);
#3381=EDGE_CURVE('',#4282,#4059,#4915,.T.);
#3382=EDGE_CURVE('',#4282,#4281,#351,.T.);
#3383=EDGE_CURVE('',#4283,#4058,#4916,.T.);
#3384=EDGE_CURVE('',#4283,#4282,#352,.T.);
#3385=EDGE_CURVE('',#4284,#4057,#4917,.T.);
#3386=EDGE_CURVE('',#4284,#4283,#535,.T.);
#3387=EDGE_CURVE('',#4285,#4056,#4918,.T.);
#3388=EDGE_CURVE('',#4285,#4284,#536,.T.);
#3389=EDGE_CURVE('',#4286,#4055,#4919,.T.);
#3390=EDGE_CURVE('',#4286,#4285,#4920,.T.);
#3391=EDGE_CURVE('',#4287,#4054,#4921,.T.);
#3392=EDGE_CURVE('',#4287,#4286,#4922,.T.);
#3393=EDGE_CURVE('',#4288,#4053,#4923,.T.);
#3394=EDGE_CURVE('',#4288,#4287,#4924,.T.);
#3395=EDGE_CURVE('',#4289,#4052,#4925,.T.);
#3396=EDGE_CURVE('',#4289,#4288,#4926,.T.);
#3397=EDGE_CURVE('',#4290,#4051,#4927,.T.);
#3398=EDGE_CURVE('',#4290,#4289,#4928,.T.);
#3399=EDGE_CURVE('',#4291,#4050,#4929,.T.);
#3400=EDGE_CURVE('',#4291,#4290,#4930,.T.);
#3401=EDGE_CURVE('',#4292,#4049,#4931,.T.);
#3402=EDGE_CURVE('',#4292,#4291,#353,.T.);
#3403=EDGE_CURVE('',#4293,#4048,#4932,.T.);
#3404=EDGE_CURVE('',#4293,#4292,#354,.T.);
#3405=EDGE_CURVE('',#4294,#4047,#4933,.T.);
#3406=EDGE_CURVE('',#4294,#4293,#355,.T.);
#3407=EDGE_CURVE('',#4279,#4294,#356,.T.);
#3408=EDGE_CURVE('',#4295,#4062,#4934,.T.);
#3409=EDGE_CURVE('',#4295,#4296,#357,.T.);
#3410=EDGE_CURVE('',#4296,#4063,#4935,.T.);
#3411=EDGE_CURVE('',#4297,#4061,#4936,.T.);
#3412=EDGE_CURVE('',#4297,#4295,#358,.T.);
#3413=EDGE_CURVE('',#4298,#4085,#4937,.T.);
#3414=EDGE_CURVE('',#4298,#4297,#359,.T.);
#3415=EDGE_CURVE('',#4299,#4084,#4938,.T.);
#3416=EDGE_CURVE('',#4299,#4298,#360,.T.);
#3417=EDGE_CURVE('',#4300,#4083,#4939,.T.);
#3418=EDGE_CURVE('',#4300,#4299,#361,.T.);
#3419=EDGE_CURVE('',#4301,#4082,#4940,.T.);
#3420=EDGE_CURVE('',#4301,#4300,#362,.T.);
#3421=EDGE_CURVE('',#4302,#4081,#4941,.T.);
#3422=EDGE_CURVE('',#4302,#4301,#363,.T.);
#3423=EDGE_CURVE('',#4303,#4080,#4942,.T.);
#3424=EDGE_CURVE('',#4303,#4302,#364,.T.);
#3425=EDGE_CURVE('',#4304,#4079,#4943,.T.);
#3426=EDGE_CURVE('',#4304,#4303,#365,.T.);
#3427=EDGE_CURVE('',#4305,#4078,#4944,.T.);
#3428=EDGE_CURVE('',#4305,#4304,#4945,.T.);
#3429=EDGE_CURVE('',#4306,#4077,#4946,.T.);
#3430=EDGE_CURVE('',#4306,#4305,#366,.T.);
#3431=EDGE_CURVE('',#4307,#4076,#4947,.T.);
#3432=EDGE_CURVE('',#4307,#4306,#367,.T.);
#3433=EDGE_CURVE('',#4308,#4075,#4948,.T.);
#3434=EDGE_CURVE('',#4308,#4307,#368,.T.);
#3435=EDGE_CURVE('',#4309,#4074,#4949,.T.);
#3436=EDGE_CURVE('',#4309,#4308,#369,.T.);
#3437=EDGE_CURVE('',#4310,#4073,#4950,.T.);
#3438=EDGE_CURVE('',#4310,#4309,#370,.T.);
#3439=EDGE_CURVE('',#4311,#4072,#4951,.T.);
#3440=EDGE_CURVE('',#4311,#4310,#371,.T.);
#3441=EDGE_CURVE('',#4312,#4071,#4952,.T.);
#3442=EDGE_CURVE('',#4312,#4311,#372,.T.);
#3443=EDGE_CURVE('',#4313,#4070,#4953,.T.);
#3444=EDGE_CURVE('',#4313,#4312,#373,.T.);
#3445=EDGE_CURVE('',#4314,#4069,#4954,.T.);
#3446=EDGE_CURVE('',#4314,#4313,#374,.T.);
#3447=EDGE_CURVE('',#4315,#4068,#4955,.T.);
#3448=EDGE_CURVE('',#4315,#4314,#375,.T.);
#3449=EDGE_CURVE('',#4316,#4067,#4956,.T.);
#3450=EDGE_CURVE('',#4316,#4315,#537,.F.);
#3451=EDGE_CURVE('',#4317,#4066,#4957,.T.);
#3452=EDGE_CURVE('',#4317,#4316,#538,.F.);
#3453=EDGE_CURVE('',#4318,#4065,#4958,.T.);
#3454=EDGE_CURVE('',#4318,#4317,#4959,.T.);
#3455=EDGE_CURVE('',#4319,#4064,#4960,.T.);
#3456=EDGE_CURVE('',#4319,#4318,#376,.T.);
#3457=EDGE_CURVE('',#4296,#4319,#377,.T.);
#3458=EDGE_CURVE('',#4320,#4087,#4961,.T.);
#3459=EDGE_CURVE('',#4320,#4321,#4962,.T.);
#3460=EDGE_CURVE('',#4321,#4088,#4963,.T.);
#3461=EDGE_CURVE('',#4322,#4086,#4964,.T.);
#3462=EDGE_CURVE('',#4322,#4320,#4965,.T.);
#3463=EDGE_CURVE('',#4323,#4102,#4966,.T.);
#3464=EDGE_CURVE('',#4323,#4322,#4967,.T.);
#3465=EDGE_CURVE('',#4324,#4101,#4968,.T.);
#3466=EDGE_CURVE('',#4324,#4323,#378,.T.);
#3467=EDGE_CURVE('',#4325,#4100,#4969,.T.);
#3468=EDGE_CURVE('',#4325,#4324,#379,.T.);
#3469=EDGE_CURVE('',#4326,#4099,#4970,.T.);
#3470=EDGE_CURVE('',#4326,#4325,#539,.T.);
#3471=EDGE_CURVE('',#4327,#4098,#4971,.T.);
#3472=EDGE_CURVE('',#4327,#4326,#540,.T.);
#3473=EDGE_CURVE('',#4328,#4097,#4972,.T.);
#3474=EDGE_CURVE('',#4328,#4327,#4973,.T.);
#3475=EDGE_CURVE('',#4329,#4096,#4974,.T.);
#3476=EDGE_CURVE('',#4329,#4328,#4975,.T.);
#3477=EDGE_CURVE('',#4330,#4095,#4976,.T.);
#3478=EDGE_CURVE('',#4330,#4329,#4977,.T.);
#3479=EDGE_CURVE('',#4331,#4094,#4978,.T.);
#3480=EDGE_CURVE('',#4331,#4330,#4979,.T.);
#3481=EDGE_CURVE('',#4332,#4093,#4980,.T.);
#3482=EDGE_CURVE('',#4332,#4331,#4981,.T.);
#3483=EDGE_CURVE('',#4333,#4092,#4982,.T.);
#3484=EDGE_CURVE('',#4333,#4332,#4983,.T.);
#3485=EDGE_CURVE('',#4334,#4091,#4984,.T.);
#3486=EDGE_CURVE('',#4334,#4333,#380,.T.);
#3487=EDGE_CURVE('',#4335,#4090,#4985,.T.);
#3488=EDGE_CURVE('',#4335,#4334,#381,.T.);
#3489=EDGE_CURVE('',#4336,#4089,#4986,.T.);
#3490=EDGE_CURVE('',#4336,#4335,#382,.T.);
#3491=EDGE_CURVE('',#4321,#4336,#383,.T.);
#3492=EDGE_CURVE('',#4337,#4104,#4987,.T.);
#3493=EDGE_CURVE('',#4337,#4338,#4988,.T.);
#3494=EDGE_CURVE('',#4338,#4105,#4989,.T.);
#3495=EDGE_CURVE('',#4339,#4103,#4990,.T.);
#3496=EDGE_CURVE('',#4339,#4337,#4991,.T.);
#3497=EDGE_CURVE('',#4340,#4125,#4992,.T.);
#3498=EDGE_CURVE('',#4340,#4339,#4993,.T.);
#3499=EDGE_CURVE('',#4341,#4124,#4994,.T.);
#3500=EDGE_CURVE('',#4341,#4340,#4995,.T.);
#3501=EDGE_CURVE('',#4342,#4123,#4996,.T.);
#3502=EDGE_CURVE('',#4342,#4341,#384,.T.);
#3503=EDGE_CURVE('',#4343,#4122,#4997,.T.);
#3504=EDGE_CURVE('',#4343,#4342,#541,.T.);
#3505=EDGE_CURVE('',#4344,#4121,#4998,.T.);
#3506=EDGE_CURVE('',#4344,#4343,#4999,.T.);
#3507=EDGE_CURVE('',#4345,#4120,#5000,.T.);
#3508=EDGE_CURVE('',#4345,#4344,#385,.T.);
#3509=EDGE_CURVE('',#4346,#4119,#5001,.T.);
#3510=EDGE_CURVE('',#4346,#4345,#5002,.T.);
#3511=EDGE_CURVE('',#4347,#4118,#5003,.T.);
#3512=EDGE_CURVE('',#4347,#4346,#5004,.T.);
#3513=EDGE_CURVE('',#4348,#4117,#5005,.T.);
#3514=EDGE_CURVE('',#4348,#4347,#5006,.T.);
#3515=EDGE_CURVE('',#4349,#4116,#5007,.T.);
#3516=EDGE_CURVE('',#4349,#4348,#542,.T.);
#3517=EDGE_CURVE('',#4350,#4115,#5008,.T.);
#3518=EDGE_CURVE('',#4350,#4349,#543,.T.);
#3519=EDGE_CURVE('',#4351,#4114,#5009,.T.);
#3520=EDGE_CURVE('',#4351,#4350,#5010,.T.);
#3521=EDGE_CURVE('',#4352,#4113,#5011,.T.);
#3522=EDGE_CURVE('',#4352,#4351,#386,.T.);
#3523=EDGE_CURVE('',#4353,#4112,#5012,.T.);
#3524=EDGE_CURVE('',#4353,#4352,#5013,.T.);
#3525=EDGE_CURVE('',#4354,#4111,#5014,.T.);
#3526=EDGE_CURVE('',#4354,#4353,#5015,.T.);
#3527=EDGE_CURVE('',#4355,#4110,#5016,.T.);
#3528=EDGE_CURVE('',#4355,#4354,#5017,.T.);
#3529=EDGE_CURVE('',#4356,#4109,#5018,.T.);
#3530=EDGE_CURVE('',#4356,#4355,#5019,.T.);
#3531=EDGE_CURVE('',#4357,#4108,#5020,.T.);
#3532=EDGE_CURVE('',#4357,#4356,#5021,.T.);
#3533=EDGE_CURVE('',#4358,#4107,#5022,.T.);
#3534=EDGE_CURVE('',#4358,#4357,#387,.T.);
#3535=EDGE_CURVE('',#4359,#4106,#5023,.T.);
#3536=EDGE_CURVE('',#4359,#4358,#5024,.T.);
#3537=EDGE_CURVE('',#4338,#4359,#388,.T.);
#3538=EDGE_CURVE('',#4360,#4361,#389,.T.);
#3539=EDGE_CURVE('',#4362,#4360,#5025,.T.);
#3540=EDGE_CURVE('',#4362,#4363,#390,.T.);
#3541=EDGE_CURVE('',#4363,#4361,#5026,.T.);
#3542=EDGE_CURVE('',#4364,#4360,#391,.T.);
#3543=EDGE_CURVE('',#4365,#4364,#5027,.T.);
#3544=EDGE_CURVE('',#4365,#4362,#392,.T.);
#3545=EDGE_CURVE('',#4366,#4364,#393,.T.);
#3546=EDGE_CURVE('',#4367,#4366,#5028,.T.);
#3547=EDGE_CURVE('',#4367,#4365,#394,.T.);
#3548=EDGE_CURVE('',#4368,#4366,#395,.T.);
#3549=EDGE_CURVE('',#4369,#4368,#5029,.T.);
#3550=EDGE_CURVE('',#4369,#4367,#396,.T.);
#3551=EDGE_CURVE('',#4370,#4368,#397,.T.);
#3552=EDGE_CURVE('',#4371,#4370,#5030,.T.);
#3553=EDGE_CURVE('',#4371,#4369,#398,.T.);
#3554=EDGE_CURVE('',#4372,#4370,#399,.T.);
#3555=EDGE_CURVE('',#4373,#4372,#5031,.T.);
#3556=EDGE_CURVE('',#4373,#4371,#400,.T.);
#3557=EDGE_CURVE('',#4374,#4372,#401,.T.);
#3558=EDGE_CURVE('',#4375,#4374,#5032,.T.);
#3559=EDGE_CURVE('',#4375,#4373,#402,.T.);
#3560=EDGE_CURVE('',#4376,#3947,#5033,.T.);
#3561=EDGE_CURVE('',#4376,#4377,#403,.T.);
#3562=EDGE_CURVE('',#4377,#3948,#5034,.T.);
#3563=EDGE_CURVE('',#4378,#3946,#5035,.T.);
#3564=EDGE_CURVE('',#4378,#4376,#404,.T.);
#3565=EDGE_CURVE('',#4379,#3954,#5036,.T.);
#3566=EDGE_CURVE('',#4379,#4378,#405,.T.);
#3567=EDGE_CURVE('',#4380,#3953,#5037,.T.);
#3568=EDGE_CURVE('',#4380,#4379,#406,.T.);
#3569=EDGE_CURVE('',#4381,#3952,#5038,.T.);
#3570=EDGE_CURVE('',#4381,#4380,#407,.T.);
#3571=EDGE_CURVE('',#4382,#3951,#5039,.T.);
#3572=EDGE_CURVE('',#4382,#4381,#408,.T.);
#3573=EDGE_CURVE('',#4383,#3950,#5040,.T.);
#3574=EDGE_CURVE('',#4383,#4382,#409,.T.);
#3575=EDGE_CURVE('',#4384,#3949,#5041,.T.);
#3576=EDGE_CURVE('',#4384,#4383,#410,.T.);
#3577=EDGE_CURVE('',#4377,#4384,#411,.T.);
#3578=EDGE_CURVE('',#4361,#4374,#412,.T.);
#3579=EDGE_CURVE('',#4363,#4375,#413,.T.);
#3580=EDGE_CURVE('',#4385,#4386,#414,.T.);
#3581=EDGE_CURVE('',#4387,#4385,#5042,.T.);
#3582=EDGE_CURVE('',#4387,#4388,#415,.T.);
#3583=EDGE_CURVE('',#4388,#4386,#5043,.T.);
#3584=EDGE_CURVE('',#4389,#4385,#416,.T.);
#3585=EDGE_CURVE('',#4390,#4389,#5044,.T.);
#3586=EDGE_CURVE('',#4390,#4387,#417,.T.);
#3587=EDGE_CURVE('',#4391,#4389,#418,.T.);
#3588=EDGE_CURVE('',#4392,#4391,#5045,.T.);
#3589=EDGE_CURVE('',#4392,#4390,#419,.T.);
#3590=EDGE_CURVE('',#4393,#4391,#5046,.T.);
#3591=EDGE_CURVE('',#4394,#4393,#5047,.T.);
#3592=EDGE_CURVE('',#4394,#4392,#5048,.T.);
#3593=EDGE_CURVE('',#4395,#4393,#5049,.T.);
#3594=EDGE_CURVE('',#4396,#4395,#5050,.T.);
#3595=EDGE_CURVE('',#4396,#4394,#5051,.T.);
#3596=EDGE_CURVE('',#4397,#4395,#5052,.T.);
#3597=EDGE_CURVE('',#4398,#4397,#5053,.T.);
#3598=EDGE_CURVE('',#4398,#4396,#5054,.T.);
#3599=EDGE_CURVE('',#4399,#4127,#5055,.T.);
#3600=EDGE_CURVE('',#4399,#4400,#420,.T.);
#3601=EDGE_CURVE('',#4400,#4128,#5056,.T.);
#3602=EDGE_CURVE('',#4401,#4126,#5057,.T.);
#3603=EDGE_CURVE('',#4401,#4399,#421,.T.);
#3604=EDGE_CURVE('',#4402,#4132,#5058,.T.);
#3605=EDGE_CURVE('',#4402,#4401,#422,.T.);
#3606=EDGE_CURVE('',#4403,#4131,#5059,.T.);
#3607=EDGE_CURVE('',#4403,#4402,#5060,.T.);
#3608=EDGE_CURVE('',#4404,#4130,#5061,.T.);
#3609=EDGE_CURVE('',#4404,#4403,#5062,.T.);
#3610=EDGE_CURVE('',#4405,#4129,#5063,.T.);
#3611=EDGE_CURVE('',#4405,#4404,#5064,.T.);
#3612=EDGE_CURVE('',#4400,#4405,#423,.T.);
#3613=EDGE_CURVE('',#4386,#4397,#424,.T.);
#3614=EDGE_CURVE('',#4388,#4398,#425,.T.);
#3615=EDGE_CURVE('',#4406,#4407,#426,.T.);
#3616=EDGE_CURVE('',#4408,#4406,#5065,.T.);
#3617=EDGE_CURVE('',#4408,#4409,#427,.T.);
#3618=EDGE_CURVE('',#4409,#4407,#5066,.T.);
#3619=EDGE_CURVE('',#4410,#4406,#428,.T.);
#3620=EDGE_CURVE('',#4411,#4410,#5067,.T.);
#3621=EDGE_CURVE('',#4411,#4408,#429,.T.);
#3622=EDGE_CURVE('',#4412,#4410,#430,.T.);
#3623=EDGE_CURVE('',#4413,#4412,#5068,.T.);
#3624=EDGE_CURVE('',#4413,#4411,#431,.T.);
#3625=EDGE_CURVE('',#4414,#4412,#432,.T.);
#3626=EDGE_CURVE('',#4415,#4414,#5069,.T.);
#3627=EDGE_CURVE('',#4415,#4413,#433,.T.);
#3628=EDGE_CURVE('',#4416,#4414,#434,.T.);
#3629=EDGE_CURVE('',#4417,#4416,#5070,.T.);
#3630=EDGE_CURVE('',#4417,#4415,#435,.T.);
#3631=EDGE_CURVE('',#4418,#4416,#436,.T.);
#3632=EDGE_CURVE('',#4419,#4418,#5071,.T.);
#3633=EDGE_CURVE('',#4419,#4417,#437,.T.);
#3634=EDGE_CURVE('',#4420,#4418,#438,.T.);
#3635=EDGE_CURVE('',#4421,#4420,#5072,.T.);
#3636=EDGE_CURVE('',#4421,#4419,#439,.T.);
#3637=EDGE_CURVE('',#4422,#4420,#5073,.T.);
#3638=EDGE_CURVE('',#4423,#4422,#5074,.T.);
#3639=EDGE_CURVE('',#4423,#4421,#5075,.T.);
#3640=EDGE_CURVE('',#4424,#3931,#5076,.T.);
#3641=EDGE_CURVE('',#4424,#4425,#544,.T.);
#3642=EDGE_CURVE('',#4425,#3932,#5077,.T.);
#3643=EDGE_CURVE('',#4426,#3930,#5078,.T.);
#3644=EDGE_CURVE('',#4426,#4424,#440,.T.);
#3645=EDGE_CURVE('',#4427,#3945,#5079,.T.);
#3646=EDGE_CURVE('',#4427,#4426,#441,.T.);
#3647=EDGE_CURVE('',#4428,#3944,#5080,.T.);
#3648=EDGE_CURVE('',#4428,#4427,#442,.T.);
#3649=EDGE_CURVE('',#4429,#3943,#5081,.T.);
#3650=EDGE_CURVE('',#4429,#4428,#443,.T.);
#3651=EDGE_CURVE('',#4430,#3942,#5082,.T.);
#3652=EDGE_CURVE('',#4430,#4429,#444,.T.);
#3653=EDGE_CURVE('',#4431,#3941,#5083,.T.);
#3654=EDGE_CURVE('',#4431,#4430,#445,.T.);
#3655=EDGE_CURVE('',#4432,#3940,#5084,.T.);
#3656=EDGE_CURVE('',#4432,#4431,#5085,.T.);
#3657=EDGE_CURVE('',#4433,#3939,#5086,.T.);
#3658=EDGE_CURVE('',#4433,#4432,#5087,.T.);
#3659=EDGE_CURVE('',#4434,#3938,#5088,.T.);
#3660=EDGE_CURVE('',#4434,#4433,#5089,.T.);
#3661=EDGE_CURVE('',#4435,#3937,#5090,.T.);
#3662=EDGE_CURVE('',#4435,#4434,#5091,.T.);
#3663=EDGE_CURVE('',#4436,#3936,#5092,.T.);
#3664=EDGE_CURVE('',#4436,#4435,#5093,.T.);
#3665=EDGE_CURVE('',#4437,#3935,#5094,.T.);
#3666=EDGE_CURVE('',#4437,#4436,#5095,.T.);
#3667=EDGE_CURVE('',#4438,#3934,#5096,.T.);
#3668=EDGE_CURVE('',#4438,#4437,#545,.T.);
#3669=EDGE_CURVE('',#4439,#3933,#5097,.T.);
#3670=EDGE_CURVE('',#4439,#4438,#5098,.T.);
#3671=EDGE_CURVE('',#4425,#4439,#546,.T.);
#3672=EDGE_CURVE('',#4407,#4422,#446,.T.);
#3673=EDGE_CURVE('',#4409,#4423,#447,.T.);
#3674=EDGE_CURVE('',#4440,#3917,#5099,.T.);
#3675=EDGE_CURVE('',#4440,#4441,#5100,.T.);
#3676=EDGE_CURVE('',#4441,#3918,#5101,.T.);
#3677=EDGE_CURVE('',#4442,#3916,#5102,.T.);
#3678=EDGE_CURVE('',#4442,#4440,#5103,.T.);
#3679=EDGE_CURVE('',#4443,#3929,#5104,.T.);
#3680=EDGE_CURVE('',#4443,#4442,#5105,.T.);
#3681=EDGE_CURVE('',#4444,#3928,#5106,.T.);
#3682=EDGE_CURVE('',#4444,#4443,#448,.T.);
#3683=EDGE_CURVE('',#4445,#3927,#5107,.T.);
#3684=EDGE_CURVE('',#4445,#4444,#449,.T.);
#3685=EDGE_CURVE('',#4446,#3926,#5108,.T.);
#3686=EDGE_CURVE('',#4446,#4445,#450,.T.);
#3687=EDGE_CURVE('',#4447,#3925,#5109,.T.);
#3688=EDGE_CURVE('',#4447,#4446,#451,.T.);
#3689=EDGE_CURVE('',#4448,#3924,#5110,.T.);
#3690=EDGE_CURVE('',#4448,#4447,#5111,.T.);
#3691=EDGE_CURVE('',#4449,#3923,#5112,.T.);
#3692=EDGE_CURVE('',#4449,#4448,#5113,.T.);
#3693=EDGE_CURVE('',#4450,#3922,#5114,.T.);
#3694=EDGE_CURVE('',#4450,#4449,#5115,.T.);
#3695=EDGE_CURVE('',#4451,#3921,#5116,.T.);
#3696=EDGE_CURVE('',#4451,#4450,#452,.T.);
#3697=EDGE_CURVE('',#4452,#3920,#5117,.T.);
#3698=EDGE_CURVE('',#4452,#4451,#453,.T.);
#3699=EDGE_CURVE('',#4453,#3919,#5118,.T.);
#3700=EDGE_CURVE('',#4453,#4452,#454,.T.);
#3701=EDGE_CURVE('',#4441,#4453,#455,.T.);
#3702=EDGE_CURVE('',#4454,#3900,#5119,.T.);
#3703=EDGE_CURVE('',#4454,#4455,#5120,.T.);
#3704=EDGE_CURVE('',#4455,#3901,#5121,.T.);
#3705=EDGE_CURVE('',#4456,#3899,#5122,.T.);
#3706=EDGE_CURVE('',#4456,#4454,#5123,.T.);
#3707=EDGE_CURVE('',#4457,#3915,#5124,.T.);
#3708=EDGE_CURVE('',#4457,#4456,#5125,.T.);
#3709=EDGE_CURVE('',#4458,#3914,#5126,.T.);
#3710=EDGE_CURVE('',#4458,#4457,#456,.T.);
#3711=EDGE_CURVE('',#4459,#3913,#5127,.T.);
#3712=EDGE_CURVE('',#4459,#4458,#457,.T.);
#3713=EDGE_CURVE('',#4460,#3912,#5128,.T.);
#3714=EDGE_CURVE('',#4460,#4459,#547,.T.);
#3715=EDGE_CURVE('',#4461,#3911,#5129,.T.);
#3716=EDGE_CURVE('',#4461,#4460,#548,.T.);
#3717=EDGE_CURVE('',#4462,#3910,#5130,.T.);
#3718=EDGE_CURVE('',#4462,#4461,#5131,.T.);
#3719=EDGE_CURVE('',#4463,#3909,#5132,.T.);
#3720=EDGE_CURVE('',#4463,#4462,#5133,.T.);
#3721=EDGE_CURVE('',#4464,#3908,#5134,.T.);
#3722=EDGE_CURVE('',#4464,#4463,#5135,.T.);
#3723=EDGE_CURVE('',#4465,#3907,#5136,.T.);
#3724=EDGE_CURVE('',#4465,#4464,#5137,.T.);
#3725=EDGE_CURVE('',#4466,#3906,#5138,.T.);
#3726=EDGE_CURVE('',#4466,#4465,#5139,.T.);
#3727=EDGE_CURVE('',#4467,#3905,#5140,.T.);
#3728=EDGE_CURVE('',#4467,#4466,#5141,.T.);
#3729=EDGE_CURVE('',#4468,#3904,#5142,.T.);
#3730=EDGE_CURVE('',#4468,#4467,#458,.T.);
#3731=EDGE_CURVE('',#4469,#3903,#5143,.T.);
#3732=EDGE_CURVE('',#4469,#4468,#459,.T.);
#3733=EDGE_CURVE('',#4470,#3902,#5144,.T.);
#3734=EDGE_CURVE('',#4470,#4469,#460,.T.);
#3735=EDGE_CURVE('',#4455,#4470,#461,.T.);
#3736=EDGE_CURVE('',#4471,#4472,#462,.T.);
#3737=EDGE_CURVE('',#4473,#4471,#5145,.T.);
#3738=EDGE_CURVE('',#4473,#4474,#463,.T.);
#3739=EDGE_CURVE('',#4474,#4472,#5146,.T.);
#3740=EDGE_CURVE('',#4475,#4471,#464,.T.);
#3741=EDGE_CURVE('',#4476,#4475,#5147,.T.);
#3742=EDGE_CURVE('',#4476,#4473,#465,.T.);
#3743=EDGE_CURVE('',#4477,#4475,#466,.T.);
#3744=EDGE_CURVE('',#4478,#4477,#5148,.T.);
#3745=EDGE_CURVE('',#4478,#4476,#467,.T.);
#3746=EDGE_CURVE('',#4479,#4477,#5149,.T.);
#3747=EDGE_CURVE('',#4480,#4479,#5150,.T.);
#3748=EDGE_CURVE('',#4480,#4478,#5151,.T.);
#3749=EDGE_CURVE('',#4481,#4134,#5152,.T.);
#3750=EDGE_CURVE('',#4481,#4482,#468,.T.);
#3751=EDGE_CURVE('',#4482,#4135,#5153,.T.);
#3752=EDGE_CURVE('',#4483,#4133,#5154,.T.);
#3753=EDGE_CURVE('',#4483,#4481,#549,.T.);
#3754=EDGE_CURVE('',#4484,#4146,#5155,.T.);
#3755=EDGE_CURVE('',#4484,#4483,#550,.T.);
#3756=EDGE_CURVE('',#4485,#4145,#5156,.T.);
#3757=EDGE_CURVE('',#4485,#4484,#5157,.T.);
#3758=EDGE_CURVE('',#4486,#4144,#5158,.T.);
#3759=EDGE_CURVE('',#4486,#4485,#551,.F.);
#3760=EDGE_CURVE('',#4487,#4143,#5159,.T.);
#3761=EDGE_CURVE('',#4487,#4486,#469,.T.);
#3762=EDGE_CURVE('',#4488,#4142,#5160,.T.);
#3763=EDGE_CURVE('',#4488,#4487,#470,.T.);
#3764=EDGE_CURVE('',#4489,#4141,#5161,.T.);
#3765=EDGE_CURVE('',#4489,#4488,#5162,.T.);
#3766=EDGE_CURVE('',#4490,#4140,#5163,.T.);
#3767=EDGE_CURVE('',#4490,#4489,#5164,.T.);
#3768=EDGE_CURVE('',#4491,#4139,#5165,.T.);
#3769=EDGE_CURVE('',#4491,#4490,#471,.T.);
#3770=EDGE_CURVE('',#4492,#4138,#5166,.T.);
#3771=EDGE_CURVE('',#4492,#4491,#472,.T.);
#3772=EDGE_CURVE('',#4493,#4137,#5167,.T.);
#3773=EDGE_CURVE('',#4493,#4492,#473,.T.);
#3774=EDGE_CURVE('',#4494,#4136,#5168,.T.);
#3775=EDGE_CURVE('',#4494,#4493,#474,.T.);
#3776=EDGE_CURVE('',#4482,#4494,#475,.T.);
#3777=EDGE_CURVE('',#4472,#4479,#476,.T.);
#3778=EDGE_CURVE('',#4474,#4480,#477,.T.);
#3779=VERTEX_POINT('',#9070);
#3780=VERTEX_POINT('',#9071);
#3781=VERTEX_POINT('',#9073);
#3782=VERTEX_POINT('',#9075);
#3783=VERTEX_POINT('',#9079);
#3784=VERTEX_POINT('',#9081);
#3785=VERTEX_POINT('',#9085);
#3786=VERTEX_POINT('',#9087);
#3787=VERTEX_POINT('',#9097);
#3788=VERTEX_POINT('',#9098);
#3789=VERTEX_POINT('',#9100);
#3790=VERTEX_POINT('',#9102);
#3791=VERTEX_POINT('',#9106);
#3792=VERTEX_POINT('',#9108);
#3793=VERTEX_POINT('',#9112);
#3794=VERTEX_POINT('',#9114);
#3795=VERTEX_POINT('',#9121);
#3796=VERTEX_POINT('',#9123);
#3797=VERTEX_POINT('',#9129);
#3798=VERTEX_POINT('',#9130);
#3799=VERTEX_POINT('',#9132);
#3800=VERTEX_POINT('',#9134);
#3801=VERTEX_POINT('',#9136);
#3802=VERTEX_POINT('',#9138);
#3803=VERTEX_POINT('',#9140);
#3804=VERTEX_POINT('',#9142);
#3805=VERTEX_POINT('',#9146);
#3806=VERTEX_POINT('',#9147);
#3807=VERTEX_POINT('',#9149);
#3808=VERTEX_POINT('',#9151);
#3809=VERTEX_POINT('',#9153);
#3810=VERTEX_POINT('',#9155);
#3811=VERTEX_POINT('',#9157);
#3812=VERTEX_POINT('',#9159);
#3813=VERTEX_POINT('',#9163);
#3814=VERTEX_POINT('',#9164);
#3815=VERTEX_POINT('',#9166);
#3816=VERTEX_POINT('',#9168);
#3817=VERTEX_POINT('',#9170);
#3818=VERTEX_POINT('',#9172);
#3819=VERTEX_POINT('',#9174);
#3820=VERTEX_POINT('',#9176);
#3821=VERTEX_POINT('',#9178);
#3822=VERTEX_POINT('',#9181);
#3823=VERTEX_POINT('',#9183);
#3824=VERTEX_POINT('',#9185);
#3825=VERTEX_POINT('',#9187);
#3826=VERTEX_POINT('',#9189);
#3827=VERTEX_POINT('',#9192);
#3828=VERTEX_POINT('',#9194);
#3829=VERTEX_POINT('',#9197);
#3830=VERTEX_POINT('',#9199);
#3831=VERTEX_POINT('',#9201);
#3832=VERTEX_POINT('',#9203);
#3833=VERTEX_POINT('',#9207);
#3834=VERTEX_POINT('',#9208);
#3835=VERTEX_POINT('',#9211);
#3836=VERTEX_POINT('',#9213);
#3837=VERTEX_POINT('',#9217);
#3838=VERTEX_POINT('',#9218);
#3839=VERTEX_POINT('',#9220);
#3840=VERTEX_POINT('',#9222);
#3841=VERTEX_POINT('',#9225);
#3842=VERTEX_POINT('',#9226);
#3843=VERTEX_POINT('',#9228);
#3844=VERTEX_POINT('',#9230);
#3845=VERTEX_POINT('',#9234);
#3846=VERTEX_POINT('',#9236);
#3847=VERTEX_POINT('',#9240);
#3848=VERTEX_POINT('',#9241);
#3849=VERTEX_POINT('',#9250);
#3850=VERTEX_POINT('',#9254);
#3851=VERTEX_POINT('',#9256);
#3852=VERTEX_POINT('',#9258);
#3853=VERTEX_POINT('',#9261);
#3854=VERTEX_POINT('',#9263);
#3855=VERTEX_POINT('',#9267);
#3856=VERTEX_POINT('',#9269);
#3857=VERTEX_POINT('',#9271);
#3858=VERTEX_POINT('',#9273);
#3859=VERTEX_POINT('',#9275);
#3860=VERTEX_POINT('',#9278);
#3861=VERTEX_POINT('',#9282);
#3862=VERTEX_POINT('',#9286);
#3863=VERTEX_POINT('',#9290);
#3864=VERTEX_POINT('',#9303);
#3865=VERTEX_POINT('',#9305);
#3866=VERTEX_POINT('',#9309);
#3867=VERTEX_POINT('',#9311);
#3868=VERTEX_POINT('',#9315);
#3869=VERTEX_POINT('',#9319);
#3870=VERTEX_POINT('',#9327);
#3871=VERTEX_POINT('',#9331);
#3872=VERTEX_POINT('',#9335);
#3873=VERTEX_POINT('',#9339);
#3874=VERTEX_POINT('',#9341);
#3875=VERTEX_POINT('',#9348);
#3876=VERTEX_POINT('',#9352);
#3877=VERTEX_POINT('',#9356);
#3878=VERTEX_POINT('',#9358);
#3879=VERTEX_POINT('',#9360);
#3880=VERTEX_POINT('',#9368);
#3881=VERTEX_POINT('',#9373);
#3882=VERTEX_POINT('',#9377);
#3883=VERTEX_POINT('',#9381);
#3884=VERTEX_POINT('',#9386);
#3885=VERTEX_POINT('',#9391);
#3886=VERTEX_POINT('',#9395);
#3887=VERTEX_POINT('',#9399);
#3888=VERTEX_POINT('',#9403);
#3889=VERTEX_POINT('',#9408);
#3890=VERTEX_POINT('',#9409);
#3891=VERTEX_POINT('',#9411);
#3892=VERTEX_POINT('',#9413);
#3893=VERTEX_POINT('',#9417);
#3894=VERTEX_POINT('',#9419);
#3895=VERTEX_POINT('',#9423);
#3896=VERTEX_POINT('',#9425);
#3897=VERTEX_POINT('',#9429);
#3898=VERTEX_POINT('',#9431);
#3899=VERTEX_POINT('',#9440);
#3900=VERTEX_POINT('',#9441);
#3901=VERTEX_POINT('',#9443);
#3902=VERTEX_POINT('',#9447);
#3903=VERTEX_POINT('',#9451);
#3904=VERTEX_POINT('',#9455);
#3905=VERTEX_POINT('',#9459);
#3906=VERTEX_POINT('',#9461);
#3907=VERTEX_POINT('',#9463);
#3908=VERTEX_POINT('',#9465);
#3909=VERTEX_POINT('',#9467);
#3910=VERTEX_POINT('',#9469);
#3911=VERTEX_POINT('',#9471);
#3912=VERTEX_POINT('',#9473);
#3913=VERTEX_POINT('',#9475);
#3914=VERTEX_POINT('',#9479);
#3915=VERTEX_POINT('',#9483);
#3916=VERTEX_POINT('',#9486);
#3917=VERTEX_POINT('',#9487);
#3918=VERTEX_POINT('',#9489);
#3919=VERTEX_POINT('',#9493);
#3920=VERTEX_POINT('',#9497);
#3921=VERTEX_POINT('',#9501);
#3922=VERTEX_POINT('',#9505);
#3923=VERTEX_POINT('',#9507);
#3924=VERTEX_POINT('',#9509);
#3925=VERTEX_POINT('',#9511);
#3926=VERTEX_POINT('',#9515);
#3927=VERTEX_POINT('',#9519);
#3928=VERTEX_POINT('',#9523);
#3929=VERTEX_POINT('',#9527);
#3930=VERTEX_POINT('',#9532);
#3931=VERTEX_POINT('',#9533);
#3932=VERTEX_POINT('',#9535);
#3933=VERTEX_POINT('',#9537);
#3934=VERTEX_POINT('',#9539);
#3935=VERTEX_POINT('',#9541);
#3936=VERTEX_POINT('',#9543);
#3937=VERTEX_POINT('',#9545);
#3938=VERTEX_POINT('',#9547);
#3939=VERTEX_POINT('',#9549);
#3940=VERTEX_POINT('',#9551);
#3941=VERTEX_POINT('',#9553);
#3942=VERTEX_POINT('',#9557);
#3943=VERTEX_POINT('',#9561);
#3944=VERTEX_POINT('',#9565);
#3945=VERTEX_POINT('',#9569);
#3946=VERTEX_POINT('',#9576);
#3947=VERTEX_POINT('',#9577);
#3948=VERTEX_POINT('',#9581);
#3949=VERTEX_POINT('',#9585);
#3950=VERTEX_POINT('',#9589);
#3951=VERTEX_POINT('',#9593);
#3952=VERTEX_POINT('',#9597);
#3953=VERTEX_POINT('',#9601);
#3954=VERTEX_POINT('',#9605);
#3955=VERTEX_POINT('',#9612);
#3956=VERTEX_POINT('',#9613);
#3957=VERTEX_POINT('',#9617);
#3958=VERTEX_POINT('',#9621);
#3959=VERTEX_POINT('',#9625);
#3960=VERTEX_POINT('',#9629);
#3961=VERTEX_POINT('',#9633);
#3962=VERTEX_POINT('',#9637);
#3963=VERTEX_POINT('',#9641);
#3964=VERTEX_POINT('',#9646);
#3965=VERTEX_POINT('',#9647);
#3966=VERTEX_POINT('',#9649);
#3967=VERTEX_POINT('',#9651);
#3968=VERTEX_POINT('',#9654);
#3969=VERTEX_POINT('',#9655);
#3970=VERTEX_POINT('',#9657);
#3971=VERTEX_POINT('',#9659);
#3972=VERTEX_POINT('',#9662);
#3973=VERTEX_POINT('',#9664);
#3974=VERTEX_POINT('',#9666);
#3975=VERTEX_POINT('',#9668);
#3976=VERTEX_POINT('',#9670);
#3977=VERTEX_POINT('',#9671);
#3978=VERTEX_POINT('',#9675);
#3979=VERTEX_POINT('',#9679);
#3980=VERTEX_POINT('',#9683);
#3981=VERTEX_POINT('',#9687);
#3982=VERTEX_POINT('',#9689);
#3983=VERTEX_POINT('',#9691);
#3984=VERTEX_POINT('',#9693);
#3985=VERTEX_POINT('',#9695);
#3986=VERTEX_POINT('',#9697);
#3987=VERTEX_POINT('',#9699);
#3988=VERTEX_POINT('',#9701);
#3989=VERTEX_POINT('',#9703);
#3990=VERTEX_POINT('',#9707);
#3991=VERTEX_POINT('',#9711);
#3992=VERTEX_POINT('',#9713);
#3993=VERTEX_POINT('',#9716);
#3994=VERTEX_POINT('',#9717);
#3995=VERTEX_POINT('',#9719);
#3996=VERTEX_POINT('',#9721);
#3997=VERTEX_POINT('',#9723);
#3998=VERTEX_POINT('',#9725);
#3999=VERTEX_POINT('',#9727);
#4000=VERTEX_POINT('',#9729);
#4001=VERTEX_POINT('',#9731);
#4002=VERTEX_POINT('',#9733);
#4003=VERTEX_POINT('',#9735);
#4004=VERTEX_POINT('',#9737);
#4005=VERTEX_POINT('',#9739);
#4006=VERTEX_POINT('',#9741);
#4007=VERTEX_POINT('',#9743);
#4008=VERTEX_POINT('',#9745);
#4009=VERTEX_POINT('',#9747);
#4010=VERTEX_POINT('',#9749);
#4011=VERTEX_POINT('',#9754);
#4012=VERTEX_POINT('',#9755);
#4013=VERTEX_POINT('',#9759);
#4014=VERTEX_POINT('',#9763);
#4015=VERTEX_POINT('',#9767);
#4016=VERTEX_POINT('',#9771);
#4017=VERTEX_POINT('',#9775);
#4018=VERTEX_POINT('',#9779);
#4019=VERTEX_POINT('',#9781);
#4020=VERTEX_POINT('',#9783);
#4021=VERTEX_POINT('',#9787);
#4022=VERTEX_POINT('',#9791);
#4023=VERTEX_POINT('',#9793);
#4024=VERTEX_POINT('',#9795);
#4025=VERTEX_POINT('',#9798);
#4026=VERTEX_POINT('',#9799);
#4027=VERTEX_POINT('',#9801);
#4028=VERTEX_POINT('',#9803);
#4029=VERTEX_POINT('',#9805);
#4030=VERTEX_POINT('',#9807);
#4031=VERTEX_POINT('',#9809);
#4032=VERTEX_POINT('',#9811);
#4033=VERTEX_POINT('',#9813);
#4034=VERTEX_POINT('',#9815);
#4035=VERTEX_POINT('',#9820);
#4036=VERTEX_POINT('',#9821);
#4037=VERTEX_POINT('',#9825);
#4038=VERTEX_POINT('',#9829);
#4039=VERTEX_POINT('',#9833);
#4040=VERTEX_POINT('',#9837);
#4041=VERTEX_POINT('',#9841);
#4042=VERTEX_POINT('',#9845);
#4043=VERTEX_POINT('',#9849);
#4044=VERTEX_POINT('',#9854);
#4045=VERTEX_POINT('',#9855);
#4046=VERTEX_POINT('',#9857);
#4047=VERTEX_POINT('',#9861);
#4048=VERTEX_POINT('',#9865);
#4049=VERTEX_POINT('',#9869);
#4050=VERTEX_POINT('',#9873);
#4051=VERTEX_POINT('',#9875);
#4052=VERTEX_POINT('',#9877);
#4053=VERTEX_POINT('',#9879);
#4054=VERTEX_POINT('',#9881);
#4055=VERTEX_POINT('',#9883);
#4056=VERTEX_POINT('',#9885);
#4057=VERTEX_POINT('',#9887);
#4058=VERTEX_POINT('',#9889);
#4059=VERTEX_POINT('',#9893);
#4060=VERTEX_POINT('',#9897);
#4061=VERTEX_POINT('',#9902);
#4062=VERTEX_POINT('',#9903);
#4063=VERTEX_POINT('',#9907);
#4064=VERTEX_POINT('',#9911);
#4065=VERTEX_POINT('',#9915);
#4066=VERTEX_POINT('',#9917);
#4067=VERTEX_POINT('',#9919);
#4068=VERTEX_POINT('',#9921);
#4069=VERTEX_POINT('',#9925);
#4070=VERTEX_POINT('',#9929);
#4071=VERTEX_POINT('',#9933);
#4072=VERTEX_POINT('',#9937);
#4073=VERTEX_POINT('',#9941);
#4074=VERTEX_POINT('',#9945);
#4075=VERTEX_POINT('',#9949);
#4076=VERTEX_POINT('',#9953);
#4077=VERTEX_POINT('',#9957);
#4078=VERTEX_POINT('',#9961);
#4079=VERTEX_POINT('',#9963);
#4080=VERTEX_POINT('',#9967);
#4081=VERTEX_POINT('',#9971);
#4082=VERTEX_POINT('',#9975);
#4083=VERTEX_POINT('',#9979);
#4084=VERTEX_POINT('',#9983);
#4085=VERTEX_POINT('',#9987);
#4086=VERTEX_POINT('',#9992);
#4087=VERTEX_POINT('',#9993);
#4088=VERTEX_POINT('',#9995);
#4089=VERTEX_POINT('',#9999);
#4090=VERTEX_POINT('',#10003);
#4091=VERTEX_POINT('',#10007);
#4092=VERTEX_POINT('',#10011);
#4093=VERTEX_POINT('',#10013);
#4094=VERTEX_POINT('',#10015);
#4095=VERTEX_POINT('',#10017);
#4096=VERTEX_POINT('',#10019);
#4097=VERTEX_POINT('',#10021);
#4098=VERTEX_POINT('',#10023);
#4099=VERTEX_POINT('',#10025);
#4100=VERTEX_POINT('',#10027);
#4101=VERTEX_POINT('',#10031);
#4102=VERTEX_POINT('',#10035);
#4103=VERTEX_POINT('',#10038);
#4104=VERTEX_POINT('',#10039);
#4105=VERTEX_POINT('',#10041);
#4106=VERTEX_POINT('',#10045);
#4107=VERTEX_POINT('',#10047);
#4108=VERTEX_POINT('',#10051);
#4109=VERTEX_POINT('',#10053);
#4110=VERTEX_POINT('',#10055);
#4111=VERTEX_POINT('',#10057);
#4112=VERTEX_POINT('',#10059);
#4113=VERTEX_POINT('',#10061);
#4114=VERTEX_POINT('',#10065);
#4115=VERTEX_POINT('',#10067);
#4116=VERTEX_POINT('',#10069);
#4117=VERTEX_POINT('',#10071);
#4118=VERTEX_POINT('',#10073);
#4119=VERTEX_POINT('',#10075);
#4120=VERTEX_POINT('',#10077);
#4121=VERTEX_POINT('',#10081);
#4122=VERTEX_POINT('',#10083);
#4123=VERTEX_POINT('',#10085);
#4124=VERTEX_POINT('',#10089);
#4125=VERTEX_POINT('',#10091);
#4126=VERTEX_POINT('',#10096);
#4127=VERTEX_POINT('',#10097);
#4128=VERTEX_POINT('',#10101);
#4129=VERTEX_POINT('',#10105);
#4130=VERTEX_POINT('',#10107);
#4131=VERTEX_POINT('',#10109);
#4132=VERTEX_POINT('',#10111);
#4133=VERTEX_POINT('',#10116);
#4134=VERTEX_POINT('',#10117);
#4135=VERTEX_POINT('',#10121);
#4136=VERTEX_POINT('',#10125);
#4137=VERTEX_POINT('',#10129);
#4138=VERTEX_POINT('',#10133);
#4139=VERTEX_POINT('',#10137);
#4140=VERTEX_POINT('',#10141);
#4141=VERTEX_POINT('',#10143);
#4142=VERTEX_POINT('',#10145);
#4143=VERTEX_POINT('',#10149);
#4144=VERTEX_POINT('',#10153);
#4145=VERTEX_POINT('',#10155);
#4146=VERTEX_POINT('',#10157);
#4147=VERTEX_POINT('',#10161);
#4148=VERTEX_POINT('',#10162);
#4149=VERTEX_POINT('',#10167);
#4150=VERTEX_POINT('',#10171);
#4151=VERTEX_POINT('',#10175);
#4152=VERTEX_POINT('',#10176);
#4153=VERTEX_POINT('',#10181);
#4154=VERTEX_POINT('',#10185);
#4155=VERTEX_POINT('',#10191);
#4156=VERTEX_POINT('',#10194);
#4157=VERTEX_POINT('',#10197);
#4158=VERTEX_POINT('',#10200);
#4159=VERTEX_POINT('',#10206);
#4160=VERTEX_POINT('',#10208);
#4161=VERTEX_POINT('',#10212);
#4162=VERTEX_POINT('',#10216);
#4163=VERTEX_POINT('',#10227);
#4164=VERTEX_POINT('',#10240);
#4165=VERTEX_POINT('',#10246);
#4166=VERTEX_POINT('',#10250);
#4167=VERTEX_POINT('',#10254);
#4168=VERTEX_POINT('',#10258);
#4169=VERTEX_POINT('',#10262);
#4170=VERTEX_POINT('',#10266);
#4171=VERTEX_POINT('',#10270);
#4172=VERTEX_POINT('',#10274);
#4173=VERTEX_POINT('',#10285);
#4174=VERTEX_POINT('',#10298);
#4175=VERTEX_POINT('',#10311);
#4176=VERTEX_POINT('',#10329);
#4177=VERTEX_POINT('',#10331);
#4178=VERTEX_POINT('',#10335);
#4179=VERTEX_POINT('',#10339);
#4180=VERTEX_POINT('',#10343);
#4181=VERTEX_POINT('',#10347);
#4182=VERTEX_POINT('',#10351);
#4183=VERTEX_POINT('',#10355);
#4184=VERTEX_POINT('',#10359);
#4185=VERTEX_POINT('',#10363);
#4186=VERTEX_POINT('',#10367);
#4187=VERTEX_POINT('',#10371);
#4188=VERTEX_POINT('',#10375);
#4189=VERTEX_POINT('',#10379);
#4190=VERTEX_POINT('',#10383);
#4191=VERTEX_POINT('',#10387);
#4192=VERTEX_POINT('',#10391);
#4193=VERTEX_POINT('',#10395);
#4194=VERTEX_POINT('',#10411);
#4195=VERTEX_POINT('',#10412);
#4196=VERTEX_POINT('',#10414);
#4197=VERTEX_POINT('',#10418);
#4198=VERTEX_POINT('',#10431);
#4199=VERTEX_POINT('',#10433);
#4200=VERTEX_POINT('',#10448);
#4201=VERTEX_POINT('',#10450);
#4202=VERTEX_POINT('',#10456);
#4203=VERTEX_POINT('',#10458);
#4204=VERTEX_POINT('',#10469);
#4205=VERTEX_POINT('',#10473);
#4206=VERTEX_POINT('',#10484);
#4207=VERTEX_POINT('',#10490);
#4208=VERTEX_POINT('',#10494);
#4209=VERTEX_POINT('',#10498);
#4210=VERTEX_POINT('',#10509);
#4211=VERTEX_POINT('',#10522);
#4212=VERTEX_POINT('',#10528);
#4213=VERTEX_POINT('',#10532);
#4214=VERTEX_POINT('',#10543);
#4215=VERTEX_POINT('',#10556);
#4216=VERTEX_POINT('',#10569);
#4217=VERTEX_POINT('',#10582);
#4218=VERTEX_POINT('',#10614);
#4219=VERTEX_POINT('',#10616);
#4220=VERTEX_POINT('',#10620);
#4221=VERTEX_POINT('',#10624);
#4222=VERTEX_POINT('',#10628);
#4223=VERTEX_POINT('',#10632);
#4224=VERTEX_POINT('',#10636);
#4225=VERTEX_POINT('',#10640);
#4226=VERTEX_POINT('',#10644);
#4227=VERTEX_POINT('',#10648);
#4228=VERTEX_POINT('',#10664);
#4229=VERTEX_POINT('',#10665);
#4230=VERTEX_POINT('',#10667);
#4231=VERTEX_POINT('',#10671);
#4232=VERTEX_POINT('',#10684);
#4233=VERTEX_POINT('',#10686);
#4234=VERTEX_POINT('',#10701);
#4235=VERTEX_POINT('',#10703);
#4236=VERTEX_POINT('',#10718);
#4237=VERTEX_POINT('',#10720);
#4238=VERTEX_POINT('',#10735);
#4239=VERTEX_POINT('',#10737);
#4240=VERTEX_POINT('',#10752);
#4241=VERTEX_POINT('',#10754);
#4242=VERTEX_POINT('',#10769);
#4243=VERTEX_POINT('',#10771);
#4244=VERTEX_POINT('',#10784);
#4245=VERTEX_POINT('',#10788);
#4246=VERTEX_POINT('',#10799);
#4247=VERTEX_POINT('',#10812);
#4248=VERTEX_POINT('',#10825);
#4249=VERTEX_POINT('',#10838);
#4250=VERTEX_POINT('',#10851);
#4251=VERTEX_POINT('',#10864);
#4252=VERTEX_POINT('',#10877);
#4253=VERTEX_POINT('',#10918);
#4254=VERTEX_POINT('',#10919);
#4255=VERTEX_POINT('',#10921);
#4256=VERTEX_POINT('',#10925);
#4257=VERTEX_POINT('',#10938);
#4258=VERTEX_POINT('',#10940);
#4259=VERTEX_POINT('',#10955);
#4260=VERTEX_POINT('',#10957);
#4261=VERTEX_POINT('',#10972);
#4262=VERTEX_POINT('',#10974);
#4263=VERTEX_POINT('',#10989);
#4264=VERTEX_POINT('',#10991);
#4265=VERTEX_POINT('',#11006);
#4266=VERTEX_POINT('',#11008);
#4267=VERTEX_POINT('',#11023);
#4268=VERTEX_POINT('',#11025);
#4269=VERTEX_POINT('',#11038);
#4270=VERTEX_POINT('',#11042);
#4271=VERTEX_POINT('',#11053);
#4272=VERTEX_POINT('',#11066);
#4273=VERTEX_POINT('',#11079);
#4274=VERTEX_POINT('',#11092);
#4275=VERTEX_POINT('',#11105);
#4276=VERTEX_POINT('',#11118);
#4277=VERTEX_POINT('',#11131);
#4278=VERTEX_POINT('',#11163);
#4279=VERTEX_POINT('',#11165);
#4280=VERTEX_POINT('',#11169);
#4281=VERTEX_POINT('',#11173);
#4282=VERTEX_POINT('',#11184);
#4283=VERTEX_POINT('',#11197);
#4284=VERTEX_POINT('',#11203);
#4285=VERTEX_POINT('',#11207);
#4286=VERTEX_POINT('',#11211);
#4287=VERTEX_POINT('',#11215);
#4288=VERTEX_POINT('',#11219);
#4289=VERTEX_POINT('',#11223);
#4290=VERTEX_POINT('',#11227);
#4291=VERTEX_POINT('',#11231);
#4292=VERTEX_POINT('',#11242);
#4293=VERTEX_POINT('',#11255);
#4294=VERTEX_POINT('',#11268);
#4295=VERTEX_POINT('',#11293);
#4296=VERTEX_POINT('',#11297);
#4297=VERTEX_POINT('',#11308);
#4298=VERTEX_POINT('',#11321);
#4299=VERTEX_POINT('',#11334);
#4300=VERTEX_POINT('',#11347);
#4301=VERTEX_POINT('',#11360);
#4302=VERTEX_POINT('',#11373);
#4303=VERTEX_POINT('',#11386);
#4304=VERTEX_POINT('',#11399);
#4305=VERTEX_POINT('',#11405);
#4306=VERTEX_POINT('',#11416);
#4307=VERTEX_POINT('',#11429);
#4308=VERTEX_POINT('',#11442);
#4309=VERTEX_POINT('',#11455);
#4310=VERTEX_POINT('',#11468);
#4311=VERTEX_POINT('',#11481);
#4312=VERTEX_POINT('',#11494);
#4313=VERTEX_POINT('',#11507);
#4314=VERTEX_POINT('',#11520);
#4315=VERTEX_POINT('',#11533);
#4316=VERTEX_POINT('',#11539);
#4317=VERTEX_POINT('',#11543);
#4318=VERTEX_POINT('',#11547);
#4319=VERTEX_POINT('',#11558);
#4320=VERTEX_POINT('',#11576);
#4321=VERTEX_POINT('',#11578);
#4322=VERTEX_POINT('',#11582);
#4323=VERTEX_POINT('',#11586);
#4324=VERTEX_POINT('',#11597);
#4325=VERTEX_POINT('',#11610);
#4326=VERTEX_POINT('',#11616);
#4327=VERTEX_POINT('',#11620);
#4328=VERTEX_POINT('',#11624);
#4329=VERTEX_POINT('',#11628);
#4330=VERTEX_POINT('',#11632);
#4331=VERTEX_POINT('',#11636);
#4332=VERTEX_POINT('',#11640);
#4333=VERTEX_POINT('',#11644);
#4334=VERTEX_POINT('',#11655);
#4335=VERTEX_POINT('',#11668);
#4336=VERTEX_POINT('',#11681);
#4337=VERTEX_POINT('',#11699);
#4338=VERTEX_POINT('',#11701);
#4339=VERTEX_POINT('',#11705);
#4340=VERTEX_POINT('',#11709);
#4341=VERTEX_POINT('',#11713);
#4342=VERTEX_POINT('',#11724);
#4343=VERTEX_POINT('',#11730);
#4344=VERTEX_POINT('',#11734);
#4345=VERTEX_POINT('',#11745);
#4346=VERTEX_POINT('',#11751);
#4347=VERTEX_POINT('',#11755);
#4348=VERTEX_POINT('',#11759);
#4349=VERTEX_POINT('',#11763);
#4350=VERTEX_POINT('',#11767);
#4351=VERTEX_POINT('',#11771);
#4352=VERTEX_POINT('',#11782);
#4353=VERTEX_POINT('',#11788);
#4354=VERTEX_POINT('',#11792);
#4355=VERTEX_POINT('',#11796);
#4356=VERTEX_POINT('',#11800);
#4357=VERTEX_POINT('',#11804);
#4358=VERTEX_POINT('',#11815);
#4359=VERTEX_POINT('',#11821);
#4360=VERTEX_POINT('',#11846);
#4361=VERTEX_POINT('',#11847);
#4362=VERTEX_POINT('',#11849);
#4363=VERTEX_POINT('',#11853);
#4364=VERTEX_POINT('',#11866);
#4365=VERTEX_POINT('',#11868);
#4366=VERTEX_POINT('',#11883);
#4367=VERTEX_POINT('',#11885);
#4368=VERTEX_POINT('',#11900);
#4369=VERTEX_POINT('',#11902);
#4370=VERTEX_POINT('',#11917);
#4371=VERTEX_POINT('',#11919);
#4372=VERTEX_POINT('',#11934);
#4373=VERTEX_POINT('',#11936);
#4374=VERTEX_POINT('',#11951);
#4375=VERTEX_POINT('',#11953);
#4376=VERTEX_POINT('',#11966);
#4377=VERTEX_POINT('',#11970);
#4378=VERTEX_POINT('',#11981);
#4379=VERTEX_POINT('',#11994);
#4380=VERTEX_POINT('',#12007);
#4381=VERTEX_POINT('',#12020);
#4382=VERTEX_POINT('',#12033);
#4383=VERTEX_POINT('',#12046);
#4384=VERTEX_POINT('',#12059);
#4385=VERTEX_POINT('',#12100);
#4386=VERTEX_POINT('',#12101);
#4387=VERTEX_POINT('',#12103);
#4388=VERTEX_POINT('',#12107);
#4389=VERTEX_POINT('',#12120);
#4390=VERTEX_POINT('',#12122);
#4391=VERTEX_POINT('',#12137);
#4392=VERTEX_POINT('',#12139);
#4393=VERTEX_POINT('',#12145);
#4394=VERTEX_POINT('',#12147);
#4395=VERTEX_POINT('',#12151);
#4396=VERTEX_POINT('',#12153);
#4397=VERTEX_POINT('',#12157);
#4398=VERTEX_POINT('',#12159);
#4399=VERTEX_POINT('',#12170);
#4400=VERTEX_POINT('',#12174);
#4401=VERTEX_POINT('',#12185);
#4402=VERTEX_POINT('',#12198);
#4403=VERTEX_POINT('',#12204);
#4404=VERTEX_POINT('',#12208);
#4405=VERTEX_POINT('',#12212);
#4406=VERTEX_POINT('',#12251);
#4407=VERTEX_POINT('',#12252);
#4408=VERTEX_POINT('',#12254);
#4409=VERTEX_POINT('',#12258);
#4410=VERTEX_POINT('',#12271);
#4411=VERTEX_POINT('',#12273);
#4412=VERTEX_POINT('',#12288);
#4413=VERTEX_POINT('',#12290);
#4414=VERTEX_POINT('',#12305);
#4415=VERTEX_POINT('',#12307);
#4416=VERTEX_POINT('',#12322);
#4417=VERTEX_POINT('',#12324);
#4418=VERTEX_POINT('',#12339);
#4419=VERTEX_POINT('',#12341);
#4420=VERTEX_POINT('',#12356);
#4421=VERTEX_POINT('',#12358);
#4422=VERTEX_POINT('',#12364);
#4423=VERTEX_POINT('',#12366);
#4424=VERTEX_POINT('',#12370);
#4425=VERTEX_POINT('',#12372);
#4426=VERTEX_POINT('',#12383);
#4427=VERTEX_POINT('',#12396);
#4428=VERTEX_POINT('',#12409);
#4429=VERTEX_POINT('',#12422);
#4430=VERTEX_POINT('',#12435);
#4431=VERTEX_POINT('',#12448);
#4432=VERTEX_POINT('',#12454);
#4433=VERTEX_POINT('',#12458);
#4434=VERTEX_POINT('',#12462);
#4435=VERTEX_POINT('',#12466);
#4436=VERTEX_POINT('',#12470);
#4437=VERTEX_POINT('',#12474);
#4438=VERTEX_POINT('',#12478);
#4439=VERTEX_POINT('',#12482);
#4440=VERTEX_POINT('',#12503);
#4441=VERTEX_POINT('',#12505);
#4442=VERTEX_POINT('',#12509);
#4443=VERTEX_POINT('',#12513);
#4444=VERTEX_POINT('',#12524);
#4445=VERTEX_POINT('',#12537);
#4446=VERTEX_POINT('',#12550);
#4447=VERTEX_POINT('',#12563);
#4448=VERTEX_POINT('',#12569);
#4449=VERTEX_POINT('',#12573);
#4450=VERTEX_POINT('',#12577);
#4451=VERTEX_POINT('',#12588);
#4452=VERTEX_POINT('',#12601);
#4453=VERTEX_POINT('',#12614);
#4454=VERTEX_POINT('',#12632);
#4455=VERTEX_POINT('',#12634);
#4456=VERTEX_POINT('',#12638);
#4457=VERTEX_POINT('',#12642);
#4458=VERTEX_POINT('',#12653);
#4459=VERTEX_POINT('',#12666);
#4460=VERTEX_POINT('',#12672);
#4461=VERTEX_POINT('',#12676);
#4462=VERTEX_POINT('',#12680);
#4463=VERTEX_POINT('',#12684);
#4464=VERTEX_POINT('',#12688);
#4465=VERTEX_POINT('',#12692);
#4466=VERTEX_POINT('',#12696);
#4467=VERTEX_POINT('',#12700);
#4468=VERTEX_POINT('',#12711);
#4469=VERTEX_POINT('',#12724);
#4470=VERTEX_POINT('',#12737);
#4471=VERTEX_POINT('',#12764);
#4472=VERTEX_POINT('',#12765);
#4473=VERTEX_POINT('',#12767);
#4474=VERTEX_POINT('',#12771);
#4475=VERTEX_POINT('',#12784);
#4476=VERTEX_POINT('',#12786);
#4477=VERTEX_POINT('',#12801);
#4478=VERTEX_POINT('',#12803);
#4479=VERTEX_POINT('',#12809);
#4480=VERTEX_POINT('',#12811);
#4481=VERTEX_POINT('',#12822);
#4482=VERTEX_POINT('',#12826);
#4483=VERTEX_POINT('',#12830);
#4484=VERTEX_POINT('',#12834);
#4485=VERTEX_POINT('',#12838);
#4486=VERTEX_POINT('',#12842);
#4487=VERTEX_POINT('',#12853);
#4488=VERTEX_POINT('',#12866);
#4489=VERTEX_POINT('',#12872);
#4490=VERTEX_POINT('',#12876);
#4491=VERTEX_POINT('',#12887);
#4492=VERTEX_POINT('',#12900);
#4493=VERTEX_POINT('',#12913);
#4494=VERTEX_POINT('',#12926);
#4495=LINE('',#9069,#5169);
#4496=LINE('',#9072,#5170);
#4497=LINE('',#9074,#5171);
#4498=LINE('',#9076,#5172);
#4499=LINE('',#9078,#5173);
#4500=LINE('',#9080,#5174);
#4501=LINE('',#9082,#5175);
#4502=LINE('',#9084,#5176);
#4503=LINE('',#9086,#5177);
#4504=LINE('',#9088,#5178);
#4505=LINE('',#9090,#5179);
#4506=LINE('',#9091,#5180);
#4507=LINE('',#9096,#5181);
#4508=LINE('',#9099,#5182);
#4509=LINE('',#9101,#5183);
#4510=LINE('',#9103,#5184);
#4511=LINE('',#9105,#5185);
#4512=LINE('',#9107,#5186);
#4513=LINE('',#9109,#5187);
#4514=LINE('',#9111,#5188);
#4515=LINE('',#9113,#5189);
#4516=LINE('',#9115,#5190);
#4517=LINE('',#9117,#5191);
#4518=LINE('',#9118,#5192);
#4519=LINE('',#9128,#5193);
#4520=LINE('',#9131,#5194);
#4521=LINE('',#9133,#5195);
#4522=LINE('',#9135,#5196);
#4523=LINE('',#9137,#5197);
#4524=LINE('',#9139,#5198);
#4525=LINE('',#9141,#5199);
#4526=LINE('',#9143,#5200);
#4527=LINE('',#9145,#5201);
#4528=LINE('',#9148,#5202);
#4529=LINE('',#9150,#5203);
#4530=LINE('',#9152,#5204);
#4531=LINE('',#9154,#5205);
#4532=LINE('',#9156,#5206);
#4533=LINE('',#9158,#5207);
#4534=LINE('',#9160,#5208);
#4535=LINE('',#9162,#5209);
#4536=LINE('',#9165,#5210);
#4537=LINE('',#9167,#5211);
#4538=LINE('',#9169,#5212);
#4539=LINE('',#9171,#5213);
#4540=LINE('',#9173,#5214);
#4541=LINE('',#9175,#5215);
#4542=LINE('',#9177,#5216);
#4543=LINE('',#9179,#5217);
#4544=LINE('',#9180,#5218);
#4545=LINE('',#9182,#5219);
#4546=LINE('',#9184,#5220);
#4547=LINE('',#9186,#5221);
#4548=LINE('',#9188,#5222);
#4549=LINE('',#9190,#5223);
#4550=LINE('',#9191,#5224);
#4551=LINE('',#9193,#5225);
#4552=LINE('',#9195,#5226);
#4553=LINE('',#9196,#5227);
#4554=LINE('',#9198,#5228);
#4555=LINE('',#9200,#5229);
#4556=LINE('',#9202,#5230);
#4557=LINE('',#9204,#5231);
#4558=LINE('',#9206,#5232);
#4559=LINE('',#9209,#5233);
#4560=LINE('',#9210,#5234);
#4561=LINE('',#9212,#5235);
#4562=LINE('',#9214,#5236);
#4563=LINE('',#9216,#5237);
#4564=LINE('',#9219,#5238);
#4565=LINE('',#9221,#5239);
#4566=LINE('',#9223,#5240);
#4567=LINE('',#9224,#5241);
#4568=LINE('',#9227,#5242);
#4569=LINE('',#9229,#5243);
#4570=LINE('',#9231,#5244);
#4571=LINE('',#9233,#5245);
#4572=LINE('',#9235,#5246);
#4573=LINE('',#9237,#5247);
#4574=LINE('',#9239,#5248);
#4575=LINE('',#9242,#5249);
#4576=LINE('',#9243,#5250);
#4577=LINE('',#9245,#5251);
#4578=LINE('',#9246,#5252);
#4579=LINE('',#9249,#5253);
#4580=LINE('',#9251,#5254);
#4581=LINE('',#9253,#5255);
#4582=LINE('',#9255,#5256);
#4583=LINE('',#9257,#5257);
#4584=LINE('',#9259,#5258);
#4585=LINE('',#9260,#5259);
#4586=LINE('',#9262,#5260);
#4587=LINE('',#9264,#5261);
#4588=LINE('',#9274,#5262);
#4589=LINE('',#9276,#5263);
#4590=LINE('',#9277,#5264);
#4591=LINE('',#9279,#5265);
#4592=LINE('',#9281,#5266);
#4593=LINE('',#9283,#5267);
#4594=LINE('',#9285,#5268);
#4595=LINE('',#9287,#5269);
#4596=LINE('',#9289,#5270);
#4597=LINE('',#9291,#5271);
#4598=LINE('',#9292,#5272);
#4599=LINE('',#9295,#5273);
#4600=LINE('',#9296,#5274);
#4601=LINE('',#9298,#5275);
#4602=LINE('',#9300,#5276);
#4603=LINE('',#9302,#5277);
#4604=LINE('',#9304,#5278);
#4605=LINE('',#9306,#5279);
#4606=LINE('',#9308,#5280);
#4607=LINE('',#9310,#5281);
#4608=LINE('',#9312,#5282);
#4609=LINE('',#9314,#5283);
#4610=LINE('',#9316,#5284);
#4611=LINE('',#9320,#5285);
#4612=LINE('',#9321,#5286);
#4613=LINE('',#9322,#5287);
#4614=LINE('',#9330,#5288);
#4615=LINE('',#9332,#5289);
#4616=LINE('',#9334,#5290);
#4617=LINE('',#9336,#5291);
#4618=LINE('',#9343,#5292);
#4619=LINE('',#9347,#5293);
#4620=LINE('',#9349,#5294);
#4621=LINE('',#9351,#5295);
#4622=LINE('',#9353,#5296);
#4623=LINE('',#9357,#5297);
#4624=LINE('',#9359,#5298);
#4625=LINE('',#9361,#5299);
#4626=LINE('',#9363,#5300);
#4627=LINE('',#9365,#5301);
#4628=LINE('',#9372,#5302);
#4629=LINE('',#9374,#5303);
#4630=LINE('',#9376,#5304);
#4631=LINE('',#9378,#5305);
#4632=LINE('',#9382,#5306);
#4633=LINE('',#9407,#5307);
#4634=LINE('',#9410,#5308);
#4635=LINE('',#9412,#5309);
#4636=LINE('',#9414,#5310);
#4637=LINE('',#9416,#5311);
#4638=LINE('',#9418,#5312);
#4639=LINE('',#9420,#5313);
#4640=LINE('',#9422,#5314);
#4641=LINE('',#9424,#5315);
#4642=LINE('',#9426,#5316);
#4643=LINE('',#9433,#5317);
#4644=LINE('',#9434,#5318);
#4645=LINE('',#9439,#5319);
#4646=LINE('',#9442,#5320);
#4647=LINE('',#9460,#5321);
#4648=LINE('',#9462,#5322);
#4649=LINE('',#9464,#5323);
#4650=LINE('',#9466,#5324);
#4651=LINE('',#9468,#5325);
#4652=LINE('',#9470,#5326);
#4653=LINE('',#9484,#5327);
#4654=LINE('',#9485,#5328);
#4655=LINE('',#9488,#5329);
#4656=LINE('',#9506,#5330);
#4657=LINE('',#9508,#5331);
#4658=LINE('',#9510,#5332);
#4659=LINE('',#9528,#5333);
#4660=LINE('',#9538,#5334);
#4661=LINE('',#9542,#5335);
#4662=LINE('',#9544,#5336);
#4663=LINE('',#9546,#5337);
#4664=LINE('',#9548,#5338);
#4665=LINE('',#9550,#5339);
#4666=LINE('',#9552,#5340);
#4667=LINE('',#9645,#5341);
#4668=LINE('',#9648,#5342);
#4669=LINE('',#9650,#5343);
#4670=LINE('',#9652,#5344);
#4671=LINE('',#9653,#5345);
#4672=LINE('',#9656,#5346);
#4673=LINE('',#9658,#5347);
#4674=LINE('',#9660,#5348);
#4675=LINE('',#9669,#5349);
#4676=LINE('',#9688,#5350);
#4677=LINE('',#9690,#5351);
#4678=LINE('',#9692,#5352);
#4679=LINE('',#9694,#5353);
#4680=LINE('',#9696,#5354);
#4681=LINE('',#9698,#5355);
#4682=LINE('',#9712,#5356);
#4683=LINE('',#9714,#5357);
#4684=LINE('',#9715,#5358);
#4685=LINE('',#9718,#5359);
#4686=LINE('',#9722,#5360);
#4687=LINE('',#9724,#5361);
#4688=LINE('',#9726,#5362);
#4689=LINE('',#9728,#5363);
#4690=LINE('',#9730,#5364);
#4691=LINE('',#9732,#5365);
#4692=LINE('',#9734,#5366);
#4693=LINE('',#9736,#5367);
#4694=LINE('',#9738,#5368);
#4695=LINE('',#9740,#5369);
#4696=LINE('',#9742,#5370);
#4697=LINE('',#9746,#5371);
#4698=LINE('',#9748,#5372);
#4699=LINE('',#9750,#5373);
#4700=LINE('',#9780,#5374);
#4701=LINE('',#9782,#5375);
#4702=LINE('',#9794,#5376);
#4703=LINE('',#9797,#5377);
#4704=LINE('',#9800,#5378);
#4705=LINE('',#9802,#5379);
#4706=LINE('',#9804,#5380);
#4707=LINE('',#9806,#5381);
#4708=LINE('',#9808,#5382);
#4709=LINE('',#9810,#5383);
#4710=LINE('',#9812,#5384);
#4711=LINE('',#9814,#5385);
#4712=LINE('',#9816,#5386);
#4713=LINE('',#9853,#5387);
#4714=LINE('',#9856,#5388);
#4715=LINE('',#9874,#5389);
#4716=LINE('',#9876,#5390);
#4717=LINE('',#9878,#5391);
#4718=LINE('',#9880,#5392);
#4719=LINE('',#9882,#5393);
#4720=LINE('',#9884,#5394);
#4721=LINE('',#9898,#5395);
#4722=LINE('',#9916,#5396);
#4723=LINE('',#9962,#5397);
#4724=LINE('',#9991,#5398);
#4725=LINE('',#9994,#5399);
#4726=LINE('',#10012,#5400);
#4727=LINE('',#10014,#5401);
#4728=LINE('',#10016,#5402);
#4729=LINE('',#10018,#5403);
#4730=LINE('',#10020,#5404);
#4731=LINE('',#10022,#5405);
#4732=LINE('',#10036,#5406);
#4733=LINE('',#10037,#5407);
#4734=LINE('',#10040,#5408);
#4735=LINE('',#10046,#5409);
#4736=LINE('',#10052,#5410);
#4737=LINE('',#10054,#5411);
#4738=LINE('',#10056,#5412);
#4739=LINE('',#10058,#5413);
#4740=LINE('',#10060,#5414);
#4741=LINE('',#10066,#5415);
#4742=LINE('',#10072,#5416);
#4743=LINE('',#10074,#5417);
#4744=LINE('',#10076,#5418);
#4745=LINE('',#10082,#5419);
#4746=LINE('',#10090,#5420);
#4747=LINE('',#10092,#5421);
#4748=LINE('',#10106,#5422);
#4749=LINE('',#10108,#5423);
#4750=LINE('',#10110,#5424);
#4751=LINE('',#10142,#5425);
#4752=LINE('',#10144,#5426);
#4753=LINE('',#10156,#5427);
#4754=LINE('',#10160,#5428);
#4755=LINE('',#10163,#5429);
#4756=LINE('',#10164,#5430);
#4757=LINE('',#10166,#5431);
#4758=LINE('',#10168,#5432);
#4759=LINE('',#10170,#5433);
#4760=LINE('',#10172,#5434);
#4761=LINE('',#10174,#5435);
#4762=LINE('',#10177,#5436);
#4763=LINE('',#10178,#5437);
#4764=LINE('',#10180,#5438);
#4765=LINE('',#10182,#5439);
#4766=LINE('',#10184,#5440);
#4767=LINE('',#10186,#5441);
#4768=LINE('',#10188,#5442);
#4769=LINE('',#10202,#5443);
#4770=LINE('',#10205,#5444);
#4771=LINE('',#10207,#5445);
#4772=LINE('',#10209,#5446);
#4773=LINE('',#10211,#5447);
#4774=LINE('',#10213,#5448);
#4775=LINE('',#10215,#5449);
#4776=LINE('',#10217,#5450);
#4777=LINE('',#10226,#5451);
#4778=LINE('',#10239,#5452);
#4779=LINE('',#10245,#5453);
#4780=LINE('',#10249,#5454);
#4781=LINE('',#10253,#5455);
#4782=LINE('',#10255,#5456);
#4783=LINE('',#10257,#5457);
#4784=LINE('',#10259,#5458);
#4785=LINE('',#10261,#5459);
#4786=LINE('',#10263,#5460);
#4787=LINE('',#10265,#5461);
#4788=LINE('',#10267,#5462);
#4789=LINE('',#10269,#5463);
#4790=LINE('',#10271,#5464);
#4791=LINE('',#10273,#5465);
#4792=LINE('',#10275,#5466);
#4793=LINE('',#10284,#5467);
#4794=LINE('',#10297,#5468);
#4795=LINE('',#10310,#5469);
#4796=LINE('',#10328,#5470);
#4797=LINE('',#10330,#5471);
#4798=LINE('',#10332,#5472);
#4799=LINE('',#10334,#5473);
#4800=LINE('',#10336,#5474);
#4801=LINE('',#10338,#5475);
#4802=LINE('',#10340,#5476);
#4803=LINE('',#10342,#5477);
#4804=LINE('',#10344,#5478);
#4805=LINE('',#10346,#5479);
#4806=LINE('',#10350,#5480);
#4807=LINE('',#10352,#5481);
#4808=LINE('',#10354,#5482);
#4809=LINE('',#10356,#5483);
#4810=LINE('',#10358,#5484);
#4811=LINE('',#10360,#5485);
#4812=LINE('',#10362,#5486);
#4813=LINE('',#10364,#5487);
#4814=LINE('',#10366,#5488);
#4815=LINE('',#10368,#5489);
#4816=LINE('',#10370,#5490);
#4817=LINE('',#10372,#5491);
#4818=LINE('',#10374,#5492);
#4819=LINE('',#10376,#5493);
#4820=LINE('',#10378,#5494);
#4821=LINE('',#10380,#5495);
#4822=LINE('',#10382,#5496);
#4823=LINE('',#10384,#5497);
#4824=LINE('',#10386,#5498);
#4825=LINE('',#10388,#5499);
#4826=LINE('',#10390,#5500);
#4827=LINE('',#10392,#5501);
#4828=LINE('',#10394,#5502);
#4829=LINE('',#10398,#5503);
#4830=LINE('',#10413,#5504);
#4831=LINE('',#10419,#5505);
#4832=LINE('',#10432,#5506);
#4833=LINE('',#10449,#5507);
#4834=LINE('',#10455,#5508);
#4835=LINE('',#10457,#5509);
#4836=LINE('',#10459,#5510);
#4837=LINE('',#10468,#5511);
#4838=LINE('',#10474,#5512);
#4839=LINE('',#10483,#5513);
#4840=LINE('',#10489,#5514);
#4841=LINE('',#10493,#5515);
#4842=LINE('',#10495,#5516);
#4843=LINE('',#10497,#5517);
#4844=LINE('',#10508,#5518);
#4845=LINE('',#10521,#5519);
#4846=LINE('',#10527,#5520);
#4847=LINE('',#10529,#5521);
#4848=LINE('',#10531,#5522);
#4849=LINE('',#10533,#5523);
#4850=LINE('',#10542,#5524);
#4851=LINE('',#10555,#5525);
#4852=LINE('',#10568,#5526);
#4853=LINE('',#10581,#5527);
#4854=LINE('',#10613,#5528);
#4855=LINE('',#10615,#5529);
#4856=LINE('',#10617,#5530);
#4857=LINE('',#10619,#5531);
#4858=LINE('',#10621,#5532);
#4859=LINE('',#10623,#5533);
#4860=LINE('',#10625,#5534);
#4861=LINE('',#10627,#5535);
#4862=LINE('',#10629,#5536);
#4863=LINE('',#10631,#5537);
#4864=LINE('',#10633,#5538);
#4865=LINE('',#10635,#5539);
#4866=LINE('',#10637,#5540);
#4867=LINE('',#10639,#5541);
#4868=LINE('',#10641,#5542);
#4869=LINE('',#10643,#5543);
#4870=LINE('',#10645,#5544);
#4871=LINE('',#10647,#5545);
#4872=LINE('',#10649,#5546);
#4873=LINE('',#10651,#5547);
#4874=LINE('',#10666,#5548);
#4875=LINE('',#10672,#5549);
#4876=LINE('',#10685,#5550);
#4877=LINE('',#10702,#5551);
#4878=LINE('',#10719,#5552);
#4879=LINE('',#10736,#5553);
#4880=LINE('',#10753,#5554);
#4881=LINE('',#10770,#5555);
#4882=LINE('',#10783,#5556);
#4883=LINE('',#10789,#5557);
#4884=LINE('',#10798,#5558);
#4885=LINE('',#10811,#5559);
#4886=LINE('',#10824,#5560);
#4887=LINE('',#10837,#5561);
#4888=LINE('',#10850,#5562);
#4889=LINE('',#10863,#5563);
#4890=LINE('',#10876,#5564);
#4891=LINE('',#10920,#5565);
#4892=LINE('',#10926,#5566);
#4893=LINE('',#10939,#5567);
#4894=LINE('',#10956,#5568);
#4895=LINE('',#10973,#5569);
#4896=LINE('',#10990,#5570);
#4897=LINE('',#11007,#5571);
#4898=LINE('',#11024,#5572);
#4899=LINE('',#11037,#5573);
#4900=LINE('',#11043,#5574);
#4901=LINE('',#11052,#5575);
#4902=LINE('',#11065,#5576);
#4903=LINE('',#11078,#5577);
#4904=LINE('',#11091,#5578);
#4905=LINE('',#11104,#5579);
#4906=LINE('',#11117,#5580);
#4907=LINE('',#11130,#5581);
#4908=LINE('',#11162,#5582);
#4909=LINE('',#11164,#5583);
#4910=LINE('',#11166,#5584);
#4911=LINE('',#11168,#5585);
#4912=LINE('',#11170,#5586);
#4913=LINE('',#11172,#5587);
#4914=LINE('',#11174,#5588);
#4915=LINE('',#11183,#5589);
#4916=LINE('',#11196,#5590);
#4917=LINE('',#11202,#5591);
#4918=LINE('',#11206,#5592);
#4919=LINE('',#11210,#5593);
#4920=LINE('',#11212,#5594);
#4921=LINE('',#11214,#5595);
#4922=LINE('',#11216,#5596);
#4923=LINE('',#11218,#5597);
#4924=LINE('',#11220,#5598);
#4925=LINE('',#11222,#5599);
#4926=LINE('',#11224,#5600);
#4927=LINE('',#11226,#5601);
#4928=LINE('',#11228,#5602);
#4929=LINE('',#11230,#5603);
#4930=LINE('',#11232,#5604);
#4931=LINE('',#11241,#5605);
#4932=LINE('',#11254,#5606);
#4933=LINE('',#11267,#5607);
#4934=LINE('',#11292,#5608);
#4935=LINE('',#11298,#5609);
#4936=LINE('',#11307,#5610);
#4937=LINE('',#11320,#5611);
#4938=LINE('',#11333,#5612);
#4939=LINE('',#11346,#5613);
#4940=LINE('',#11359,#5614);
#4941=LINE('',#11372,#5615);
#4942=LINE('',#11385,#5616);
#4943=LINE('',#11398,#5617);
#4944=LINE('',#11404,#5618);
#4945=LINE('',#11406,#5619);
#4946=LINE('',#11415,#5620);
#4947=LINE('',#11428,#5621);
#4948=LINE('',#11441,#5622);
#4949=LINE('',#11454,#5623);
#4950=LINE('',#11467,#5624);
#4951=LINE('',#11480,#5625);
#4952=LINE('',#11493,#5626);
#4953=LINE('',#11506,#5627);
#4954=LINE('',#11519,#5628);
#4955=LINE('',#11532,#5629);
#4956=LINE('',#11538,#5630);
#4957=LINE('',#11542,#5631);
#4958=LINE('',#11546,#5632);
#4959=LINE('',#11548,#5633);
#4960=LINE('',#11557,#5634);
#4961=LINE('',#11575,#5635);
#4962=LINE('',#11577,#5636);
#4963=LINE('',#11579,#5637);
#4964=LINE('',#11581,#5638);
#4965=LINE('',#11583,#5639);
#4966=LINE('',#11585,#5640);
#4967=LINE('',#11587,#5641);
#4968=LINE('',#11596,#5642);
#4969=LINE('',#11609,#5643);
#4970=LINE('',#11615,#5644);
#4971=LINE('',#11619,#5645);
#4972=LINE('',#11623,#5646);
#4973=LINE('',#11625,#5647);
#4974=LINE('',#11627,#5648);
#4975=LINE('',#11629,#5649);
#4976=LINE('',#11631,#5650);
#4977=LINE('',#11633,#5651);
#4978=LINE('',#11635,#5652);
#4979=LINE('',#11637,#5653);
#4980=LINE('',#11639,#5654);
#4981=LINE('',#11641,#5655);
#4982=LINE('',#11643,#5656);
#4983=LINE('',#11645,#5657);
#4984=LINE('',#11654,#5658);
#4985=LINE('',#11667,#5659);
#4986=LINE('',#11680,#5660);
#4987=LINE('',#11698,#5661);
#4988=LINE('',#11700,#5662);
#4989=LINE('',#11702,#5663);
#4990=LINE('',#11704,#5664);
#4991=LINE('',#11706,#5665);
#4992=LINE('',#11708,#5666);
#4993=LINE('',#11710,#5667);
#4994=LINE('',#11712,#5668);
#4995=LINE('',#11714,#5669);
#4996=LINE('',#11723,#5670);
#4997=LINE('',#11729,#5671);
#4998=LINE('',#11733,#5672);
#4999=LINE('',#11735,#5673);
#5000=LINE('',#11744,#5674);
#5001=LINE('',#11750,#5675);
#5002=LINE('',#11752,#5676);
#5003=LINE('',#11754,#5677);
#5004=LINE('',#11756,#5678);
#5005=LINE('',#11758,#5679);
#5006=LINE('',#11760,#5680);
#5007=LINE('',#11762,#5681);
#5008=LINE('',#11766,#5682);
#5009=LINE('',#11770,#5683);
#5010=LINE('',#11772,#5684);
#5011=LINE('',#11781,#5685);
#5012=LINE('',#11787,#5686);
#5013=LINE('',#11789,#5687);
#5014=LINE('',#11791,#5688);
#5015=LINE('',#11793,#5689);
#5016=LINE('',#11795,#5690);
#5017=LINE('',#11797,#5691);
#5018=LINE('',#11799,#5692);
#5019=LINE('',#11801,#5693);
#5020=LINE('',#11803,#5694);
#5021=LINE('',#11805,#5695);
#5022=LINE('',#11814,#5696);
#5023=LINE('',#11820,#5697);
#5024=LINE('',#11822,#5698);
#5025=LINE('',#11848,#5699);
#5026=LINE('',#11854,#5700);
#5027=LINE('',#11867,#5701);
#5028=LINE('',#11884,#5702);
#5029=LINE('',#11901,#5703);
#5030=LINE('',#11918,#5704);
#5031=LINE('',#11935,#5705);
#5032=LINE('',#11952,#5706);
#5033=LINE('',#11965,#5707);
#5034=LINE('',#11971,#5708);
#5035=LINE('',#11980,#5709);
#5036=LINE('',#11993,#5710);
#5037=LINE('',#12006,#5711);
#5038=LINE('',#12019,#5712);
#5039=LINE('',#12032,#5713);
#5040=LINE('',#12045,#5714);
#5041=LINE('',#12058,#5715);
#5042=LINE('',#12102,#5716);
#5043=LINE('',#12108,#5717);
#5044=LINE('',#12121,#5718);
#5045=LINE('',#12138,#5719);
#5046=LINE('',#12144,#5720);
#5047=LINE('',#12146,#5721);
#5048=LINE('',#12148,#5722);
#5049=LINE('',#12150,#5723);
#5050=LINE('',#12152,#5724);
#5051=LINE('',#12154,#5725);
#5052=LINE('',#12156,#5726);
#5053=LINE('',#12158,#5727);
#5054=LINE('',#12160,#5728);
#5055=LINE('',#12169,#5729);
#5056=LINE('',#12175,#5730);
#5057=LINE('',#12184,#5731);
#5058=LINE('',#12197,#5732);
#5059=LINE('',#12203,#5733);
#5060=LINE('',#12205,#5734);
#5061=LINE('',#12207,#5735);
#5062=LINE('',#12209,#5736);
#5063=LINE('',#12211,#5737);
#5064=LINE('',#12213,#5738);
#5065=LINE('',#12253,#5739);
#5066=LINE('',#12259,#5740);
#5067=LINE('',#12272,#5741);
#5068=LINE('',#12289,#5742);
#5069=LINE('',#12306,#5743);
#5070=LINE('',#12323,#5744);
#5071=LINE('',#12340,#5745);
#5072=LINE('',#12357,#5746);
#5073=LINE('',#12363,#5747);
#5074=LINE('',#12365,#5748);
#5075=LINE('',#12367,#5749);
#5076=LINE('',#12369,#5750);
#5077=LINE('',#12373,#5751);
#5078=LINE('',#12382,#5752);
#5079=LINE('',#12395,#5753);
#5080=LINE('',#12408,#5754);
#5081=LINE('',#12421,#5755);
#5082=LINE('',#12434,#5756);
#5083=LINE('',#12447,#5757);
#5084=LINE('',#12453,#5758);
#5085=LINE('',#12455,#5759);
#5086=LINE('',#12457,#5760);
#5087=LINE('',#12459,#5761);
#5088=LINE('',#12461,#5762);
#5089=LINE('',#12463,#5763);
#5090=LINE('',#12465,#5764);
#5091=LINE('',#12467,#5765);
#5092=LINE('',#12469,#5766);
#5093=LINE('',#12471,#5767);
#5094=LINE('',#12473,#5768);
#5095=LINE('',#12475,#5769);
#5096=LINE('',#12477,#5770);
#5097=LINE('',#12481,#5771);
#5098=LINE('',#12483,#5772);
#5099=LINE('',#12502,#5773);
#5100=LINE('',#12504,#5774);
#5101=LINE('',#12506,#5775);
#5102=LINE('',#12508,#5776);
#5103=LINE('',#12510,#5777);
#5104=LINE('',#12512,#5778);
#5105=LINE('',#12514,#5779);
#5106=LINE('',#12523,#5780);
#5107=LINE('',#12536,#5781);
#5108=LINE('',#12549,#5782);
#5109=LINE('',#12562,#5783);
#5110=LINE('',#12568,#5784);
#5111=LINE('',#12570,#5785);
#5112=LINE('',#12572,#5786);
#5113=LINE('',#12574,#5787);
#5114=LINE('',#12576,#5788);
#5115=LINE('',#12578,#5789);
#5116=LINE('',#12587,#5790);
#5117=LINE('',#12600,#5791);
#5118=LINE('',#12613,#5792);
#5119=LINE('',#12631,#5793);
#5120=LINE('',#12633,#5794);
#5121=LINE('',#12635,#5795);
#5122=LINE('',#12637,#5796);
#5123=LINE('',#12639,#5797);
#5124=LINE('',#12641,#5798);
#5125=LINE('',#12643,#5799);
#5126=LINE('',#12652,#5800);
#5127=LINE('',#12665,#5801);
#5128=LINE('',#12671,#5802);
#5129=LINE('',#12675,#5803);
#5130=LINE('',#12679,#5804);
#5131=LINE('',#12681,#5805);
#5132=LINE('',#12683,#5806);
#5133=LINE('',#12685,#5807);
#5134=LINE('',#12687,#5808);
#5135=LINE('',#12689,#5809);
#5136=LINE('',#12691,#5810);
#5137=LINE('',#12693,#5811);
#5138=LINE('',#12695,#5812);
#5139=LINE('',#12697,#5813);
#5140=LINE('',#12699,#5814);
#5141=LINE('',#12701,#5815);
#5142=LINE('',#12710,#5816);
#5143=LINE('',#12723,#5817);
#5144=LINE('',#12736,#5818);
#5145=LINE('',#12766,#5819);
#5146=LINE('',#12772,#5820);
#5147=LINE('',#12785,#5821);
#5148=LINE('',#12802,#5822);
#5149=LINE('',#12808,#5823);
#5150=LINE('',#12810,#5824);
#5151=LINE('',#12812,#5825);
#5152=LINE('',#12821,#5826);
#5153=LINE('',#12827,#5827);
#5154=LINE('',#12829,#5828);
#5155=LINE('',#12833,#5829);
#5156=LINE('',#12837,#5830);
#5157=LINE('',#12839,#5831);
#5158=LINE('',#12841,#5832);
#5159=LINE('',#12852,#5833);
#5160=LINE('',#12865,#5834);
#5161=LINE('',#12871,#5835);
#5162=LINE('',#12873,#5836);
#5163=LINE('',#12875,#5837);
#5164=LINE('',#12877,#5838);
#5165=LINE('',#12886,#5839);
#5166=LINE('',#12899,#5840);
#5167=LINE('',#12912,#5841);
#5168=LINE('',#12925,#5842);
#5169=VECTOR('',#7753,1.);
#5170=VECTOR('',#7754,1.);
#5171=VECTOR('',#7755,1.);
#5172=VECTOR('',#7756,1.);
#5173=VECTOR('',#7759,1.);
#5174=VECTOR('',#7760,1.);
#5175=VECTOR('',#7761,1.);
#5176=VECTOR('',#7764,1.);
#5177=VECTOR('',#7765,1.);
#5178=VECTOR('',#7766,1.);
#5179=VECTOR('',#7769,1.);
#5180=VECTOR('',#7770,1.);
#5181=VECTOR('',#7779,1.);
#5182=VECTOR('',#7780,1.);
#5183=VECTOR('',#7781,1.);
#5184=VECTOR('',#7782,1.);
#5185=VECTOR('',#7785,1.);
#5186=VECTOR('',#7786,1.);
#5187=VECTOR('',#7787,1.);
#5188=VECTOR('',#7790,1.);
#5189=VECTOR('',#7791,1.);
#5190=VECTOR('',#7792,1.);
#5191=VECTOR('',#7795,1.);
#5192=VECTOR('',#7796,1.);
#5193=VECTOR('',#7811,1.);
#5194=VECTOR('',#7812,1.);
#5195=VECTOR('',#7813,1.);
#5196=VECTOR('',#7814,1.);
#5197=VECTOR('',#7815,1.);
#5198=VECTOR('',#7816,1.);
#5199=VECTOR('',#7817,1.);
#5200=VECTOR('',#7818,1.);
#5201=VECTOR('',#7821,1.);
#5202=VECTOR('',#7822,1.);
#5203=VECTOR('',#7823,1.);
#5204=VECTOR('',#7824,1.);
#5205=VECTOR('',#7825,1.);
#5206=VECTOR('',#7826,1.);
#5207=VECTOR('',#7827,1.);
#5208=VECTOR('',#7828,1.);
#5209=VECTOR('',#7831,1.);
#5210=VECTOR('',#7832,1.);
#5211=VECTOR('',#7833,1.);
#5212=VECTOR('',#7834,1.);
#5213=VECTOR('',#7835,1.);
#5214=VECTOR('',#7836,1.);
#5215=VECTOR('',#7837,1.);
#5216=VECTOR('',#7838,1.);
#5217=VECTOR('',#7839,1.);
#5218=VECTOR('',#7840,1.);
#5219=VECTOR('',#7841,1.);
#5220=VECTOR('',#7842,1.);
#5221=VECTOR('',#7843,1.);
#5222=VECTOR('',#7844,1.);
#5223=VECTOR('',#7845,1.);
#5224=VECTOR('',#7846,1.);
#5225=VECTOR('',#7847,1.);
#5226=VECTOR('',#7848,1.);
#5227=VECTOR('',#7849,1.);
#5228=VECTOR('',#7850,1.);
#5229=VECTOR('',#7851,1.);
#5230=VECTOR('',#7852,1.);
#5231=VECTOR('',#7853,1.);
#5232=VECTOR('',#7856,1.);
#5233=VECTOR('',#7857,1.);
#5234=VECTOR('',#7858,1.);
#5235=VECTOR('',#7859,1.);
#5236=VECTOR('',#7860,1.);
#5237=VECTOR('',#7863,1.);
#5238=VECTOR('',#7864,1.);
#5239=VECTOR('',#7865,1.);
#5240=VECTOR('',#7866,1.);
#5241=VECTOR('',#7867,1.);
#5242=VECTOR('',#7868,1.);
#5243=VECTOR('',#7869,1.);
#5244=VECTOR('',#7870,1.);
#5245=VECTOR('',#7873,1.);
#5246=VECTOR('',#7874,1.);
#5247=VECTOR('',#7875,1.);
#5248=VECTOR('',#7878,1.);
#5249=VECTOR('',#7879,1.);
#5250=VECTOR('',#7880,1.);
#5251=VECTOR('',#7883,1.);
#5252=VECTOR('',#7884,1.);
#5253=VECTOR('',#7889,1.);
#5254=VECTOR('',#7890,1.);
#5255=VECTOR('',#7893,1.);
#5256=VECTOR('',#7894,1.);
#5257=VECTOR('',#7895,1.);
#5258=VECTOR('',#7896,1.);
#5259=VECTOR('',#7897,1.);
#5260=VECTOR('',#7898,1.);
#5261=VECTOR('',#7899,1.);
#5262=VECTOR('',#7910,1.);
#5263=VECTOR('',#7911,1.);
#5264=VECTOR('',#7912,1.);
#5265=VECTOR('',#7913,1.);
#5266=VECTOR('',#7916,1.);
#5267=VECTOR('',#7917,1.);
#5268=VECTOR('',#7920,1.);
#5269=VECTOR('',#7921,1.);
#5270=VECTOR('',#7924,1.);
#5271=VECTOR('',#7925,1.);
#5272=VECTOR('',#7926,1.);
#5273=VECTOR('',#7931,1.);
#5274=VECTOR('',#7932,1.);
#5275=VECTOR('',#7935,1.);
#5276=VECTOR('',#7938,1.);
#5277=VECTOR('',#7941,1.);
#5278=VECTOR('',#7942,1.);
#5279=VECTOR('',#7943,1.);
#5280=VECTOR('',#7946,1.);
#5281=VECTOR('',#7947,1.);
#5282=VECTOR('',#7948,1.);
#5283=VECTOR('',#7951,1.);
#5284=VECTOR('',#7952,1.);
#5285=VECTOR('',#7957,1.);
#5286=VECTOR('',#7958,1.);
#5287=VECTOR('',#7959,1.);
#5288=VECTOR('',#7972,1.);
#5289=VECTOR('',#7973,1.);
#5290=VECTOR('',#7976,1.);
#5291=VECTOR('',#7977,1.);
#5292=VECTOR('',#7986,1.);
#5293=VECTOR('',#7993,1.);
#5294=VECTOR('',#7994,1.);
#5295=VECTOR('',#7997,1.);
#5296=VECTOR('',#7998,1.);
#5297=VECTOR('',#8003,1.);
#5298=VECTOR('',#8004,1.);
#5299=VECTOR('',#8005,1.);
#5300=VECTOR('',#8008,1.);
#5301=VECTOR('',#8011,1.);
#5302=VECTOR('',#8022,1.);
#5303=VECTOR('',#8023,1.);
#5304=VECTOR('',#8026,1.);
#5305=VECTOR('',#8027,1.);
#5306=VECTOR('',#8032,1.);
#5307=VECTOR('',#8071,1.);
#5308=VECTOR('',#8072,1.);
#5309=VECTOR('',#8073,1.);
#5310=VECTOR('',#8074,1.);
#5311=VECTOR('',#8077,1.);
#5312=VECTOR('',#8078,1.);
#5313=VECTOR('',#8079,1.);
#5314=VECTOR('',#8082,1.);
#5315=VECTOR('',#8083,1.);
#5316=VECTOR('',#8084,1.);
#5317=VECTOR('',#8093,1.);
#5318=VECTOR('',#8094,1.);
#5319=VECTOR('',#8103,1.);
#5320=VECTOR('',#8104,1.);
#5321=VECTOR('',#8105,1.);
#5322=VECTOR('',#8106,1.);
#5323=VECTOR('',#8107,1.);
#5324=VECTOR('',#8108,1.);
#5325=VECTOR('',#8109,1.);
#5326=VECTOR('',#8110,1.);
#5327=VECTOR('',#8115,1.);
#5328=VECTOR('',#8116,1.);
#5329=VECTOR('',#8117,1.);
#5330=VECTOR('',#8118,1.);
#5331=VECTOR('',#8119,1.);
#5332=VECTOR('',#8120,1.);
#5333=VECTOR('',#8121,1.);
#5334=VECTOR('',#8126,1.);
#5335=VECTOR('',#8129,1.);
#5336=VECTOR('',#8130,1.);
#5337=VECTOR('',#8131,1.);
#5338=VECTOR('',#8132,1.);
#5339=VECTOR('',#8133,1.);
#5340=VECTOR('',#8134,1.);
#5341=VECTOR('',#8135,1.);
#5342=VECTOR('',#8136,1.);
#5343=VECTOR('',#8137,1.);
#5344=VECTOR('',#8138,1.);
#5345=VECTOR('',#8139,1.);
#5346=VECTOR('',#8140,1.);
#5347=VECTOR('',#8141,1.);
#5348=VECTOR('',#8142,1.);
#5349=VECTOR('',#8151,1.);
#5350=VECTOR('',#8152,1.);
#5351=VECTOR('',#8153,1.);
#5352=VECTOR('',#8154,1.);
#5353=VECTOR('',#8155,1.);
#5354=VECTOR('',#8156,1.);
#5355=VECTOR('',#8157,1.);
#5356=VECTOR('',#8162,1.);
#5357=VECTOR('',#8163,1.);
#5358=VECTOR('',#8164,1.);
#5359=VECTOR('',#8165,1.);
#5360=VECTOR('',#8168,1.);
#5361=VECTOR('',#8169,1.);
#5362=VECTOR('',#8170,1.);
#5363=VECTOR('',#8171,1.);
#5364=VECTOR('',#8172,1.);
#5365=VECTOR('',#8173,1.);
#5366=VECTOR('',#8174,1.);
#5367=VECTOR('',#8175,1.);
#5368=VECTOR('',#8176,1.);
#5369=VECTOR('',#8177,1.);
#5370=VECTOR('',#8178,1.);
#5371=VECTOR('',#8181,1.);
#5372=VECTOR('',#8182,1.);
#5373=VECTOR('',#8183,1.);
#5374=VECTOR('',#8184,1.);
#5375=VECTOR('',#8185,1.);
#5376=VECTOR('',#8188,1.);
#5377=VECTOR('',#8191,1.);
#5378=VECTOR('',#8192,1.);
#5379=VECTOR('',#8193,1.);
#5380=VECTOR('',#8194,1.);
#5381=VECTOR('',#8195,1.);
#5382=VECTOR('',#8196,1.);
#5383=VECTOR('',#8197,1.);
#5384=VECTOR('',#8198,1.);
#5385=VECTOR('',#8199,1.);
#5386=VECTOR('',#8200,1.);
#5387=VECTOR('',#8201,1.);
#5388=VECTOR('',#8202,1.);
#5389=VECTOR('',#8203,1.);
#5390=VECTOR('',#8204,1.);
#5391=VECTOR('',#8205,1.);
#5392=VECTOR('',#8206,1.);
#5393=VECTOR('',#8207,1.);
#5394=VECTOR('',#8208,1.);
#5395=VECTOR('',#8213,1.);
#5396=VECTOR('',#8214,1.);
#5397=VECTOR('',#8219,1.);
#5398=VECTOR('',#8220,1.);
#5399=VECTOR('',#8221,1.);
#5400=VECTOR('',#8222,1.);
#5401=VECTOR('',#8223,1.);
#5402=VECTOR('',#8224,1.);
#5403=VECTOR('',#8225,1.);
#5404=VECTOR('',#8226,1.);
#5405=VECTOR('',#8227,1.);
#5406=VECTOR('',#8232,1.);
#5407=VECTOR('',#8233,1.);
#5408=VECTOR('',#8234,1.);
#5409=VECTOR('',#8235,1.);
#5410=VECTOR('',#8236,1.);
#5411=VECTOR('',#8237,1.);
#5412=VECTOR('',#8238,1.);
#5413=VECTOR('',#8239,1.);
#5414=VECTOR('',#8240,1.);
#5415=VECTOR('',#8241,1.);
#5416=VECTOR('',#8246,1.);
#5417=VECTOR('',#8247,1.);
#5418=VECTOR('',#8248,1.);
#5419=VECTOR('',#8249,1.);
#5420=VECTOR('',#8252,1.);
#5421=VECTOR('',#8253,1.);
#5422=VECTOR('',#8254,1.);
#5423=VECTOR('',#8255,1.);
#5424=VECTOR('',#8256,1.);
#5425=VECTOR('',#8259,1.);
#5426=VECTOR('',#8260,1.);
#5427=VECTOR('',#8263,1.);
#5428=VECTOR('',#8268,1.);
#5429=VECTOR('',#8269,1.);
#5430=VECTOR('',#8270,1.);
#5431=VECTOR('',#8273,1.);
#5432=VECTOR('',#8274,1.);
#5433=VECTOR('',#8277,1.);
#5434=VECTOR('',#8278,1.);
#5435=VECTOR('',#8281,1.);
#5436=VECTOR('',#8282,1.);
#5437=VECTOR('',#8283,1.);
#5438=VECTOR('',#8286,1.);
#5439=VECTOR('',#8287,1.);
#5440=VECTOR('',#8290,1.);
#5441=VECTOR('',#8291,1.);
#5442=VECTOR('',#8294,1.);
#5443=VECTOR('',#8313,1.);
#5444=VECTOR('',#8318,1.);
#5445=VECTOR('',#8319,1.);
#5446=VECTOR('',#8320,1.);
#5447=VECTOR('',#8323,1.);
#5448=VECTOR('',#8324,1.);
#5449=VECTOR('',#8327,1.);
#5450=VECTOR('',#8328,1.);
#5451=VECTOR('',#8329,1.);
#5452=VECTOR('',#8330,1.);
#5453=VECTOR('',#8333,1.);
#5454=VECTOR('',#8338,1.);
#5455=VECTOR('',#8343,1.);
#5456=VECTOR('',#8344,1.);
#5457=VECTOR('',#8347,1.);
#5458=VECTOR('',#8348,1.);
#5459=VECTOR('',#8351,1.);
#5460=VECTOR('',#8352,1.);
#5461=VECTOR('',#8355,1.);
#5462=VECTOR('',#8356,1.);
#5463=VECTOR('',#8359,1.);
#5464=VECTOR('',#8360,1.);
#5465=VECTOR('',#8363,1.);
#5466=VECTOR('',#8364,1.);
#5467=VECTOR('',#8365,1.);
#5468=VECTOR('',#8366,1.);
#5469=VECTOR('',#8367,1.);
#5470=VECTOR('',#8372,1.);
#5471=VECTOR('',#8373,1.);
#5472=VECTOR('',#8374,1.);
#5473=VECTOR('',#8377,1.);
#5474=VECTOR('',#8378,1.);
#5475=VECTOR('',#8381,1.);
#5476=VECTOR('',#8382,1.);
#5477=VECTOR('',#8385,1.);
#5478=VECTOR('',#8386,1.);
#5479=VECTOR('',#8389,1.);
#5480=VECTOR('',#8394,1.);
#5481=VECTOR('',#8395,1.);
#5482=VECTOR('',#8398,1.);
#5483=VECTOR('',#8399,1.);
#5484=VECTOR('',#8402,1.);
#5485=VECTOR('',#8403,1.);
#5486=VECTOR('',#8406,1.);
#5487=VECTOR('',#8407,1.);
#5488=VECTOR('',#8410,1.);
#5489=VECTOR('',#8411,1.);
#5490=VECTOR('',#8414,1.);
#5491=VECTOR('',#8415,1.);
#5492=VECTOR('',#8418,1.);
#5493=VECTOR('',#8419,1.);
#5494=VECTOR('',#8422,1.);
#5495=VECTOR('',#8423,1.);
#5496=VECTOR('',#8426,1.);
#5497=VECTOR('',#8427,1.);
#5498=VECTOR('',#8430,1.);
#5499=VECTOR('',#8431,1.);
#5500=VECTOR('',#8434,1.);
#5501=VECTOR('',#8435,1.);
#5502=VECTOR('',#8438,1.);
#5503=VECTOR('',#8443,1.);
#5504=VECTOR('',#8446,1.);
#5505=VECTOR('',#8447,1.);
#5506=VECTOR('',#8448,1.);
#5507=VECTOR('',#8449,1.);
#5508=VECTOR('',#8452,1.);
#5509=VECTOR('',#8453,1.);
#5510=VECTOR('',#8454,1.);
#5511=VECTOR('',#8455,1.);
#5512=VECTOR('',#8456,1.);
#5513=VECTOR('',#8457,1.);
#5514=VECTOR('',#8460,1.);
#5515=VECTOR('',#8465,1.);
#5516=VECTOR('',#8466,1.);
#5517=VECTOR('',#8469,1.);
#5518=VECTOR('',#8472,1.);
#5519=VECTOR('',#8473,1.);
#5520=VECTOR('',#8476,1.);
#5521=VECTOR('',#8477,1.);
#5522=VECTOR('',#8480,1.);
#5523=VECTOR('',#8481,1.);
#5524=VECTOR('',#8482,1.);
#5525=VECTOR('',#8483,1.);
#5526=VECTOR('',#8484,1.);
#5527=VECTOR('',#8485,1.);
#5528=VECTOR('',#8490,1.);
#5529=VECTOR('',#8491,1.);
#5530=VECTOR('',#8492,1.);
#5531=VECTOR('',#8495,1.);
#5532=VECTOR('',#8496,1.);
#5533=VECTOR('',#8499,1.);
#5534=VECTOR('',#8500,1.);
#5535=VECTOR('',#8503,1.);
#5536=VECTOR('',#8504,1.);
#5537=VECTOR('',#8507,1.);
#5538=VECTOR('',#8508,1.);
#5539=VECTOR('',#8511,1.);
#5540=VECTOR('',#8512,1.);
#5541=VECTOR('',#8515,1.);
#5542=VECTOR('',#8516,1.);
#5543=VECTOR('',#8519,1.);
#5544=VECTOR('',#8520,1.);
#5545=VECTOR('',#8523,1.);
#5546=VECTOR('',#8524,1.);
#5547=VECTOR('',#8527,1.);
#5548=VECTOR('',#8530,1.);
#5549=VECTOR('',#8531,1.);
#5550=VECTOR('',#8532,1.);
#5551=VECTOR('',#8533,1.);
#5552=VECTOR('',#8534,1.);
#5553=VECTOR('',#8535,1.);
#5554=VECTOR('',#8536,1.);
#5555=VECTOR('',#8537,1.);
#5556=VECTOR('',#8538,1.);
#5557=VECTOR('',#8539,1.);
#5558=VECTOR('',#8540,1.);
#5559=VECTOR('',#8541,1.);
#5560=VECTOR('',#8542,1.);
#5561=VECTOR('',#8543,1.);
#5562=VECTOR('',#8544,1.);
#5563=VECTOR('',#8545,1.);
#5564=VECTOR('',#8546,1.);
#5565=VECTOR('',#8549,1.);
#5566=VECTOR('',#8550,1.);
#5567=VECTOR('',#8551,1.);
#5568=VECTOR('',#8552,1.);
#5569=VECTOR('',#8553,1.);
#5570=VECTOR('',#8554,1.);
#5571=VECTOR('',#8555,1.);
#5572=VECTOR('',#8556,1.);
#5573=VECTOR('',#8557,1.);
#5574=VECTOR('',#8558,1.);
#5575=VECTOR('',#8559,1.);
#5576=VECTOR('',#8560,1.);
#5577=VECTOR('',#8561,1.);
#5578=VECTOR('',#8562,1.);
#5579=VECTOR('',#8563,1.);
#5580=VECTOR('',#8564,1.);
#5581=VECTOR('',#8565,1.);
#5582=VECTOR('',#8570,1.);
#5583=VECTOR('',#8571,1.);
#5584=VECTOR('',#8572,1.);
#5585=VECTOR('',#8575,1.);
#5586=VECTOR('',#8576,1.);
#5587=VECTOR('',#8579,1.);
#5588=VECTOR('',#8580,1.);
#5589=VECTOR('',#8581,1.);
#5590=VECTOR('',#8582,1.);
#5591=VECTOR('',#8585,1.);
#5592=VECTOR('',#8590,1.);
#5593=VECTOR('',#8595,1.);
#5594=VECTOR('',#8596,1.);
#5595=VECTOR('',#8599,1.);
#5596=VECTOR('',#8600,1.);
#5597=VECTOR('',#8603,1.);
#5598=VECTOR('',#8604,1.);
#5599=VECTOR('',#8607,1.);
#5600=VECTOR('',#8608,1.);
#5601=VECTOR('',#8611,1.);
#5602=VECTOR('',#8612,1.);
#5603=VECTOR('',#8615,1.);
#5604=VECTOR('',#8616,1.);
#5605=VECTOR('',#8617,1.);
#5606=VECTOR('',#8618,1.);
#5607=VECTOR('',#8619,1.);
#5608=VECTOR('',#8622,1.);
#5609=VECTOR('',#8623,1.);
#5610=VECTOR('',#8624,1.);
#5611=VECTOR('',#8625,1.);
#5612=VECTOR('',#8626,1.);
#5613=VECTOR('',#8627,1.);
#5614=VECTOR('',#8628,1.);
#5615=VECTOR('',#8629,1.);
#5616=VECTOR('',#8630,1.);
#5617=VECTOR('',#8631,1.);
#5618=VECTOR('',#8634,1.);
#5619=VECTOR('',#8635,1.);
#5620=VECTOR('',#8636,1.);
#5621=VECTOR('',#8637,1.);
#5622=VECTOR('',#8638,1.);
#5623=VECTOR('',#8639,1.);
#5624=VECTOR('',#8640,1.);
#5625=VECTOR('',#8641,1.);
#5626=VECTOR('',#8642,1.);
#5627=VECTOR('',#8643,1.);
#5628=VECTOR('',#8644,1.);
#5629=VECTOR('',#8645,1.);
#5630=VECTOR('',#8648,1.);
#5631=VECTOR('',#8653,1.);
#5632=VECTOR('',#8658,1.);
#5633=VECTOR('',#8659,1.);
#5634=VECTOR('',#8660,1.);
#5635=VECTOR('',#8665,1.);
#5636=VECTOR('',#8666,1.);
#5637=VECTOR('',#8667,1.);
#5638=VECTOR('',#8670,1.);
#5639=VECTOR('',#8671,1.);
#5640=VECTOR('',#8674,1.);
#5641=VECTOR('',#8675,1.);
#5642=VECTOR('',#8676,1.);
#5643=VECTOR('',#8677,1.);
#5644=VECTOR('',#8680,1.);
#5645=VECTOR('',#8685,1.);
#5646=VECTOR('',#8690,1.);
#5647=VECTOR('',#8691,1.);
#5648=VECTOR('',#8694,1.);
#5649=VECTOR('',#8695,1.);
#5650=VECTOR('',#8698,1.);
#5651=VECTOR('',#8699,1.);
#5652=VECTOR('',#8702,1.);
#5653=VECTOR('',#8703,1.);
#5654=VECTOR('',#8706,1.);
#5655=VECTOR('',#8707,1.);
#5656=VECTOR('',#8710,1.);
#5657=VECTOR('',#8711,1.);
#5658=VECTOR('',#8712,1.);
#5659=VECTOR('',#8713,1.);
#5660=VECTOR('',#8714,1.);
#5661=VECTOR('',#8719,1.);
#5662=VECTOR('',#8720,1.);
#5663=VECTOR('',#8721,1.);
#5664=VECTOR('',#8724,1.);
#5665=VECTOR('',#8725,1.);
#5666=VECTOR('',#8728,1.);
#5667=VECTOR('',#8729,1.);
#5668=VECTOR('',#8732,1.);
#5669=VECTOR('',#8733,1.);
#5670=VECTOR('',#8734,1.);
#5671=VECTOR('',#8737,1.);
#5672=VECTOR('',#8742,1.);
#5673=VECTOR('',#8743,1.);
#5674=VECTOR('',#8744,1.);
#5675=VECTOR('',#8747,1.);
#5676=VECTOR('',#8748,1.);
#5677=VECTOR('',#8751,1.);
#5678=VECTOR('',#8752,1.);
#5679=VECTOR('',#8755,1.);
#5680=VECTOR('',#8756,1.);
#5681=VECTOR('',#8759,1.);
#5682=VECTOR('',#8764,1.);
#5683=VECTOR('',#8769,1.);
#5684=VECTOR('',#8770,1.);
#5685=VECTOR('',#8771,1.);
#5686=VECTOR('',#8774,1.);
#5687=VECTOR('',#8775,1.);
#5688=VECTOR('',#8778,1.);
#5689=VECTOR('',#8779,1.);
#5690=VECTOR('',#8782,1.);
#5691=VECTOR('',#8783,1.);
#5692=VECTOR('',#8786,1.);
#5693=VECTOR('',#8787,1.);
#5694=VECTOR('',#8790,1.);
#5695=VECTOR('',#8791,1.);
#5696=VECTOR('',#8792,1.);
#5697=VECTOR('',#8795,1.);
#5698=VECTOR('',#8796,1.);
#5699=VECTOR('',#8799,1.);
#5700=VECTOR('',#8800,1.);
#5701=VECTOR('',#8801,1.);
#5702=VECTOR('',#8802,1.);
#5703=VECTOR('',#8803,1.);
#5704=VECTOR('',#8804,1.);
#5705=VECTOR('',#8805,1.);
#5706=VECTOR('',#8806,1.);
#5707=VECTOR('',#8807,1.);
#5708=VECTOR('',#8808,1.);
#5709=VECTOR('',#8809,1.);
#5710=VECTOR('',#8810,1.);
#5711=VECTOR('',#8811,1.);
#5712=VECTOR('',#8812,1.);
#5713=VECTOR('',#8813,1.);
#5714=VECTOR('',#8814,1.);
#5715=VECTOR('',#8815,1.);
#5716=VECTOR('',#8818,1.);
#5717=VECTOR('',#8819,1.);
#5718=VECTOR('',#8820,1.);
#5719=VECTOR('',#8821,1.);
#5720=VECTOR('',#8824,1.);
#5721=VECTOR('',#8825,1.);
#5722=VECTOR('',#8826,1.);
#5723=VECTOR('',#8829,1.);
#5724=VECTOR('',#8830,1.);
#5725=VECTOR('',#8831,1.);
#5726=VECTOR('',#8834,1.);
#5727=VECTOR('',#8835,1.);
#5728=VECTOR('',#8836,1.);
#5729=VECTOR('',#8837,1.);
#5730=VECTOR('',#8838,1.);
#5731=VECTOR('',#8839,1.);
#5732=VECTOR('',#8840,1.);
#5733=VECTOR('',#8843,1.);
#5734=VECTOR('',#8844,1.);
#5735=VECTOR('',#8847,1.);
#5736=VECTOR('',#8848,1.);
#5737=VECTOR('',#8851,1.);
#5738=VECTOR('',#8852,1.);
#5739=VECTOR('',#8855,1.);
#5740=VECTOR('',#8856,1.);
#5741=VECTOR('',#8857,1.);
#5742=VECTOR('',#8858,1.);
#5743=VECTOR('',#8859,1.);
#5744=VECTOR('',#8860,1.);
#5745=VECTOR('',#8861,1.);
#5746=VECTOR('',#8862,1.);
#5747=VECTOR('',#8865,1.);
#5748=VECTOR('',#8866,1.);
#5749=VECTOR('',#8867,1.);
#5750=VECTOR('',#8870,1.);
#5751=VECTOR('',#8873,1.);
#5752=VECTOR('',#8874,1.);
#5753=VECTOR('',#8875,1.);
#5754=VECTOR('',#8876,1.);
#5755=VECTOR('',#8877,1.);
#5756=VECTOR('',#8878,1.);
#5757=VECTOR('',#8879,1.);
#5758=VECTOR('',#8882,1.);
#5759=VECTOR('',#8883,1.);
#5760=VECTOR('',#8886,1.);
#5761=VECTOR('',#8887,1.);
#5762=VECTOR('',#8890,1.);
#5763=VECTOR('',#8891,1.);
#5764=VECTOR('',#8894,1.);
#5765=VECTOR('',#8895,1.);
#5766=VECTOR('',#8898,1.);
#5767=VECTOR('',#8899,1.);
#5768=VECTOR('',#8902,1.);
#5769=VECTOR('',#8903,1.);
#5770=VECTOR('',#8906,1.);
#5771=VECTOR('',#8911,1.);
#5772=VECTOR('',#8912,1.);
#5773=VECTOR('',#8921,1.);
#5774=VECTOR('',#8922,1.);
#5775=VECTOR('',#8923,1.);
#5776=VECTOR('',#8926,1.);
#5777=VECTOR('',#8927,1.);
#5778=VECTOR('',#8930,1.);
#5779=VECTOR('',#8931,1.);
#5780=VECTOR('',#8932,1.);
#5781=VECTOR('',#8933,1.);
#5782=VECTOR('',#8934,1.);
#5783=VECTOR('',#8935,1.);
#5784=VECTOR('',#8938,1.);
#5785=VECTOR('',#8939,1.);
#5786=VECTOR('',#8942,1.);
#5787=VECTOR('',#8943,1.);
#5788=VECTOR('',#8946,1.);
#5789=VECTOR('',#8947,1.);
#5790=VECTOR('',#8948,1.);
#5791=VECTOR('',#8949,1.);
#5792=VECTOR('',#8950,1.);
#5793=VECTOR('',#8955,1.);
#5794=VECTOR('',#8956,1.);
#5795=VECTOR('',#8957,1.);
#5796=VECTOR('',#8960,1.);
#5797=VECTOR('',#8961,1.);
#5798=VECTOR('',#8964,1.);
#5799=VECTOR('',#8965,1.);
#5800=VECTOR('',#8966,1.);
#5801=VECTOR('',#8967,1.);
#5802=VECTOR('',#8970,1.);
#5803=VECTOR('',#8975,1.);
#5804=VECTOR('',#8980,1.);
#5805=VECTOR('',#8981,1.);
#5806=VECTOR('',#8984,1.);
#5807=VECTOR('',#8985,1.);
#5808=VECTOR('',#8988,1.);
#5809=VECTOR('',#8989,1.);
#5810=VECTOR('',#8992,1.);
#5811=VECTOR('',#8993,1.);
#5812=VECTOR('',#8996,1.);
#5813=VECTOR('',#8997,1.);
#5814=VECTOR('',#9000,1.);
#5815=VECTOR('',#9001,1.);
#5816=VECTOR('',#9002,1.);
#5817=VECTOR('',#9003,1.);
#5818=VECTOR('',#9004,1.);
#5819=VECTOR('',#9007,1.);
#5820=VECTOR('',#9008,1.);
#5821=VECTOR('',#9009,1.);
#5822=VECTOR('',#9010,1.);
#5823=VECTOR('',#9013,1.);
#5824=VECTOR('',#9014,1.);
#5825=VECTOR('',#9015,1.);
#5826=VECTOR('',#9016,1.);
#5827=VECTOR('',#9017,1.);
#5828=VECTOR('',#9020,1.);
#5829=VECTOR('',#9025,1.);
#5830=VECTOR('',#9030,1.);
#5831=VECTOR('',#9031,1.);
#5832=VECTOR('',#9034,1.);
#5833=VECTOR('',#9037,1.);
#5834=VECTOR('',#9038,1.);
#5835=VECTOR('',#9041,1.);
#5836=VECTOR('',#9042,1.);
#5837=VECTOR('',#9045,1.);
#5838=VECTOR('',#9046,1.);
#5839=VECTOR('',#9047,1.);
#5840=VECTOR('',#9048,1.);
#5841=VECTOR('',#9049,1.);
#5842=VECTOR('',#9050,1.);
#5843=EDGE_LOOP('',(#599,#600,#601,#602));
#5844=EDGE_LOOP('',(#603,#604,#605,#606));
#5845=EDGE_LOOP('',(#607,#608,#609,#610));
#5846=EDGE_LOOP('',(#611,#612,#613,#614));
#5847=EDGE_LOOP('',(#615,#616,#617,#618));
#5848=EDGE_LOOP('',(#619,#620,#621,#622));
#5849=EDGE_LOOP('',(#623,#624,#625,#626));
#5850=EDGE_LOOP('',(#627,#628,#629,#630));
#5851=EDGE_LOOP('',(#631,#632,#633,#634));
#5852=EDGE_LOOP('',(#635,#636,#637,#638));
#5853=EDGE_LOOP('',(#639));
#5854=EDGE_LOOP('',(#640));
#5855=EDGE_LOOP('',(#641,#642,#643,#644));
#5856=EDGE_LOOP('',(#645));
#5857=EDGE_LOOP('',(#646,#647,#648,#649));
#5858=EDGE_LOOP('',(#650));
#5859=EDGE_LOOP('',(#651,#652,#653,#654,#655,#656,#657,#658));
#5860=EDGE_LOOP('',(#659,#660,#661,#662,#663,#664,#665,#666));
#5861=EDGE_LOOP('',(#667,#668,#669,#670,#671,#672,#673,#674,#675,#676,#677,
#678,#679,#680,#681,#682,#683,#684,#685,#686,#687,#688,#689,#690,#691,#692));
#5862=EDGE_LOOP('',(#693,#694,#695,#696,#697,#698));
#5863=EDGE_LOOP('',(#699,#700,#701,#702));
#5864=EDGE_LOOP('',(#703,#704,#705,#706));
#5865=EDGE_LOOP('',(#707,#708,#709,#710));
#5866=EDGE_LOOP('',(#711,#712,#713,#714));
#5867=EDGE_LOOP('',(#715,#716,#717,#718));
#5868=EDGE_LOOP('',(#719,#720,#721,#722));
#5869=EDGE_LOOP('',(#723,#724,#725,#726));
#5870=EDGE_LOOP('',(#727,#728,#729,#730,#731,#732,#733,#734,#735,#736));
#5871=EDGE_LOOP('',(#737));
#5872=EDGE_LOOP('',(#738));
#5873=EDGE_LOOP('',(#739));
#5874=EDGE_LOOP('',(#740));
#5875=EDGE_LOOP('',(#741,#742,#743,#744,#745,#746,#747,#748));
#5876=EDGE_LOOP('',(#749,#750,#751,#752));
#5877=EDGE_LOOP('',(#753,#754,#755,#756));
#5878=EDGE_LOOP('',(#757,#758,#759,#760));
#5879=EDGE_LOOP('',(#761,#762,#763,#764,#765,#766));
#5880=EDGE_LOOP('',(#767,#768,#769,#770));
#5881=EDGE_LOOP('',(#771,#772,#773,#774));
#5882=EDGE_LOOP('',(#775,#776,#777,#778));
#5883=EDGE_LOOP('',(#779,#780,#781,#782));
#5884=EDGE_LOOP('',(#783,#784,#785,#786,#787,#788,#789,#790,#791,#792));
#5885=EDGE_LOOP('',(#793,#794,#795,#796,#797,#798));
#5886=EDGE_LOOP('',(#799,#800,#801,#802));
#5887=EDGE_LOOP('',(#803));
#5888=EDGE_LOOP('',(#804,#805,#806,#807,#808,#809,#810,#811));
#5889=EDGE_LOOP('',(#812,#813,#814,#815));
#5890=EDGE_LOOP('',(#816,#817,#818,#819));
#5891=EDGE_LOOP('',(#820));
#5892=EDGE_LOOP('',(#821));
#5893=EDGE_LOOP('',(#822,#823,#824,#825));
#5894=EDGE_LOOP('',(#826,#827,#828,#829));
#5895=EDGE_LOOP('',(#830,#831,#832,#833));
#5896=EDGE_LOOP('',(#834));
#5897=EDGE_LOOP('',(#835));
#5898=EDGE_LOOP('',(#836,#837,#838,#839));
#5899=EDGE_LOOP('',(#840));
#5900=EDGE_LOOP('',(#841,#842,#843,#844));
#5901=EDGE_LOOP('',(#845));
#5902=EDGE_LOOP('',(#846,#847,#848,#849,#850,#851));
#5903=EDGE_LOOP('',(#852,#853,#854,#855));
#5904=EDGE_LOOP('',(#856));
#5905=EDGE_LOOP('',(#857,#858,#859,#860,#861,#862));
#5906=EDGE_LOOP('',(#863,#864,#865,#866));
#5907=EDGE_LOOP('',(#867,#868,#869,#870));
#5908=EDGE_LOOP('',(#871));
#5909=EDGE_LOOP('',(#872));
#5910=EDGE_LOOP('',(#873,#874,#875,#876));
#5911=EDGE_LOOP('',(#877));
#5912=EDGE_LOOP('',(#878,#879,#880,#881));
#5913=EDGE_LOOP('',(#882,#883,#884,#885));
#5914=EDGE_LOOP('',(#886));
#5915=EDGE_LOOP('',(#887,#888,#889,#890));
#5916=EDGE_LOOP('',(#891,#892,#893,#894));
#5917=EDGE_LOOP('',(#895));
#5918=EDGE_LOOP('',(#896));
#5919=EDGE_LOOP('',(#897));
#5920=EDGE_LOOP('',(#898));
#5921=EDGE_LOOP('',(#899));
#5922=EDGE_LOOP('',(#900));
#5923=EDGE_LOOP('',(#901));
#5924=EDGE_LOOP('',(#902));
#5925=EDGE_LOOP('',(#903));
#5926=EDGE_LOOP('',(#904));
#5927=EDGE_LOOP('',(#905));
#5928=EDGE_LOOP('',(#906));
#5929=EDGE_LOOP('',(#907));
#5930=EDGE_LOOP('',(#908));
#5931=EDGE_LOOP('',(#909));
#5932=EDGE_LOOP('',(#910));
#5933=EDGE_LOOP('',(#911,#912,#913,#914));
#5934=EDGE_LOOP('',(#915,#916,#917,#918));
#5935=EDGE_LOOP('',(#919,#920,#921,#922));
#5936=EDGE_LOOP('',(#923));
#5937=EDGE_LOOP('',(#924));
#5938=EDGE_LOOP('',(#925,#926,#927,#928));
#5939=EDGE_LOOP('',(#929));
#5940=EDGE_LOOP('',(#930,#931,#932,#933));
#5941=EDGE_LOOP('',(#934));
#5942=EDGE_LOOP('',(#935,#936,#937,#938));
#5943=EDGE_LOOP('',(#939,#940,#941,#942,#943,#944,#945,#946,#947,#948,#949,
#950,#951,#952,#953,#954,#955));
#5944=EDGE_LOOP('',(#956,#957,#958,#959,#960,#961,#962,#963,#964,#965,#966,
#967,#968,#969));
#5945=EDGE_LOOP('',(#970,#971,#972,#973,#974,#975,#976,#977,#978,#979,#980,
#981,#982,#983,#984,#985));
#5946=EDGE_LOOP('',(#986,#987,#988,#989,#990,#991,#992,#993,#994));
#5947=EDGE_LOOP('',(#995,#996,#997,#998,#999,#1000,#1001,#1002,#1003));
#5948=EDGE_LOOP('',(#1004,#1005,#1006,#1007));
#5949=EDGE_LOOP('',(#1008,#1009,#1010,#1011));
#5950=EDGE_LOOP('',(#1012));
#5951=EDGE_LOOP('',(#1013));
#5952=EDGE_LOOP('',(#1014));
#5953=EDGE_LOOP('',(#1015));
#5954=EDGE_LOOP('',(#1016,#1017,#1018,#1019,#1020,#1021,#1022,#1023,#1024,
#1025,#1026,#1027,#1028,#1029,#1030,#1031,#1032));
#5955=EDGE_LOOP('',(#1033,#1034,#1035,#1036,#1037,#1038,#1039,#1040,#1041,
#1042,#1043,#1044,#1045,#1046,#1047,#1048,#1049,#1050));
#5956=EDGE_LOOP('',(#1051,#1052,#1053,#1054,#1055,#1056,#1057,#1058,#1059,
#1060,#1061,#1062,#1063,#1064));
#5957=EDGE_LOOP('',(#1065,#1066,#1067,#1068,#1069,#1070,#1071,#1072,#1073,
#1074));
#5958=EDGE_LOOP('',(#1075,#1076,#1077,#1078,#1079,#1080,#1081,#1082,#1083));
#5959=EDGE_LOOP('',(#1084,#1085,#1086,#1087,#1088,#1089,#1090,#1091,#1092,
#1093,#1094,#1095,#1096,#1097,#1098,#1099,#1100));
#5960=EDGE_LOOP('',(#1101,#1102,#1103,#1104,#1105,#1106,#1107,#1108,#1109,
#1110,#1111,#1112,#1113,#1114,#1115,#1116,#1117,#1118,#1119,#1120,#1121,
#1122,#1123,#1124,#1125));
#5961=EDGE_LOOP('',(#1126,#1127,#1128,#1129,#1130,#1131,#1132,#1133,#1134,
#1135,#1136,#1137,#1138,#1139,#1140,#1141,#1142));
#5962=EDGE_LOOP('',(#1143,#1144,#1145,#1146,#1147,#1148,#1149,#1150,#1151,
#1152,#1153,#1154,#1155,#1156,#1157,#1158,#1159,#1160,#1161,#1162,#1163,
#1164,#1165));
#5963=EDGE_LOOP('',(#1166,#1167,#1168,#1169,#1170,#1171,#1172));
#5964=EDGE_LOOP('',(#1173,#1174,#1175,#1176,#1177,#1178,#1179,#1180,#1181,
#1182,#1183,#1184,#1185,#1186));
#5965=EDGE_LOOP('',(#1187,#1188,#1189,#1190));
#5966=EDGE_LOOP('',(#1191,#1192,#1193,#1194));
#5967=EDGE_LOOP('',(#1195,#1196,#1197,#1198));
#5968=EDGE_LOOP('',(#1199,#1200,#1201,#1202));
#5969=EDGE_LOOP('',(#1203,#1204,#1205,#1206));
#5970=EDGE_LOOP('',(#1207,#1208,#1209,#1210));
#5971=EDGE_LOOP('',(#1211,#1212,#1213,#1214));
#5972=EDGE_LOOP('',(#1215));
#5973=EDGE_LOOP('',(#1216));
#5974=EDGE_LOOP('',(#1217));
#5975=EDGE_LOOP('',(#1218));
#5976=EDGE_LOOP('',(#1219));
#5977=EDGE_LOOP('',(#1220));
#5978=EDGE_LOOP('',(#1221));
#5979=EDGE_LOOP('',(#1222));
#5980=EDGE_LOOP('',(#1223,#1224,#1225,#1226));
#5981=EDGE_LOOP('',(#1227));
#5982=EDGE_LOOP('',(#1228));
#5983=EDGE_LOOP('',(#1229));
#5984=EDGE_LOOP('',(#1230));
#5985=EDGE_LOOP('',(#1231,#1232,#1233,#1234));
#5986=EDGE_LOOP('',(#1235,#1236,#1237,#1238));
#5987=EDGE_LOOP('',(#1239,#1240,#1241,#1242));
#5988=EDGE_LOOP('',(#1243,#1244,#1245,#1246));
#5989=EDGE_LOOP('',(#1247,#1248,#1249,#1250));
#5990=EDGE_LOOP('',(#1251,#1252,#1253,#1254));
#5991=EDGE_LOOP('',(#1255,#1256,#1257,#1258));
#5992=EDGE_LOOP('',(#1259,#1260,#1261,#1262));
#5993=EDGE_LOOP('',(#1263,#1264,#1265,#1266));
#5994=EDGE_LOOP('',(#1267,#1268,#1269,#1270));
#5995=EDGE_LOOP('',(#1271,#1272,#1273,#1274));
#5996=EDGE_LOOP('',(#1275,#1276,#1277,#1278));
#5997=EDGE_LOOP('',(#1279,#1280,#1281,#1282));
#5998=EDGE_LOOP('',(#1283,#1284,#1285,#1286));
#5999=EDGE_LOOP('',(#1287,#1288,#1289,#1290));
#6000=EDGE_LOOP('',(#1291,#1292,#1293,#1294));
#6001=EDGE_LOOP('',(#1295,#1296,#1297,#1298));
#6002=EDGE_LOOP('',(#1299,#1300,#1301,#1302));
#6003=EDGE_LOOP('',(#1303,#1304,#1305,#1306));
#6004=EDGE_LOOP('',(#1307,#1308,#1309,#1310,#1311,#1312,#1313,#1314,#1315,
#1316,#1317,#1318,#1319,#1320,#1321,#1322,#1323));
#6005=EDGE_LOOP('',(#1324,#1325,#1326,#1327));
#6006=EDGE_LOOP('',(#1328,#1329,#1330,#1331));
#6007=EDGE_LOOP('',(#1332,#1333,#1334,#1335));
#6008=EDGE_LOOP('',(#1336,#1337,#1338,#1339));
#6009=EDGE_LOOP('',(#1340,#1341,#1342,#1343));
#6010=EDGE_LOOP('',(#1344,#1345,#1346,#1347));
#6011=EDGE_LOOP('',(#1348,#1349,#1350,#1351));
#6012=EDGE_LOOP('',(#1352,#1353,#1354,#1355));
#6013=EDGE_LOOP('',(#1356,#1357,#1358,#1359));
#6014=EDGE_LOOP('',(#1360,#1361,#1362,#1363));
#6015=EDGE_LOOP('',(#1364,#1365,#1366,#1367));
#6016=EDGE_LOOP('',(#1368,#1369,#1370,#1371));
#6017=EDGE_LOOP('',(#1372,#1373,#1374,#1375));
#6018=EDGE_LOOP('',(#1376,#1377,#1378,#1379));
#6019=EDGE_LOOP('',(#1380,#1381,#1382,#1383));
#6020=EDGE_LOOP('',(#1384,#1385,#1386,#1387));
#6021=EDGE_LOOP('',(#1388,#1389,#1390,#1391));
#6022=EDGE_LOOP('',(#1392,#1393,#1394,#1395));
#6023=EDGE_LOOP('',(#1396,#1397,#1398,#1399,#1400,#1401,#1402,#1403,#1404,
#1405,#1406,#1407,#1408,#1409,#1410,#1411,#1412,#1413));
#6024=EDGE_LOOP('',(#1414,#1415,#1416,#1417));
#6025=EDGE_LOOP('',(#1418,#1419,#1420,#1421));
#6026=EDGE_LOOP('',(#1422,#1423,#1424,#1425));
#6027=EDGE_LOOP('',(#1426,#1427,#1428,#1429));
#6028=EDGE_LOOP('',(#1430,#1431,#1432,#1433));
#6029=EDGE_LOOP('',(#1434,#1435,#1436,#1437));
#6030=EDGE_LOOP('',(#1438,#1439,#1440,#1441));
#6031=EDGE_LOOP('',(#1442,#1443,#1444,#1445));
#6032=EDGE_LOOP('',(#1446,#1447,#1448,#1449));
#6033=EDGE_LOOP('',(#1450,#1451,#1452,#1453));
#6034=EDGE_LOOP('',(#1454,#1455,#1456,#1457));
#6035=EDGE_LOOP('',(#1458,#1459,#1460,#1461));
#6036=EDGE_LOOP('',(#1462,#1463,#1464,#1465));
#6037=EDGE_LOOP('',(#1466,#1467,#1468,#1469));
#6038=EDGE_LOOP('',(#1470,#1471,#1472,#1473));
#6039=EDGE_LOOP('',(#1474,#1475,#1476,#1477));
#6040=EDGE_LOOP('',(#1478,#1479,#1480,#1481));
#6041=EDGE_LOOP('',(#1482,#1483,#1484,#1485));
#6042=EDGE_LOOP('',(#1486,#1487,#1488,#1489));
#6043=EDGE_LOOP('',(#1490,#1491,#1492,#1493,#1494,#1495,#1496,#1497,#1498,
#1499,#1500,#1501,#1502,#1503));
#6044=EDGE_LOOP('',(#1504,#1505,#1506,#1507,#1508));
#6045=EDGE_LOOP('',(#1509,#1510,#1511,#1512));
#6046=EDGE_LOOP('',(#1513,#1514,#1515,#1516));
#6047=EDGE_LOOP('',(#1517,#1518,#1519,#1520));
#6048=EDGE_LOOP('',(#1521,#1522,#1523,#1524));
#6049=EDGE_LOOP('',(#1525,#1526,#1527,#1528));
#6050=EDGE_LOOP('',(#1529,#1530,#1531,#1532));
#6051=EDGE_LOOP('',(#1533,#1534,#1535,#1536));
#6052=EDGE_LOOP('',(#1537,#1538,#1539,#1540));
#6053=EDGE_LOOP('',(#1541,#1542,#1543,#1544));
#6054=EDGE_LOOP('',(#1545,#1546,#1547,#1548));
#6055=EDGE_LOOP('',(#1549,#1550,#1551,#1552,#1553,#1554,#1555,#1556,#1557,
#1558));
#6056=EDGE_LOOP('',(#1559,#1560,#1561,#1562));
#6057=EDGE_LOOP('',(#1563,#1564,#1565,#1566));
#6058=EDGE_LOOP('',(#1567,#1568,#1569,#1570));
#6059=EDGE_LOOP('',(#1571,#1572,#1573,#1574));
#6060=EDGE_LOOP('',(#1575,#1576,#1577,#1578));
#6061=EDGE_LOOP('',(#1579,#1580,#1581,#1582));
#6062=EDGE_LOOP('',(#1583,#1584,#1585,#1586));
#6063=EDGE_LOOP('',(#1587,#1588,#1589,#1590));
#6064=EDGE_LOOP('',(#1591,#1592,#1593,#1594));
#6065=EDGE_LOOP('',(#1595,#1596,#1597,#1598));
#6066=EDGE_LOOP('',(#1599,#1600,#1601,#1602));
#6067=EDGE_LOOP('',(#1603,#1604,#1605,#1606));
#6068=EDGE_LOOP('',(#1607,#1608,#1609,#1610));
#6069=EDGE_LOOP('',(#1611,#1612,#1613,#1614));
#6070=EDGE_LOOP('',(#1615,#1616,#1617,#1618));
#6071=EDGE_LOOP('',(#1619,#1620,#1621,#1622));
#6072=EDGE_LOOP('',(#1623,#1624,#1625,#1626));
#6073=EDGE_LOOP('',(#1627,#1628,#1629,#1630,#1631,#1632,#1633,#1634,#1635));
#6074=EDGE_LOOP('',(#1636,#1637,#1638,#1639,#1640,#1641,#1642,#1643));
#6075=EDGE_LOOP('',(#1644,#1645,#1646,#1647));
#6076=EDGE_LOOP('',(#1648,#1649,#1650,#1651));
#6077=EDGE_LOOP('',(#1652,#1653,#1654,#1655));
#6078=EDGE_LOOP('',(#1656,#1657,#1658,#1659));
#6079=EDGE_LOOP('',(#1660,#1661,#1662,#1663));
#6080=EDGE_LOOP('',(#1664,#1665,#1666,#1667));
#6081=EDGE_LOOP('',(#1668,#1669,#1670,#1671));
#6082=EDGE_LOOP('',(#1672,#1673,#1674,#1675));
#6083=EDGE_LOOP('',(#1676,#1677,#1678,#1679));
#6084=EDGE_LOOP('',(#1680,#1681,#1682,#1683));
#6085=EDGE_LOOP('',(#1684,#1685,#1686,#1687));
#6086=EDGE_LOOP('',(#1688,#1689,#1690,#1691));
#6087=EDGE_LOOP('',(#1692,#1693,#1694,#1695));
#6088=EDGE_LOOP('',(#1696,#1697,#1698,#1699));
#6089=EDGE_LOOP('',(#1700,#1701,#1702,#1703));
#6090=EDGE_LOOP('',(#1704,#1705,#1706,#1707));
#6091=EDGE_LOOP('',(#1708,#1709,#1710,#1711));
#6092=EDGE_LOOP('',(#1712,#1713,#1714,#1715,#1716,#1717,#1718,#1719,#1720));
#6093=EDGE_LOOP('',(#1721,#1722,#1723,#1724,#1725,#1726,#1727,#1728));
#6094=EDGE_LOOP('',(#1729,#1730,#1731,#1732));
#6095=EDGE_LOOP('',(#1733,#1734,#1735,#1736));
#6096=EDGE_LOOP('',(#1737,#1738,#1739,#1740));
#6097=EDGE_LOOP('',(#1741,#1742,#1743,#1744));
#6098=EDGE_LOOP('',(#1745,#1746,#1747,#1748));
#6099=EDGE_LOOP('',(#1749,#1750,#1751,#1752));
#6100=EDGE_LOOP('',(#1753,#1754,#1755,#1756));
#6101=EDGE_LOOP('',(#1757,#1758,#1759,#1760));
#6102=EDGE_LOOP('',(#1761,#1762,#1763,#1764));
#6103=EDGE_LOOP('',(#1765,#1766,#1767,#1768));
#6104=EDGE_LOOP('',(#1769,#1770,#1771,#1772));
#6105=EDGE_LOOP('',(#1773,#1774,#1775,#1776));
#6106=EDGE_LOOP('',(#1777,#1778,#1779,#1780));
#6107=EDGE_LOOP('',(#1781,#1782,#1783,#1784));
#6108=EDGE_LOOP('',(#1785,#1786,#1787,#1788));
#6109=EDGE_LOOP('',(#1789,#1790,#1791,#1792));
#6110=EDGE_LOOP('',(#1793,#1794,#1795,#1796));
#6111=EDGE_LOOP('',(#1797,#1798,#1799,#1800,#1801,#1802,#1803,#1804,#1805,
#1806,#1807,#1808,#1809,#1810,#1811,#1812,#1813));
#6112=EDGE_LOOP('',(#1814,#1815,#1816,#1817));
#6113=EDGE_LOOP('',(#1818,#1819,#1820,#1821));
#6114=EDGE_LOOP('',(#1822,#1823,#1824,#1825));
#6115=EDGE_LOOP('',(#1826,#1827,#1828,#1829));
#6116=EDGE_LOOP('',(#1830,#1831,#1832,#1833));
#6117=EDGE_LOOP('',(#1834,#1835,#1836,#1837));
#6118=EDGE_LOOP('',(#1838,#1839,#1840,#1841));
#6119=EDGE_LOOP('',(#1842,#1843,#1844,#1845));
#6120=EDGE_LOOP('',(#1846,#1847,#1848,#1849));
#6121=EDGE_LOOP('',(#1850,#1851,#1852,#1853));
#6122=EDGE_LOOP('',(#1854,#1855,#1856,#1857));
#6123=EDGE_LOOP('',(#1858,#1859,#1860,#1861));
#6124=EDGE_LOOP('',(#1862,#1863,#1864,#1865));
#6125=EDGE_LOOP('',(#1866,#1867,#1868,#1869));
#6126=EDGE_LOOP('',(#1870,#1871,#1872,#1873));
#6127=EDGE_LOOP('',(#1874,#1875,#1876,#1877));
#6128=EDGE_LOOP('',(#1878,#1879,#1880,#1881));
#6129=EDGE_LOOP('',(#1882,#1883,#1884,#1885));
#6130=EDGE_LOOP('',(#1886,#1887,#1888,#1889));
#6131=EDGE_LOOP('',(#1890,#1891,#1892,#1893));
#6132=EDGE_LOOP('',(#1894,#1895,#1896,#1897));
#6133=EDGE_LOOP('',(#1898,#1899,#1900,#1901));
#6134=EDGE_LOOP('',(#1902,#1903,#1904,#1905));
#6135=EDGE_LOOP('',(#1906,#1907,#1908,#1909));
#6136=EDGE_LOOP('',(#1910,#1911,#1912,#1913));
#6137=EDGE_LOOP('',(#1914,#1915,#1916,#1917,#1918,#1919,#1920,#1921,#1922,
#1923,#1924,#1925,#1926,#1927,#1928,#1929,#1930,#1931,#1932,#1933,#1934,
#1935,#1936,#1937,#1938));
#6138=EDGE_LOOP('',(#1939,#1940,#1941,#1942));
#6139=EDGE_LOOP('',(#1943,#1944,#1945,#1946));
#6140=EDGE_LOOP('',(#1947,#1948,#1949,#1950));
#6141=EDGE_LOOP('',(#1951,#1952,#1953,#1954));
#6142=EDGE_LOOP('',(#1955,#1956,#1957,#1958));
#6143=EDGE_LOOP('',(#1959,#1960,#1961,#1962));
#6144=EDGE_LOOP('',(#1963,#1964,#1965,#1966));
#6145=EDGE_LOOP('',(#1967,#1968,#1969,#1970));
#6146=EDGE_LOOP('',(#1971,#1972,#1973,#1974));
#6147=EDGE_LOOP('',(#1975,#1976,#1977,#1978));
#6148=EDGE_LOOP('',(#1979,#1980,#1981,#1982));
#6149=EDGE_LOOP('',(#1983,#1984,#1985,#1986));
#6150=EDGE_LOOP('',(#1987,#1988,#1989,#1990));
#6151=EDGE_LOOP('',(#1991,#1992,#1993,#1994));
#6152=EDGE_LOOP('',(#1995,#1996,#1997,#1998));
#6153=EDGE_LOOP('',(#1999,#2000,#2001,#2002));
#6154=EDGE_LOOP('',(#2003,#2004,#2005,#2006));
#6155=EDGE_LOOP('',(#2007,#2008,#2009,#2010,#2011,#2012,#2013,#2014,#2015,
#2016,#2017,#2018,#2019,#2020,#2021,#2022,#2023));
#6156=EDGE_LOOP('',(#2024,#2025,#2026,#2027));
#6157=EDGE_LOOP('',(#2028,#2029,#2030,#2031));
#6158=EDGE_LOOP('',(#2032,#2033,#2034,#2035));
#6159=EDGE_LOOP('',(#2036,#2037,#2038,#2039));
#6160=EDGE_LOOP('',(#2040,#2041,#2042,#2043));
#6161=EDGE_LOOP('',(#2044,#2045,#2046,#2047));
#6162=EDGE_LOOP('',(#2048,#2049,#2050,#2051));
#6163=EDGE_LOOP('',(#2052,#2053,#2054,#2055));
#6164=EDGE_LOOP('',(#2056,#2057,#2058,#2059));
#6165=EDGE_LOOP('',(#2060,#2061,#2062,#2063));
#6166=EDGE_LOOP('',(#2064,#2065,#2066,#2067));
#6167=EDGE_LOOP('',(#2068,#2069,#2070,#2071));
#6168=EDGE_LOOP('',(#2072,#2073,#2074,#2075));
#6169=EDGE_LOOP('',(#2076,#2077,#2078,#2079));
#6170=EDGE_LOOP('',(#2080,#2081,#2082,#2083));
#6171=EDGE_LOOP('',(#2084,#2085,#2086,#2087));
#6172=EDGE_LOOP('',(#2088,#2089,#2090,#2091));
#6173=EDGE_LOOP('',(#2092,#2093,#2094,#2095));
#6174=EDGE_LOOP('',(#2096,#2097,#2098,#2099));
#6175=EDGE_LOOP('',(#2100,#2101,#2102,#2103));
#6176=EDGE_LOOP('',(#2104,#2105,#2106,#2107));
#6177=EDGE_LOOP('',(#2108,#2109,#2110,#2111));
#6178=EDGE_LOOP('',(#2112,#2113,#2114,#2115));
#6179=EDGE_LOOP('',(#2116,#2117,#2118,#2119,#2120,#2121,#2122,#2123,#2124,
#2125,#2126,#2127,#2128,#2129,#2130,#2131,#2132,#2133,#2134,#2135,#2136,
#2137,#2138));
#6180=EDGE_LOOP('',(#2139,#2140,#2141,#2142));
#6181=EDGE_LOOP('',(#2143,#2144,#2145,#2146));
#6182=EDGE_LOOP('',(#2147,#2148,#2149,#2150));
#6183=EDGE_LOOP('',(#2151,#2152,#2153,#2154));
#6184=EDGE_LOOP('',(#2155,#2156,#2157,#2158));
#6185=EDGE_LOOP('',(#2159,#2160,#2161,#2162));
#6186=EDGE_LOOP('',(#2163,#2164,#2165,#2166));
#6187=EDGE_LOOP('',(#2167,#2168,#2169,#2170));
#6188=EDGE_LOOP('',(#2171,#2172,#2173,#2174));
#6189=EDGE_LOOP('',(#2175,#2176,#2177,#2178));
#6190=EDGE_LOOP('',(#2179,#2180,#2181,#2182));
#6191=EDGE_LOOP('',(#2183,#2184,#2185,#2186));
#6192=EDGE_LOOP('',(#2187,#2188,#2189,#2190));
#6193=EDGE_LOOP('',(#2191,#2192,#2193,#2194));
#6194=EDGE_LOOP('',(#2195,#2196,#2197,#2198));
#6195=EDGE_LOOP('',(#2199,#2200,#2201,#2202));
#6196=EDGE_LOOP('',(#2203,#2204,#2205,#2206));
#6197=EDGE_LOOP('',(#2207,#2208,#2209,#2210,#2211,#2212,#2213,#2214,#2215));
#6198=EDGE_LOOP('',(#2216,#2217,#2218,#2219,#2220,#2221,#2222,#2223));
#6199=EDGE_LOOP('',(#2224,#2225,#2226,#2227));
#6200=EDGE_LOOP('',(#2228,#2229,#2230,#2231));
#6201=EDGE_LOOP('',(#2232,#2233,#2234,#2235));
#6202=EDGE_LOOP('',(#2236,#2237,#2238,#2239));
#6203=EDGE_LOOP('',(#2240,#2241,#2242,#2243));
#6204=EDGE_LOOP('',(#2244,#2245,#2246,#2247));
#6205=EDGE_LOOP('',(#2248,#2249,#2250,#2251));
#6206=EDGE_LOOP('',(#2252,#2253,#2254,#2255));
#6207=EDGE_LOOP('',(#2256,#2257,#2258,#2259));
#6208=EDGE_LOOP('',(#2260,#2261,#2262,#2263));
#6209=EDGE_LOOP('',(#2264,#2265,#2266,#2267));
#6210=EDGE_LOOP('',(#2268,#2269,#2270,#2271));
#6211=EDGE_LOOP('',(#2272,#2273,#2274,#2275));
#6212=EDGE_LOOP('',(#2276,#2277,#2278,#2279));
#6213=EDGE_LOOP('',(#2280,#2281,#2282,#2283,#2284,#2285,#2286));
#6214=EDGE_LOOP('',(#2287,#2288,#2289,#2290,#2291,#2292,#2293));
#6215=EDGE_LOOP('',(#2294,#2295,#2296,#2297));
#6216=EDGE_LOOP('',(#2298,#2299,#2300,#2301));
#6217=EDGE_LOOP('',(#2302,#2303,#2304,#2305));
#6218=EDGE_LOOP('',(#2306,#2307,#2308,#2309));
#6219=EDGE_LOOP('',(#2310,#2311,#2312,#2313));
#6220=EDGE_LOOP('',(#2314,#2315,#2316,#2317));
#6221=EDGE_LOOP('',(#2318,#2319,#2320,#2321));
#6222=EDGE_LOOP('',(#2322,#2323,#2324,#2325));
#6223=EDGE_LOOP('',(#2326,#2327,#2328,#2329));
#6224=EDGE_LOOP('',(#2330,#2331,#2332,#2333));
#6225=EDGE_LOOP('',(#2334,#2335,#2336,#2337));
#6226=EDGE_LOOP('',(#2338,#2339,#2340,#2341));
#6227=EDGE_LOOP('',(#2342,#2343,#2344,#2345));
#6228=EDGE_LOOP('',(#2346,#2347,#2348,#2349));
#6229=EDGE_LOOP('',(#2350,#2351,#2352,#2353));
#6230=EDGE_LOOP('',(#2354,#2355,#2356,#2357));
#6231=EDGE_LOOP('',(#2358,#2359,#2360,#2361));
#6232=EDGE_LOOP('',(#2362,#2363,#2364,#2365));
#6233=EDGE_LOOP('',(#2366,#2367,#2368,#2369));
#6234=EDGE_LOOP('',(#2370,#2371,#2372,#2373));
#6235=EDGE_LOOP('',(#2374,#2375,#2376,#2377));
#6236=EDGE_LOOP('',(#2378,#2379,#2380,#2381));
#6237=EDGE_LOOP('',(#2382,#2383,#2384,#2385));
#6238=EDGE_LOOP('',(#2386,#2387,#2388,#2389));
#6239=EDGE_LOOP('',(#2390,#2391,#2392,#2393));
#6240=EDGE_LOOP('',(#2394,#2395,#2396,#2397,#2398,#2399,#2400,#2401,#2402,
#2403,#2404,#2405,#2406,#2407,#2408,#2409));
#6241=EDGE_LOOP('',(#2410,#2411,#2412,#2413,#2414,#2415,#2416,#2417,#2418));
#6242=EDGE_LOOP('',(#2419,#2420,#2421,#2422));
#6243=EDGE_LOOP('',(#2423,#2424,#2425,#2426));
#6244=EDGE_LOOP('',(#2427,#2428,#2429,#2430));
#6245=EDGE_LOOP('',(#2431,#2432,#2433,#2434));
#6246=EDGE_LOOP('',(#2435,#2436,#2437,#2438));
#6247=EDGE_LOOP('',(#2439,#2440,#2441,#2442));
#6248=EDGE_LOOP('',(#2443,#2444,#2445,#2446));
#6249=EDGE_LOOP('',(#2447,#2448,#2449,#2450));
#6250=EDGE_LOOP('',(#2451,#2452,#2453,#2454));
#6251=EDGE_LOOP('',(#2455,#2456,#2457,#2458));
#6252=EDGE_LOOP('',(#2459,#2460,#2461,#2462));
#6253=EDGE_LOOP('',(#2463,#2464,#2465,#2466));
#6254=EDGE_LOOP('',(#2467,#2468,#2469,#2470));
#6255=EDGE_LOOP('',(#2471,#2472,#2473,#2474));
#6256=EDGE_LOOP('',(#2475,#2476,#2477,#2478,#2479,#2480,#2481,#2482,#2483,
#2484,#2485,#2486,#2487,#2488));
#6257=EDGE_LOOP('',(#2489,#2490,#2491,#2492));
#6258=EDGE_LOOP('',(#2493,#2494,#2495,#2496));
#6259=EDGE_LOOP('',(#2497,#2498,#2499,#2500));
#6260=EDGE_LOOP('',(#2501,#2502,#2503,#2504));
#6261=EDGE_LOOP('',(#2505,#2506,#2507,#2508));
#6262=EDGE_LOOP('',(#2509,#2510,#2511,#2512));
#6263=EDGE_LOOP('',(#2513,#2514,#2515,#2516));
#6264=EDGE_LOOP('',(#2517,#2518,#2519,#2520));
#6265=EDGE_LOOP('',(#2521,#2522,#2523,#2524));
#6266=EDGE_LOOP('',(#2525,#2526,#2527,#2528));
#6267=EDGE_LOOP('',(#2529,#2530,#2531,#2532));
#6268=EDGE_LOOP('',(#2533,#2534,#2535,#2536));
#6269=EDGE_LOOP('',(#2537,#2538,#2539,#2540));
#6270=EDGE_LOOP('',(#2541,#2542,#2543,#2544));
#6271=EDGE_LOOP('',(#2545,#2546,#2547,#2548));
#6272=EDGE_LOOP('',(#2549,#2550,#2551,#2552));
#6273=EDGE_LOOP('',(#2553,#2554,#2555,#2556));
#6274=EDGE_LOOP('',(#2557,#2558,#2559,#2560,#2561,#2562,#2563,#2564,#2565,
#2566,#2567,#2568,#2569,#2570,#2571,#2572,#2573));
#6275=EDGE_LOOP('',(#2574,#2575,#2576,#2577));
#6276=EDGE_LOOP('',(#2578,#2579,#2580,#2581));
#6277=EDGE_LOOP('',(#2582,#2583,#2584,#2585));
#6278=EDGE_LOOP('',(#2586,#2587,#2588,#2589));
#6279=EDGE_LOOP('',(#2590,#2591,#2592,#2593));
#6280=EDGE_LOOP('',(#2594,#2595,#2596,#2597));
#6281=EDGE_LOOP('',(#2598,#2599,#2600,#2601));
#6282=EDGE_LOOP('',(#2602,#2603,#2604,#2605));
#6283=EDGE_LOOP('',(#2606,#2607,#2608,#2609));
#6284=EDGE_LOOP('',(#2610,#2611,#2612,#2613));
#6285=EDGE_LOOP('',(#2614,#2615,#2616,#2617));
#6286=EDGE_LOOP('',(#2618,#2619,#2620,#2621));
#6287=EDGE_LOOP('',(#2622,#2623,#2624,#2625));
#6288=EDGE_LOOP('',(#2626,#2627,#2628,#2629));
#6289=EDGE_LOOP('',(#2630,#2631,#2632,#2633));
#6290=EDGE_LOOP('',(#2634,#2635,#2636,#2637));
#6291=EDGE_LOOP('',(#2638,#2639,#2640,#2641));
#6292=EDGE_LOOP('',(#2642,#2643,#2644,#2645));
#6293=EDGE_LOOP('',(#2646,#2647,#2648,#2649));
#6294=EDGE_LOOP('',(#2650,#2651,#2652,#2653,#2654,#2655,#2656,#2657,#2658,
#2659,#2660,#2661,#2662,#2663));
#6295=EDGE_LOOP('',(#2664,#2665,#2666,#2667,#2668));
#6296=EDGE_LOOP('',(#2669,#2670,#2671,#2672,#2673));
#6297=EDGE_LOOP('',(#2674,#2675,#2676,#2677,#2678,#2679,#2680,#2681));
#6298=EDGE_LOOP('',(#2682,#2683,#2684,#2685,#2686,#2687,#2688,#2689));
#6299=EDGE_LOOP('',(#2690,#2691,#2692,#2693,#2694,#2695,#2696,#2697));
#6300=EDGE_LOOP('',(#2698,#2699,#2700,#2701,#2702,#2703,#2704));
#6301=EDGE_LOOP('',(#2705,#2706,#2707,#2708,#2709,#2710,#2711,#2712,#2713));
#6302=EDGE_LOOP('',(#2714,#2715,#2716,#2717,#2718));
#6303=FACE_BOUND('',#5843,.T.);
#6304=FACE_BOUND('',#5844,.T.);
#6305=FACE_BOUND('',#5845,.T.);
#6306=FACE_BOUND('',#5846,.T.);
#6307=FACE_BOUND('',#5847,.T.);
#6308=FACE_BOUND('',#5848,.T.);
#6309=FACE_BOUND('',#5849,.T.);
#6310=FACE_BOUND('',#5850,.T.);
#6311=FACE_BOUND('',#5851,.T.);
#6312=FACE_BOUND('',#5852,.T.);
#6313=FACE_BOUND('',#5853,.T.);
#6314=FACE_BOUND('',#5854,.T.);
#6315=FACE_BOUND('',#5855,.T.);
#6316=FACE_BOUND('',#5856,.T.);
#6317=FACE_BOUND('',#5857,.T.);
#6318=FACE_BOUND('',#5858,.T.);
#6319=FACE_BOUND('',#5859,.T.);
#6320=FACE_BOUND('',#5860,.T.);
#6321=FACE_BOUND('',#5861,.T.);
#6322=FACE_BOUND('',#5862,.T.);
#6323=FACE_BOUND('',#5863,.T.);
#6324=FACE_BOUND('',#5864,.T.);
#6325=FACE_BOUND('',#5865,.T.);
#6326=FACE_BOUND('',#5866,.T.);
#6327=FACE_BOUND('',#5867,.T.);
#6328=FACE_BOUND('',#5868,.T.);
#6329=FACE_BOUND('',#5869,.T.);
#6330=FACE_BOUND('',#5870,.T.);
#6331=FACE_BOUND('',#5871,.T.);
#6332=FACE_BOUND('',#5872,.T.);
#6333=FACE_BOUND('',#5873,.T.);
#6334=FACE_BOUND('',#5874,.T.);
#6335=FACE_BOUND('',#5875,.T.);
#6336=FACE_BOUND('',#5876,.T.);
#6337=FACE_BOUND('',#5877,.T.);
#6338=FACE_BOUND('',#5878,.T.);
#6339=FACE_BOUND('',#5879,.T.);
#6340=FACE_BOUND('',#5880,.T.);
#6341=FACE_BOUND('',#5881,.T.);
#6342=FACE_BOUND('',#5882,.T.);
#6343=FACE_BOUND('',#5883,.T.);
#6344=FACE_BOUND('',#5884,.T.);
#6345=FACE_BOUND('',#5885,.T.);
#6346=FACE_BOUND('',#5886,.T.);
#6347=FACE_BOUND('',#5887,.T.);
#6348=FACE_BOUND('',#5888,.T.);
#6349=FACE_BOUND('',#5889,.T.);
#6350=FACE_BOUND('',#5890,.T.);
#6351=FACE_BOUND('',#5891,.T.);
#6352=FACE_BOUND('',#5892,.T.);
#6353=FACE_BOUND('',#5893,.T.);
#6354=FACE_BOUND('',#5894,.T.);
#6355=FACE_BOUND('',#5895,.T.);
#6356=FACE_BOUND('',#5896,.T.);
#6357=FACE_BOUND('',#5897,.T.);
#6358=FACE_BOUND('',#5898,.T.);
#6359=FACE_BOUND('',#5899,.T.);
#6360=FACE_BOUND('',#5900,.T.);
#6361=FACE_BOUND('',#5901,.T.);
#6362=FACE_BOUND('',#5902,.T.);
#6363=FACE_BOUND('',#5903,.T.);
#6364=FACE_BOUND('',#5904,.T.);
#6365=FACE_BOUND('',#5905,.T.);
#6366=FACE_BOUND('',#5906,.T.);
#6367=FACE_BOUND('',#5907,.T.);
#6368=FACE_BOUND('',#5908,.T.);
#6369=FACE_BOUND('',#5909,.T.);
#6370=FACE_BOUND('',#5910,.T.);
#6371=FACE_BOUND('',#5911,.T.);
#6372=FACE_BOUND('',#5912,.T.);
#6373=FACE_BOUND('',#5913,.T.);
#6374=FACE_BOUND('',#5914,.T.);
#6375=FACE_BOUND('',#5915,.T.);
#6376=FACE_BOUND('',#5916,.T.);
#6377=FACE_BOUND('',#5917,.T.);
#6378=FACE_BOUND('',#5918,.T.);
#6379=FACE_BOUND('',#5919,.T.);
#6380=FACE_BOUND('',#5920,.T.);
#6381=FACE_BOUND('',#5921,.T.);
#6382=FACE_BOUND('',#5922,.T.);
#6383=FACE_BOUND('',#5923,.T.);
#6384=FACE_BOUND('',#5924,.T.);
#6385=FACE_BOUND('',#5925,.T.);
#6386=FACE_BOUND('',#5926,.T.);
#6387=FACE_BOUND('',#5927,.T.);
#6388=FACE_BOUND('',#5928,.T.);
#6389=FACE_BOUND('',#5929,.T.);
#6390=FACE_BOUND('',#5930,.T.);
#6391=FACE_BOUND('',#5931,.T.);
#6392=FACE_BOUND('',#5932,.T.);
#6393=FACE_BOUND('',#5933,.T.);
#6394=FACE_BOUND('',#5934,.T.);
#6395=FACE_BOUND('',#5935,.T.);
#6396=FACE_BOUND('',#5936,.T.);
#6397=FACE_BOUND('',#5937,.T.);
#6398=FACE_BOUND('',#5938,.T.);
#6399=FACE_BOUND('',#5939,.T.);
#6400=FACE_BOUND('',#5940,.T.);
#6401=FACE_BOUND('',#5941,.T.);
#6402=FACE_BOUND('',#5942,.T.);
#6403=FACE_BOUND('',#5943,.T.);
#6404=FACE_BOUND('',#5944,.T.);
#6405=FACE_BOUND('',#5945,.T.);
#6406=FACE_BOUND('',#5946,.T.);
#6407=FACE_BOUND('',#5947,.T.);
#6408=FACE_BOUND('',#5948,.T.);
#6409=FACE_BOUND('',#5949,.T.);
#6410=FACE_BOUND('',#5950,.T.);
#6411=FACE_BOUND('',#5951,.T.);
#6412=FACE_BOUND('',#5952,.T.);
#6413=FACE_BOUND('',#5953,.T.);
#6414=FACE_BOUND('',#5954,.T.);
#6415=FACE_BOUND('',#5955,.T.);
#6416=FACE_BOUND('',#5956,.T.);
#6417=FACE_BOUND('',#5957,.T.);
#6418=FACE_BOUND('',#5958,.T.);
#6419=FACE_BOUND('',#5959,.T.);
#6420=FACE_BOUND('',#5960,.T.);
#6421=FACE_BOUND('',#5961,.T.);
#6422=FACE_BOUND('',#5962,.T.);
#6423=FACE_BOUND('',#5963,.T.);
#6424=FACE_BOUND('',#5964,.T.);
#6425=FACE_BOUND('',#5965,.T.);
#6426=FACE_BOUND('',#5966,.T.);
#6427=FACE_BOUND('',#5967,.T.);
#6428=FACE_BOUND('',#5968,.T.);
#6429=FACE_BOUND('',#5969,.T.);
#6430=FACE_BOUND('',#5970,.T.);
#6431=FACE_BOUND('',#5971,.T.);
#6432=FACE_BOUND('',#5972,.T.);
#6433=FACE_BOUND('',#5973,.T.);
#6434=FACE_BOUND('',#5974,.T.);
#6435=FACE_BOUND('',#5975,.T.);
#6436=FACE_BOUND('',#5976,.T.);
#6437=FACE_BOUND('',#5977,.T.);
#6438=FACE_BOUND('',#5978,.T.);
#6439=FACE_BOUND('',#5979,.T.);
#6440=FACE_BOUND('',#5980,.T.);
#6441=FACE_BOUND('',#5981,.T.);
#6442=FACE_BOUND('',#5982,.T.);
#6443=FACE_BOUND('',#5983,.T.);
#6444=FACE_BOUND('',#5984,.T.);
#6445=FACE_BOUND('',#5985,.T.);
#6446=FACE_BOUND('',#5986,.T.);
#6447=FACE_BOUND('',#5987,.T.);
#6448=FACE_BOUND('',#5988,.T.);
#6449=FACE_BOUND('',#5989,.T.);
#6450=FACE_BOUND('',#5990,.T.);
#6451=FACE_BOUND('',#5991,.T.);
#6452=FACE_BOUND('',#5992,.T.);
#6453=FACE_BOUND('',#5993,.T.);
#6454=FACE_BOUND('',#5994,.T.);
#6455=FACE_BOUND('',#5995,.T.);
#6456=FACE_BOUND('',#5996,.T.);
#6457=FACE_BOUND('',#5997,.T.);
#6458=FACE_BOUND('',#5998,.T.);
#6459=FACE_BOUND('',#5999,.T.);
#6460=FACE_BOUND('',#6000,.T.);
#6461=FACE_BOUND('',#6001,.T.);
#6462=FACE_BOUND('',#6002,.T.);
#6463=FACE_BOUND('',#6003,.T.);
#6464=FACE_BOUND('',#6004,.T.);
#6465=FACE_BOUND('',#6005,.T.);
#6466=FACE_BOUND('',#6006,.T.);
#6467=FACE_BOUND('',#6007,.T.);
#6468=FACE_BOUND('',#6008,.T.);
#6469=FACE_BOUND('',#6009,.T.);
#6470=FACE_BOUND('',#6010,.T.);
#6471=FACE_BOUND('',#6011,.T.);
#6472=FACE_BOUND('',#6012,.T.);
#6473=FACE_BOUND('',#6013,.T.);
#6474=FACE_BOUND('',#6014,.T.);
#6475=FACE_BOUND('',#6015,.T.);
#6476=FACE_BOUND('',#6016,.T.);
#6477=FACE_BOUND('',#6017,.T.);
#6478=FACE_BOUND('',#6018,.T.);
#6479=FACE_BOUND('',#6019,.T.);
#6480=FACE_BOUND('',#6020,.T.);
#6481=FACE_BOUND('',#6021,.T.);
#6482=FACE_BOUND('',#6022,.T.);
#6483=FACE_BOUND('',#6023,.T.);
#6484=FACE_BOUND('',#6024,.T.);
#6485=FACE_BOUND('',#6025,.T.);
#6486=FACE_BOUND('',#6026,.T.);
#6487=FACE_BOUND('',#6027,.T.);
#6488=FACE_BOUND('',#6028,.T.);
#6489=FACE_BOUND('',#6029,.T.);
#6490=FACE_BOUND('',#6030,.T.);
#6491=FACE_BOUND('',#6031,.T.);
#6492=FACE_BOUND('',#6032,.T.);
#6493=FACE_BOUND('',#6033,.T.);
#6494=FACE_BOUND('',#6034,.T.);
#6495=FACE_BOUND('',#6035,.T.);
#6496=FACE_BOUND('',#6036,.T.);
#6497=FACE_BOUND('',#6037,.T.);
#6498=FACE_BOUND('',#6038,.T.);
#6499=FACE_BOUND('',#6039,.T.);
#6500=FACE_BOUND('',#6040,.T.);
#6501=FACE_BOUND('',#6041,.T.);
#6502=FACE_BOUND('',#6042,.T.);
#6503=FACE_BOUND('',#6043,.T.);
#6504=FACE_BOUND('',#6044,.T.);
#6505=FACE_BOUND('',#6045,.T.);
#6506=FACE_BOUND('',#6046,.T.);
#6507=FACE_BOUND('',#6047,.T.);
#6508=FACE_BOUND('',#6048,.T.);
#6509=FACE_BOUND('',#6049,.T.);
#6510=FACE_BOUND('',#6050,.T.);
#6511=FACE_BOUND('',#6051,.T.);
#6512=FACE_BOUND('',#6052,.T.);
#6513=FACE_BOUND('',#6053,.T.);
#6514=FACE_BOUND('',#6054,.T.);
#6515=FACE_BOUND('',#6055,.T.);
#6516=FACE_BOUND('',#6056,.T.);
#6517=FACE_BOUND('',#6057,.T.);
#6518=FACE_BOUND('',#6058,.T.);
#6519=FACE_BOUND('',#6059,.T.);
#6520=FACE_BOUND('',#6060,.T.);
#6521=FACE_BOUND('',#6061,.T.);
#6522=FACE_BOUND('',#6062,.T.);
#6523=FACE_BOUND('',#6063,.T.);
#6524=FACE_BOUND('',#6064,.T.);
#6525=FACE_BOUND('',#6065,.T.);
#6526=FACE_BOUND('',#6066,.T.);
#6527=FACE_BOUND('',#6067,.T.);
#6528=FACE_BOUND('',#6068,.T.);
#6529=FACE_BOUND('',#6069,.T.);
#6530=FACE_BOUND('',#6070,.T.);
#6531=FACE_BOUND('',#6071,.T.);
#6532=FACE_BOUND('',#6072,.T.);
#6533=FACE_BOUND('',#6073,.T.);
#6534=FACE_BOUND('',#6074,.T.);
#6535=FACE_BOUND('',#6075,.T.);
#6536=FACE_BOUND('',#6076,.T.);
#6537=FACE_BOUND('',#6077,.T.);
#6538=FACE_BOUND('',#6078,.T.);
#6539=FACE_BOUND('',#6079,.T.);
#6540=FACE_BOUND('',#6080,.T.);
#6541=FACE_BOUND('',#6081,.T.);
#6542=FACE_BOUND('',#6082,.T.);
#6543=FACE_BOUND('',#6083,.T.);
#6544=FACE_BOUND('',#6084,.T.);
#6545=FACE_BOUND('',#6085,.T.);
#6546=FACE_BOUND('',#6086,.T.);
#6547=FACE_BOUND('',#6087,.T.);
#6548=FACE_BOUND('',#6088,.T.);
#6549=FACE_BOUND('',#6089,.T.);
#6550=FACE_BOUND('',#6090,.T.);
#6551=FACE_BOUND('',#6091,.T.);
#6552=FACE_BOUND('',#6092,.T.);
#6553=FACE_BOUND('',#6093,.T.);
#6554=FACE_BOUND('',#6094,.T.);
#6555=FACE_BOUND('',#6095,.T.);
#6556=FACE_BOUND('',#6096,.T.);
#6557=FACE_BOUND('',#6097,.T.);
#6558=FACE_BOUND('',#6098,.T.);
#6559=FACE_BOUND('',#6099,.T.);
#6560=FACE_BOUND('',#6100,.T.);
#6561=FACE_BOUND('',#6101,.T.);
#6562=FACE_BOUND('',#6102,.T.);
#6563=FACE_BOUND('',#6103,.T.);
#6564=FACE_BOUND('',#6104,.T.);
#6565=FACE_BOUND('',#6105,.T.);
#6566=FACE_BOUND('',#6106,.T.);
#6567=FACE_BOUND('',#6107,.T.);
#6568=FACE_BOUND('',#6108,.T.);
#6569=FACE_BOUND('',#6109,.T.);
#6570=FACE_BOUND('',#6110,.T.);
#6571=FACE_BOUND('',#6111,.T.);
#6572=FACE_BOUND('',#6112,.T.);
#6573=FACE_BOUND('',#6113,.T.);
#6574=FACE_BOUND('',#6114,.T.);
#6575=FACE_BOUND('',#6115,.T.);
#6576=FACE_BOUND('',#6116,.T.);
#6577=FACE_BOUND('',#6117,.T.);
#6578=FACE_BOUND('',#6118,.T.);
#6579=FACE_BOUND('',#6119,.T.);
#6580=FACE_BOUND('',#6120,.T.);
#6581=FACE_BOUND('',#6121,.T.);
#6582=FACE_BOUND('',#6122,.T.);
#6583=FACE_BOUND('',#6123,.T.);
#6584=FACE_BOUND('',#6124,.T.);
#6585=FACE_BOUND('',#6125,.T.);
#6586=FACE_BOUND('',#6126,.T.);
#6587=FACE_BOUND('',#6127,.T.);
#6588=FACE_BOUND('',#6128,.T.);
#6589=FACE_BOUND('',#6129,.T.);
#6590=FACE_BOUND('',#6130,.T.);
#6591=FACE_BOUND('',#6131,.T.);
#6592=FACE_BOUND('',#6132,.T.);
#6593=FACE_BOUND('',#6133,.T.);
#6594=FACE_BOUND('',#6134,.T.);
#6595=FACE_BOUND('',#6135,.T.);
#6596=FACE_BOUND('',#6136,.T.);
#6597=FACE_BOUND('',#6137,.T.);
#6598=FACE_BOUND('',#6138,.T.);
#6599=FACE_BOUND('',#6139,.T.);
#6600=FACE_BOUND('',#6140,.T.);
#6601=FACE_BOUND('',#6141,.T.);
#6602=FACE_BOUND('',#6142,.T.);
#6603=FACE_BOUND('',#6143,.T.);
#6604=FACE_BOUND('',#6144,.T.);
#6605=FACE_BOUND('',#6145,.T.);
#6606=FACE_BOUND('',#6146,.T.);
#6607=FACE_BOUND('',#6147,.T.);
#6608=FACE_BOUND('',#6148,.T.);
#6609=FACE_BOUND('',#6149,.T.);
#6610=FACE_BOUND('',#6150,.T.);
#6611=FACE_BOUND('',#6151,.T.);
#6612=FACE_BOUND('',#6152,.T.);
#6613=FACE_BOUND('',#6153,.T.);
#6614=FACE_BOUND('',#6154,.T.);
#6615=FACE_BOUND('',#6155,.T.);
#6616=FACE_BOUND('',#6156,.T.);
#6617=FACE_BOUND('',#6157,.T.);
#6618=FACE_BOUND('',#6158,.T.);
#6619=FACE_BOUND('',#6159,.T.);
#6620=FACE_BOUND('',#6160,.T.);
#6621=FACE_BOUND('',#6161,.T.);
#6622=FACE_BOUND('',#6162,.T.);
#6623=FACE_BOUND('',#6163,.T.);
#6624=FACE_BOUND('',#6164,.T.);
#6625=FACE_BOUND('',#6165,.T.);
#6626=FACE_BOUND('',#6166,.T.);
#6627=FACE_BOUND('',#6167,.T.);
#6628=FACE_BOUND('',#6168,.T.);
#6629=FACE_BOUND('',#6169,.T.);
#6630=FACE_BOUND('',#6170,.T.);
#6631=FACE_BOUND('',#6171,.T.);
#6632=FACE_BOUND('',#6172,.T.);
#6633=FACE_BOUND('',#6173,.T.);
#6634=FACE_BOUND('',#6174,.T.);
#6635=FACE_BOUND('',#6175,.T.);
#6636=FACE_BOUND('',#6176,.T.);
#6637=FACE_BOUND('',#6177,.T.);
#6638=FACE_BOUND('',#6178,.T.);
#6639=FACE_BOUND('',#6179,.T.);
#6640=FACE_BOUND('',#6180,.T.);
#6641=FACE_BOUND('',#6181,.T.);
#6642=FACE_BOUND('',#6182,.T.);
#6643=FACE_BOUND('',#6183,.T.);
#6644=FACE_BOUND('',#6184,.T.);
#6645=FACE_BOUND('',#6185,.T.);
#6646=FACE_BOUND('',#6186,.T.);
#6647=FACE_BOUND('',#6187,.T.);
#6648=FACE_BOUND('',#6188,.T.);
#6649=FACE_BOUND('',#6189,.T.);
#6650=FACE_BOUND('',#6190,.T.);
#6651=FACE_BOUND('',#6191,.T.);
#6652=FACE_BOUND('',#6192,.T.);
#6653=FACE_BOUND('',#6193,.T.);
#6654=FACE_BOUND('',#6194,.T.);
#6655=FACE_BOUND('',#6195,.T.);
#6656=FACE_BOUND('',#6196,.T.);
#6657=FACE_BOUND('',#6197,.T.);
#6658=FACE_BOUND('',#6198,.T.);
#6659=FACE_BOUND('',#6199,.T.);
#6660=FACE_BOUND('',#6200,.T.);
#6661=FACE_BOUND('',#6201,.T.);
#6662=FACE_BOUND('',#6202,.T.);
#6663=FACE_BOUND('',#6203,.T.);
#6664=FACE_BOUND('',#6204,.T.);
#6665=FACE_BOUND('',#6205,.T.);
#6666=FACE_BOUND('',#6206,.T.);
#6667=FACE_BOUND('',#6207,.T.);
#6668=FACE_BOUND('',#6208,.T.);
#6669=FACE_BOUND('',#6209,.T.);
#6670=FACE_BOUND('',#6210,.T.);
#6671=FACE_BOUND('',#6211,.T.);
#6672=FACE_BOUND('',#6212,.T.);
#6673=FACE_BOUND('',#6213,.T.);
#6674=FACE_BOUND('',#6214,.T.);
#6675=FACE_BOUND('',#6215,.T.);
#6676=FACE_BOUND('',#6216,.T.);
#6677=FACE_BOUND('',#6217,.T.);
#6678=FACE_BOUND('',#6218,.T.);
#6679=FACE_BOUND('',#6219,.T.);
#6680=FACE_BOUND('',#6220,.T.);
#6681=FACE_BOUND('',#6221,.T.);
#6682=FACE_BOUND('',#6222,.T.);
#6683=FACE_BOUND('',#6223,.T.);
#6684=FACE_BOUND('',#6224,.T.);
#6685=FACE_BOUND('',#6225,.T.);
#6686=FACE_BOUND('',#6226,.T.);
#6687=FACE_BOUND('',#6227,.T.);
#6688=FACE_BOUND('',#6228,.T.);
#6689=FACE_BOUND('',#6229,.T.);
#6690=FACE_BOUND('',#6230,.T.);
#6691=FACE_BOUND('',#6231,.T.);
#6692=FACE_BOUND('',#6232,.T.);
#6693=FACE_BOUND('',#6233,.T.);
#6694=FACE_BOUND('',#6234,.T.);
#6695=FACE_BOUND('',#6235,.T.);
#6696=FACE_BOUND('',#6236,.T.);
#6697=FACE_BOUND('',#6237,.T.);
#6698=FACE_BOUND('',#6238,.T.);
#6699=FACE_BOUND('',#6239,.T.);
#6700=FACE_BOUND('',#6240,.T.);
#6701=FACE_BOUND('',#6241,.T.);
#6702=FACE_BOUND('',#6242,.T.);
#6703=FACE_BOUND('',#6243,.T.);
#6704=FACE_BOUND('',#6244,.T.);
#6705=FACE_BOUND('',#6245,.T.);
#6706=FACE_BOUND('',#6246,.T.);
#6707=FACE_BOUND('',#6247,.T.);
#6708=FACE_BOUND('',#6248,.T.);
#6709=FACE_BOUND('',#6249,.T.);
#6710=FACE_BOUND('',#6250,.T.);
#6711=FACE_BOUND('',#6251,.T.);
#6712=FACE_BOUND('',#6252,.T.);
#6713=FACE_BOUND('',#6253,.T.);
#6714=FACE_BOUND('',#6254,.T.);
#6715=FACE_BOUND('',#6255,.T.);
#6716=FACE_BOUND('',#6256,.T.);
#6717=FACE_BOUND('',#6257,.T.);
#6718=FACE_BOUND('',#6258,.T.);
#6719=FACE_BOUND('',#6259,.T.);
#6720=FACE_BOUND('',#6260,.T.);
#6721=FACE_BOUND('',#6261,.T.);
#6722=FACE_BOUND('',#6262,.T.);
#6723=FACE_BOUND('',#6263,.T.);
#6724=FACE_BOUND('',#6264,.T.);
#6725=FACE_BOUND('',#6265,.T.);
#6726=FACE_BOUND('',#6266,.T.);
#6727=FACE_BOUND('',#6267,.T.);
#6728=FACE_BOUND('',#6268,.T.);
#6729=FACE_BOUND('',#6269,.T.);
#6730=FACE_BOUND('',#6270,.T.);
#6731=FACE_BOUND('',#6271,.T.);
#6732=FACE_BOUND('',#6272,.T.);
#6733=FACE_BOUND('',#6273,.T.);
#6734=FACE_BOUND('',#6274,.T.);
#6735=FACE_BOUND('',#6275,.T.);
#6736=FACE_BOUND('',#6276,.T.);
#6737=FACE_BOUND('',#6277,.T.);
#6738=FACE_BOUND('',#6278,.T.);
#6739=FACE_BOUND('',#6279,.T.);
#6740=FACE_BOUND('',#6280,.T.);
#6741=FACE_BOUND('',#6281,.T.);
#6742=FACE_BOUND('',#6282,.T.);
#6743=FACE_BOUND('',#6283,.T.);
#6744=FACE_BOUND('',#6284,.T.);
#6745=FACE_BOUND('',#6285,.T.);
#6746=FACE_BOUND('',#6286,.T.);
#6747=FACE_BOUND('',#6287,.T.);
#6748=FACE_BOUND('',#6288,.T.);
#6749=FACE_BOUND('',#6289,.T.);
#6750=FACE_BOUND('',#6290,.T.);
#6751=FACE_BOUND('',#6291,.T.);
#6752=FACE_BOUND('',#6292,.T.);
#6753=FACE_BOUND('',#6293,.T.);
#6754=FACE_BOUND('',#6294,.T.);
#6755=FACE_BOUND('',#6295,.T.);
#6756=FACE_BOUND('',#6296,.T.);
#6757=FACE_BOUND('',#6297,.T.);
#6758=FACE_BOUND('',#6298,.T.);
#6759=FACE_BOUND('',#6299,.T.);
#6760=FACE_BOUND('',#6300,.T.);
#6761=FACE_BOUND('',#6301,.T.);
#6762=FACE_BOUND('',#6302,.T.);
#6763=PLANE('',#7428);
#6764=PLANE('',#7429);
#6765=PLANE('',#7430);
#6766=PLANE('',#7431);
#6767=PLANE('',#7432);
#6768=PLANE('',#7433);
#6769=PLANE('',#7435);
#6770=PLANE('',#7436);
#6771=PLANE('',#7437);
#6772=PLANE('',#7438);
#6773=PLANE('',#7442);
#6774=PLANE('',#7443);
#6775=PLANE('',#7445);
#6776=PLANE('',#7446);
#6777=PLANE('',#7447);
#6778=PLANE('',#7448);
#6779=PLANE('',#7449);
#6780=PLANE('',#7450);
#6781=PLANE('',#7451);
#6782=PLANE('',#7452);
#6783=PLANE('',#7453);
#6784=PLANE('',#7454);
#6785=PLANE('',#7455);
#6786=PLANE('',#7456);
#6787=PLANE('',#7461);
#6788=PLANE('',#7462);
#6789=PLANE('',#7463);
#6790=PLANE('',#7464);
#6791=PLANE('',#7465);
#6792=PLANE('',#7466);
#6793=PLANE('',#7467);
#6794=PLANE('',#7468);
#6795=PLANE('',#7469);
#6796=PLANE('',#7470);
#6797=PLANE('',#7471);
#6798=PLANE('',#7473);
#6799=PLANE('',#7474);
#6800=PLANE('',#7477);
#6801=PLANE('',#7478);
#6802=PLANE('',#7479);
#6803=PLANE('',#7483);
#6804=PLANE('',#7484);
#6805=PLANE('',#7485);
#6806=PLANE('',#7486);
#6807=PLANE('',#7487);
#6808=PLANE('',#7488);
#6809=PLANE('',#7490);
#6810=PLANE('',#7491);
#6811=PLANE('',#7494);
#6812=PLANE('',#7495);
#6813=PLANE('',#7496);
#6814=PLANE('',#7497);
#6815=PLANE('',#7498);
#6816=PLANE('',#7500);
#6817=PLANE('',#7503);
#6818=PLANE('',#7504);
#6819=PLANE('',#7507);
#6820=PLANE('',#7510);
#6821=PLANE('',#7513);
#6822=PLANE('',#7516);
#6823=PLANE('',#7518);
#6824=PLANE('',#7519);
#6825=PLANE('',#7520);
#6826=PLANE('',#7524);
#6827=PLANE('',#7525);
#6828=PLANE('',#7526);
#6829=PLANE('',#7528);
#6830=PLANE('',#7556);
#6831=PLANE('',#7557);
#6832=PLANE('',#7558);
#6833=PLANE('',#7559);
#6834=PLANE('',#7560);
#6835=PLANE('',#7561);
#6836=PLANE('',#7562);
#6837=PLANE('',#7571);
#6838=PLANE('',#7572);
#6839=PLANE('',#7573);
#6840=PLANE('',#7574);
#6841=PLANE('',#7575);
#6842=PLANE('',#7580);
#6843=PLANE('',#7581);
#6844=PLANE('',#7582);
#6845=PLANE('',#7583);
#6846=PLANE('',#7584);
#6847=PLANE('',#7585);
#6848=PLANE('',#7586);
#6849=PLANE('',#7587);
#6850=PLANE('',#7588);
#6851=PLANE('',#7589);
#6852=PLANE('',#7590);
#6853=PLANE('',#7593);
#6854=PLANE('',#7594);
#6855=PLANE('',#7595);
#6856=PLANE('',#7596);
#6857=PLANE('',#7597);
#6858=PLANE('',#7598);
#6859=PLANE('',#7599);
#6860=PLANE('',#7600);
#6861=PLANE('',#7601);
#6862=PLANE('',#7602);
#6863=PLANE('',#7603);
#6864=PLANE('',#7606);
#6865=PLANE('',#7607);
#6866=PLANE('',#7608);
#6867=PLANE('',#7611);
#6868=PLANE('',#7614);
#6869=PLANE('',#7615);
#6870=PLANE('',#7616);
#6871=PLANE('',#7617);
#6872=PLANE('',#7618);
#6873=PLANE('',#7619);
#6874=PLANE('',#7620);
#6875=PLANE('',#7621);
#6876=PLANE('',#7622);
#6877=PLANE('',#7623);
#6878=PLANE('',#7624);
#6879=PLANE('',#7625);
#6880=PLANE('',#7626);
#6881=PLANE('',#7627);
#6882=PLANE('',#7628);
#6883=PLANE('',#7629);
#6884=PLANE('',#7630);
#6885=PLANE('',#7631);
#6886=PLANE('',#7632);
#6887=PLANE('',#7637);
#6888=PLANE('',#7638);
#6889=PLANE('',#7639);
#6890=PLANE('',#7640);
#6891=PLANE('',#7641);
#6892=PLANE('',#7642);
#6893=PLANE('',#7643);
#6894=PLANE('',#7644);
#6895=PLANE('',#7649);
#6896=PLANE('',#7650);
#6897=PLANE('',#7651);
#6898=PLANE('',#7652);
#6899=PLANE('',#7653);
#6900=PLANE('',#7658);
#6901=PLANE('',#7659);
#6902=PLANE('',#7660);
#6903=PLANE('',#7661);
#6904=PLANE('',#7662);
#6905=PLANE('',#7663);
#6906=PLANE('',#7664);
#6907=PLANE('',#7665);
#6908=PLANE('',#7666);
#6909=PLANE('',#7667);
#6910=PLANE('',#7668);
#6911=PLANE('',#7671);
#6912=PLANE('',#7672);
#6913=PLANE('',#7673);
#6914=PLANE('',#7674);
#6915=PLANE('',#7679);
#6916=PLANE('',#7680);
#6917=PLANE('',#7681);
#6918=PLANE('',#7682);
#6919=PLANE('',#7683);
#6920=PLANE('',#7684);
#6921=PLANE('',#7685);
#6922=PLANE('',#7686);
#6923=PLANE('',#7687);
#6924=PLANE('',#7688);
#6925=PLANE('',#7689);
#6926=PLANE('',#7690);
#6927=PLANE('',#7691);
#6928=PLANE('',#7692);
#6929=PLANE('',#7693);
#6930=PLANE('',#7694);
#6931=PLANE('',#7695);
#6932=PLANE('',#7698);
#6933=PLANE('',#7699);
#6934=PLANE('',#7700);
#6935=PLANE('',#7701);
#6936=PLANE('',#7702);
#6937=PLANE('',#7703);
#6938=PLANE('',#7706);
#6939=PLANE('',#7709);
#6940=PLANE('',#7710);
#6941=PLANE('',#7711);
#6942=PLANE('',#7712);
#6943=PLANE('',#7713);
#6944=PLANE('',#7714);
#6945=PLANE('',#7715);
#6946=PLANE('',#7716);
#6947=PLANE('',#7717);
#6948=PLANE('',#7718);
#6949=PLANE('',#7719);
#6950=PLANE('',#7724);
#6951=PLANE('',#7725);
#6952=PLANE('',#7726);
#6953=PLANE('',#7727);
#6954=PLANE('',#7728);
#6955=PLANE('',#7729);
#6956=PLANE('',#7730);
#6957=PLANE('',#7731);
#6958=PLANE('',#7736);
#6959=PLANE('',#7739);
#6960=PLANE('',#7740);
#6961=PLANE('',#7741);
#6962=PLANE('',#7742);
#6963=PLANE('',#7743);
#6964=PLANE('',#7744);
#6965=PLANE('',#7745);
#6966=PLANE('',#7746);
#6967=PLANE('',#7747);
#6968=PLANE('',#7748);
#6969=ADVANCED_FACE('',(#6303),#6763,.T.);
#6970=ADVANCED_FACE('',(#6304),#6764,.F.);
#6971=ADVANCED_FACE('',(#6305),#6765,.F.);
#6972=ADVANCED_FACE('',(#6306),#6766,.T.);
#6973=ADVANCED_FACE('',(#6307),#6767,.T.);
#6974=ADVANCED_FACE('',(#6308),#6768,.F.);
#6975=ADVANCED_FACE('',(#6309),#6769,.T.);
#6976=ADVANCED_FACE('',(#6310),#6770,.F.);
#6977=ADVANCED_FACE('',(#6311),#6771,.F.);
#6978=ADVANCED_FACE('',(#6312),#6772,.T.);
#6979=ADVANCED_FACE('',(#6313,#6314),#552,.F.);
#6980=ADVANCED_FACE('',(#6315,#6316),#6773,.T.);
#6981=ADVANCED_FACE('',(#6317,#6318),#6774,.F.);
#6982=ADVANCED_FACE('',(#6319),#6775,.F.);
#6983=ADVANCED_FACE('',(#6320),#6776,.F.);
#6984=ADVANCED_FACE('',(#6321),#6777,.T.);
#6985=ADVANCED_FACE('',(#6322),#6778,.T.);
#6986=ADVANCED_FACE('',(#6323,#6324),#6779,.F.);
#6987=ADVANCED_FACE('',(#6325),#6780,.F.);
#6988=ADVANCED_FACE('',(#6326),#6781,.T.);
#6989=ADVANCED_FACE('',(#6327),#6782,.T.);
#6990=ADVANCED_FACE('',(#6328),#6783,.F.);
#6991=ADVANCED_FACE('',(#6329),#6784,.T.);
#6992=ADVANCED_FACE('',(#6330),#6785,.T.);
#6993=ADVANCED_FACE('',(#6331,#6332,#6333,#6334,#6335,#6336),#6786,.T.);
#6994=ADVANCED_FACE('',(#6337),#6787,.T.);
#6995=ADVANCED_FACE('',(#6338),#6788,.F.);
#6996=ADVANCED_FACE('',(#6339),#6789,.F.);
#6997=ADVANCED_FACE('',(#6340),#6790,.T.);
#6998=ADVANCED_FACE('',(#6341),#6791,.T.);
#6999=ADVANCED_FACE('',(#6342),#6792,.F.);
#7000=ADVANCED_FACE('',(#6343),#6793,.F.);
#7001=ADVANCED_FACE('',(#6344),#6794,.T.);
#7002=ADVANCED_FACE('',(#6345),#6795,.F.);
#7003=ADVANCED_FACE('',(#6346),#6796,.F.);
#7004=ADVANCED_FACE('',(#6347,#6348),#6797,.T.);
#7005=ADVANCED_FACE('',(#6349),#6798,.F.);
#7006=ADVANCED_FACE('',(#6350),#6799,.T.);
#7007=ADVANCED_FACE('',(#6351,#6352),#553,.F.);
#7008=ADVANCED_FACE('',(#6353),#6800,.T.);
#7009=ADVANCED_FACE('',(#6354),#6801,.T.);
#7010=ADVANCED_FACE('',(#6355),#6802,.F.);
#7011=ADVANCED_FACE('',(#6356,#6357),#554,.F.);
#7012=ADVANCED_FACE('',(#6358),#6803,.T.);
#7013=ADVANCED_FACE('',(#6359,#6360),#6804,.T.);
#7014=ADVANCED_FACE('',(#6361),#6805,.T.);
#7015=ADVANCED_FACE('',(#6362),#6806,.F.);
#7016=ADVANCED_FACE('',(#6363),#6807,.F.);
#7017=ADVANCED_FACE('',(#6364,#6365),#6808,.T.);
#7018=ADVANCED_FACE('',(#6366),#6809,.T.);
#7019=ADVANCED_FACE('',(#6367),#6810,.F.);
#7020=ADVANCED_FACE('',(#6368,#6369),#555,.F.);
#7021=ADVANCED_FACE('',(#6370),#6811,.T.);
#7022=ADVANCED_FACE('',(#6371),#6812,.T.);
#7023=ADVANCED_FACE('',(#6372),#6813,.F.);
#7024=ADVANCED_FACE('',(#6373),#6814,.T.);
#7025=ADVANCED_FACE('',(#6374,#6375),#6815,.T.);
#7026=ADVANCED_FACE('',(#6376),#6816,.F.);
#7027=ADVANCED_FACE('',(#6377,#6378),#556,.F.);
#7028=ADVANCED_FACE('',(#6379),#6817,.T.);
#7029=ADVANCED_FACE('',(#6380),#6818,.T.);
#7030=ADVANCED_FACE('',(#6381,#6382),#557,.F.);
#7031=ADVANCED_FACE('',(#6383),#6819,.T.);
#7032=ADVANCED_FACE('',(#6384,#6385),#558,.F.);
#7033=ADVANCED_FACE('',(#6386),#6820,.T.);
#7034=ADVANCED_FACE('',(#6387,#6388),#559,.F.);
#7035=ADVANCED_FACE('',(#6389),#6821,.T.);
#7036=ADVANCED_FACE('',(#6390,#6391),#560,.F.);
#7037=ADVANCED_FACE('',(#6392),#6822,.T.);
#7038=ADVANCED_FACE('',(#6393),#6823,.T.);
#7039=ADVANCED_FACE('',(#6394),#6824,.F.);
#7040=ADVANCED_FACE('',(#6395),#6825,.F.);
#7041=ADVANCED_FACE('',(#6396,#6397),#561,.F.);
#7042=ADVANCED_FACE('',(#6398),#6826,.T.);
#7043=ADVANCED_FACE('',(#6399,#6400),#6827,.T.);
#7044=ADVANCED_FACE('',(#6401,#6402),#6828,.F.);
#7045=ADVANCED_FACE('',(#6403,#6404,#6405,#6406,#6407,#6408,#6409,#6410,
#6411,#6412,#6413,#6414,#6415,#6416,#6417,#6418,#6419,#6420,#6421,#6422,
#6423,#6424),#6829,.T.);
#7046=ADVANCED_FACE('',(#6425),#6830,.T.);
#7047=ADVANCED_FACE('',(#6426),#6831,.F.);
#7048=ADVANCED_FACE('',(#6427),#6832,.F.);
#7049=ADVANCED_FACE('',(#6428),#6833,.T.);
#7050=ADVANCED_FACE('',(#6429),#6834,.F.);
#7051=ADVANCED_FACE('',(#6430),#6835,.F.);
#7052=ADVANCED_FACE('',(#6431),#6836,.T.);
#7053=ADVANCED_FACE('',(#6432,#6433),#562,.F.);
#7054=ADVANCED_FACE('',(#6434,#6435),#563,.F.);
#7055=ADVANCED_FACE('',(#6436,#6437),#564,.F.);
#7056=ADVANCED_FACE('',(#6438,#6439),#565,.F.);
#7057=ADVANCED_FACE('',(#6440),#6837,.T.);
#7058=ADVANCED_FACE('',(#6441,#6442,#6443,#6444,#6445,#6446),#6838,.F.);
#7059=ADVANCED_FACE('',(#6447),#6839,.T.);
#7060=ADVANCED_FACE('',(#6448),#6840,.T.);
#7061=ADVANCED_FACE('',(#6449),#6841,.T.);
#7062=ADVANCED_FACE('',(#6450),#10,.T.);
#7063=ADVANCED_FACE('',(#6451),#11,.T.);
#7064=ADVANCED_FACE('',(#6452),#566,.T.);
#7065=ADVANCED_FACE('',(#6453),#567,.T.);
#7066=ADVANCED_FACE('',(#6454),#6842,.T.);
#7067=ADVANCED_FACE('',(#6455),#6843,.T.);
#7068=ADVANCED_FACE('',(#6456),#6844,.T.);
#7069=ADVANCED_FACE('',(#6457),#6845,.T.);
#7070=ADVANCED_FACE('',(#6458),#6846,.T.);
#7071=ADVANCED_FACE('',(#6459),#6847,.T.);
#7072=ADVANCED_FACE('',(#6460),#12,.T.);
#7073=ADVANCED_FACE('',(#6461),#13,.T.);
#7074=ADVANCED_FACE('',(#6462),#14,.T.);
#7075=ADVANCED_FACE('',(#6463),#15,.T.);
#7076=ADVANCED_FACE('',(#6464),#6848,.T.);
#7077=ADVANCED_FACE('',(#6465),#6849,.T.);
#7078=ADVANCED_FACE('',(#6466),#6850,.T.);
#7079=ADVANCED_FACE('',(#6467),#6851,.T.);
#7080=ADVANCED_FACE('',(#6468),#6852,.T.);
#7081=ADVANCED_FACE('',(#6469),#568,.T.);
#7082=ADVANCED_FACE('',(#6470),#6853,.T.);
#7083=ADVANCED_FACE('',(#6471),#6854,.T.);
#7084=ADVANCED_FACE('',(#6472),#6855,.T.);
#7085=ADVANCED_FACE('',(#6473),#6856,.T.);
#7086=ADVANCED_FACE('',(#6474),#6857,.T.);
#7087=ADVANCED_FACE('',(#6475),#6858,.T.);
#7088=ADVANCED_FACE('',(#6476),#6859,.T.);
#7089=ADVANCED_FACE('',(#6477),#6860,.T.);
#7090=ADVANCED_FACE('',(#6478),#6861,.T.);
#7091=ADVANCED_FACE('',(#6479),#6862,.T.);
#7092=ADVANCED_FACE('',(#6480),#6863,.T.);
#7093=ADVANCED_FACE('',(#6481),#569,.T.);
#7094=ADVANCED_FACE('',(#6482),#6864,.T.);
#7095=ADVANCED_FACE('',(#6483),#6865,.T.);
#7096=ADVANCED_FACE('',(#6484),#16,.T.);
#7097=ADVANCED_FACE('',(#6485),#17,.T.);
#7098=ADVANCED_FACE('',(#6486),#18,.T.);
#7099=ADVANCED_FACE('',(#6487),#6866,.T.);
#7100=ADVANCED_FACE('',(#6488),#19,.T.);
#7101=ADVANCED_FACE('',(#6489),#20,.T.);
#7102=ADVANCED_FACE('',(#6490),#570,.T.);
#7103=ADVANCED_FACE('',(#6491),#6867,.T.);
#7104=ADVANCED_FACE('',(#6492),#571,.F.);
#7105=ADVANCED_FACE('',(#6493),#21,.T.);
#7106=ADVANCED_FACE('',(#6494),#22,.T.);
#7107=ADVANCED_FACE('',(#6495),#6868,.T.);
#7108=ADVANCED_FACE('',(#6496),#6869,.T.);
#7109=ADVANCED_FACE('',(#6497),#23,.T.);
#7110=ADVANCED_FACE('',(#6498),#24,.T.);
#7111=ADVANCED_FACE('',(#6499),#25,.T.);
#7112=ADVANCED_FACE('',(#6500),#26,.T.);
#7113=ADVANCED_FACE('',(#6501),#27,.T.);
#7114=ADVANCED_FACE('',(#6502),#28,.T.);
#7115=ADVANCED_FACE('',(#6503,#6504),#6870,.T.);
#7116=ADVANCED_FACE('',(#6505),#6871,.T.);
#7117=ADVANCED_FACE('',(#6506),#6872,.T.);
#7118=ADVANCED_FACE('',(#6507),#6873,.T.);
#7119=ADVANCED_FACE('',(#6508),#6874,.T.);
#7120=ADVANCED_FACE('',(#6509),#6875,.T.);
#7121=ADVANCED_FACE('',(#6510),#6876,.T.);
#7122=ADVANCED_FACE('',(#6511),#6877,.T.);
#7123=ADVANCED_FACE('',(#6512),#6878,.T.);
#7124=ADVANCED_FACE('',(#6513),#6879,.T.);
#7125=ADVANCED_FACE('',(#6514),#6880,.T.);
#7126=ADVANCED_FACE('',(#6515),#6881,.T.);
#7127=ADVANCED_FACE('',(#6516),#29,.T.);
#7128=ADVANCED_FACE('',(#6517),#30,.T.);
#7129=ADVANCED_FACE('',(#6518),#31,.T.);
#7130=ADVANCED_FACE('',(#6519),#32,.T.);
#7131=ADVANCED_FACE('',(#6520),#33,.T.);
#7132=ADVANCED_FACE('',(#6521),#34,.T.);
#7133=ADVANCED_FACE('',(#6522),#35,.T.);
#7134=ADVANCED_FACE('',(#6523),#36,.T.);
#7135=ADVANCED_FACE('',(#6524),#37,.T.);
#7136=ADVANCED_FACE('',(#6525),#38,.T.);
#7137=ADVANCED_FACE('',(#6526),#39,.T.);
#7138=ADVANCED_FACE('',(#6527),#40,.T.);
#7139=ADVANCED_FACE('',(#6528),#41,.T.);
#7140=ADVANCED_FACE('',(#6529),#42,.T.);
#7141=ADVANCED_FACE('',(#6530),#43,.T.);
#7142=ADVANCED_FACE('',(#6531),#44,.T.);
#7143=ADVANCED_FACE('',(#6532),#45,.T.);
#7144=ADVANCED_FACE('',(#6533,#6534),#6882,.T.);
#7145=ADVANCED_FACE('',(#6535),#46,.T.);
#7146=ADVANCED_FACE('',(#6536),#47,.T.);
#7147=ADVANCED_FACE('',(#6537),#48,.T.);
#7148=ADVANCED_FACE('',(#6538),#49,.T.);
#7149=ADVANCED_FACE('',(#6539),#50,.T.);
#7150=ADVANCED_FACE('',(#6540),#51,.T.);
#7151=ADVANCED_FACE('',(#6541),#52,.T.);
#7152=ADVANCED_FACE('',(#6542),#53,.T.);
#7153=ADVANCED_FACE('',(#6543),#54,.T.);
#7154=ADVANCED_FACE('',(#6544),#55,.T.);
#7155=ADVANCED_FACE('',(#6545),#56,.T.);
#7156=ADVANCED_FACE('',(#6546),#57,.T.);
#7157=ADVANCED_FACE('',(#6547),#58,.T.);
#7158=ADVANCED_FACE('',(#6548),#59,.T.);
#7159=ADVANCED_FACE('',(#6549),#60,.T.);
#7160=ADVANCED_FACE('',(#6550),#61,.T.);
#7161=ADVANCED_FACE('',(#6551),#62,.T.);
#7162=ADVANCED_FACE('',(#6552,#6553),#6883,.T.);
#7163=ADVANCED_FACE('',(#6554),#6884,.T.);
#7164=ADVANCED_FACE('',(#6555),#6885,.T.);
#7165=ADVANCED_FACE('',(#6556),#6886,.T.);
#7166=ADVANCED_FACE('',(#6557),#63,.T.);
#7167=ADVANCED_FACE('',(#6558),#64,.T.);
#7168=ADVANCED_FACE('',(#6559),#572,.T.);
#7169=ADVANCED_FACE('',(#6560),#573,.T.);
#7170=ADVANCED_FACE('',(#6561),#6887,.T.);
#7171=ADVANCED_FACE('',(#6562),#6888,.T.);
#7172=ADVANCED_FACE('',(#6563),#6889,.T.);
#7173=ADVANCED_FACE('',(#6564),#6890,.T.);
#7174=ADVANCED_FACE('',(#6565),#6891,.T.);
#7175=ADVANCED_FACE('',(#6566),#6892,.T.);
#7176=ADVANCED_FACE('',(#6567),#65,.T.);
#7177=ADVANCED_FACE('',(#6568),#66,.T.);
#7178=ADVANCED_FACE('',(#6569),#67,.T.);
#7179=ADVANCED_FACE('',(#6570),#68,.T.);
#7180=ADVANCED_FACE('',(#6571),#6893,.T.);
#7181=ADVANCED_FACE('',(#6572),#69,.T.);
#7182=ADVANCED_FACE('',(#6573),#70,.T.);
#7183=ADVANCED_FACE('',(#6574),#71,.T.);
#7184=ADVANCED_FACE('',(#6575),#72,.T.);
#7185=ADVANCED_FACE('',(#6576),#73,.T.);
#7186=ADVANCED_FACE('',(#6577),#74,.T.);
#7187=ADVANCED_FACE('',(#6578),#75,.T.);
#7188=ADVANCED_FACE('',(#6579),#76,.T.);
#7189=ADVANCED_FACE('',(#6580),#77,.T.);
#7190=ADVANCED_FACE('',(#6581),#6894,.T.);
#7191=ADVANCED_FACE('',(#6582),#78,.T.);
#7192=ADVANCED_FACE('',(#6583),#79,.T.);
#7193=ADVANCED_FACE('',(#6584),#80,.T.);
#7194=ADVANCED_FACE('',(#6585),#81,.T.);
#7195=ADVANCED_FACE('',(#6586),#82,.T.);
#7196=ADVANCED_FACE('',(#6587),#83,.T.);
#7197=ADVANCED_FACE('',(#6588),#84,.T.);
#7198=ADVANCED_FACE('',(#6589),#85,.T.);
#7199=ADVANCED_FACE('',(#6590),#86,.T.);
#7200=ADVANCED_FACE('',(#6591),#87,.T.);
#7201=ADVANCED_FACE('',(#6592),#574,.F.);
#7202=ADVANCED_FACE('',(#6593),#575,.F.);
#7203=ADVANCED_FACE('',(#6594),#6895,.T.);
#7204=ADVANCED_FACE('',(#6595),#88,.T.);
#7205=ADVANCED_FACE('',(#6596),#89,.T.);
#7206=ADVANCED_FACE('',(#6597),#6896,.T.);
#7207=ADVANCED_FACE('',(#6598),#6897,.T.);
#7208=ADVANCED_FACE('',(#6599),#6898,.T.);
#7209=ADVANCED_FACE('',(#6600),#6899,.T.);
#7210=ADVANCED_FACE('',(#6601),#90,.T.);
#7211=ADVANCED_FACE('',(#6602),#91,.T.);
#7212=ADVANCED_FACE('',(#6603),#576,.T.);
#7213=ADVANCED_FACE('',(#6604),#577,.T.);
#7214=ADVANCED_FACE('',(#6605),#6900,.T.);
#7215=ADVANCED_FACE('',(#6606),#6901,.T.);
#7216=ADVANCED_FACE('',(#6607),#6902,.T.);
#7217=ADVANCED_FACE('',(#6608),#6903,.T.);
#7218=ADVANCED_FACE('',(#6609),#6904,.T.);
#7219=ADVANCED_FACE('',(#6610),#6905,.T.);
#7220=ADVANCED_FACE('',(#6611),#92,.T.);
#7221=ADVANCED_FACE('',(#6612),#93,.T.);
#7222=ADVANCED_FACE('',(#6613),#94,.T.);
#7223=ADVANCED_FACE('',(#6614),#95,.T.);
#7224=ADVANCED_FACE('',(#6615),#6906,.T.);
#7225=ADVANCED_FACE('',(#6616),#6907,.T.);
#7226=ADVANCED_FACE('',(#6617),#6908,.T.);
#7227=ADVANCED_FACE('',(#6618),#6909,.T.);
#7228=ADVANCED_FACE('',(#6619),#6910,.T.);
#7229=ADVANCED_FACE('',(#6620),#96,.T.);
#7230=ADVANCED_FACE('',(#6621),#578,.T.);
#7231=ADVANCED_FACE('',(#6622),#6911,.T.);
#7232=ADVANCED_FACE('',(#6623),#97,.T.);
#7233=ADVANCED_FACE('',(#6624),#6912,.T.);
#7234=ADVANCED_FACE('',(#6625),#6913,.T.);
#7235=ADVANCED_FACE('',(#6626),#6914,.T.);
#7236=ADVANCED_FACE('',(#6627),#579,.T.);
#7237=ADVANCED_FACE('',(#6628),#580,.T.);
#7238=ADVANCED_FACE('',(#6629),#6915,.T.);
#7239=ADVANCED_FACE('',(#6630),#98,.T.);
#7240=ADVANCED_FACE('',(#6631),#6916,.T.);
#7241=ADVANCED_FACE('',(#6632),#6917,.T.);
#7242=ADVANCED_FACE('',(#6633),#6918,.T.);
#7243=ADVANCED_FACE('',(#6634),#6919,.T.);
#7244=ADVANCED_FACE('',(#6635),#6920,.T.);
#7245=ADVANCED_FACE('',(#6636),#99,.T.);
#7246=ADVANCED_FACE('',(#6637),#6921,.T.);
#7247=ADVANCED_FACE('',(#6638),#100,.T.);
#7248=ADVANCED_FACE('',(#6639),#6922,.T.);
#7249=ADVANCED_FACE('',(#6640),#101,.T.);
#7250=ADVANCED_FACE('',(#6641),#102,.T.);
#7251=ADVANCED_FACE('',(#6642),#103,.T.);
#7252=ADVANCED_FACE('',(#6643),#104,.T.);
#7253=ADVANCED_FACE('',(#6644),#105,.T.);
#7254=ADVANCED_FACE('',(#6645),#106,.T.);
#7255=ADVANCED_FACE('',(#6646),#107,.T.);
#7256=ADVANCED_FACE('',(#6647),#108,.T.);
#7257=ADVANCED_FACE('',(#6648),#109,.T.);
#7258=ADVANCED_FACE('',(#6649),#110,.T.);
#7259=ADVANCED_FACE('',(#6650),#111,.T.);
#7260=ADVANCED_FACE('',(#6651),#112,.T.);
#7261=ADVANCED_FACE('',(#6652),#113,.T.);
#7262=ADVANCED_FACE('',(#6653),#114,.T.);
#7263=ADVANCED_FACE('',(#6654),#115,.T.);
#7264=ADVANCED_FACE('',(#6655),#116,.T.);
#7265=ADVANCED_FACE('',(#6656),#117,.T.);
#7266=ADVANCED_FACE('',(#6657,#6658),#6923,.T.);
#7267=ADVANCED_FACE('',(#6659),#118,.T.);
#7268=ADVANCED_FACE('',(#6660),#119,.T.);
#7269=ADVANCED_FACE('',(#6661),#120,.T.);
#7270=ADVANCED_FACE('',(#6662),#6924,.T.);
#7271=ADVANCED_FACE('',(#6663),#6925,.T.);
#7272=ADVANCED_FACE('',(#6664),#6926,.T.);
#7273=ADVANCED_FACE('',(#6665),#121,.T.);
#7274=ADVANCED_FACE('',(#6666),#122,.T.);
#7275=ADVANCED_FACE('',(#6667),#123,.T.);
#7276=ADVANCED_FACE('',(#6668),#6927,.T.);
#7277=ADVANCED_FACE('',(#6669),#6928,.T.);
#7278=ADVANCED_FACE('',(#6670),#6929,.T.);
#7279=ADVANCED_FACE('',(#6671),#124,.T.);
#7280=ADVANCED_FACE('',(#6672),#125,.T.);
#7281=ADVANCED_FACE('',(#6673,#6674),#6930,.T.);
#7282=ADVANCED_FACE('',(#6675),#126,.T.);
#7283=ADVANCED_FACE('',(#6676),#127,.T.);
#7284=ADVANCED_FACE('',(#6677),#128,.T.);
#7285=ADVANCED_FACE('',(#6678),#129,.T.);
#7286=ADVANCED_FACE('',(#6679),#130,.T.);
#7287=ADVANCED_FACE('',(#6680),#131,.T.);
#7288=ADVANCED_FACE('',(#6681),#132,.T.);
#7289=ADVANCED_FACE('',(#6682),#6931,.T.);
#7290=ADVANCED_FACE('',(#6683),#581,.T.);
#7291=ADVANCED_FACE('',(#6684),#133,.T.);
#7292=ADVANCED_FACE('',(#6685),#134,.T.);
#7293=ADVANCED_FACE('',(#6686),#135,.T.);
#7294=ADVANCED_FACE('',(#6687),#136,.T.);
#7295=ADVANCED_FACE('',(#6688),#137,.T.);
#7296=ADVANCED_FACE('',(#6689),#138,.T.);
#7297=ADVANCED_FACE('',(#6690),#6932,.T.);
#7298=ADVANCED_FACE('',(#6691),#6933,.T.);
#7299=ADVANCED_FACE('',(#6692),#6934,.T.);
#7300=ADVANCED_FACE('',(#6693),#6935,.T.);
#7301=ADVANCED_FACE('',(#6694),#6936,.T.);
#7302=ADVANCED_FACE('',(#6695),#6937,.T.);
#7303=ADVANCED_FACE('',(#6696),#582,.T.);
#7304=ADVANCED_FACE('',(#6697),#6938,.T.);
#7305=ADVANCED_FACE('',(#6698),#583,.T.);
#7306=ADVANCED_FACE('',(#6699),#139,.T.);
#7307=ADVANCED_FACE('',(#6700,#6701),#6939,.T.);
#7308=ADVANCED_FACE('',(#6702),#6940,.T.);
#7309=ADVANCED_FACE('',(#6703),#6941,.T.);
#7310=ADVANCED_FACE('',(#6704),#6942,.T.);
#7311=ADVANCED_FACE('',(#6705),#140,.T.);
#7312=ADVANCED_FACE('',(#6706),#141,.T.);
#7313=ADVANCED_FACE('',(#6707),#142,.T.);
#7314=ADVANCED_FACE('',(#6708),#143,.T.);
#7315=ADVANCED_FACE('',(#6709),#6943,.T.);
#7316=ADVANCED_FACE('',(#6710),#6944,.T.);
#7317=ADVANCED_FACE('',(#6711),#6945,.T.);
#7318=ADVANCED_FACE('',(#6712),#144,.T.);
#7319=ADVANCED_FACE('',(#6713),#145,.T.);
#7320=ADVANCED_FACE('',(#6714),#146,.T.);
#7321=ADVANCED_FACE('',(#6715),#147,.T.);
#7322=ADVANCED_FACE('',(#6716),#6946,.T.);
#7323=ADVANCED_FACE('',(#6717),#6947,.T.);
#7324=ADVANCED_FACE('',(#6718),#6948,.T.);
#7325=ADVANCED_FACE('',(#6719),#6949,.T.);
#7326=ADVANCED_FACE('',(#6720),#148,.T.);
#7327=ADVANCED_FACE('',(#6721),#149,.T.);
#7328=ADVANCED_FACE('',(#6722),#584,.T.);
#7329=ADVANCED_FACE('',(#6723),#585,.T.);
#7330=ADVANCED_FACE('',(#6724),#6950,.T.);
#7331=ADVANCED_FACE('',(#6725),#6951,.T.);
#7332=ADVANCED_FACE('',(#6726),#6952,.T.);
#7333=ADVANCED_FACE('',(#6727),#6953,.T.);
#7334=ADVANCED_FACE('',(#6728),#6954,.T.);
#7335=ADVANCED_FACE('',(#6729),#6955,.T.);
#7336=ADVANCED_FACE('',(#6730),#150,.T.);
#7337=ADVANCED_FACE('',(#6731),#151,.T.);
#7338=ADVANCED_FACE('',(#6732),#152,.T.);
#7339=ADVANCED_FACE('',(#6733),#153,.T.);
#7340=ADVANCED_FACE('',(#6734),#6956,.T.);
#7341=ADVANCED_FACE('',(#6735),#154,.T.);
#7342=ADVANCED_FACE('',(#6736),#155,.T.);
#7343=ADVANCED_FACE('',(#6737),#156,.T.);
#7344=ADVANCED_FACE('',(#6738),#6957,.T.);
#7345=ADVANCED_FACE('',(#6739),#157,.T.);
#7346=ADVANCED_FACE('',(#6740),#586,.T.);
#7347=ADVANCED_FACE('',(#6741),#587,.T.);
#7348=ADVANCED_FACE('',(#6742),#6958,.T.);
#7349=ADVANCED_FACE('',(#6743),#588,.F.);
#7350=ADVANCED_FACE('',(#6744),#158,.T.);
#7351=ADVANCED_FACE('',(#6745),#159,.T.);
#7352=ADVANCED_FACE('',(#6746),#6959,.T.);
#7353=ADVANCED_FACE('',(#6747),#6960,.T.);
#7354=ADVANCED_FACE('',(#6748),#160,.T.);
#7355=ADVANCED_FACE('',(#6749),#161,.T.);
#7356=ADVANCED_FACE('',(#6750),#162,.T.);
#7357=ADVANCED_FACE('',(#6751),#163,.T.);
#7358=ADVANCED_FACE('',(#6752),#164,.T.);
#7359=ADVANCED_FACE('',(#6753),#165,.T.);
#7360=ADVANCED_FACE('',(#6754,#6755),#6961,.T.);
#7361=ADVANCED_FACE('',(#6756),#6962,.T.);
#7362=ADVANCED_FACE('',(#6757),#6963,.T.);
#7363=ADVANCED_FACE('',(#6758),#6964,.T.);
#7364=ADVANCED_FACE('',(#6759),#6965,.T.);
#7365=ADVANCED_FACE('',(#6760),#6966,.T.);
#7366=ADVANCED_FACE('',(#6761),#6967,.T.);
#7367=ADVANCED_FACE('',(#6762),#6968,.T.);
#7368=CLOSED_SHELL('',(#6969,#6970,#6971,#6972,#6973,#6974));
#7369=CLOSED_SHELL('',(#6975,#6976,#6977,#6978,#6979,#6980,#6981));
#7370=CLOSED_SHELL('',(#6982,#6983,#6984,#6985,#6986,#6987,#6988,#6989,
#6990,#6991,#6992,#6993,#6994,#6995,#6996,#6997,#6998,#6999,#7000,#7001,
#7002,#7003,#7004,#7005,#7006,#7007,#7008,#7009,#7010,#7011,#7012,#7013,
#7014,#7015,#7016,#7017,#7018,#7019,#7020,#7021,#7022,#7023,#7024,#7025,
#7026,#7027,#7028,#7029,#7030,#7031,#7032,#7033,#7034,#7035,#7036,#7037));
#7371=CLOSED_SHELL('',(#7038,#7039,#7040,#7041,#7042,#7043,#7044));
#7372=CLOSED_SHELL('',(#7045,#7046,#7047,#7048,#7049,#7050,#7051,#7052,
#7053,#7054,#7055,#7056,#7057,#7058,#7059,#7060,#7061,#7062,#7063,#7064,
#7065,#7066,#7067,#7068,#7069,#7070,#7071,#7072,#7073,#7074,#7075,#7076,
#7077,#7078,#7079,#7080,#7081,#7082,#7083,#7084,#7085,#7086,#7087,#7088,
#7089,#7090,#7091,#7092,#7093,#7094,#7095,#7096,#7097,#7098,#7099,#7100,
#7101,#7102,#7103,#7104,#7105,#7106,#7107,#7108,#7109,#7110,#7111,#7112,
#7113,#7114,#7115,#7116,#7117,#7118,#7119,#7120,#7121,#7122,#7123,#7124,
#7125,#7126,#7127,#7128,#7129,#7130,#7131,#7132,#7133,#7134,#7135,#7136,
#7137,#7138,#7139,#7140,#7141,#7142,#7143,#7144,#7145,#7146,#7147,#7148,
#7149,#7150,#7151,#7152,#7153,#7154,#7155,#7156,#7157,#7158,#7159,#7160,
#7161,#7162,#7163,#7164,#7165,#7166,#7167,#7168,#7169,#7170,#7171,#7172,
#7173,#7174,#7175,#7176,#7177,#7178,#7179,#7180,#7181,#7182,#7183,#7184,
#7185,#7186,#7187,#7188,#7189,#7190,#7191,#7192,#7193,#7194,#7195,#7196,
#7197,#7198,#7199,#7200,#7201,#7202,#7203,#7204,#7205,#7206,#7207,#7208,
#7209,#7210,#7211,#7212,#7213,#7214,#7215,#7216,#7217,#7218,#7219,#7220,
#7221,#7222,#7223,#7224,#7225,#7226,#7227,#7228,#7229,#7230,#7231,#7232,
#7233,#7234,#7235,#7236,#7237,#7238,#7239,#7240,#7241,#7242,#7243,#7244,
#7245,#7246,#7247,#7248,#7249,#7250,#7251,#7252,#7253,#7254,#7255,#7256,
#7257,#7258,#7259,#7260,#7261,#7262,#7263,#7264,#7265,#7266,#7267,#7268,
#7269,#7270,#7271,#7272,#7273,#7274,#7275,#7276,#7277,#7278,#7279,#7280,
#7281,#7282,#7283,#7284,#7285,#7286,#7287,#7288,#7289,#7290,#7291,#7292,
#7293,#7294,#7295,#7296,#7297,#7298,#7299,#7300,#7301,#7302,#7303,#7304,
#7305,#7306,#7307,#7308,#7309,#7310,#7311,#7312,#7313,#7314,#7315,#7316,
#7317,#7318,#7319,#7320,#7321,#7322,#7323,#7324,#7325,#7326,#7327,#7328,
#7329,#7330,#7331,#7332,#7333,#7334,#7335,#7336,#7337,#7338,#7339,#7340,
#7341,#7342,#7343,#7344,#7345,#7346,#7347,#7348,#7349,#7350,#7351,#7352,
#7353,#7354,#7355,#7356,#7357,#7358,#7359,#7360,#7361,#7362,#7363,#7364,
#7365,#7366,#7367));
#7373=STYLED_ITEM('',(#7378),#7412);
#7374=STYLED_ITEM('',(#7379),#7413);
#7375=STYLED_ITEM('',(#7380),#7414);
#7376=STYLED_ITEM('',(#7381),#7415);
#7377=STYLED_ITEM('',(#7382),#7416);
#7378=PRESENTATION_STYLE_ASSIGNMENT((#7383));
#7379=PRESENTATION_STYLE_ASSIGNMENT((#7384));
#7380=PRESENTATION_STYLE_ASSIGNMENT((#7385));
#7381=PRESENTATION_STYLE_ASSIGNMENT((#7386));
#7382=PRESENTATION_STYLE_ASSIGNMENT((#7387));
#7383=SURFACE_STYLE_USAGE(.BOTH.,#7388);
#7384=SURFACE_STYLE_USAGE(.BOTH.,#7389);
#7385=SURFACE_STYLE_USAGE(.BOTH.,#7390);
#7386=SURFACE_STYLE_USAGE(.BOTH.,#7391);
#7387=SURFACE_STYLE_USAGE(.BOTH.,#7392);
#7388=SURFACE_SIDE_STYLE('',(#7393));
#7389=SURFACE_SIDE_STYLE('',(#7394));
#7390=SURFACE_SIDE_STYLE('',(#7395));
#7391=SURFACE_SIDE_STYLE('',(#7396));
#7392=SURFACE_SIDE_STYLE('',(#7397));
#7393=SURFACE_STYLE_FILL_AREA(#7398);
#7394=SURFACE_STYLE_FILL_AREA(#7399);
#7395=SURFACE_STYLE_FILL_AREA(#7400);
#7396=SURFACE_STYLE_FILL_AREA(#7401);
#7397=SURFACE_STYLE_FILL_AREA(#7402);
#7398=FILL_AREA_STYLE('',(#7403));
#7399=FILL_AREA_STYLE('',(#7404));
#7400=FILL_AREA_STYLE('',(#7405));
#7401=FILL_AREA_STYLE('',(#7406));
#7402=FILL_AREA_STYLE('',(#7407));
#7403=FILL_AREA_STYLE_COLOUR('',#7408);
#7404=FILL_AREA_STYLE_COLOUR('',#7409);
#7405=FILL_AREA_STYLE_COLOUR('',#7410);
#7406=FILL_AREA_STYLE_COLOUR('',#7411);
#7407=FILL_AREA_STYLE_COLOUR('',#7410);
#7408=COLOUR_RGB('',0.980392156862745,0.713725490196078,0.00392156862745098);
#7409=COLOUR_RGB('',0.768627450980392,0.886274509803922,0.952941176470588);
#7410=COLOUR_RGB('',0.615686274509804,0.811764705882353,0.929411764705882);
#7411=COLOUR_RGB('',0.972549019607843,0.529411764705882,0.00392156862745098);
#7412=MANIFOLD_SOLID_BREP('Part 5',#7368);
#7413=MANIFOLD_SOLID_BREP('Part 7',#7369);
#7414=MANIFOLD_SOLID_BREP('Part 1',#7370);
#7415=MANIFOLD_SOLID_BREP('Part 8',#7371);
#7416=MANIFOLD_SOLID_BREP('Part 9',#7372);
#7417=SHAPE_DEFINITION_REPRESENTATION(#12993,#7422);
#7418=SHAPE_DEFINITION_REPRESENTATION(#12994,#7423);
#7419=SHAPE_DEFINITION_REPRESENTATION(#12995,#7424);
#7420=SHAPE_DEFINITION_REPRESENTATION(#12996,#7425);
#7421=SHAPE_DEFINITION_REPRESENTATION(#12997,#7426);
#7422=SHAPE_REPRESENTATION('Part 5',(#7427),#12968);
#7423=SHAPE_REPRESENTATION('Part 7',(#7434),#12969);
#7424=SHAPE_REPRESENTATION('Part 1',(#7444),#12970);
#7425=SHAPE_REPRESENTATION('Part 8',(#7517),#12971);
#7426=SHAPE_REPRESENTATION('Part 9',(#7527),#12972);
#7427=AXIS2_PLACEMENT_3D('',#9067,#7749,#7750);
#7428=AXIS2_PLACEMENT_3D('',#9068,#7751,#7752);
#7429=AXIS2_PLACEMENT_3D('',#9077,#7757,#7758);
#7430=AXIS2_PLACEMENT_3D('',#9083,#7762,#7763);
#7431=AXIS2_PLACEMENT_3D('',#9089,#7767,#7768);
#7432=AXIS2_PLACEMENT_3D('',#9092,#7771,#7772);
#7433=AXIS2_PLACEMENT_3D('',#9093,#7773,#7774);
#7434=AXIS2_PLACEMENT_3D('',#9094,#7775,#7776);
#7435=AXIS2_PLACEMENT_3D('',#9095,#7777,#7778);
#7436=AXIS2_PLACEMENT_3D('',#9104,#7783,#7784);
#7437=AXIS2_PLACEMENT_3D('',#9110,#7788,#7789);
#7438=AXIS2_PLACEMENT_3D('',#9116,#7793,#7794);
#7439=AXIS2_PLACEMENT_3D('',#9119,#7797,#7798);
#7440=AXIS2_PLACEMENT_3D('',#9120,#7799,#7800);
#7441=AXIS2_PLACEMENT_3D('',#9122,#7801,#7802);
#7442=AXIS2_PLACEMENT_3D('',#9124,#7803,#7804);
#7443=AXIS2_PLACEMENT_3D('',#9125,#7805,#7806);
#7444=AXIS2_PLACEMENT_3D('',#9126,#7807,#7808);
#7445=AXIS2_PLACEMENT_3D('',#9127,#7809,#7810);
#7446=AXIS2_PLACEMENT_3D('',#9144,#7819,#7820);
#7447=AXIS2_PLACEMENT_3D('',#9161,#7829,#7830);
#7448=AXIS2_PLACEMENT_3D('',#9205,#7854,#7855);
#7449=AXIS2_PLACEMENT_3D('',#9215,#7861,#7862);
#7450=AXIS2_PLACEMENT_3D('',#9232,#7871,#7872);
#7451=AXIS2_PLACEMENT_3D('',#9238,#7876,#7877);
#7452=AXIS2_PLACEMENT_3D('',#9244,#7881,#7882);
#7453=AXIS2_PLACEMENT_3D('',#9247,#7885,#7886);
#7454=AXIS2_PLACEMENT_3D('',#9248,#7887,#7888);
#7455=AXIS2_PLACEMENT_3D('',#9252,#7891,#7892);
#7456=AXIS2_PLACEMENT_3D('',#9265,#7900,#7901);
#7457=AXIS2_PLACEMENT_3D('',#9266,#7902,#7903);
#7458=AXIS2_PLACEMENT_3D('',#9268,#7904,#7905);
#7459=AXIS2_PLACEMENT_3D('',#9270,#7906,#7907);
#7460=AXIS2_PLACEMENT_3D('',#9272,#7908,#7909);
#7461=AXIS2_PLACEMENT_3D('',#9280,#7914,#7915);
#7462=AXIS2_PLACEMENT_3D('',#9284,#7918,#7919);
#7463=AXIS2_PLACEMENT_3D('',#9288,#7922,#7923);
#7464=AXIS2_PLACEMENT_3D('',#9293,#7927,#7928);
#7465=AXIS2_PLACEMENT_3D('',#9294,#7929,#7930);
#7466=AXIS2_PLACEMENT_3D('',#9297,#7933,#7934);
#7467=AXIS2_PLACEMENT_3D('',#9299,#7936,#7937);
#7468=AXIS2_PLACEMENT_3D('',#9301,#7939,#7940);
#7469=AXIS2_PLACEMENT_3D('',#9307,#7944,#7945);
#7470=AXIS2_PLACEMENT_3D('',#9313,#7949,#7950);
#7471=AXIS2_PLACEMENT_3D('',#9317,#7953,#7954);
#7472=AXIS2_PLACEMENT_3D('',#9318,#7955,#7956);
#7473=AXIS2_PLACEMENT_3D('',#9323,#7960,#7961);
#7474=AXIS2_PLACEMENT_3D('',#9324,#7962,#7963);
#7475=AXIS2_PLACEMENT_3D('',#9325,#7964,#7965);
#7476=AXIS2_PLACEMENT_3D('',#9326,#7966,#7967);
#7477=AXIS2_PLACEMENT_3D('',#9328,#7968,#7969);
#7478=AXIS2_PLACEMENT_3D('',#9329,#7970,#7971);
#7479=AXIS2_PLACEMENT_3D('',#9333,#7974,#7975);
#7480=AXIS2_PLACEMENT_3D('',#9337,#7978,#7979);
#7481=AXIS2_PLACEMENT_3D('',#9338,#7980,#7981);
#7482=AXIS2_PLACEMENT_3D('',#9340,#7982,#7983);
#7483=AXIS2_PLACEMENT_3D('',#9342,#7984,#7985);
#7484=AXIS2_PLACEMENT_3D('',#9344,#7987,#7988);
#7485=AXIS2_PLACEMENT_3D('',#9345,#7989,#7990);
#7486=AXIS2_PLACEMENT_3D('',#9346,#7991,#7992);
#7487=AXIS2_PLACEMENT_3D('',#9350,#7995,#7996);
#7488=AXIS2_PLACEMENT_3D('',#9354,#7999,#8000);
#7489=AXIS2_PLACEMENT_3D('',#9355,#8001,#8002);
#7490=AXIS2_PLACEMENT_3D('',#9362,#8006,#8007);
#7491=AXIS2_PLACEMENT_3D('',#9364,#8009,#8010);
#7492=AXIS2_PLACEMENT_3D('',#9366,#8012,#8013);
#7493=AXIS2_PLACEMENT_3D('',#9367,#8014,#8015);
#7494=AXIS2_PLACEMENT_3D('',#9369,#8016,#8017);
#7495=AXIS2_PLACEMENT_3D('',#9370,#8018,#8019);
#7496=AXIS2_PLACEMENT_3D('',#9371,#8020,#8021);
#7497=AXIS2_PLACEMENT_3D('',#9375,#8024,#8025);
#7498=AXIS2_PLACEMENT_3D('',#9379,#8028,#8029);
#7499=AXIS2_PLACEMENT_3D('',#9380,#8030,#8031);
#7500=AXIS2_PLACEMENT_3D('',#9383,#8033,#8034);
#7501=AXIS2_PLACEMENT_3D('',#9384,#8035,#8036);
#7502=AXIS2_PLACEMENT_3D('',#9385,#8037,#8038);
#7503=AXIS2_PLACEMENT_3D('',#9387,#8039,#8040);
#7504=AXIS2_PLACEMENT_3D('',#9388,#8041,#8042);
#7505=AXIS2_PLACEMENT_3D('',#9389,#8043,#8044);
#7506=AXIS2_PLACEMENT_3D('',#9390,#8045,#8046);
#7507=AXIS2_PLACEMENT_3D('',#9392,#8047,#8048);
#7508=AXIS2_PLACEMENT_3D('',#9393,#8049,#8050);
#7509=AXIS2_PLACEMENT_3D('',#9394,#8051,#8052);
#7510=AXIS2_PLACEMENT_3D('',#9396,#8053,#8054);
#7511=AXIS2_PLACEMENT_3D('',#9397,#8055,#8056);
#7512=AXIS2_PLACEMENT_3D('',#9398,#8057,#8058);
#7513=AXIS2_PLACEMENT_3D('',#9400,#8059,#8060);
#7514=AXIS2_PLACEMENT_3D('',#9401,#8061,#8062);
#7515=AXIS2_PLACEMENT_3D('',#9402,#8063,#8064);
#7516=AXIS2_PLACEMENT_3D('',#9404,#8065,#8066);
#7517=AXIS2_PLACEMENT_3D('',#9405,#8067,#8068);
#7518=AXIS2_PLACEMENT_3D('',#9406,#8069,#8070);
#7519=AXIS2_PLACEMENT_3D('',#9415,#8075,#8076);
#7520=AXIS2_PLACEMENT_3D('',#9421,#8080,#8081);
#7521=AXIS2_PLACEMENT_3D('',#9427,#8085,#8086);
#7522=AXIS2_PLACEMENT_3D('',#9428,#8087,#8088);
#7523=AXIS2_PLACEMENT_3D('',#9430,#8089,#8090);
#7524=AXIS2_PLACEMENT_3D('',#9432,#8091,#8092);
#7525=AXIS2_PLACEMENT_3D('',#9435,#8095,#8096);
#7526=AXIS2_PLACEMENT_3D('',#9436,#8097,#8098);
#7527=AXIS2_PLACEMENT_3D('',#9437,#8099,#8100);
#7528=AXIS2_PLACEMENT_3D('',#9438,#8101,#8102);
#7529=AXIS2_PLACEMENT_3D('',#9472,#8111,#8112);
#7530=AXIS2_PLACEMENT_3D('',#9474,#8113,#8114);
#7531=AXIS2_PLACEMENT_3D('',#9534,#8122,#8123);
#7532=AXIS2_PLACEMENT_3D('',#9536,#8124,#8125);
#7533=AXIS2_PLACEMENT_3D('',#9540,#8127,#8128);
#7534=AXIS2_PLACEMENT_3D('',#9661,#8143,#8144);
#7535=AXIS2_PLACEMENT_3D('',#9663,#8145,#8146);
#7536=AXIS2_PLACEMENT_3D('',#9665,#8147,#8148);
#7537=AXIS2_PLACEMENT_3D('',#9667,#8149,#8150);
#7538=AXIS2_PLACEMENT_3D('',#9700,#8158,#8159);
#7539=AXIS2_PLACEMENT_3D('',#9702,#8160,#8161);
#7540=AXIS2_PLACEMENT_3D('',#9720,#8166,#8167);
#7541=AXIS2_PLACEMENT_3D('',#9744,#8179,#8180);
#7542=AXIS2_PLACEMENT_3D('',#9792,#8186,#8187);
#7543=AXIS2_PLACEMENT_3D('',#9796,#8189,#8190);
#7544=AXIS2_PLACEMENT_3D('',#9886,#8209,#8210);
#7545=AXIS2_PLACEMENT_3D('',#9888,#8211,#8212);
#7546=AXIS2_PLACEMENT_3D('',#9918,#8215,#8216);
#7547=AXIS2_PLACEMENT_3D('',#9920,#8217,#8218);
#7548=AXIS2_PLACEMENT_3D('',#10024,#8228,#8229);
#7549=AXIS2_PLACEMENT_3D('',#10026,#8230,#8231);
#7550=AXIS2_PLACEMENT_3D('',#10068,#8242,#8243);
#7551=AXIS2_PLACEMENT_3D('',#10070,#8244,#8245);
#7552=AXIS2_PLACEMENT_3D('',#10084,#8250,#8251);
#7553=AXIS2_PLACEMENT_3D('',#10115,#8257,#8258);
#7554=AXIS2_PLACEMENT_3D('',#10154,#8261,#8262);
#7555=AXIS2_PLACEMENT_3D('',#10158,#8264,#8265);
#7556=AXIS2_PLACEMENT_3D('',#10159,#8266,#8267);
#7557=AXIS2_PLACEMENT_3D('',#10165,#8271,#8272);
#7558=AXIS2_PLACEMENT_3D('',#10169,#8275,#8276);
#7559=AXIS2_PLACEMENT_3D('',#10173,#8279,#8280);
#7560=AXIS2_PLACEMENT_3D('',#10179,#8284,#8285);
#7561=AXIS2_PLACEMENT_3D('',#10183,#8288,#8289);
#7562=AXIS2_PLACEMENT_3D('',#10187,#8292,#8293);
#7563=AXIS2_PLACEMENT_3D('',#10189,#8295,#8296);
#7564=AXIS2_PLACEMENT_3D('',#10190,#8297,#8298);
#7565=AXIS2_PLACEMENT_3D('',#10192,#8299,#8300);
#7566=AXIS2_PLACEMENT_3D('',#10193,#8301,#8302);
#7567=AXIS2_PLACEMENT_3D('',#10195,#8303,#8304);
#7568=AXIS2_PLACEMENT_3D('',#10196,#8305,#8306);
#7569=AXIS2_PLACEMENT_3D('',#10198,#8307,#8308);
#7570=AXIS2_PLACEMENT_3D('',#10199,#8309,#8310);
#7571=AXIS2_PLACEMENT_3D('',#10201,#8311,#8312);
#7572=AXIS2_PLACEMENT_3D('',#10203,#8314,#8315);
#7573=AXIS2_PLACEMENT_3D('',#10204,#8316,#8317);
#7574=AXIS2_PLACEMENT_3D('',#10210,#8321,#8322);
#7575=AXIS2_PLACEMENT_3D('',#10214,#8325,#8326);
#7576=AXIS2_PLACEMENT_3D('',#10244,#8331,#8332);
#7577=AXIS2_PLACEMENT_3D('',#10247,#8334,#8335);
#7578=AXIS2_PLACEMENT_3D('',#10248,#8336,#8337);
#7579=AXIS2_PLACEMENT_3D('',#10251,#8339,#8340);
#7580=AXIS2_PLACEMENT_3D('',#10252,#8341,#8342);
#7581=AXIS2_PLACEMENT_3D('',#10256,#8345,#8346);
#7582=AXIS2_PLACEMENT_3D('',#10260,#8349,#8350);
#7583=AXIS2_PLACEMENT_3D('',#10264,#8353,#8354);
#7584=AXIS2_PLACEMENT_3D('',#10268,#8357,#8358);
#7585=AXIS2_PLACEMENT_3D('',#10272,#8361,#8362);
#7586=AXIS2_PLACEMENT_3D('',#10326,#8368,#8369);
#7587=AXIS2_PLACEMENT_3D('',#10327,#8370,#8371);
#7588=AXIS2_PLACEMENT_3D('',#10333,#8375,#8376);
#7589=AXIS2_PLACEMENT_3D('',#10337,#8379,#8380);
#7590=AXIS2_PLACEMENT_3D('',#10341,#8383,#8384);
#7591=AXIS2_PLACEMENT_3D('',#10345,#8387,#8388);
#7592=AXIS2_PLACEMENT_3D('',#10348,#8390,#8391);
#7593=AXIS2_PLACEMENT_3D('',#10349,#8392,#8393);
#7594=AXIS2_PLACEMENT_3D('',#10353,#8396,#8397);
#7595=AXIS2_PLACEMENT_3D('',#10357,#8400,#8401);
#7596=AXIS2_PLACEMENT_3D('',#10361,#8404,#8405);
#7597=AXIS2_PLACEMENT_3D('',#10365,#8408,#8409);
#7598=AXIS2_PLACEMENT_3D('',#10369,#8412,#8413);
#7599=AXIS2_PLACEMENT_3D('',#10373,#8416,#8417);
#7600=AXIS2_PLACEMENT_3D('',#10377,#8420,#8421);
#7601=AXIS2_PLACEMENT_3D('',#10381,#8424,#8425);
#7602=AXIS2_PLACEMENT_3D('',#10385,#8428,#8429);
#7603=AXIS2_PLACEMENT_3D('',#10389,#8432,#8433);
#7604=AXIS2_PLACEMENT_3D('',#10393,#8436,#8437);
#7605=AXIS2_PLACEMENT_3D('',#10396,#8439,#8440);
#7606=AXIS2_PLACEMENT_3D('',#10397,#8441,#8442);
#7607=AXIS2_PLACEMENT_3D('',#10399,#8444,#8445);
#7608=AXIS2_PLACEMENT_3D('',#10454,#8450,#8451);
#7609=AXIS2_PLACEMENT_3D('',#10488,#8458,#8459);
#7610=AXIS2_PLACEMENT_3D('',#10491,#8461,#8462);
#7611=AXIS2_PLACEMENT_3D('',#10492,#8463,#8464);
#7612=AXIS2_PLACEMENT_3D('',#10496,#8467,#8468);
#7613=AXIS2_PLACEMENT_3D('',#10499,#8470,#8471);
#7614=AXIS2_PLACEMENT_3D('',#10526,#8474,#8475);
#7615=AXIS2_PLACEMENT_3D('',#10530,#8478,#8479);
#7616=AXIS2_PLACEMENT_3D('',#10611,#8486,#8487);
#7617=AXIS2_PLACEMENT_3D('',#10612,#8488,#8489);
#7618=AXIS2_PLACEMENT_3D('',#10618,#8493,#8494);
#7619=AXIS2_PLACEMENT_3D('',#10622,#8497,#8498);
#7620=AXIS2_PLACEMENT_3D('',#10626,#8501,#8502);
#7621=AXIS2_PLACEMENT_3D('',#10630,#8505,#8506);
#7622=AXIS2_PLACEMENT_3D('',#10634,#8509,#8510);
#7623=AXIS2_PLACEMENT_3D('',#10638,#8513,#8514);
#7624=AXIS2_PLACEMENT_3D('',#10642,#8517,#8518);
#7625=AXIS2_PLACEMENT_3D('',#10646,#8521,#8522);
#7626=AXIS2_PLACEMENT_3D('',#10650,#8525,#8526);
#7627=AXIS2_PLACEMENT_3D('',#10652,#8528,#8529);
#7628=AXIS2_PLACEMENT_3D('',#10906,#8547,#8548);
#7629=AXIS2_PLACEMENT_3D('',#11160,#8566,#8567);
#7630=AXIS2_PLACEMENT_3D('',#11161,#8568,#8569);
#7631=AXIS2_PLACEMENT_3D('',#11167,#8573,#8574);
#7632=AXIS2_PLACEMENT_3D('',#11171,#8577,#8578);
#7633=AXIS2_PLACEMENT_3D('',#11201,#8583,#8584);
#7634=AXIS2_PLACEMENT_3D('',#11204,#8586,#8587);
#7635=AXIS2_PLACEMENT_3D('',#11205,#8588,#8589);
#7636=AXIS2_PLACEMENT_3D('',#11208,#8591,#8592);
#7637=AXIS2_PLACEMENT_3D('',#11209,#8593,#8594);
#7638=AXIS2_PLACEMENT_3D('',#11213,#8597,#8598);
#7639=AXIS2_PLACEMENT_3D('',#11217,#8601,#8602);
#7640=AXIS2_PLACEMENT_3D('',#11221,#8605,#8606);
#7641=AXIS2_PLACEMENT_3D('',#11225,#8609,#8610);
#7642=AXIS2_PLACEMENT_3D('',#11229,#8613,#8614);
#7643=AXIS2_PLACEMENT_3D('',#11283,#8620,#8621);
#7644=AXIS2_PLACEMENT_3D('',#11403,#8632,#8633);
#7645=AXIS2_PLACEMENT_3D('',#11537,#8646,#8647);
#7646=AXIS2_PLACEMENT_3D('',#11540,#8649,#8650);
#7647=AXIS2_PLACEMENT_3D('',#11541,#8651,#8652);
#7648=AXIS2_PLACEMENT_3D('',#11544,#8654,#8655);
#7649=AXIS2_PLACEMENT_3D('',#11545,#8656,#8657);
#7650=AXIS2_PLACEMENT_3D('',#11573,#8661,#8662);
#7651=AXIS2_PLACEMENT_3D('',#11574,#8663,#8664);
#7652=AXIS2_PLACEMENT_3D('',#11580,#8668,#8669);
#7653=AXIS2_PLACEMENT_3D('',#11584,#8672,#8673);
#7654=AXIS2_PLACEMENT_3D('',#11614,#8678,#8679);
#7655=AXIS2_PLACEMENT_3D('',#11617,#8681,#8682);
#7656=AXIS2_PLACEMENT_3D('',#11618,#8683,#8684);
#7657=AXIS2_PLACEMENT_3D('',#11621,#8686,#8687);
#7658=AXIS2_PLACEMENT_3D('',#11622,#8688,#8689);
#7659=AXIS2_PLACEMENT_3D('',#11626,#8692,#8693);
#7660=AXIS2_PLACEMENT_3D('',#11630,#8696,#8697);
#7661=AXIS2_PLACEMENT_3D('',#11634,#8700,#8701);
#7662=AXIS2_PLACEMENT_3D('',#11638,#8704,#8705);
#7663=AXIS2_PLACEMENT_3D('',#11642,#8708,#8709);
#7664=AXIS2_PLACEMENT_3D('',#11696,#8715,#8716);
#7665=AXIS2_PLACEMENT_3D('',#11697,#8717,#8718);
#7666=AXIS2_PLACEMENT_3D('',#11703,#8722,#8723);
#7667=AXIS2_PLACEMENT_3D('',#11707,#8726,#8727);
#7668=AXIS2_PLACEMENT_3D('',#11711,#8730,#8731);
#7669=AXIS2_PLACEMENT_3D('',#11728,#8735,#8736);
#7670=AXIS2_PLACEMENT_3D('',#11731,#8738,#8739);
#7671=AXIS2_PLACEMENT_3D('',#11732,#8740,#8741);
#7672=AXIS2_PLACEMENT_3D('',#11749,#8745,#8746);
#7673=AXIS2_PLACEMENT_3D('',#11753,#8749,#8750);
#7674=AXIS2_PLACEMENT_3D('',#11757,#8753,#8754);
#7675=AXIS2_PLACEMENT_3D('',#11761,#8757,#8758);
#7676=AXIS2_PLACEMENT_3D('',#11764,#8760,#8761);
#7677=AXIS2_PLACEMENT_3D('',#11765,#8762,#8763);
#7678=AXIS2_PLACEMENT_3D('',#11768,#8765,#8766);
#7679=AXIS2_PLACEMENT_3D('',#11769,#8767,#8768);
#7680=AXIS2_PLACEMENT_3D('',#11786,#8772,#8773);
#7681=AXIS2_PLACEMENT_3D('',#11790,#8776,#8777);
#7682=AXIS2_PLACEMENT_3D('',#11794,#8780,#8781);
#7683=AXIS2_PLACEMENT_3D('',#11798,#8784,#8785);
#7684=AXIS2_PLACEMENT_3D('',#11802,#8788,#8789);
#7685=AXIS2_PLACEMENT_3D('',#11819,#8793,#8794);
#7686=AXIS2_PLACEMENT_3D('',#11834,#8797,#8798);
#7687=AXIS2_PLACEMENT_3D('',#12088,#8816,#8817);
#7688=AXIS2_PLACEMENT_3D('',#12143,#8822,#8823);
#7689=AXIS2_PLACEMENT_3D('',#12149,#8827,#8828);
#7690=AXIS2_PLACEMENT_3D('',#12155,#8832,#8833);
#7691=AXIS2_PLACEMENT_3D('',#12202,#8841,#8842);
#7692=AXIS2_PLACEMENT_3D('',#12206,#8845,#8846);
#7693=AXIS2_PLACEMENT_3D('',#12210,#8849,#8850);
#7694=AXIS2_PLACEMENT_3D('',#12239,#8853,#8854);
#7695=AXIS2_PLACEMENT_3D('',#12362,#8863,#8864);
#7696=AXIS2_PLACEMENT_3D('',#12368,#8868,#8869);
#7697=AXIS2_PLACEMENT_3D('',#12371,#8871,#8872);
#7698=AXIS2_PLACEMENT_3D('',#12452,#8880,#8881);
#7699=AXIS2_PLACEMENT_3D('',#12456,#8884,#8885);
#7700=AXIS2_PLACEMENT_3D('',#12460,#8888,#8889);
#7701=AXIS2_PLACEMENT_3D('',#12464,#8892,#8893);
#7702=AXIS2_PLACEMENT_3D('',#12468,#8896,#8897);
#7703=AXIS2_PLACEMENT_3D('',#12472,#8900,#8901);
#7704=AXIS2_PLACEMENT_3D('',#12476,#8904,#8905);
#7705=AXIS2_PLACEMENT_3D('',#12479,#8907,#8908);
#7706=AXIS2_PLACEMENT_3D('',#12480,#8909,#8910);
#7707=AXIS2_PLACEMENT_3D('',#12484,#8913,#8914);
#7708=AXIS2_PLACEMENT_3D('',#12485,#8915,#8916);
#7709=AXIS2_PLACEMENT_3D('',#12500,#8917,#8918);
#7710=AXIS2_PLACEMENT_3D('',#12501,#8919,#8920);
#7711=AXIS2_PLACEMENT_3D('',#12507,#8924,#8925);
#7712=AXIS2_PLACEMENT_3D('',#12511,#8928,#8929);
#7713=AXIS2_PLACEMENT_3D('',#12567,#8936,#8937);
#7714=AXIS2_PLACEMENT_3D('',#12571,#8940,#8941);
#7715=AXIS2_PLACEMENT_3D('',#12575,#8944,#8945);
#7716=AXIS2_PLACEMENT_3D('',#12629,#8951,#8952);
#7717=AXIS2_PLACEMENT_3D('',#12630,#8953,#8954);
#7718=AXIS2_PLACEMENT_3D('',#12636,#8958,#8959);
#7719=AXIS2_PLACEMENT_3D('',#12640,#8962,#8963);
#7720=AXIS2_PLACEMENT_3D('',#12670,#8968,#8969);
#7721=AXIS2_PLACEMENT_3D('',#12673,#8971,#8972);
#7722=AXIS2_PLACEMENT_3D('',#12674,#8973,#8974);
#7723=AXIS2_PLACEMENT_3D('',#12677,#8976,#8977);
#7724=AXIS2_PLACEMENT_3D('',#12678,#8978,#8979);
#7725=AXIS2_PLACEMENT_3D('',#12682,#8982,#8983);
#7726=AXIS2_PLACEMENT_3D('',#12686,#8986,#8987);
#7727=AXIS2_PLACEMENT_3D('',#12690,#8990,#8991);
#7728=AXIS2_PLACEMENT_3D('',#12694,#8994,#8995);
#7729=AXIS2_PLACEMENT_3D('',#12698,#8998,#8999);
#7730=AXIS2_PLACEMENT_3D('',#12752,#9005,#9006);
#7731=AXIS2_PLACEMENT_3D('',#12807,#9011,#9012);
#7732=AXIS2_PLACEMENT_3D('',#12828,#9018,#9019);
#7733=AXIS2_PLACEMENT_3D('',#12831,#9021,#9022);
#7734=AXIS2_PLACEMENT_3D('',#12832,#9023,#9024);
#7735=AXIS2_PLACEMENT_3D('',#12835,#9026,#9027);
#7736=AXIS2_PLACEMENT_3D('',#12836,#9028,#9029);
#7737=AXIS2_PLACEMENT_3D('',#12840,#9032,#9033);
#7738=AXIS2_PLACEMENT_3D('',#12843,#9035,#9036);
#7739=AXIS2_PLACEMENT_3D('',#12870,#9039,#9040);
#7740=AXIS2_PLACEMENT_3D('',#12874,#9043,#9044);
#7741=AXIS2_PLACEMENT_3D('',#12955,#9051,#9052);
#7742=AXIS2_PLACEMENT_3D('',#12956,#9053,#9054);
#7743=AXIS2_PLACEMENT_3D('',#12957,#9055,#9056);
#7744=AXIS2_PLACEMENT_3D('',#12958,#9057,#9058);
#7745=AXIS2_PLACEMENT_3D('',#12959,#9059,#9060);
#7746=AXIS2_PLACEMENT_3D('',#12960,#9061,#9062);
#7747=AXIS2_PLACEMENT_3D('',#12961,#9063,#9064);
#7748=AXIS2_PLACEMENT_3D('',#12962,#9065,#9066);
#7749=DIRECTION('',(0.,0.,1.));
#7750=DIRECTION('',(1.,0.,0.));
#7751=DIRECTION('',(1.96848054011552E-16,-1.,0.));
#7752=DIRECTION('',(1.,1.96848054011552E-16,0.));
#7753=DIRECTION('',(-1.,-1.96848054011552E-16,0.));
#7754=DIRECTION('',(0.,0.,-1.));
#7755=DIRECTION('',(-1.,-1.96848054011552E-16,0.));
#7756=DIRECTION('',(0.,0.,-1.));
#7757=DIRECTION('',(-1.,0.,0.));
#7758=DIRECTION('',(0.,0.,1.));
#7759=DIRECTION('',(0.,1.,0.));
#7760=DIRECTION('',(0.,0.,-1.));
#7761=DIRECTION('',(0.,1.,0.));
#7762=DIRECTION('',(0.,-1.,0.));
#7763=DIRECTION('',(0.,0.,-1.));
#7764=DIRECTION('',(-1.,0.,0.));
#7765=DIRECTION('',(0.,0.,-1.));
#7766=DIRECTION('',(-1.,0.,0.));
#7767=DIRECTION('',(-1.,0.,0.));
#7768=DIRECTION('',(0.,0.,1.));
#7769=DIRECTION('',(0.,1.,0.));
#7770=DIRECTION('',(0.,1.,0.));
#7771=DIRECTION('',(0.,0.,1.));
#7772=DIRECTION('',(1.,0.,0.));
#7773=DIRECTION('',(0.,0.,1.));
#7774=DIRECTION('',(1.,0.,0.));
#7775=DIRECTION('',(0.,0.,1.));
#7776=DIRECTION('',(1.,0.,0.));
#7777=DIRECTION('',(1.,0.,0.));
#7778=DIRECTION('',(0.,0.,-1.));
#7779=DIRECTION('',(0.,-1.,0.));
#7780=DIRECTION('',(0.,0.,-1.));
#7781=DIRECTION('',(0.,-1.,0.));
#7782=DIRECTION('',(0.,0.,-1.));
#7783=DIRECTION('',(0.,-1.,0.));
#7784=DIRECTION('',(0.,0.,-1.));
#7785=DIRECTION('',(-1.,0.,0.));
#7786=DIRECTION('',(0.,0.,-1.));
#7787=DIRECTION('',(-1.,0.,0.));
#7788=DIRECTION('',(1.,0.,0.));
#7789=DIRECTION('',(0.,0.,-1.));
#7790=DIRECTION('',(0.,-1.,0.));
#7791=DIRECTION('',(0.,0.,-1.));
#7792=DIRECTION('',(0.,-1.,0.));
#7793=DIRECTION('',(0.,-1.,0.));
#7794=DIRECTION('',(0.,0.,-1.));
#7795=DIRECTION('',(-1.,0.,0.));
#7796=DIRECTION('',(-1.,0.,0.));
#7797=DIRECTION('',(0.,0.,-1.));
#7798=DIRECTION('',(-1.,0.,0.));
#7799=DIRECTION('',(0.,0.,1.));
#7800=DIRECTION('',(1.,0.,0.));
#7801=DIRECTION('',(0.,0.,1.));
#7802=DIRECTION('',(1.,0.,0.));
#7803=DIRECTION('',(0.,0.,1.));
#7804=DIRECTION('',(1.,0.,0.));
#7805=DIRECTION('',(0.,0.,1.));
#7806=DIRECTION('',(1.,0.,0.));
#7807=DIRECTION('',(0.,0.,1.));
#7808=DIRECTION('',(1.,0.,0.));
#7809=DIRECTION('',(1.56811161670214E-16,-1.,0.));
#7810=DIRECTION('',(1.,1.56811161670214E-16,0.));
#7811=DIRECTION('',(0.,0.,-1.));
#7812=DIRECTION('',(-1.,-1.56811161670214E-16,0.));
#7813=DIRECTION('',(0.,0.,-1.));
#7814=DIRECTION('',(1.,1.32801797203962E-16,0.));
#7815=DIRECTION('',(0.,0.,-1.));
#7816=DIRECTION('',(1.,1.32801797203962E-16,0.));
#7817=DIRECTION('',(0.,0.,-1.));
#7818=DIRECTION('',(-1.,-1.56811161670214E-16,0.));
#7819=DIRECTION('',(1.,0.,0.));
#7820=DIRECTION('',(0.,0.,-1.));
#7821=DIRECTION('',(0.,0.,-1.));
#7822=DIRECTION('',(0.,-1.,0.));
#7823=DIRECTION('',(0.,0.,-1.));
#7824=DIRECTION('',(0.,-1.,0.));
#7825=DIRECTION('',(0.,0.,-1.));
#7826=DIRECTION('',(0.,-1.,0.));
#7827=DIRECTION('',(0.,0.,-1.));
#7828=DIRECTION('',(0.,-1.,0.));
#7829=DIRECTION('',(0.,0.,1.));
#7830=DIRECTION('',(1.,0.,0.));
#7831=DIRECTION('',(0.,-1.,0.));
#7832=DIRECTION('',(1.,0.,0.));
#7833=DIRECTION('',(0.,1.,0.));
#7834=DIRECTION('',(-1.,0.,0.));
#7835=DIRECTION('',(0.,1.,0.));
#7836=DIRECTION('',(-1.,-1.96848054011552E-16,0.));
#7837=DIRECTION('',(0.,1.,0.));
#7838=DIRECTION('',(1.,0.,0.));
#7839=DIRECTION('',(0.,1.,0.));
#7840=DIRECTION('',(0.,1.,0.));
#7841=DIRECTION('',(-1.,0.,0.));
#7842=DIRECTION('',(0.,1.,0.));
#7843=DIRECTION('',(-1.,0.,0.));
#7844=DIRECTION('',(0.,1.,0.));
#7845=DIRECTION('',(-1.,0.,0.));
#7846=DIRECTION('',(-1.,0.,0.));
#7847=DIRECTION('',(0.,-1.,0.));
#7848=DIRECTION('',(-1.,0.,0.));
#7849=DIRECTION('',(-1.,-1.1760837125266E-16,0.));
#7850=DIRECTION('',(0.,-1.,0.));
#7851=DIRECTION('',(1.,0.,0.));
#7852=DIRECTION('',(0.,-1.,0.));
#7853=DIRECTION('',(1.,0.,0.));
#7854=DIRECTION('',(-1.,0.,0.));
#7855=DIRECTION('',(0.,0.,1.));
#7856=DIRECTION('',(0.,1.,0.));
#7857=DIRECTION('',(0.,0.,-1.));
#7858=DIRECTION('',(0.,0.,-1.));
#7859=DIRECTION('',(0.,1.,0.));
#7860=DIRECTION('',(0.,0.,-1.));
#7861=DIRECTION('',(-1.32801797203962E-16,1.,0.));
#7862=DIRECTION('',(-1.,-1.32801797203962E-16,0.));
#7863=DIRECTION('',(1.,1.32801797203962E-16,0.));
#7864=DIRECTION('',(0.,0.,-1.));
#7865=DIRECTION('',(1.,1.32801797203962E-16,0.));
#7866=DIRECTION('',(0.,0.,-1.));
#7867=DIRECTION('',(-1.,-1.32801797203962E-16,0.));
#7868=DIRECTION('',(0.,0.,1.));
#7869=DIRECTION('',(-1.,-1.32801797203962E-16,0.));
#7870=DIRECTION('',(0.,0.,1.));
#7871=DIRECTION('',(-1.,-3.808342207143E-16,0.));
#7872=DIRECTION('',(3.808342207143E-16,-1.,0.));
#7873=DIRECTION('',(3.808342207143E-16,-1.,0.));
#7874=DIRECTION('',(3.808342207143E-16,-1.,0.));
#7875=DIRECTION('',(0.,0.,1.));
#7876=DIRECTION('',(-1.32801797203962E-16,1.,0.));
#7877=DIRECTION('',(-1.,-1.32801797203962E-16,0.));
#7878=DIRECTION('',(0.,0.,1.));
#7879=DIRECTION('',(-1.,-1.32801797203962E-16,0.));
#7880=DIRECTION('',(-1.,-1.32801797203962E-16,0.));
#7881=DIRECTION('',(-1.,-2.85625665535726E-16,0.));
#7882=DIRECTION('',(2.85625665535726E-16,-1.,0.));
#7883=DIRECTION('',(2.85625665535726E-16,-1.,0.));
#7884=DIRECTION('',(2.85625665535726E-16,-1.,0.));
#7885=DIRECTION('',(0.,0.,1.));
#7886=DIRECTION('',(1.,0.,0.));
#7887=DIRECTION('',(1.1760837125266E-16,-1.,0.));
#7888=DIRECTION('',(1.,1.1760837125266E-16,0.));
#7889=DIRECTION('',(-1.,-1.1760837125266E-16,0.));
#7890=DIRECTION('',(0.,0.,-1.));
#7891=DIRECTION('',(1.,0.,0.));
#7892=DIRECTION('',(0.,0.,-1.));
#7893=DIRECTION('',(0.,0.,1.));
#7894=DIRECTION('',(0.,0.,1.));
#7895=DIRECTION('',(0.,-1.,0.));
#7896=DIRECTION('',(0.,0.,1.));
#7897=DIRECTION('',(0.,-1.,0.));
#7898=DIRECTION('',(0.,0.,1.));
#7899=DIRECTION('',(0.,-1.,0.));
#7900=DIRECTION('',(0.,0.,1.));
#7901=DIRECTION('',(1.,0.,0.));
#7902=DIRECTION('',(0.,0.,1.));
#7903=DIRECTION('',(1.,0.,0.));
#7904=DIRECTION('',(0.,0.,1.));
#7905=DIRECTION('',(1.,0.,0.));
#7906=DIRECTION('',(0.,0.,1.));
#7907=DIRECTION('',(1.,0.,0.));
#7908=DIRECTION('',(0.,0.,1.));
#7909=DIRECTION('',(1.,0.,0.));
#7910=DIRECTION('',(0.,1.,0.));
#7911=DIRECTION('',(1.,0.,0.));
#7912=DIRECTION('',(-1.,0.,0.));
#7913=DIRECTION('',(0.,1.,0.));
#7914=DIRECTION('',(1.96848054011552E-16,-1.,0.));
#7915=DIRECTION('',(1.,1.96848054011552E-16,0.));
#7916=DIRECTION('',(0.,0.,-1.));
#7917=DIRECTION('',(-1.,-1.96848054011552E-16,0.));
#7918=DIRECTION('',(-1.,0.,0.));
#7919=DIRECTION('',(0.,0.,1.));
#7920=DIRECTION('',(0.,0.,-1.));
#7921=DIRECTION('',(0.,1.,0.));
#7922=DIRECTION('',(0.,-1.,0.));
#7923=DIRECTION('',(0.,0.,-1.));
#7924=DIRECTION('',(0.,0.,-1.));
#7925=DIRECTION('',(-1.,0.,0.));
#7926=DIRECTION('',(-1.,0.,0.));
#7927=DIRECTION('',(0.,0.,1.));
#7928=DIRECTION('',(1.,0.,0.));
#7929=DIRECTION('',(0.,0.,-1.));
#7930=DIRECTION('',(-1.,0.,0.));
#7931=DIRECTION('',(1.32801797203962E-16,-1.,0.));
#7932=DIRECTION('',(1.32801797203962E-16,-1.,0.));
#7933=DIRECTION('',(-1.,-1.32801797203962E-16,0.));
#7934=DIRECTION('',(1.32801797203962E-16,-1.,0.));
#7935=DIRECTION('',(1.32801797203962E-16,-1.,0.));
#7936=DIRECTION('',(0.,0.,-1.));
#7937=DIRECTION('',(-1.,0.,0.));
#7938=DIRECTION('',(1.32801797203962E-16,-1.,0.));
#7939=DIRECTION('',(-1.,-1.32801797203962E-16,0.));
#7940=DIRECTION('',(1.32801797203962E-16,-1.,0.));
#7941=DIRECTION('',(0.,0.,-1.));
#7942=DIRECTION('',(0.,-1.,0.));
#7943=DIRECTION('',(0.,0.,-1.));
#7944=DIRECTION('',(-1.,0.,0.));
#7945=DIRECTION('',(0.,0.,1.));
#7946=DIRECTION('',(0.,0.,1.));
#7947=DIRECTION('',(0.,-1.,0.));
#7948=DIRECTION('',(0.,0.,-1.));
#7949=DIRECTION('',(-1.,0.,0.));
#7950=DIRECTION('',(0.,0.,1.));
#7951=DIRECTION('',(0.,1.,0.));
#7952=DIRECTION('',(0.,0.,-1.));
#7953=DIRECTION('',(0.,0.,1.));
#7954=DIRECTION('',(1.,0.,0.));
#7955=DIRECTION('',(0.,0.,1.));
#7956=DIRECTION('',(1.,0.,0.));
#7957=DIRECTION('',(1.,0.,0.));
#7958=DIRECTION('',(-1.,0.,0.));
#7959=DIRECTION('',(1.,0.,0.));
#7960=DIRECTION('',(0.,1.,0.));
#7961=DIRECTION('',(0.,0.,1.));
#7962=DIRECTION('',(0.,1.,0.));
#7963=DIRECTION('',(0.,0.,1.));
#7964=DIRECTION('',(0.,0.,-1.));
#7965=DIRECTION('',(-1.,0.,0.));
#7966=DIRECTION('',(0.,0.,1.));
#7967=DIRECTION('',(1.,0.,0.));
#7968=DIRECTION('',(0.,1.,0.));
#7969=DIRECTION('',(0.,0.,1.));
#7970=DIRECTION('',(0.,1.,0.));
#7971=DIRECTION('',(0.,0.,1.));
#7972=DIRECTION('',(1.,0.,0.));
#7973=DIRECTION('',(0.,0.,-1.));
#7974=DIRECTION('',(0.,1.,0.));
#7975=DIRECTION('',(0.,0.,1.));
#7976=DIRECTION('',(0.,0.,-1.));
#7977=DIRECTION('',(1.,0.,0.));
#7978=DIRECTION('',(0.,0.,-1.));
#7979=DIRECTION('',(-1.,0.,0.));
#7980=DIRECTION('',(0.,0.,1.));
#7981=DIRECTION('',(1.,0.,0.));
#7982=DIRECTION('',(0.,0.,1.));
#7983=DIRECTION('',(1.,0.,0.));
#7984=DIRECTION('',(1.,0.,0.));
#7985=DIRECTION('',(0.,0.,-1.));
#7986=DIRECTION('',(0.,-1.,0.));
#7987=DIRECTION('',(0.,0.,1.));
#7988=DIRECTION('',(1.,0.,0.));
#7989=DIRECTION('',(0.,0.,1.));
#7990=DIRECTION('',(1.,0.,0.));
#7991=DIRECTION('',(0.,-1.,0.));
#7992=DIRECTION('',(0.,0.,-1.));
#7993=DIRECTION('',(0.,0.,1.));
#7994=DIRECTION('',(1.,0.,0.));
#7995=DIRECTION('',(-1.,0.,0.));
#7996=DIRECTION('',(0.,0.,1.));
#7997=DIRECTION('',(0.,0.,-1.));
#7998=DIRECTION('',(0.,1.,0.));
#7999=DIRECTION('',(0.,0.,1.));
#8000=DIRECTION('',(1.,0.,0.));
#8001=DIRECTION('',(0.,0.,1.));
#8002=DIRECTION('',(1.,0.,0.));
#8003=DIRECTION('',(-1.,0.,0.));
#8004=DIRECTION('',(0.,1.,0.));
#8005=DIRECTION('',(-1.,0.,0.));
#8006=DIRECTION('',(0.,-1.,0.));
#8007=DIRECTION('',(0.,0.,-1.));
#8008=DIRECTION('',(0.,0.,-1.));
#8009=DIRECTION('',(0.,-1.,0.));
#8010=DIRECTION('',(0.,0.,-1.));
#8011=DIRECTION('',(0.,0.,-1.));
#8012=DIRECTION('',(0.,0.,-1.));
#8013=DIRECTION('',(-1.,0.,0.));
#8014=DIRECTION('',(0.,0.,1.));
#8015=DIRECTION('',(1.,0.,0.));
#8016=DIRECTION('',(-1.,0.,0.));
#8017=DIRECTION('',(0.,0.,1.));
#8018=DIRECTION('',(0.,0.,1.));
#8019=DIRECTION('',(1.,0.,0.));
#8020=DIRECTION('',(0.,-1.,0.));
#8021=DIRECTION('',(0.,0.,-1.));
#8022=DIRECTION('',(-1.,0.,0.));
#8023=DIRECTION('',(0.,0.,-1.));
#8024=DIRECTION('',(0.,-1.,0.));
#8025=DIRECTION('',(0.,0.,-1.));
#8026=DIRECTION('',(-1.,0.,0.));
#8027=DIRECTION('',(0.,0.,-1.));
#8028=DIRECTION('',(0.,0.,1.));
#8029=DIRECTION('',(1.,0.,0.));
#8030=DIRECTION('',(0.,0.,1.));
#8031=DIRECTION('',(1.,0.,0.));
#8032=DIRECTION('',(0.,-1.,0.));
#8033=DIRECTION('',(1.,0.,0.));
#8034=DIRECTION('',(0.,0.,-1.));
#8035=DIRECTION('',(0.,0.,-1.));
#8036=DIRECTION('',(-1.,0.,0.));
#8037=DIRECTION('',(0.,0.,1.));
#8038=DIRECTION('',(1.,0.,0.));
#8039=DIRECTION('',(0.,0.,1.));
#8040=DIRECTION('',(1.,0.,0.));
#8041=DIRECTION('',(0.,0.,1.));
#8042=DIRECTION('',(1.,0.,0.));
#8043=DIRECTION('',(0.,0.,1.));
#8044=DIRECTION('',(1.,0.,0.));
#8045=DIRECTION('',(0.,0.,1.));
#8046=DIRECTION('',(1.,0.,0.));
#8047=DIRECTION('',(0.,0.,1.));
#8048=DIRECTION('',(1.,0.,0.));
#8049=DIRECTION('',(0.,0.,1.));
#8050=DIRECTION('',(1.,0.,0.));
#8051=DIRECTION('',(0.,0.,1.));
#8052=DIRECTION('',(1.,0.,0.));
#8053=DIRECTION('',(0.,0.,1.));
#8054=DIRECTION('',(1.,0.,0.));
#8055=DIRECTION('',(0.,0.,1.));
#8056=DIRECTION('',(1.,0.,0.));
#8057=DIRECTION('',(0.,0.,1.));
#8058=DIRECTION('',(1.,0.,0.));
#8059=DIRECTION('',(0.,0.,1.));
#8060=DIRECTION('',(1.,0.,0.));
#8061=DIRECTION('',(0.,0.,1.));
#8062=DIRECTION('',(1.,0.,0.));
#8063=DIRECTION('',(0.,0.,1.));
#8064=DIRECTION('',(1.,0.,0.));
#8065=DIRECTION('',(0.,0.,1.));
#8066=DIRECTION('',(1.,0.,0.));
#8067=DIRECTION('',(0.,0.,1.));
#8068=DIRECTION('',(1.,0.,0.));
#8069=DIRECTION('',(0.,1.,0.));
#8070=DIRECTION('',(0.,0.,1.));
#8071=DIRECTION('',(1.,0.,0.));
#8072=DIRECTION('',(0.,0.,-1.));
#8073=DIRECTION('',(1.,0.,0.));
#8074=DIRECTION('',(0.,0.,-1.));
#8075=DIRECTION('',(1.,0.,0.));
#8076=DIRECTION('',(0.,0.,-1.));
#8077=DIRECTION('',(0.,-1.,0.));
#8078=DIRECTION('',(0.,0.,-1.));
#8079=DIRECTION('',(0.,-1.,0.));
#8080=DIRECTION('',(0.,1.,0.));
#8081=DIRECTION('',(0.,0.,1.));
#8082=DIRECTION('',(1.,0.,0.));
#8083=DIRECTION('',(0.,0.,-1.));
#8084=DIRECTION('',(1.,0.,0.));
#8085=DIRECTION('',(0.,0.,-1.));
#8086=DIRECTION('',(-1.,0.,0.));
#8087=DIRECTION('',(0.,0.,1.));
#8088=DIRECTION('',(1.,0.,0.));
#8089=DIRECTION('',(0.,0.,1.));
#8090=DIRECTION('',(1.,0.,0.));
#8091=DIRECTION('',(1.,0.,0.));
#8092=DIRECTION('',(0.,0.,-1.));
#8093=DIRECTION('',(0.,-1.,0.));
#8094=DIRECTION('',(0.,-1.,0.));
#8095=DIRECTION('',(0.,0.,1.));
#8096=DIRECTION('',(1.,0.,0.));
#8097=DIRECTION('',(0.,0.,1.));
#8098=DIRECTION('',(1.,0.,0.));
#8099=DIRECTION('',(0.,0.,1.));
#8100=DIRECTION('',(1.,0.,0.));
#8101=DIRECTION('',(0.,0.,1.));
#8102=DIRECTION('',(1.,0.,0.));
#8103=DIRECTION('',(1.,0.,0.));
#8104=DIRECTION('',(0.,-1.,0.));
#8105=DIRECTION('',(0.,1.,0.));
#8106=DIRECTION('',(1.,0.,0.));
#8107=DIRECTION('',(0.,-1.,0.));
#8108=DIRECTION('',(-1.,0.,0.));
#8109=DIRECTION('',(-0.161260120599603,0.986911938069553,0.));
#8110=DIRECTION('',(-1.,0.,0.));
#8111=DIRECTION('',(0.,0.,-1.));
#8112=DIRECTION('',(-1.,0.,0.));
#8113=DIRECTION('',(0.,0.,-1.));
#8114=DIRECTION('',(-1.,0.,0.));
#8115=DIRECTION('',(0.,1.,0.));
#8116=DIRECTION('',(1.,0.,0.));
#8117=DIRECTION('',(0.,-1.,0.));
#8118=DIRECTION('',(0.,1.,0.));
#8119=DIRECTION('',(1.,0.,0.));
#8120=DIRECTION('',(0.,-1.,0.));
#8121=DIRECTION('',(0.,1.,0.));
#8122=DIRECTION('',(0.,0.,-1.));
#8123=DIRECTION('',(-1.,0.,0.));
#8124=DIRECTION('',(0.,0.,-1.));
#8125=DIRECTION('',(-1.,0.,0.));
#8126=DIRECTION('',(-1.,0.,0.));
#8127=DIRECTION('',(0.,0.,-1.));
#8128=DIRECTION('',(-1.,0.,0.));
#8129=DIRECTION('',(0.,-1.,0.));
#8130=DIRECTION('',(-1.,0.,0.));
#8131=DIRECTION('',(0.,1.,0.));
#8132=DIRECTION('',(1.,0.,0.));
#8133=DIRECTION('',(0.151740441420702,-0.988420375365386,0.));
#8134=DIRECTION('',(1.,0.,0.));
#8135=DIRECTION('',(3.808342207143E-16,-1.,0.));
#8136=DIRECTION('',(-1.,-1.32801797203962E-16,0.));
#8137=DIRECTION('',(2.85625665535726E-16,-1.,0.));
#8138=DIRECTION('',(-1.,-1.32801797203962E-16,0.));
#8139=DIRECTION('',(0.,-1.,0.));
#8140=DIRECTION('',(1.,1.23442475235139E-16,0.));
#8141=DIRECTION('',(0.,-1.,0.));
#8142=DIRECTION('',(1.,8.58730262505313E-17,0.));
#8143=DIRECTION('',(0.,0.,1.));
#8144=DIRECTION('',(1.,0.,0.));
#8145=DIRECTION('',(0.,0.,1.));
#8146=DIRECTION('',(1.,0.,0.));
#8147=DIRECTION('',(0.,0.,1.));
#8148=DIRECTION('',(1.,0.,0.));
#8149=DIRECTION('',(0.,0.,1.));
#8150=DIRECTION('',(1.,0.,0.));
#8151=DIRECTION('',(0.,1.,0.));
#8152=DIRECTION('',(0.,-1.,0.));
#8153=DIRECTION('',(-1.,0.,0.));
#8154=DIRECTION('',(0.,1.,0.));
#8155=DIRECTION('',(1.,0.,0.));
#8156=DIRECTION('',(0.176299100283093,-0.984336643247305,0.));
#8157=DIRECTION('',(1.,0.,0.));
#8158=DIRECTION('',(0.,0.,-1.));
#8159=DIRECTION('',(-1.,0.,0.));
#8160=DIRECTION('',(0.,0.,-1.));
#8161=DIRECTION('',(-1.,0.,0.));
#8162=DIRECTION('',(0.,-1.,0.));
#8163=DIRECTION('',(-1.,0.,0.));
#8164=DIRECTION('',(-0.357433315245117,0.93393866241466,0.));
#8165=DIRECTION('',(-1.,0.,0.));
#8166=DIRECTION('',(0.,0.,-1.));
#8167=DIRECTION('',(-1.,0.,0.));
#8168=DIRECTION('',(0.,-1.,0.));
#8169=DIRECTION('',(-1.,0.,0.));
#8170=DIRECTION('',(0.,1.,0.));
#8171=DIRECTION('',(1.,0.,0.));
#8172=DIRECTION('',(0.358414677639012,-0.933562487920827,0.));
#8173=DIRECTION('',(1.,0.,0.));
#8174=DIRECTION('',(0.361001044035785,0.932565411220614,0.));
#8175=DIRECTION('',(1.,0.,0.));
#8176=DIRECTION('',(0.,-1.,0.));
#8177=DIRECTION('',(-1.,0.,0.));
#8178=DIRECTION('',(0.,1.,0.));
#8179=DIRECTION('',(0.,0.,-1.));
#8180=DIRECTION('',(-1.,0.,0.));
#8181=DIRECTION('',(-1.,0.,0.));
#8182=DIRECTION('',(-0.360508745614235,-0.932755833182324,0.));
#8183=DIRECTION('',(-1.,0.,0.));
#8184=DIRECTION('',(0.,-1.,0.));
#8185=DIRECTION('',(-1.,0.,0.));
#8186=DIRECTION('',(0.,0.,-1.));
#8187=DIRECTION('',(-1.,0.,0.));
#8188=DIRECTION('',(0.,-1.,0.));
#8189=DIRECTION('',(0.,0.,-1.));
#8190=DIRECTION('',(-1.,0.,0.));
#8191=DIRECTION('',(0.,-1.,0.));
#8192=DIRECTION('',(-1.,-3.10047359843034E-16,0.));
#8193=DIRECTION('',(0.,1.,0.));
#8194=DIRECTION('',(0.573606519308755,0.819130979151988,0.));
#8195=DIRECTION('',(-1.,0.,0.));
#8196=DIRECTION('',(0.,1.,0.));
#8197=DIRECTION('',(1.,0.,0.));
#8198=DIRECTION('',(0.,-1.,0.));
#8199=DIRECTION('',(-0.575702191023332,-0.817659456773377,0.));
#8200=DIRECTION('',(1.,0.,0.));
#8201=DIRECTION('',(-1.,0.,0.));
#8202=DIRECTION('',(0.,1.,0.));
#8203=DIRECTION('',(0.,-1.,0.));
#8204=DIRECTION('',(-1.,0.,0.));
#8205=DIRECTION('',(0.,1.,0.));
#8206=DIRECTION('',(1.,0.,0.));
#8207=DIRECTION('',(0.176299100283102,-0.984336643247303,0.));
#8208=DIRECTION('',(1.,0.,0.));
#8209=DIRECTION('',(0.,0.,-1.));
#8210=DIRECTION('',(-1.,0.,0.));
#8211=DIRECTION('',(0.,0.,-1.));
#8212=DIRECTION('',(-1.,0.,0.));
#8213=DIRECTION('',(0.,-1.,0.));
#8214=DIRECTION('',(0.,1.,0.));
#8215=DIRECTION('',(0.,0.,-1.));
#8216=DIRECTION('',(-1.,0.,0.));
#8217=DIRECTION('',(0.,0.,-1.));
#8218=DIRECTION('',(-1.,0.,0.));
#8219=DIRECTION('',(-0.338142350146584,-0.941094974504351,0.));
#8220=DIRECTION('',(-1.,0.,0.));
#8221=DIRECTION('',(0.,1.,0.));
#8222=DIRECTION('',(0.,-1.,0.));
#8223=DIRECTION('',(-1.,0.,0.));
#8224=DIRECTION('',(0.,1.,0.));
#8225=DIRECTION('',(1.,0.,0.));
#8226=DIRECTION('',(0.176299100283102,-0.984336643247303,0.));
#8227=DIRECTION('',(1.,0.,0.));
#8228=DIRECTION('',(0.,0.,-1.));
#8229=DIRECTION('',(-1.,0.,0.));
#8230=DIRECTION('',(0.,0.,-1.));
#8231=DIRECTION('',(-1.,0.,0.));
#8232=DIRECTION('',(0.,-1.,0.));
#8233=DIRECTION('',(-1.,0.,0.));
#8234=DIRECTION('',(-0.298356146119815,0.954454613940617,0.));
#8235=DIRECTION('',(-1.,0.,0.));
#8236=DIRECTION('',(-0.307377537424253,-0.951587646770912,0.));
#8237=DIRECTION('',(-1.,0.,0.));
#8238=DIRECTION('',(-0.26309357084705,0.96477032136097,0.));
#8239=DIRECTION('',(1.,0.,0.));
#8240=DIRECTION('',(0.248553049464009,-0.968618284775867,0.));
#8241=DIRECTION('',(1.,0.,0.));
#8242=DIRECTION('',(0.,0.,-1.));
#8243=DIRECTION('',(-1.,0.,0.));
#8244=DIRECTION('',(0.,0.,-1.));
#8245=DIRECTION('',(-1.,0.,0.));
#8246=DIRECTION('',(0.304283423085269,0.952581544244644,0.));
#8247=DIRECTION('',(1.,0.,0.));
#8248=DIRECTION('',(0.297666649048958,-0.954669872806283,0.));
#8249=DIRECTION('',(1.,0.,0.));
#8250=DIRECTION('',(0.,0.,-1.));
#8251=DIRECTION('',(-1.,0.,0.));
#8252=DIRECTION('',(1.,0.,0.));
#8253=DIRECTION('',(-0.266235606691477,-0.963907984057411,0.));
#8254=DIRECTION('',(-1.,0.,0.));
#8255=DIRECTION('',(-3.18124335048944E-16,1.,0.));
#8256=DIRECTION('',(1.,0.,0.));
#8257=DIRECTION('',(0.,0.,-1.));
#8258=DIRECTION('',(-1.,0.,0.));
#8259=DIRECTION('',(0.,-1.,0.));
#8260=DIRECTION('',(-1.,0.,0.));
#8261=DIRECTION('',(0.,0.,-1.));
#8262=DIRECTION('',(-1.,0.,0.));
#8263=DIRECTION('',(0.,-1.,0.));
#8264=DIRECTION('',(0.,0.,-1.));
#8265=DIRECTION('',(-1.,0.,0.));
#8266=DIRECTION('',(1.,3.808342207143E-16,0.));
#8267=DIRECTION('',(-3.808342207143E-16,1.,0.));
#8268=DIRECTION('',(3.808342207143E-16,-1.,0.));
#8269=DIRECTION('',(0.,0.,-1.));
#8270=DIRECTION('',(0.,0.,-1.));
#8271=DIRECTION('',(1.32801797203962E-16,-1.,0.));
#8272=DIRECTION('',(1.,1.32801797203962E-16,0.));
#8273=DIRECTION('',(-1.,-1.32801797203962E-16,0.));
#8274=DIRECTION('',(0.,0.,-1.));
#8275=DIRECTION('',(1.,2.85625665535726E-16,0.));
#8276=DIRECTION('',(-2.85625665535726E-16,1.,0.));
#8277=DIRECTION('',(2.85625665535726E-16,-1.,0.));
#8278=DIRECTION('',(0.,0.,-1.));
#8279=DIRECTION('',(1.,0.,0.));
#8280=DIRECTION('',(0.,0.,-1.));
#8281=DIRECTION('',(0.,-1.,0.));
#8282=DIRECTION('',(0.,0.,-1.));
#8283=DIRECTION('',(0.,0.,-1.));
#8284=DIRECTION('',(-1.23442475235139E-16,1.,0.));
#8285=DIRECTION('',(-1.,-1.23442475235139E-16,0.));
#8286=DIRECTION('',(1.,1.23442475235139E-16,0.));
#8287=DIRECTION('',(0.,0.,-1.));
#8288=DIRECTION('',(1.,0.,0.));
#8289=DIRECTION('',(0.,0.,-1.));
#8290=DIRECTION('',(0.,-1.,0.));
#8291=DIRECTION('',(0.,0.,-1.));
#8292=DIRECTION('',(-8.58730262505313E-17,1.,0.));
#8293=DIRECTION('',(-1.,-8.58730262505313E-17,0.));
#8294=DIRECTION('',(1.,8.58730262505313E-17,0.));
#8295=DIRECTION('',(0.,0.,-1.));
#8296=DIRECTION('',(-1.,0.,0.));
#8297=DIRECTION('',(0.,0.,1.));
#8298=DIRECTION('',(1.,0.,0.));
#8299=DIRECTION('',(0.,0.,-1.));
#8300=DIRECTION('',(-1.,0.,0.));
#8301=DIRECTION('',(0.,0.,1.));
#8302=DIRECTION('',(1.,0.,0.));
#8303=DIRECTION('',(0.,0.,-1.));
#8304=DIRECTION('',(-1.,0.,0.));
#8305=DIRECTION('',(0.,0.,1.));
#8306=DIRECTION('',(1.,0.,0.));
#8307=DIRECTION('',(0.,0.,-1.));
#8308=DIRECTION('',(-1.,0.,0.));
#8309=DIRECTION('',(0.,0.,1.));
#8310=DIRECTION('',(1.,0.,0.));
#8311=DIRECTION('',(1.32801797203962E-16,-1.,0.));
#8312=DIRECTION('',(1.,1.32801797203962E-16,0.));
#8313=DIRECTION('',(-1.,-1.32801797203962E-16,0.));
#8314=DIRECTION('',(0.,0.,1.));
#8315=DIRECTION('',(1.,0.,0.));
#8316=DIRECTION('',(-1.,0.,0.));
#8317=DIRECTION('',(0.,0.,1.));
#8318=DIRECTION('',(0.,0.,-1.));
#8319=DIRECTION('',(0.,1.,0.));
#8320=DIRECTION('',(0.,0.,-1.));
#8321=DIRECTION('',(0.,-1.,0.));
#8322=DIRECTION('',(0.,0.,-1.));
#8323=DIRECTION('',(0.,0.,-1.));
#8324=DIRECTION('',(-1.,0.,0.));
#8325=DIRECTION('',(1.,0.,0.));
#8326=DIRECTION('',(0.,0.,-1.));
#8327=DIRECTION('',(0.,0.,-1.));
#8328=DIRECTION('',(0.,-1.,0.));
#8329=DIRECTION('',(0.,0.,-1.));
#8330=DIRECTION('',(0.,0.,-1.));
#8331=DIRECTION('',(0.,0.,-1.));
#8332=DIRECTION('',(-0.216632098567905,0.976253314396456,0.));
#8333=DIRECTION('',(0.,0.,-1.));
#8334=DIRECTION('',(0.,0.,-1.));
#8335=DIRECTION('',(-1.,0.,0.));
#8336=DIRECTION('',(0.,0.,-1.));
#8337=DIRECTION('',(-0.661841092660881,0.749644160962687,0.));
#8338=DIRECTION('',(0.,0.,-1.));
#8339=DIRECTION('',(0.,0.,-1.));
#8340=DIRECTION('',(-1.,0.,0.));
#8341=DIRECTION('',(0.,1.,0.));
#8342=DIRECTION('',(0.,0.,1.));
#8343=DIRECTION('',(0.,0.,-1.));
#8344=DIRECTION('',(1.,0.,0.));
#8345=DIRECTION('',(0.984336643247305,0.176299100283093,0.));
#8346=DIRECTION('',(-0.176299100283093,0.984336643247305,0.));
#8347=DIRECTION('',(0.,0.,-1.));
#8348=DIRECTION('',(0.176299100283093,-0.984336643247305,0.));
#8349=DIRECTION('',(0.,1.,0.));
#8350=DIRECTION('',(0.,0.,1.));
#8351=DIRECTION('',(0.,0.,-1.));
#8352=DIRECTION('',(1.,0.,0.));
#8353=DIRECTION('',(-1.,0.,0.));
#8354=DIRECTION('',(0.,0.,1.));
#8355=DIRECTION('',(0.,0.,-1.));
#8356=DIRECTION('',(0.,1.,0.));
#8357=DIRECTION('',(0.,-1.,0.));
#8358=DIRECTION('',(0.,0.,-1.));
#8359=DIRECTION('',(0.,0.,-1.));
#8360=DIRECTION('',(-1.,0.,0.));
#8361=DIRECTION('',(1.,0.,0.));
#8362=DIRECTION('',(0.,0.,-1.));
#8363=DIRECTION('',(0.,0.,-1.));
#8364=DIRECTION('',(0.,-1.,0.));
#8365=DIRECTION('',(0.,0.,-1.));
#8366=DIRECTION('',(0.,0.,-1.));
#8367=DIRECTION('',(0.,0.,-1.));
#8368=DIRECTION('',(0.,0.,1.));
#8369=DIRECTION('',(1.,0.,0.));
#8370=DIRECTION('',(-0.93393866241466,-0.357433315245117,0.));
#8371=DIRECTION('',(0.357433315245117,-0.93393866241466,0.));
#8372=DIRECTION('',(0.,0.,-1.));
#8373=DIRECTION('',(-0.357433315245117,0.93393866241466,0.));
#8374=DIRECTION('',(0.,0.,-1.));
#8375=DIRECTION('',(0.,-1.,0.));
#8376=DIRECTION('',(0.,0.,-1.));
#8377=DIRECTION('',(0.,0.,-1.));
#8378=DIRECTION('',(-1.,0.,0.));
#8379=DIRECTION('',(0.932755833182324,-0.360508745614235,0.));
#8380=DIRECTION('',(0.360508745614235,0.932755833182324,0.));
#8381=DIRECTION('',(0.,0.,-1.));
#8382=DIRECTION('',(-0.360508745614235,-0.932755833182324,0.));
#8383=DIRECTION('',(0.,-1.,0.));
#8384=DIRECTION('',(0.,0.,-1.));
#8385=DIRECTION('',(0.,0.,-1.));
#8386=DIRECTION('',(-1.,0.,0.));
#8387=DIRECTION('',(0.,0.,-1.));
#8388=DIRECTION('',(-0.999239931362855,0.0389815285738855,0.));
#8389=DIRECTION('',(0.,0.,-1.));
#8390=DIRECTION('',(0.,0.,-1.));
#8391=DIRECTION('',(-1.,0.,0.));
#8392=DIRECTION('',(-1.,0.,0.));
#8393=DIRECTION('',(0.,0.,1.));
#8394=DIRECTION('',(0.,0.,-1.));
#8395=DIRECTION('',(0.,1.,0.));
#8396=DIRECTION('',(0.,-1.,0.));
#8397=DIRECTION('',(0.,0.,-1.));
#8398=DIRECTION('',(0.,0.,-1.));
#8399=DIRECTION('',(-1.,0.,0.));
#8400=DIRECTION('',(1.,0.,0.));
#8401=DIRECTION('',(0.,0.,-1.));
#8402=DIRECTION('',(0.,0.,-1.));
#8403=DIRECTION('',(0.,-1.,0.));
#8404=DIRECTION('',(0.,1.,0.));
#8405=DIRECTION('',(0.,0.,1.));
#8406=DIRECTION('',(0.,0.,-1.));
#8407=DIRECTION('',(1.,0.,0.));
#8408=DIRECTION('',(-0.932565411220614,0.361001044035785,0.));
#8409=DIRECTION('',(-0.361001044035785,-0.932565411220614,0.));
#8410=DIRECTION('',(0.,0.,-1.));
#8411=DIRECTION('',(0.361001044035785,0.932565411220614,0.));
#8412=DIRECTION('',(0.,1.,0.));
#8413=DIRECTION('',(0.,0.,1.));
#8414=DIRECTION('',(0.,0.,-1.));
#8415=DIRECTION('',(1.,0.,0.));
#8416=DIRECTION('',(0.933562487920827,0.358414677639012,0.));
#8417=DIRECTION('',(-0.358414677639012,0.933562487920827,0.));
#8418=DIRECTION('',(0.,0.,-1.));
#8419=DIRECTION('',(0.358414677639012,-0.933562487920827,0.));
#8420=DIRECTION('',(0.,1.,0.));
#8421=DIRECTION('',(0.,0.,1.));
#8422=DIRECTION('',(0.,0.,-1.));
#8423=DIRECTION('',(1.,0.,0.));
#8424=DIRECTION('',(-1.,0.,0.));
#8425=DIRECTION('',(0.,0.,1.));
#8426=DIRECTION('',(0.,0.,-1.));
#8427=DIRECTION('',(0.,1.,0.));
#8428=DIRECTION('',(0.,-1.,0.));
#8429=DIRECTION('',(0.,0.,-1.));
#8430=DIRECTION('',(0.,0.,-1.));
#8431=DIRECTION('',(-1.,0.,0.));
#8432=DIRECTION('',(1.,0.,0.));
#8433=DIRECTION('',(0.,0.,-1.));
#8434=DIRECTION('',(0.,0.,-1.));
#8435=DIRECTION('',(0.,-1.,0.));
#8436=DIRECTION('',(0.,0.,-1.));
#8437=DIRECTION('',(0.999170132367398,0.0407313955679925,0.));
#8438=DIRECTION('',(0.,0.,-1.));
#8439=DIRECTION('',(0.,0.,-1.));
#8440=DIRECTION('',(-1.,0.,0.));
#8441=DIRECTION('',(0.,-1.,0.));
#8442=DIRECTION('',(0.,0.,-1.));
#8443=DIRECTION('',(-1.,0.,0.));
#8444=DIRECTION('',(0.,0.,1.));
#8445=DIRECTION('',(1.,0.,0.));
#8446=DIRECTION('',(0.,0.,-1.));
#8447=DIRECTION('',(0.,0.,-1.));
#8448=DIRECTION('',(0.,0.,-1.));
#8449=DIRECTION('',(0.,0.,-1.));
#8450=DIRECTION('',(0.,1.,0.));
#8451=DIRECTION('',(0.,0.,1.));
#8452=DIRECTION('',(1.,0.,0.));
#8453=DIRECTION('',(0.,0.,-1.));
#8454=DIRECTION('',(1.,0.,0.));
#8455=DIRECTION('',(0.,0.,-1.));
#8456=DIRECTION('',(0.,0.,-1.));
#8457=DIRECTION('',(0.,0.,-1.));
#8458=DIRECTION('',(0.,0.,-1.));
#8459=DIRECTION('',(0.308001104403883,-0.951385999311525,0.));
#8460=DIRECTION('',(0.,0.,-1.));
#8461=DIRECTION('',(0.,0.,-1.));
#8462=DIRECTION('',(-1.,0.,0.));
#8463=DIRECTION('',(1.,0.,0.));
#8464=DIRECTION('',(0.,0.,-1.));
#8465=DIRECTION('',(0.,0.,-1.));
#8466=DIRECTION('',(0.,-1.,0.));
#8467=DIRECTION('',(0.,0.,-1.));
#8468=DIRECTION('',(0.204721178766046,-0.978820330277544,0.));
#8469=DIRECTION('',(0.,0.,-1.));
#8470=DIRECTION('',(0.,0.,-1.));
#8471=DIRECTION('',(-1.,0.,0.));
#8472=DIRECTION('',(0.,0.,-1.));
#8473=DIRECTION('',(0.,0.,-1.));
#8474=DIRECTION('',(0.,-1.,0.));
#8475=DIRECTION('',(0.,0.,-1.));
#8476=DIRECTION('',(0.,0.,-1.));
#8477=DIRECTION('',(-1.,0.,0.));
#8478=DIRECTION('',(1.,0.,0.));
#8479=DIRECTION('',(0.,0.,-1.));
#8480=DIRECTION('',(0.,0.,-1.));
#8481=DIRECTION('',(0.,-1.,0.));
#8482=DIRECTION('',(0.,0.,-1.));
#8483=DIRECTION('',(0.,0.,-1.));
#8484=DIRECTION('',(0.,0.,-1.));
#8485=DIRECTION('',(0.,0.,-1.));
#8486=DIRECTION('',(0.,0.,1.));
#8487=DIRECTION('',(1.,0.,0.));
#8488=DIRECTION('',(3.10047359843034E-16,-1.,0.));
#8489=DIRECTION('',(1.,3.10047359843034E-16,0.));
#8490=DIRECTION('',(0.,0.,-1.));
#8491=DIRECTION('',(-1.,-3.10047359843034E-16,0.));
#8492=DIRECTION('',(0.,0.,-1.));
#8493=DIRECTION('',(1.,0.,0.));
#8494=DIRECTION('',(0.,0.,-1.));
#8495=DIRECTION('',(0.,0.,-1.));
#8496=DIRECTION('',(0.,-1.,0.));
#8497=DIRECTION('',(0.,1.,0.));
#8498=DIRECTION('',(0.,0.,1.));
#8499=DIRECTION('',(0.,0.,-1.));
#8500=DIRECTION('',(1.,0.,0.));
#8501=DIRECTION('',(0.817659456773377,-0.575702191023332,0.));
#8502=DIRECTION('',(0.575702191023332,0.817659456773377,0.));
#8503=DIRECTION('',(0.,0.,-1.));
#8504=DIRECTION('',(-0.575702191023332,-0.817659456773377,0.));
#8505=DIRECTION('',(1.,0.,0.));
#8506=DIRECTION('',(0.,0.,-1.));
#8507=DIRECTION('',(0.,0.,-1.));
#8508=DIRECTION('',(0.,-1.,0.));
#8509=DIRECTION('',(0.,1.,0.));
#8510=DIRECTION('',(0.,0.,1.));
#8511=DIRECTION('',(0.,0.,-1.));
#8512=DIRECTION('',(1.,0.,0.));
#8513=DIRECTION('',(-1.,0.,0.));
#8514=DIRECTION('',(0.,0.,1.));
#8515=DIRECTION('',(0.,0.,-1.));
#8516=DIRECTION('',(0.,1.,0.));
#8517=DIRECTION('',(0.,-1.,0.));
#8518=DIRECTION('',(0.,0.,-1.));
#8519=DIRECTION('',(0.,0.,-1.));
#8520=DIRECTION('',(-1.,0.,0.));
#8521=DIRECTION('',(-0.819130979151988,0.573606519308755,0.));
#8522=DIRECTION('',(-0.573606519308755,-0.819130979151988,0.));
#8523=DIRECTION('',(0.,0.,-1.));
#8524=DIRECTION('',(0.573606519308755,0.819130979151988,0.));
#8525=DIRECTION('',(-1.,0.,0.));
#8526=DIRECTION('',(0.,0.,1.));
#8527=DIRECTION('',(0.,1.,0.));
#8528=DIRECTION('',(0.,0.,1.));
#8529=DIRECTION('',(1.,0.,0.));
#8530=DIRECTION('',(0.,0.,-1.));
#8531=DIRECTION('',(0.,0.,-1.));
#8532=DIRECTION('',(0.,0.,-1.));
#8533=DIRECTION('',(0.,0.,-1.));
#8534=DIRECTION('',(0.,0.,-1.));
#8535=DIRECTION('',(0.,0.,-1.));
#8536=DIRECTION('',(0.,0.,-1.));
#8537=DIRECTION('',(0.,0.,-1.));
#8538=DIRECTION('',(0.,0.,-1.));
#8539=DIRECTION('',(0.,0.,-1.));
#8540=DIRECTION('',(0.,0.,-1.));
#8541=DIRECTION('',(0.,0.,-1.));
#8542=DIRECTION('',(0.,0.,-1.));
#8543=DIRECTION('',(0.,0.,-1.));
#8544=DIRECTION('',(0.,0.,-1.));
#8545=DIRECTION('',(0.,0.,-1.));
#8546=DIRECTION('',(0.,0.,-1.));
#8547=DIRECTION('',(0.,0.,1.));
#8548=DIRECTION('',(1.,0.,0.));
#8549=DIRECTION('',(0.,0.,-1.));
#8550=DIRECTION('',(0.,0.,-1.));
#8551=DIRECTION('',(0.,0.,-1.));
#8552=DIRECTION('',(0.,0.,-1.));
#8553=DIRECTION('',(0.,0.,-1.));
#8554=DIRECTION('',(0.,0.,-1.));
#8555=DIRECTION('',(0.,0.,-1.));
#8556=DIRECTION('',(0.,0.,-1.));
#8557=DIRECTION('',(0.,0.,-1.));
#8558=DIRECTION('',(0.,0.,-1.));
#8559=DIRECTION('',(0.,0.,-1.));
#8560=DIRECTION('',(0.,0.,-1.));
#8561=DIRECTION('',(0.,0.,-1.));
#8562=DIRECTION('',(0.,0.,-1.));
#8563=DIRECTION('',(0.,0.,-1.));
#8564=DIRECTION('',(0.,0.,-1.));
#8565=DIRECTION('',(0.,0.,-1.));
#8566=DIRECTION('',(0.,0.,1.));
#8567=DIRECTION('',(1.,0.,0.));
#8568=DIRECTION('',(-1.,0.,0.));
#8569=DIRECTION('',(0.,0.,1.));
#8570=DIRECTION('',(0.,0.,-1.));
#8571=DIRECTION('',(0.,1.,0.));
#8572=DIRECTION('',(0.,0.,-1.));
#8573=DIRECTION('',(0.,-1.,0.));
#8574=DIRECTION('',(0.,0.,-1.));
#8575=DIRECTION('',(0.,0.,-1.));
#8576=DIRECTION('',(-1.,0.,0.));
#8577=DIRECTION('',(1.,0.,0.));
#8578=DIRECTION('',(0.,0.,-1.));
#8579=DIRECTION('',(0.,0.,-1.));
#8580=DIRECTION('',(0.,-1.,0.));
#8581=DIRECTION('',(0.,0.,-1.));
#8582=DIRECTION('',(0.,0.,-1.));
#8583=DIRECTION('',(0.,0.,-1.));
#8584=DIRECTION('',(-0.216632098567896,0.976253314396458,0.));
#8585=DIRECTION('',(0.,0.,-1.));
#8586=DIRECTION('',(0.,0.,-1.));
#8587=DIRECTION('',(-1.,0.,0.));
#8588=DIRECTION('',(0.,0.,-1.));
#8589=DIRECTION('',(-0.66184109266089,0.749644160962679,0.));
#8590=DIRECTION('',(0.,0.,-1.));
#8591=DIRECTION('',(0.,0.,-1.));
#8592=DIRECTION('',(-1.,0.,0.));
#8593=DIRECTION('',(0.,1.,0.));
#8594=DIRECTION('',(0.,0.,1.));
#8595=DIRECTION('',(0.,0.,-1.));
#8596=DIRECTION('',(1.,0.,0.));
#8597=DIRECTION('',(0.984336643247303,0.176299100283102,0.));
#8598=DIRECTION('',(-0.176299100283102,0.984336643247303,0.));
#8599=DIRECTION('',(0.,0.,-1.));
#8600=DIRECTION('',(0.176299100283102,-0.984336643247303,0.));
#8601=DIRECTION('',(0.,1.,0.));
#8602=DIRECTION('',(0.,0.,1.));
#8603=DIRECTION('',(0.,0.,-1.));
#8604=DIRECTION('',(1.,0.,0.));
#8605=DIRECTION('',(-1.,0.,0.));
#8606=DIRECTION('',(0.,0.,1.));
#8607=DIRECTION('',(0.,0.,-1.));
#8608=DIRECTION('',(0.,1.,0.));
#8609=DIRECTION('',(0.,-1.,0.));
#8610=DIRECTION('',(0.,0.,-1.));
#8611=DIRECTION('',(0.,0.,-1.));
#8612=DIRECTION('',(-1.,0.,0.));
#8613=DIRECTION('',(1.,0.,0.));
#8614=DIRECTION('',(0.,0.,-1.));
#8615=DIRECTION('',(0.,0.,-1.));
#8616=DIRECTION('',(0.,-1.,0.));
#8617=DIRECTION('',(0.,0.,-1.));
#8618=DIRECTION('',(0.,0.,-1.));
#8619=DIRECTION('',(0.,0.,-1.));
#8620=DIRECTION('',(0.,0.,1.));
#8621=DIRECTION('',(1.,0.,0.));
#8622=DIRECTION('',(0.,0.,-1.));
#8623=DIRECTION('',(0.,0.,-1.));
#8624=DIRECTION('',(0.,0.,-1.));
#8625=DIRECTION('',(0.,0.,-1.));
#8626=DIRECTION('',(0.,0.,-1.));
#8627=DIRECTION('',(0.,0.,-1.));
#8628=DIRECTION('',(0.,0.,-1.));
#8629=DIRECTION('',(0.,0.,-1.));
#8630=DIRECTION('',(0.,0.,-1.));
#8631=DIRECTION('',(0.,0.,-1.));
#8632=DIRECTION('',(0.941094974504351,-0.338142350146583,0.));
#8633=DIRECTION('',(0.338142350146583,0.941094974504351,0.));
#8634=DIRECTION('',(0.,0.,-1.));
#8635=DIRECTION('',(-0.338142350146584,-0.941094974504351,0.));
#8636=DIRECTION('',(0.,0.,-1.));
#8637=DIRECTION('',(0.,0.,-1.));
#8638=DIRECTION('',(0.,0.,-1.));
#8639=DIRECTION('',(0.,0.,-1.));
#8640=DIRECTION('',(0.,0.,-1.));
#8641=DIRECTION('',(0.,0.,-1.));
#8642=DIRECTION('',(0.,0.,-1.));
#8643=DIRECTION('',(0.,0.,-1.));
#8644=DIRECTION('',(0.,0.,-1.));
#8645=DIRECTION('',(0.,0.,-1.));
#8646=DIRECTION('',(0.,0.,-1.));
#8647=DIRECTION('',(-0.103930416659102,-0.994584570809876,0.));
#8648=DIRECTION('',(0.,0.,-1.));
#8649=DIRECTION('',(0.,0.,-1.));
#8650=DIRECTION('',(-1.,0.,0.));
#8651=DIRECTION('',(0.,0.,-1.));
#8652=DIRECTION('',(-0.293310951628146,-0.956017094854999,0.));
#8653=DIRECTION('',(0.,0.,-1.));
#8654=DIRECTION('',(0.,0.,-1.));
#8655=DIRECTION('',(-1.,0.,0.));
#8656=DIRECTION('',(-1.,0.,0.));
#8657=DIRECTION('',(0.,0.,1.));
#8658=DIRECTION('',(0.,0.,-1.));
#8659=DIRECTION('',(0.,1.,0.));
#8660=DIRECTION('',(0.,0.,-1.));
#8661=DIRECTION('',(0.,0.,1.));
#8662=DIRECTION('',(1.,0.,0.));
#8663=DIRECTION('',(-1.,0.,0.));
#8664=DIRECTION('',(0.,0.,1.));
#8665=DIRECTION('',(0.,0.,-1.));
#8666=DIRECTION('',(0.,1.,0.));
#8667=DIRECTION('',(0.,0.,-1.));
#8668=DIRECTION('',(0.,-1.,0.));
#8669=DIRECTION('',(0.,0.,-1.));
#8670=DIRECTION('',(0.,0.,-1.));
#8671=DIRECTION('',(-1.,0.,0.));
#8672=DIRECTION('',(1.,0.,0.));
#8673=DIRECTION('',(0.,0.,-1.));
#8674=DIRECTION('',(0.,0.,-1.));
#8675=DIRECTION('',(0.,-1.,0.));
#8676=DIRECTION('',(0.,0.,-1.));
#8677=DIRECTION('',(0.,0.,-1.));
#8678=DIRECTION('',(0.,0.,-1.));
#8679=DIRECTION('',(-0.216632098567893,0.976253314396459,0.));
#8680=DIRECTION('',(0.,0.,-1.));
#8681=DIRECTION('',(0.,0.,-1.));
#8682=DIRECTION('',(-1.,0.,0.));
#8683=DIRECTION('',(0.,0.,-1.));
#8684=DIRECTION('',(-0.661841092660882,0.749644160962686,0.));
#8685=DIRECTION('',(0.,0.,-1.));
#8686=DIRECTION('',(0.,0.,-1.));
#8687=DIRECTION('',(-1.,0.,0.));
#8688=DIRECTION('',(0.,1.,0.));
#8689=DIRECTION('',(0.,0.,1.));
#8690=DIRECTION('',(0.,0.,-1.));
#8691=DIRECTION('',(1.,0.,0.));
#8692=DIRECTION('',(0.984336643247303,0.176299100283102,0.));
#8693=DIRECTION('',(-0.176299100283102,0.984336643247303,0.));
#8694=DIRECTION('',(0.,0.,-1.));
#8695=DIRECTION('',(0.176299100283102,-0.984336643247303,0.));
#8696=DIRECTION('',(0.,1.,0.));
#8697=DIRECTION('',(0.,0.,1.));
#8698=DIRECTION('',(0.,0.,-1.));
#8699=DIRECTION('',(1.,0.,0.));
#8700=DIRECTION('',(-1.,0.,0.));
#8701=DIRECTION('',(0.,0.,1.));
#8702=DIRECTION('',(0.,0.,-1.));
#8703=DIRECTION('',(0.,1.,0.));
#8704=DIRECTION('',(0.,-1.,0.));
#8705=DIRECTION('',(0.,0.,-1.));
#8706=DIRECTION('',(0.,0.,-1.));
#8707=DIRECTION('',(-1.,0.,0.));
#8708=DIRECTION('',(1.,0.,0.));
#8709=DIRECTION('',(0.,0.,-1.));
#8710=DIRECTION('',(0.,0.,-1.));
#8711=DIRECTION('',(0.,-1.,0.));
#8712=DIRECTION('',(0.,0.,-1.));
#8713=DIRECTION('',(0.,0.,-1.));
#8714=DIRECTION('',(0.,0.,-1.));
#8715=DIRECTION('',(0.,0.,1.));
#8716=DIRECTION('',(1.,0.,0.));
#8717=DIRECTION('',(-0.954454613940617,-0.298356146119814,0.));
#8718=DIRECTION('',(0.298356146119815,-0.954454613940617,0.));
#8719=DIRECTION('',(0.,0.,-1.));
#8720=DIRECTION('',(-0.298356146119815,0.954454613940617,0.));
#8721=DIRECTION('',(0.,0.,-1.));
#8722=DIRECTION('',(0.,-1.,0.));
#8723=DIRECTION('',(0.,0.,-1.));
#8724=DIRECTION('',(0.,0.,-1.));
#8725=DIRECTION('',(-1.,0.,0.));
#8726=DIRECTION('',(0.96390798405741,-0.266235606691477,0.));
#8727=DIRECTION('',(0.266235606691477,0.963907984057411,0.));
#8728=DIRECTION('',(0.,0.,-1.));
#8729=DIRECTION('',(-0.266235606691477,-0.963907984057411,0.));
#8730=DIRECTION('',(0.,1.,0.));
#8731=DIRECTION('',(0.,0.,1.));
#8732=DIRECTION('',(0.,0.,-1.));
#8733=DIRECTION('',(1.,0.,0.));
#8734=DIRECTION('',(0.,0.,-1.));
#8735=DIRECTION('',(0.,0.,-1.));
#8736=DIRECTION('',(-0.982723647817124,0.185078988599476,0.));
#8737=DIRECTION('',(0.,0.,-1.));
#8738=DIRECTION('',(0.,0.,-1.));
#8739=DIRECTION('',(-1.,0.,0.));
#8740=DIRECTION('',(0.,1.,0.));
#8741=DIRECTION('',(0.,0.,1.));
#8742=DIRECTION('',(0.,0.,-1.));
#8743=DIRECTION('',(1.,0.,0.));
#8744=DIRECTION('',(0.,0.,-1.));
#8745=DIRECTION('',(0.954669872806283,0.297666649048958,0.));
#8746=DIRECTION('',(-0.297666649048958,0.954669872806283,0.));
#8747=DIRECTION('',(0.,0.,-1.));
#8748=DIRECTION('',(0.297666649048958,-0.954669872806283,0.));
#8749=DIRECTION('',(0.,1.,0.));
#8750=DIRECTION('',(0.,0.,1.));
#8751=DIRECTION('',(0.,0.,-1.));
#8752=DIRECTION('',(1.,0.,0.));
#8753=DIRECTION('',(-0.952581544244644,0.304283423085269,0.));
#8754=DIRECTION('',(-0.304283423085269,-0.952581544244644,0.));
#8755=DIRECTION('',(0.,0.,-1.));
#8756=DIRECTION('',(0.304283423085269,0.952581544244644,0.));
#8757=DIRECTION('',(0.,0.,-1.));
#8758=DIRECTION('',(-0.957594306936628,0.288120015484102,0.));
#8759=DIRECTION('',(0.,0.,-1.));
#8760=DIRECTION('',(0.,0.,-1.));
#8761=DIRECTION('',(-1.,0.,0.));
#8762=DIRECTION('',(0.,0.,-1.));
#8763=DIRECTION('',(-0.973088718400711,0.230430783796919,0.));
#8764=DIRECTION('',(0.,0.,-1.));
#8765=DIRECTION('',(0.,0.,-1.));
#8766=DIRECTION('',(-1.,0.,0.));
#8767=DIRECTION('',(0.,1.,0.));
#8768=DIRECTION('',(0.,0.,1.));
#8769=DIRECTION('',(0.,0.,-1.));
#8770=DIRECTION('',(1.,0.,0.));
#8771=DIRECTION('',(0.,0.,-1.));
#8772=DIRECTION('',(0.968618284775867,0.248553049464009,-5.63845181634242E-25));
#8773=DIRECTION('',(0.248553049464009,-0.968618284775867,-7.1174362480817E-16));
#8774=DIRECTION('',(-5.8211288233601E-25,0.,-1.));
#8775=DIRECTION('',(0.248553049464009,-0.968618284775867,-7.1174362480817E-16));
#8776=DIRECTION('',(0.,1.,0.));
#8777=DIRECTION('',(0.,0.,1.));
#8778=DIRECTION('',(0.,0.,-1.));
#8779=DIRECTION('',(1.,0.,0.));
#8780=DIRECTION('',(-0.964770321360969,-0.26309357084705,0.));
#8781=DIRECTION('',(0.26309357084705,-0.96477032136097,0.));
#8782=DIRECTION('',(0.,0.,-1.));
#8783=DIRECTION('',(-0.26309357084705,0.96477032136097,0.));
#8784=DIRECTION('',(0.,-1.,0.));
#8785=DIRECTION('',(0.,0.,-1.));
#8786=DIRECTION('',(0.,0.,-1.));
#8787=DIRECTION('',(-1.,0.,0.));
#8788=DIRECTION('',(0.951587646770912,-0.307377537424253,0.));
#8789=DIRECTION('',(0.307377537424253,0.951587646770912,0.));
#8790=DIRECTION('',(0.,0.,-1.));
#8791=DIRECTION('',(-0.307377537424253,-0.951587646770912,0.));
#8792=DIRECTION('',(0.,0.,-1.));
#8793=DIRECTION('',(0.,-1.,0.));
#8794=DIRECTION('',(0.,0.,-1.));
#8795=DIRECTION('',(0.,0.,-1.));
#8796=DIRECTION('',(-1.,0.,0.));
#8797=DIRECTION('',(0.,0.,1.));
#8798=DIRECTION('',(1.,0.,0.));
#8799=DIRECTION('',(0.,0.,-1.));
#8800=DIRECTION('',(0.,0.,-1.));
#8801=DIRECTION('',(0.,0.,-1.));
#8802=DIRECTION('',(0.,0.,-1.));
#8803=DIRECTION('',(0.,0.,-1.));
#8804=DIRECTION('',(0.,0.,-1.));
#8805=DIRECTION('',(0.,0.,-1.));
#8806=DIRECTION('',(0.,0.,-1.));
#8807=DIRECTION('',(0.,0.,-1.));
#8808=DIRECTION('',(0.,0.,-1.));
#8809=DIRECTION('',(0.,0.,-1.));
#8810=DIRECTION('',(0.,0.,-1.));
#8811=DIRECTION('',(0.,0.,-1.));
#8812=DIRECTION('',(0.,0.,-1.));
#8813=DIRECTION('',(0.,0.,-1.));
#8814=DIRECTION('',(0.,0.,-1.));
#8815=DIRECTION('',(0.,0.,-1.));
#8816=DIRECTION('',(0.,0.,1.));
#8817=DIRECTION('',(1.,0.,0.));
#8818=DIRECTION('',(0.,0.,-1.));
#8819=DIRECTION('',(0.,0.,-1.));
#8820=DIRECTION('',(0.,0.,-1.));
#8821=DIRECTION('',(0.,0.,-1.));
#8822=DIRECTION('',(0.,1.,0.));
#8823=DIRECTION('',(0.,0.,1.));
#8824=DIRECTION('',(1.,0.,0.));
#8825=DIRECTION('',(0.,0.,-1.));
#8826=DIRECTION('',(1.,0.,0.));
#8827=DIRECTION('',(1.,0.,0.));
#8828=DIRECTION('',(0.,0.,-1.));
#8829=DIRECTION('',(0.,-1.,0.));
#8830=DIRECTION('',(0.,0.,-1.));
#8831=DIRECTION('',(0.,-1.,0.));
#8832=DIRECTION('',(0.,-1.,0.));
#8833=DIRECTION('',(0.,0.,-1.));
#8834=DIRECTION('',(-1.,0.,0.));
#8835=DIRECTION('',(0.,0.,-1.));
#8836=DIRECTION('',(-1.,0.,0.));
#8837=DIRECTION('',(0.,0.,-1.));
#8838=DIRECTION('',(0.,0.,-1.));
#8839=DIRECTION('',(0.,0.,-1.));
#8840=DIRECTION('',(0.,0.,-1.));
#8841=DIRECTION('',(0.,1.,0.));
#8842=DIRECTION('',(0.,0.,1.));
#8843=DIRECTION('',(0.,0.,-1.));
#8844=DIRECTION('',(1.,0.,0.));
#8845=DIRECTION('',(-1.,-3.18124335048944E-16,0.));
#8846=DIRECTION('',(3.18124335048944E-16,-1.,0.));
#8847=DIRECTION('',(0.,0.,-1.));
#8848=DIRECTION('',(-3.18124335048944E-16,1.,0.));
#8849=DIRECTION('',(0.,-1.,0.));
#8850=DIRECTION('',(0.,0.,-1.));
#8851=DIRECTION('',(0.,0.,-1.));
#8852=DIRECTION('',(-1.,0.,0.));
#8853=DIRECTION('',(0.,0.,1.));
#8854=DIRECTION('',(1.,0.,0.));
#8855=DIRECTION('',(0.,0.,-1.));
#8856=DIRECTION('',(0.,0.,-1.));
#8857=DIRECTION('',(0.,0.,-1.));
#8858=DIRECTION('',(0.,0.,-1.));
#8859=DIRECTION('',(0.,0.,-1.));
#8860=DIRECTION('',(0.,0.,-1.));
#8861=DIRECTION('',(0.,0.,-1.));
#8862=DIRECTION('',(0.,0.,-1.));
#8863=DIRECTION('',(1.,0.,0.));
#8864=DIRECTION('',(0.,0.,-1.));
#8865=DIRECTION('',(0.,-1.,0.));
#8866=DIRECTION('',(0.,0.,-1.));
#8867=DIRECTION('',(0.,-1.,0.));
#8868=DIRECTION('',(0.,0.,-1.));
#8869=DIRECTION('',(-0.201554764423439,-0.979477246769016,0.));
#8870=DIRECTION('',(0.,0.,-1.));
#8871=DIRECTION('',(0.,0.,-1.));
#8872=DIRECTION('',(-1.,0.,0.));
#8873=DIRECTION('',(0.,0.,-1.));
#8874=DIRECTION('',(0.,0.,-1.));
#8875=DIRECTION('',(0.,0.,-1.));
#8876=DIRECTION('',(0.,0.,-1.));
#8877=DIRECTION('',(0.,0.,-1.));
#8878=DIRECTION('',(0.,0.,-1.));
#8879=DIRECTION('',(0.,0.,-1.));
#8880=DIRECTION('',(0.,1.,0.));
#8881=DIRECTION('',(0.,0.,1.));
#8882=DIRECTION('',(0.,0.,-1.));
#8883=DIRECTION('',(1.,0.,0.));
#8884=DIRECTION('',(0.988420375365386,0.151740441420702,0.));
#8885=DIRECTION('',(-0.151740441420702,0.988420375365386,0.));
#8886=DIRECTION('',(0.,0.,-1.));
#8887=DIRECTION('',(0.151740441420702,-0.988420375365386,0.));
#8888=DIRECTION('',(0.,1.,0.));
#8889=DIRECTION('',(0.,0.,1.));
#8890=DIRECTION('',(0.,0.,-1.));
#8891=DIRECTION('',(1.,0.,0.));
#8892=DIRECTION('',(-1.,0.,0.));
#8893=DIRECTION('',(0.,0.,1.));
#8894=DIRECTION('',(0.,0.,-1.));
#8895=DIRECTION('',(0.,1.,0.));
#8896=DIRECTION('',(0.,-1.,0.));
#8897=DIRECTION('',(0.,0.,-1.));
#8898=DIRECTION('',(0.,0.,-1.));
#8899=DIRECTION('',(-1.,0.,0.));
#8900=DIRECTION('',(1.,0.,0.));
#8901=DIRECTION('',(0.,0.,-1.));
#8902=DIRECTION('',(0.,0.,-1.));
#8903=DIRECTION('',(0.,-1.,0.));
#8904=DIRECTION('',(0.,0.,-1.));
#8905=DIRECTION('',(0.997857743372586,0.0654211280196954,0.));
#8906=DIRECTION('',(0.,0.,-1.));
#8907=DIRECTION('',(0.,0.,-1.));
#8908=DIRECTION('',(-1.,0.,0.));
#8909=DIRECTION('',(0.,-1.,0.));
#8910=DIRECTION('',(0.,0.,-1.));
#8911=DIRECTION('',(0.,0.,-1.));
#8912=DIRECTION('',(-1.,0.,0.));
#8913=DIRECTION('',(0.,0.,-1.));
#8914=DIRECTION('',(-0.632771373895152,-0.774338678085269,0.));
#8915=DIRECTION('',(0.,0.,-1.));
#8916=DIRECTION('',(-1.,0.,0.));
#8917=DIRECTION('',(0.,0.,1.));
#8918=DIRECTION('',(1.,0.,0.));
#8919=DIRECTION('',(1.,0.,0.));
#8920=DIRECTION('',(0.,0.,-1.));
#8921=DIRECTION('',(0.,0.,-1.));
#8922=DIRECTION('',(0.,-1.,0.));
#8923=DIRECTION('',(0.,0.,-1.));
#8924=DIRECTION('',(0.,1.,0.));
#8925=DIRECTION('',(0.,0.,1.));
#8926=DIRECTION('',(0.,0.,-1.));
#8927=DIRECTION('',(1.,0.,0.));
#8928=DIRECTION('',(-1.,0.,0.));
#8929=DIRECTION('',(0.,0.,1.));
#8930=DIRECTION('',(0.,0.,-1.));
#8931=DIRECTION('',(0.,1.,0.));
#8932=DIRECTION('',(0.,0.,-1.));
#8933=DIRECTION('',(0.,0.,-1.));
#8934=DIRECTION('',(0.,0.,-1.));
#8935=DIRECTION('',(0.,0.,-1.));
#8936=DIRECTION('',(1.,0.,0.));
#8937=DIRECTION('',(0.,0.,-1.));
#8938=DIRECTION('',(0.,0.,-1.));
#8939=DIRECTION('',(0.,-1.,0.));
#8940=DIRECTION('',(0.,1.,0.));
#8941=DIRECTION('',(0.,0.,1.));
#8942=DIRECTION('',(0.,0.,-1.));
#8943=DIRECTION('',(1.,0.,0.));
#8944=DIRECTION('',(-1.,0.,0.));
#8945=DIRECTION('',(0.,0.,1.));
#8946=DIRECTION('',(0.,0.,-1.));
#8947=DIRECTION('',(0.,1.,0.));
#8948=DIRECTION('',(0.,0.,-1.));
#8949=DIRECTION('',(0.,0.,-1.));
#8950=DIRECTION('',(0.,0.,-1.));
#8951=DIRECTION('',(0.,0.,1.));
#8952=DIRECTION('',(1.,0.,0.));
#8953=DIRECTION('',(1.,0.,0.));
#8954=DIRECTION('',(0.,0.,-1.));
#8955=DIRECTION('',(0.,0.,-1.));
#8956=DIRECTION('',(0.,-1.,0.));
#8957=DIRECTION('',(0.,0.,-1.));
#8958=DIRECTION('',(0.,1.,0.));
#8959=DIRECTION('',(0.,0.,1.));
#8960=DIRECTION('',(0.,0.,-1.));
#8961=DIRECTION('',(1.,0.,0.));
#8962=DIRECTION('',(-1.,0.,0.));
#8963=DIRECTION('',(0.,0.,1.));
#8964=DIRECTION('',(0.,0.,-1.));
#8965=DIRECTION('',(0.,1.,0.));
#8966=DIRECTION('',(0.,0.,-1.));
#8967=DIRECTION('',(0.,0.,-1.));
#8968=DIRECTION('',(0.,0.,-1.));
#8969=DIRECTION('',(0.209354158016432,-0.977839882864895,0.));
#8970=DIRECTION('',(0.,0.,-1.));
#8971=DIRECTION('',(0.,0.,-1.));
#8972=DIRECTION('',(-1.,0.,0.));
#8973=DIRECTION('',(0.,0.,-1.));
#8974=DIRECTION('',(0.661046543161409,-0.75034489921259,0.));
#8975=DIRECTION('',(0.,0.,-1.));
#8976=DIRECTION('',(0.,0.,-1.));
#8977=DIRECTION('',(-1.,0.,0.));
#8978=DIRECTION('',(0.,-1.,0.));
#8979=DIRECTION('',(0.,0.,-1.));
#8980=DIRECTION('',(0.,0.,-1.));
#8981=DIRECTION('',(-1.,0.,0.));
#8982=DIRECTION('',(-0.986911938069553,-0.161260120599603,0.));
#8983=DIRECTION('',(0.161260120599603,-0.986911938069553,0.));
#8984=DIRECTION('',(0.,0.,-1.));
#8985=DIRECTION('',(-0.161260120599603,0.986911938069553,0.));
#8986=DIRECTION('',(0.,-1.,0.));
#8987=DIRECTION('',(0.,0.,-1.));
#8988=DIRECTION('',(0.,0.,-1.));
#8989=DIRECTION('',(-1.,0.,0.));
#8990=DIRECTION('',(1.,0.,0.));
#8991=DIRECTION('',(0.,0.,-1.));
#8992=DIRECTION('',(0.,0.,-1.));
#8993=DIRECTION('',(0.,-1.,0.));
#8994=DIRECTION('',(0.,1.,0.));
#8995=DIRECTION('',(0.,0.,1.));
#8996=DIRECTION('',(0.,0.,-1.));
#8997=DIRECTION('',(1.,0.,0.));
#8998=DIRECTION('',(-1.,0.,0.));
#8999=DIRECTION('',(0.,0.,1.));
#9000=DIRECTION('',(0.,0.,-1.));
#9001=DIRECTION('',(0.,1.,0.));
#9002=DIRECTION('',(0.,0.,-1.));
#9003=DIRECTION('',(0.,0.,-1.));
#9004=DIRECTION('',(0.,0.,-1.));
#9005=DIRECTION('',(0.,0.,1.));
#9006=DIRECTION('',(1.,0.,0.));
#9007=DIRECTION('',(0.,0.,-1.));
#9008=DIRECTION('',(0.,0.,-1.));
#9009=DIRECTION('',(0.,0.,-1.));
#9010=DIRECTION('',(0.,0.,-1.));
#9011=DIRECTION('',(0.,1.,0.));
#9012=DIRECTION('',(0.,0.,1.));
#9013=DIRECTION('',(1.,0.,0.));
#9014=DIRECTION('',(0.,0.,-1.));
#9015=DIRECTION('',(1.,0.,0.));
#9016=DIRECTION('',(0.,0.,-1.));
#9017=DIRECTION('',(0.,0.,-1.));
#9018=DIRECTION('',(0.,0.,-1.));
#9019=DIRECTION('',(0.0929446933497413,-0.99567127305056,0.));
#9020=DIRECTION('',(0.,0.,-1.));
#9021=DIRECTION('',(0.,0.,-1.));
#9022=DIRECTION('',(-1.,0.,0.));
#9023=DIRECTION('',(0.,0.,-1.));
#9024=DIRECTION('',(0.308001104403861,-0.951385999311532,0.));
#9025=DIRECTION('',(0.,0.,-1.));
#9026=DIRECTION('',(0.,0.,-1.));
#9027=DIRECTION('',(-1.,0.,0.));
#9028=DIRECTION('',(1.,0.,0.));
#9029=DIRECTION('',(0.,0.,-1.));
#9030=DIRECTION('',(0.,0.,-1.));
#9031=DIRECTION('',(0.,-1.,0.));
#9032=DIRECTION('',(0.,0.,-1.));
#9033=DIRECTION('',(0.204721178766051,-0.978820330277543,0.));
#9034=DIRECTION('',(0.,0.,-1.));
#9035=DIRECTION('',(0.,0.,-1.));
#9036=DIRECTION('',(-1.,0.,0.));
#9037=DIRECTION('',(0.,0.,-1.));
#9038=DIRECTION('',(0.,0.,-1.));
#9039=DIRECTION('',(0.,-1.,0.));
#9040=DIRECTION('',(0.,0.,-1.));
#9041=DIRECTION('',(0.,0.,-1.));
#9042=DIRECTION('',(-1.,0.,0.));
#9043=DIRECTION('',(1.,0.,0.));
#9044=DIRECTION('',(0.,0.,-1.));
#9045=DIRECTION('',(0.,0.,-1.));
#9046=DIRECTION('',(0.,-1.,0.));
#9047=DIRECTION('',(0.,0.,-1.));
#9048=DIRECTION('',(0.,0.,-1.));
#9049=DIRECTION('',(0.,0.,-1.));
#9050=DIRECTION('',(0.,0.,-1.));
#9051=DIRECTION('',(0.,0.,1.));
#9052=DIRECTION('',(1.,0.,0.));
#9053=DIRECTION('',(0.,0.,1.));
#9054=DIRECTION('',(1.,0.,0.));
#9055=DIRECTION('',(0.,0.,1.));
#9056=DIRECTION('',(1.,0.,0.));
#9057=DIRECTION('',(0.,0.,1.));
#9058=DIRECTION('',(1.,0.,0.));
#9059=DIRECTION('',(0.,0.,1.));
#9060=DIRECTION('',(1.,0.,0.));
#9061=DIRECTION('',(0.,0.,1.));
#9062=DIRECTION('',(1.,0.,0.));
#9063=DIRECTION('',(0.,0.,1.));
#9064=DIRECTION('',(1.,0.,0.));
#9065=DIRECTION('',(0.,0.,1.));
#9066=DIRECTION('',(1.,0.,0.));
#9067=CARTESIAN_POINT('',(0.,0.,0.));
#9068=CARTESIAN_POINT('',(-0.000259012506604192,-0.0327115828481317,0.033));
#9069=CARTESIAN_POINT('',(-0.000259012506604192,-0.0327115828481317,0.));
#9070=CARTESIAN_POINT('',(0.0349909874933958,-0.0327115828481317,0.));
#9071=CARTESIAN_POINT('',(-0.0355090125066042,-0.0327115828481317,0.));
#9072=CARTESIAN_POINT('',(0.0349909874933958,-0.0327115828481317,0.033));
#9073=CARTESIAN_POINT('',(0.0349909874933958,-0.0327115828481317,0.033));
#9074=CARTESIAN_POINT('',(-0.000259012506604192,-0.0327115828481317,0.033));
#9075=CARTESIAN_POINT('',(-0.0355090125066042,-0.0327115828481317,0.033));
#9076=CARTESIAN_POINT('',(-0.0355090125066042,-0.0327115828481317,0.033));
#9077=CARTESIAN_POINT('',(0.0349909874933958,-0.0282115828481317,0.033));
#9078=CARTESIAN_POINT('',(0.0349909874933958,-0.0282115828481317,0.));
#9079=CARTESIAN_POINT('',(0.0349909874933958,-0.0237115828481317,0.));
#9080=CARTESIAN_POINT('',(0.0349909874933958,-0.0237115828481317,0.033));
#9081=CARTESIAN_POINT('',(0.0349909874933958,-0.0237115828481317,0.033));
#9082=CARTESIAN_POINT('',(0.0349909874933958,-0.0282115828481317,0.033));
#9083=CARTESIAN_POINT('',(-0.000259012506604192,-0.0237115828481317,0.033));
#9084=CARTESIAN_POINT('',(-0.000259012506604192,-0.0237115828481317,0.));
#9085=CARTESIAN_POINT('',(-0.0355090125066042,-0.0237115828481317,0.));
#9086=CARTESIAN_POINT('',(-0.0355090125066042,-0.0237115828481317,0.033));
#9087=CARTESIAN_POINT('',(-0.0355090125066042,-0.0237115828481317,0.033));
#9088=CARTESIAN_POINT('',(-0.000259012506604192,-0.0237115828481317,0.033));
#9089=CARTESIAN_POINT('',(-0.0355090125066042,-0.0282115828481317,0.033));
#9090=CARTESIAN_POINT('',(-0.0355090125066042,-0.0282115828481317,0.));
#9091=CARTESIAN_POINT('',(-0.0355090125066042,-0.0282115828481317,0.033));
#9092=CARTESIAN_POINT('',(0.00198598749339638,-0.0319915828481317,0.033));
#9093=CARTESIAN_POINT('',(0.00198598749339638,-0.0319915828481317,0.));
#9094=CARTESIAN_POINT('',(0.,0.,0.));
#9095=CARTESIAN_POINT('',(0.0463349094688892,0.0192133914679289,0.025));
#9096=CARTESIAN_POINT('',(0.0463349094688892,0.0192133914679289,0.));
#9097=CARTESIAN_POINT('',(0.0463349094688892,0.0237133914679289,0.));
#9098=CARTESIAN_POINT('',(0.0463349094688892,0.0147133914679289,0.));
#9099=CARTESIAN_POINT('',(0.0463349094688892,0.0237133914679289,0.025));
#9100=CARTESIAN_POINT('',(0.0463349094688892,0.0237133914679289,0.025));
#9101=CARTESIAN_POINT('',(0.0463349094688892,0.0192133914679289,0.025));
#9102=CARTESIAN_POINT('',(0.0463349094688892,0.0147133914679289,0.025));
#9103=CARTESIAN_POINT('',(0.0463349094688892,0.0147133914679289,0.025));
#9104=CARTESIAN_POINT('',(0.0418349094688893,0.0237133914679289,0.025));
#9105=CARTESIAN_POINT('',(0.0418349094688893,0.0237133914679289,0.));
#9106=CARTESIAN_POINT('',(0.0373349094688892,0.0237133914679289,0.));
#9107=CARTESIAN_POINT('',(0.0373349094688892,0.0237133914679289,0.025));
#9108=CARTESIAN_POINT('',(0.0373349094688892,0.0237133914679289,0.025));
#9109=CARTESIAN_POINT('',(0.0418349094688893,0.0237133914679289,0.025));
#9110=CARTESIAN_POINT('',(0.0373349094688892,0.0192133914679289,0.025));
#9111=CARTESIAN_POINT('',(0.0373349094688892,0.0192133914679289,0.));
#9112=CARTESIAN_POINT('',(0.0373349094688892,0.0147133914679289,0.));
#9113=CARTESIAN_POINT('',(0.0373349094688892,0.0147133914679289,0.025));
#9114=CARTESIAN_POINT('',(0.0373349094688892,0.0147133914679289,0.025));
#9115=CARTESIAN_POINT('',(0.0373349094688892,0.0192133914679289,0.025));
#9116=CARTESIAN_POINT('',(0.0418349094688893,0.0147133914679289,0.025));
#9117=CARTESIAN_POINT('',(0.0418349094688893,0.0147133914679289,0.));
#9118=CARTESIAN_POINT('',(0.0418349094688893,0.0147133914679289,0.025));
#9119=CARTESIAN_POINT('',(0.0418349094688893,0.0192133914679289,0.025));
#9120=CARTESIAN_POINT('',(0.0418349094688893,0.0192133914679289,0.025));
#9121=CARTESIAN_POINT('',(0.0441349094688892,0.0192133914679289,0.025));
#9122=CARTESIAN_POINT('',(0.0418349094688893,0.0192133914679289,0.));
#9123=CARTESIAN_POINT('',(0.0441349094688892,0.0192133914679289,0.));
#9124=CARTESIAN_POINT('',(0.0017550028860569,1.0322779417038E-5,0.025));
#9125=CARTESIAN_POINT('',(0.0017550028860569,1.0322779417038E-5,0.));
#9126=CARTESIAN_POINT('',(0.,0.,0.));
#9127=CARTESIAN_POINT('',(0.00198598749339638,-0.0372715828481317,0.033));
#9128=CARTESIAN_POINT('',(-0.0357042178511619,-0.0372715828481317,0.033));
#9129=CARTESIAN_POINT('',(-0.0357042178511619,-0.0372715828481317,0.033));
#9130=CARTESIAN_POINT('',(-0.0357042178511619,-0.0372715828481317,0.));
#9131=CARTESIAN_POINT('',(0.00198598749339638,-0.0372715828481317,0.033));
#9132=CARTESIAN_POINT('',(0.0390609874933958,-0.0372715828481317,0.033));
#9133=CARTESIAN_POINT('',(0.0390609874933958,-0.0372715828481317,0.033));
#9134=CARTESIAN_POINT('',(0.0390609874933958,-0.0372715828481317,0.0240746484472846));
#9135=CARTESIAN_POINT('',(0.00478303290768593,-0.0372715828481317,0.0240746484472846));
#9136=CARTESIAN_POINT('',(-0.0294949216780239,-0.0372715828481317,0.0240746484472846));
#9137=CARTESIAN_POINT('',(-0.0294949216780239,-0.0372715828481317,0.0136193560596343));
#9138=CARTESIAN_POINT('',(-0.0294949216780239,-0.0372715828481317,0.00316406367198397));
#9139=CARTESIAN_POINT('',(0.00478303290768593,-0.0372715828481317,0.00316406367198397));
#9140=CARTESIAN_POINT('',(0.0390609874933958,-0.0372715828481317,0.00316406367198397));
#9141=CARTESIAN_POINT('',(0.0390609874933958,-0.0372715828481317,0.033));
#9142=CARTESIAN_POINT('',(0.0390609874933958,-0.0372715828481317,0.));
#9143=CARTESIAN_POINT('',(0.00198598749339638,-0.0372715828481317,0.));
#9144=CARTESIAN_POINT('',(0.0462359874933981,-0.00633108708127282,0.033));
#9145=CARTESIAN_POINT('',(0.0462359874933981,0.0237133914679289,0.033));
#9146=CARTESIAN_POINT('',(0.0462359874933981,0.0237133914679289,0.025));
#9147=CARTESIAN_POINT('',(0.0462359874933981,0.0237133914679289,0.));
#9148=CARTESIAN_POINT('',(0.0462359874933981,-0.00633108708127282,0.025));
#9149=CARTESIAN_POINT('',(0.0462359874933981,0.0147133914679289,0.025));
#9150=CARTESIAN_POINT('',(0.0462359874933981,0.0147133914679289,0.033));
#9151=CARTESIAN_POINT('',(0.0462359874933981,0.0147133914679289,0.));
#9152=CARTESIAN_POINT('',(0.0462359874933981,-0.00633108708127282,0.));
#9153=CARTESIAN_POINT('',(0.0462359874933981,-0.0237115828481317,0.));
#9154=CARTESIAN_POINT('',(0.0462359874933981,-0.0237115828481317,0.033));
#9155=CARTESIAN_POINT('',(0.0462359874933981,-0.0237115828481317,0.033));
#9156=CARTESIAN_POINT('',(0.0462359874933981,-0.00633108708127282,0.033));
#9157=CARTESIAN_POINT('',(0.0462359874933981,0.024609408685586,0.033));
#9158=CARTESIAN_POINT('',(0.0462359874933981,0.024609408685586,0.033));
#9159=CARTESIAN_POINT('',(0.0462359874933981,0.024609408685586,0.));
#9160=CARTESIAN_POINT('',(0.0462359874933981,-0.00633108708127282,0.));
#9161=CARTESIAN_POINT('',(0.00198598749339636,-0.00383108708127283,0.));
#9162=CARTESIAN_POINT('',(-0.0422640125066054,-0.00633108708127282,0.));
#9163=CARTESIAN_POINT('',(-0.0422640125066054,0.0152606012225151,0.));
#9164=CARTESIAN_POINT('',(-0.0422640125066054,-0.0152399556636811,0.));
#9165=CARTESIAN_POINT('',(-0.0383249036967755,-0.0152399556636811,0.));
#9166=CARTESIAN_POINT('',(-0.0338249036967754,-0.0152399556636811,0.));
#9167=CARTESIAN_POINT('',(-0.0338249036967754,-0.019739955663681,0.));
#9168=CARTESIAN_POINT('',(-0.0338249036967754,-0.0237115828481317,0.));
#9169=CARTESIAN_POINT('',(-0.000259012506604192,-0.0237115828481317,0.));
#9170=CARTESIAN_POINT('',(0.0349909874933958,-0.0237115828481317,0.));
#9171=CARTESIAN_POINT('',(0.0349909874933958,-0.0282115828481317,0.));
#9172=CARTESIAN_POINT('',(0.0349909874933958,-0.0327115828481317,0.));
#9173=CARTESIAN_POINT('',(-0.000259012506604192,-0.0327115828481317,0.));
#9174=CARTESIAN_POINT('',(-0.0355090125066042,-0.0327115828481317,0.));
#9175=CARTESIAN_POINT('',(-0.0355090125066042,-0.0282115828481317,0.));
#9176=CARTESIAN_POINT('',(-0.0355090125066042,-0.0242399556636811,0.));
#9177=CARTESIAN_POINT('',(-0.0383249036967755,-0.0242399556636811,0.));
#9178=CARTESIAN_POINT('',(-0.0357042178511619,-0.0242399556636811,0.));
#9179=CARTESIAN_POINT('',(-0.0357042178511619,-0.0320061542199552,0.));
#9180=CARTESIAN_POINT('',(0.0390609874933958,-0.0319915828481317,0.));
#9181=CARTESIAN_POINT('',(0.0390609874933958,-0.0242344198822975,0.));
#9182=CARTESIAN_POINT('',(0.0422757687926293,-0.0242344198822975,0.));
#9183=CARTESIAN_POINT('',(0.0383757687926293,-0.0242344198822975,0.));
#9184=CARTESIAN_POINT('',(0.0383757687926293,-0.0197344198822975,0.));
#9185=CARTESIAN_POINT('',(0.0383757687926293,-0.0152344198822975,0.));
#9186=CARTESIAN_POINT('',(0.0422757687926293,-0.0152344198822975,0.));
#9187=CARTESIAN_POINT('',(0.0461757687926293,-0.0152344198822975,0.));
#9188=CARTESIAN_POINT('',(0.0461757687926293,-0.0197344198822975,0.));
#9189=CARTESIAN_POINT('',(0.0461757687926293,-0.0237115828481317,0.));
#9190=CARTESIAN_POINT('',(0.0466484874933969,-0.0237115828481317,0.));
#9191=CARTESIAN_POINT('',(0.0418349094688893,0.0147133914679289,0.));
#9192=CARTESIAN_POINT('',(0.0373349094688892,0.0147133914679289,0.));
#9193=CARTESIAN_POINT('',(0.0373349094688892,0.0192133914679289,0.));
#9194=CARTESIAN_POINT('',(0.0373349094688892,0.0237133914679289,0.));
#9195=CARTESIAN_POINT('',(0.0418349094688893,0.0237133914679289,0.));
#9196=CARTESIAN_POINT('',(0.00198598749339636,0.024609408685586,0.));
#9197=CARTESIAN_POINT('',(-0.0422640125066054,0.024609408685586,0.));
#9198=CARTESIAN_POINT('',(-0.0422640125066054,-0.00633108708127282,0.));
#9199=CARTESIAN_POINT('',(-0.0422640125066054,0.0242606012225151,0.));
#9200=CARTESIAN_POINT('',(-0.0378250181674958,0.0242606012225151,0.));
#9201=CARTESIAN_POINT('',(-0.0333250181674958,0.0242606012225151,0.));
#9202=CARTESIAN_POINT('',(-0.0333250181674958,0.0197606012225151,0.));
#9203=CARTESIAN_POINT('',(-0.0333250181674958,0.0152606012225151,0.));
#9204=CARTESIAN_POINT('',(-0.0378250181674958,0.0152606012225151,0.));
#9205=CARTESIAN_POINT('',(-0.0355090125066042,-0.0282115828481317,0.033));
#9206=CARTESIAN_POINT('',(-0.0355090125066042,-0.0282115828481317,0.025));
#9207=CARTESIAN_POINT('',(-0.0355090125066042,-0.0242399556636811,0.025));
#9208=CARTESIAN_POINT('',(-0.0355090125066042,-0.0237115828481317,0.025));
#9209=CARTESIAN_POINT('',(-0.0355090125066042,-0.0242399556636811,0.033));
#9210=CARTESIAN_POINT('',(-0.0355090125066042,-0.0327115828481317,0.033));
#9211=CARTESIAN_POINT('',(-0.0355090125066042,-0.0327115828481317,0.033));
#9212=CARTESIAN_POINT('',(-0.0355090125066042,-0.0282115828481317,0.033));
#9213=CARTESIAN_POINT('',(-0.0355090125066042,-0.0237115828481317,0.033));
#9214=CARTESIAN_POINT('',(-0.0355090125066042,-0.0237115828481317,0.033));
#9215=CARTESIAN_POINT('',(0.00198598749339636,-0.0402715828481316,-0.003));
#9216=CARTESIAN_POINT('',(0.00478303290768593,-0.0402715828481316,0.0240746484472846));
#9217=CARTESIAN_POINT('',(-0.0294949216780239,-0.0402715828481316,0.0240746484472846));
#9218=CARTESIAN_POINT('',(0.0390609874933958,-0.0402715828481316,0.0240746484472846));
#9219=CARTESIAN_POINT('',(0.0390609874933958,-0.0402715828481316,0.0136193560596343));
#9220=CARTESIAN_POINT('',(0.0390609874933958,-0.0402715828481316,0.00316406367198397));
#9221=CARTESIAN_POINT('',(0.00478303290768593,-0.0402715828481316,0.00316406367198397));
#9222=CARTESIAN_POINT('',(-0.0294949216780239,-0.0402715828481316,0.00316406367198397));
#9223=CARTESIAN_POINT('',(-0.0294949216780239,-0.0402715828481316,0.0136193560596343));
#9224=CARTESIAN_POINT('',(0.00198598749339636,-0.0402715828481316,0.033));
#9225=CARTESIAN_POINT('',(0.0542359874933981,-0.0402715828481316,0.033));
#9226=CARTESIAN_POINT('',(-0.0502640125066053,-0.0402715828481316,0.033));
#9227=CARTESIAN_POINT('',(-0.0502640125066053,-0.0402715828481316,-0.003));
#9228=CARTESIAN_POINT('',(-0.0502640125066053,-0.0402715828481316,-0.003));
#9229=CARTESIAN_POINT('',(0.00198598749339636,-0.0402715828481316,-0.003));
#9230=CARTESIAN_POINT('',(0.0542359874933981,-0.0402715828481316,-0.003));
#9231=CARTESIAN_POINT('',(0.0542359874933981,-0.0402715828481316,-0.003));
#9232=CARTESIAN_POINT('',(0.0542359874933981,-0.00383108708127282,-0.003));
#9233=CARTESIAN_POINT('',(0.0542359874933981,-0.00383108708127282,0.033));
#9234=CARTESIAN_POINT('',(0.0542359874933981,0.032609408685586,0.033));
#9235=CARTESIAN_POINT('',(0.0542359874933981,-0.00383108708127282,-0.003));
#9236=CARTESIAN_POINT('',(0.0542359874933981,0.032609408685586,-0.003));
#9237=CARTESIAN_POINT('',(0.0542359874933981,0.032609408685586,-0.003));
#9238=CARTESIAN_POINT('',(0.00198598749339635,0.032609408685586,-0.003));
#9239=CARTESIAN_POINT('',(-0.0502640125066054,0.032609408685586,-0.003));
#9240=CARTESIAN_POINT('',(-0.0502640125066054,0.032609408685586,-0.003));
#9241=CARTESIAN_POINT('',(-0.0502640125066054,0.032609408685586,0.033));
#9242=CARTESIAN_POINT('',(0.00198598749339635,0.032609408685586,0.033));
#9243=CARTESIAN_POINT('',(0.00198598749339635,0.032609408685586,-0.003));
#9244=CARTESIAN_POINT('',(-0.0502640125066053,-0.00383108708127284,-0.003));
#9245=CARTESIAN_POINT('',(-0.0502640125066053,-0.00383108708127284,0.033));
#9246=CARTESIAN_POINT('',(-0.0502640125066053,-0.00383108708127284,-0.003));
#9247=CARTESIAN_POINT('',(0.00198598749339636,-0.00383108708127283,-0.003));
#9248=CARTESIAN_POINT('',(0.00198598749339636,0.024609408685586,0.033));
#9249=CARTESIAN_POINT('',(0.00198598749339636,0.024609408685586,0.033));
#9250=CARTESIAN_POINT('',(-0.0422640125066054,0.024609408685586,0.033));
#9251=CARTESIAN_POINT('',(-0.0422640125066054,0.024609408685586,0.033));
#9252=CARTESIAN_POINT('',(-0.0422640125066054,-0.00633108708127282,0.033));
#9253=CARTESIAN_POINT('',(-0.0422640125066054,-0.0152399556636811,0.033));
#9254=CARTESIAN_POINT('',(-0.0422640125066054,-0.0152399556636811,0.025));
#9255=CARTESIAN_POINT('',(-0.0422640125066054,0.0152606012225151,0.033));
#9256=CARTESIAN_POINT('',(-0.0422640125066054,0.0152606012225151,0.025));
#9257=CARTESIAN_POINT('',(-0.0422640125066054,-0.00633108708127282,0.025));
#9258=CARTESIAN_POINT('',(-0.0422640125066054,0.0242606012225151,0.025));
#9259=CARTESIAN_POINT('',(-0.0422640125066054,0.0242606012225151,0.033));
#9260=CARTESIAN_POINT('',(-0.0422640125066054,-0.00633108708127282,0.033));
#9261=CARTESIAN_POINT('',(-0.0422640125066054,-0.0237407255917788,0.033));
#9262=CARTESIAN_POINT('',(-0.0422640125066054,-0.0237407255917788,0.033));
#9263=CARTESIAN_POINT('',(-0.0422640125066054,-0.0237407255917788,0.025));
#9264=CARTESIAN_POINT('',(-0.0422640125066054,-0.00633108708127282,0.025));
#9265=CARTESIAN_POINT('',(0.00198598749339636,-0.00383108708127283,0.033));
#9266=CARTESIAN_POINT('',(-0.0462427581832837,0.027874386421425,0.033));
#9267=CARTESIAN_POINT('',(-0.0439427581832837,0.027874386421425,0.033));
#9268=CARTESIAN_POINT('',(-0.0462427581832837,-0.0362677433829385,0.033));
#9269=CARTESIAN_POINT('',(-0.0439427581832837,-0.0362677433829385,0.033));
#9270=CARTESIAN_POINT('',(0.0500448476721699,-0.036642292694115,0.033));
#9271=CARTESIAN_POINT('',(0.0523448476721699,-0.036642292694115,0.033));
#9272=CARTESIAN_POINT('',(0.0500448476721699,0.0288273308607234,0.033));
#9273=CARTESIAN_POINT('',(0.0523448476721699,0.0288273308607234,0.033));
#9274=CARTESIAN_POINT('',(-0.0357042178511619,-0.0320061542199552,0.033));
#9275=CARTESIAN_POINT('',(-0.0357042178511619,-0.0237407255917788,0.033));
#9276=CARTESIAN_POINT('',(-0.0429841151788836,-0.0237407255917788,0.033));
#9277=CARTESIAN_POINT('',(0.0466484874933969,-0.0237115828481317,0.033));
#9278=CARTESIAN_POINT('',(0.0390609874933958,-0.0237115828481317,0.033));
#9279=CARTESIAN_POINT('',(0.0390609874933958,-0.0319915828481317,0.033));
#9280=CARTESIAN_POINT('',(-0.000259012506604192,-0.0327115828481317,0.033));
#9281=CARTESIAN_POINT('',(0.0349909874933958,-0.0327115828481317,0.033));
#9282=CARTESIAN_POINT('',(0.0349909874933958,-0.0327115828481317,0.033));
#9283=CARTESIAN_POINT('',(-0.000259012506604192,-0.0327115828481317,0.033));
#9284=CARTESIAN_POINT('',(0.0349909874933958,-0.0282115828481317,0.033));
#9285=CARTESIAN_POINT('',(0.0349909874933958,-0.0237115828481317,0.033));
#9286=CARTESIAN_POINT('',(0.0349909874933958,-0.0237115828481317,0.033));
#9287=CARTESIAN_POINT('',(0.0349909874933958,-0.0282115828481317,0.033));
#9288=CARTESIAN_POINT('',(-0.000259012506604192,-0.0237115828481317,0.033));
#9289=CARTESIAN_POINT('',(-0.0338249036967754,-0.0237115828481317,0.033));
#9290=CARTESIAN_POINT('',(-0.0338249036967754,-0.0237115828481317,0.025));
#9291=CARTESIAN_POINT('',(-0.000259012506604192,-0.0237115828481317,0.025));
#9292=CARTESIAN_POINT('',(-0.000259012506604192,-0.0237115828481317,0.033));
#9293=CARTESIAN_POINT('',(0.00198598749339638,-0.0319915828481317,0.033));
#9294=CARTESIAN_POINT('',(0.00478303290768593,-0.0372715828481317,0.0240746484472846));
#9295=CARTESIAN_POINT('',(-0.0294949216780239,-0.0372715828481317,0.0240746484472846));
#9296=CARTESIAN_POINT('',(0.0390609874933958,-0.0372715828481317,0.0240746484472846));
#9297=CARTESIAN_POINT('',(-0.0294949216780239,-0.0372715828481317,0.0136193560596343));
#9298=CARTESIAN_POINT('',(-0.0294949216780239,-0.0372715828481317,0.00316406367198397));
#9299=CARTESIAN_POINT('',(0.00478303290768593,-0.0372715828481317,0.00316406367198397));
#9300=CARTESIAN_POINT('',(0.0390609874933958,-0.0372715828481317,0.00316406367198397));
#9301=CARTESIAN_POINT('',(0.0390609874933958,-0.0372715828481317,0.0136193560596343));
#9302=CARTESIAN_POINT('',(0.0390609874933958,-0.0237115828481317,0.033));
#9303=CARTESIAN_POINT('',(0.0390609874933958,-0.0237115828481317,0.025));
#9304=CARTESIAN_POINT('',(0.0390609874933958,1.0322779417038E-5,0.025));
#9305=CARTESIAN_POINT('',(0.0390609874933958,-0.0242344198822975,0.025));
#9306=CARTESIAN_POINT('',(0.0390609874933958,-0.0242344198822975,0.025));
#9307=CARTESIAN_POINT('',(-0.0357042178511619,-0.0320061542199552,0.033));
#9308=CARTESIAN_POINT('',(-0.0357042178511619,-0.0242399556636811,0.025));
#9309=CARTESIAN_POINT('',(-0.0357042178511619,-0.0242399556636811,0.025));
#9310=CARTESIAN_POINT('',(-0.0357042178511619,1.0322779417038E-5,0.025));
#9311=CARTESIAN_POINT('',(-0.0357042178511619,-0.0237407255917788,0.025));
#9312=CARTESIAN_POINT('',(-0.0357042178511619,-0.0237407255917788,0.033));
#9313=CARTESIAN_POINT('',(-0.0338249036967754,-0.019739955663681,0.025));
#9314=CARTESIAN_POINT('',(-0.0338249036967754,-0.019739955663681,0.025));
#9315=CARTESIAN_POINT('',(-0.0338249036967754,-0.0152399556636811,0.025));
#9316=CARTESIAN_POINT('',(-0.0338249036967754,-0.0152399556636811,0.025));
#9317=CARTESIAN_POINT('',(0.0017550028860569,1.0322779417038E-5,0.025));
#9318=CARTESIAN_POINT('',(-0.0383249036967755,-0.019739955663681,0.025));
#9319=CARTESIAN_POINT('',(-0.0360249036967755,-0.019739955663681,0.025));
#9320=CARTESIAN_POINT('',(-0.0383249036967755,-0.0152399556636811,0.025));
#9321=CARTESIAN_POINT('',(0.0017550028860569,-0.0237407255917788,0.025));
#9322=CARTESIAN_POINT('',(-0.0383249036967755,-0.0242399556636811,0.025));
#9323=CARTESIAN_POINT('',(-0.0383249036967755,-0.0242399556636811,0.025));
#9324=CARTESIAN_POINT('',(-0.0383249036967755,-0.0152399556636811,0.025));
#9325=CARTESIAN_POINT('',(-0.0383249036967755,-0.019739955663681,0.025));
#9326=CARTESIAN_POINT('',(-0.0383249036967755,-0.019739955663681,0.));
#9327=CARTESIAN_POINT('',(-0.0360249036967755,-0.019739955663681,0.));
#9328=CARTESIAN_POINT('',(-0.0429841151788836,-0.0237407255917788,0.033));
#9329=CARTESIAN_POINT('',(-0.0378250181674958,0.0242606012225151,0.025));
#9330=CARTESIAN_POINT('',(-0.0378250181674958,0.0242606012225151,0.025));
#9331=CARTESIAN_POINT('',(-0.0333250181674958,0.0242606012225151,0.025));
#9332=CARTESIAN_POINT('',(-0.0333250181674958,0.0242606012225151,0.025));
#9333=CARTESIAN_POINT('',(-0.0378250181674958,0.0152606012225151,0.025));
#9334=CARTESIAN_POINT('',(-0.0333250181674958,0.0152606012225151,0.025));
#9335=CARTESIAN_POINT('',(-0.0333250181674958,0.0152606012225151,0.025));
#9336=CARTESIAN_POINT('',(-0.0378250181674958,0.0152606012225151,0.025));
#9337=CARTESIAN_POINT('',(-0.0378250181674958,0.0197606012225151,0.025));
#9338=CARTESIAN_POINT('',(-0.0378250181674958,0.0197606012225151,0.025));
#9339=CARTESIAN_POINT('',(-0.0355250181674958,0.0197606012225151,0.025));
#9340=CARTESIAN_POINT('',(-0.0378250181674958,0.0197606012225151,0.));
#9341=CARTESIAN_POINT('',(-0.0355250181674958,0.0197606012225151,0.));
#9342=CARTESIAN_POINT('',(-0.0333250181674958,0.0197606012225151,0.025));
#9343=CARTESIAN_POINT('',(-0.0333250181674958,0.0197606012225151,0.025));
#9344=CARTESIAN_POINT('',(0.0017550028860569,1.0322779417038E-5,0.025));
#9345=CARTESIAN_POINT('',(0.00198598749339636,-0.00383108708127283,0.));
#9346=CARTESIAN_POINT('',(0.0466484874933969,-0.0237115828481317,0.033));
#9347=CARTESIAN_POINT('',(0.0461757687926293,-0.0237115828481317,0.025));
#9348=CARTESIAN_POINT('',(0.0461757687926293,-0.0237115828481317,0.025));
#9349=CARTESIAN_POINT('',(0.0017550028860569,-0.0237115828481317,0.025));
#9350=CARTESIAN_POINT('',(0.0461757687926293,-0.0197344198822975,0.025));
#9351=CARTESIAN_POINT('',(0.0461757687926293,-0.0152344198822975,0.025));
#9352=CARTESIAN_POINT('',(0.0461757687926293,-0.0152344198822975,0.025));
#9353=CARTESIAN_POINT('',(0.0461757687926293,-0.0197344198822975,0.025));
#9354=CARTESIAN_POINT('',(0.0017550028860569,1.0322779417038E-5,0.025));
#9355=CARTESIAN_POINT('',(0.0416757687926292,-0.0197344198822975,0.025));
#9356=CARTESIAN_POINT('',(0.0439757687926293,-0.0197344198822975,0.025));
#9357=CARTESIAN_POINT('',(0.0422757687926293,-0.0152344198822975,0.025));
#9358=CARTESIAN_POINT('',(0.0383757687926293,-0.0152344198822975,0.025));
#9359=CARTESIAN_POINT('',(0.0383757687926293,-0.0197344198822975,0.025));
#9360=CARTESIAN_POINT('',(0.0383757687926293,-0.0242344198822975,0.025));
#9361=CARTESIAN_POINT('',(0.0422757687926293,-0.0242344198822975,0.025));
#9362=CARTESIAN_POINT('',(0.0422757687926293,-0.0242344198822975,0.025));
#9363=CARTESIAN_POINT('',(0.0383757687926293,-0.0242344198822975,0.025));
#9364=CARTESIAN_POINT('',(0.0422757687926293,-0.0152344198822975,0.025));
#9365=CARTESIAN_POINT('',(0.0383757687926293,-0.0152344198822975,0.025));
#9366=CARTESIAN_POINT('',(0.0416757687926292,-0.0197344198822975,0.025));
#9367=CARTESIAN_POINT('',(0.0416757687926292,-0.0197344198822975,0.));
#9368=CARTESIAN_POINT('',(0.0439757687926293,-0.0197344198822975,0.));
#9369=CARTESIAN_POINT('',(0.0383757687926293,-0.0197344198822975,0.025));
#9370=CARTESIAN_POINT('',(0.00198598749339636,-0.00383108708127283,0.));
#9371=CARTESIAN_POINT('',(0.0418349094688893,0.0237133914679289,0.025));
#9372=CARTESIAN_POINT('',(0.0418349094688893,0.0237133914679289,0.025));
#9373=CARTESIAN_POINT('',(0.0373349094688892,0.0237133914679289,0.025));
#9374=CARTESIAN_POINT('',(0.0373349094688892,0.0237133914679289,0.025));
#9375=CARTESIAN_POINT('',(0.0418349094688893,0.0147133914679289,0.025));
#9376=CARTESIAN_POINT('',(0.0418349094688893,0.0147133914679289,0.025));
#9377=CARTESIAN_POINT('',(0.0373349094688892,0.0147133914679289,0.025));
#9378=CARTESIAN_POINT('',(0.0373349094688892,0.0147133914679289,0.025));
#9379=CARTESIAN_POINT('',(0.0017550028860569,1.0322779417038E-5,0.025));
#9380=CARTESIAN_POINT('',(0.0418349094688893,0.0192133914679289,0.025));
#9381=CARTESIAN_POINT('',(0.0441349094688892,0.0192133914679289,0.025));
#9382=CARTESIAN_POINT('',(0.0373349094688892,0.0192133914679289,0.025));
#9383=CARTESIAN_POINT('',(0.0373349094688892,0.0192133914679289,0.025));
#9384=CARTESIAN_POINT('',(0.0418349094688893,0.0192133914679289,0.025));
#9385=CARTESIAN_POINT('',(0.0418349094688893,0.0192133914679289,0.));
#9386=CARTESIAN_POINT('',(0.0441349094688892,0.0192133914679289,0.));
#9387=CARTESIAN_POINT('',(0.00198598749339636,-0.00383108708127283,0.));
#9388=CARTESIAN_POINT('',(0.00198598749339636,-0.00383108708127283,0.));
#9389=CARTESIAN_POINT('',(0.0500448476721699,0.0288273308607234,0.026));
#9390=CARTESIAN_POINT('',(0.0500448476721699,0.0288273308607234,0.026));
#9391=CARTESIAN_POINT('',(0.0523448476721699,0.0288273308607234,0.026));
#9392=CARTESIAN_POINT('',(0.00198598749339636,-0.00383108708127283,0.026));
#9393=CARTESIAN_POINT('',(0.0500448476721699,-0.036642292694115,0.026));
#9394=CARTESIAN_POINT('',(0.0500448476721699,-0.036642292694115,0.026));
#9395=CARTESIAN_POINT('',(0.0523448476721699,-0.036642292694115,0.026));
#9396=CARTESIAN_POINT('',(0.00198598749339636,-0.00383108708127283,0.026));
#9397=CARTESIAN_POINT('',(-0.0462427581832837,-0.0362677433829385,0.026));
#9398=CARTESIAN_POINT('',(-0.0462427581832837,-0.0362677433829385,0.026));
#9399=CARTESIAN_POINT('',(-0.0439427581832837,-0.0362677433829385,0.026));
#9400=CARTESIAN_POINT('',(0.00198598749339636,-0.00383108708127283,0.026));
#9401=CARTESIAN_POINT('',(-0.0462427581832837,0.027874386421425,0.026));
#9402=CARTESIAN_POINT('',(-0.0462427581832837,0.027874386421425,0.026));
#9403=CARTESIAN_POINT('',(-0.0439427581832837,0.027874386421425,0.026));
#9404=CARTESIAN_POINT('',(0.00198598749339636,-0.00383108708127283,0.026));
#9405=CARTESIAN_POINT('',(0.,0.,0.));
#9406=CARTESIAN_POINT('',(-0.0378250181674958,0.0242606012225151,0.025));
#9407=CARTESIAN_POINT('',(-0.0378250181674958,0.0242606012225151,0.));
#9408=CARTESIAN_POINT('',(-0.0423250181674958,0.0242606012225151,0.));
#9409=CARTESIAN_POINT('',(-0.0333250181674958,0.0242606012225151,0.));
#9410=CARTESIAN_POINT('',(-0.0423250181674958,0.0242606012225151,0.025));
#9411=CARTESIAN_POINT('',(-0.0423250181674958,0.0242606012225151,0.025));
#9412=CARTESIAN_POINT('',(-0.0378250181674958,0.0242606012225151,0.025));
#9413=CARTESIAN_POINT('',(-0.0333250181674958,0.0242606012225151,0.025));
#9414=CARTESIAN_POINT('',(-0.0333250181674958,0.0242606012225151,0.025));
#9415=CARTESIAN_POINT('',(-0.0423250181674958,0.0197606012225151,0.025));
#9416=CARTESIAN_POINT('',(-0.0423250181674958,0.0197606012225151,0.));
#9417=CARTESIAN_POINT('',(-0.0423250181674958,0.0152606012225151,0.));
#9418=CARTESIAN_POINT('',(-0.0423250181674958,0.0152606012225151,0.025));
#9419=CARTESIAN_POINT('',(-0.0423250181674958,0.0152606012225151,0.025));
#9420=CARTESIAN_POINT('',(-0.0423250181674958,0.0197606012225151,0.025));
#9421=CARTESIAN_POINT('',(-0.0378250181674958,0.0152606012225151,0.025));
#9422=CARTESIAN_POINT('',(-0.0378250181674958,0.0152606012225151,0.));
#9423=CARTESIAN_POINT('',(-0.0333250181674958,0.0152606012225151,0.));
#9424=CARTESIAN_POINT('',(-0.0333250181674958,0.0152606012225151,0.025));
#9425=CARTESIAN_POINT('',(-0.0333250181674958,0.0152606012225151,0.025));
#9426=CARTESIAN_POINT('',(-0.0378250181674958,0.0152606012225151,0.025));
#9427=CARTESIAN_POINT('',(-0.0378250181674958,0.0197606012225151,0.025));
#9428=CARTESIAN_POINT('',(-0.0378250181674958,0.0197606012225151,0.025));
#9429=CARTESIAN_POINT('',(-0.0355250181674958,0.0197606012225151,0.025));
#9430=CARTESIAN_POINT('',(-0.0378250181674958,0.0197606012225151,0.));
#9431=CARTESIAN_POINT('',(-0.0355250181674958,0.0197606012225151,0.));
#9432=CARTESIAN_POINT('',(-0.0333250181674958,0.0197606012225151,0.025));
#9433=CARTESIAN_POINT('',(-0.0333250181674958,0.0197606012225151,0.));
#9434=CARTESIAN_POINT('',(-0.0333250181674958,0.0197606012225151,0.025));
#9435=CARTESIAN_POINT('',(0.0017550028860569,1.0322779417038E-5,0.025));
#9436=CARTESIAN_POINT('',(0.0017550028860569,1.0322779417038E-5,0.));
#9437=CARTESIAN_POINT('',(0.,0.,0.));
#9438=CARTESIAN_POINT('',(0.00198598749339636,-0.00383108708127283,0.036));
#9439=CARTESIAN_POINT('',(-0.0234027883958174,0.0070057465133268,0.036));
#9440=CARTESIAN_POINT('',(-0.0236560265586824,0.0070057465133268,0.036));
#9441=CARTESIAN_POINT('',(-0.0231495502329523,0.0070057465133268,0.036));
#9442=CARTESIAN_POINT('',(-0.0231495502329523,0.00593394613640104,0.036));
#9443=CARTESIAN_POINT('',(-0.0231495502329523,0.00486214575947529,0.036));
#9444=CARTESIAN_POINT('',(-0.0231495502329523,0.00486214575947529,0.036));
#9445=CARTESIAN_POINT('',(-0.0231495502329523,0.00445792941570221,0.036));
#9446=CARTESIAN_POINT('',(-0.0229657716804732,0.00425919775265386,0.036));
#9447=CARTESIAN_POINT('',(-0.0229657716804732,0.00425919775265386,0.036));
#9448=CARTESIAN_POINT('',(-0.0229657716804732,0.00425919775265386,0.036));
#9449=CARTESIAN_POINT('',(-0.022781993127994,0.00406046608960552,0.036));
#9450=CARTESIAN_POINT('',(-0.0223903181027628,0.00406046608960552,0.036));
#9451=CARTESIAN_POINT('',(-0.0223903181027628,0.00406046608960552,0.036));
#9452=CARTESIAN_POINT('',(-0.0223903181027628,0.00406046608960552,0.036));
#9453=CARTESIAN_POINT('',(-0.021871300458491,0.00406046608960552,0.036));
#9454=CARTESIAN_POINT('',(-0.0216320506893842,0.00434361047360887,0.036));
#9455=CARTESIAN_POINT('',(-0.0216320506893842,0.00434361047360887,0.036));
#9456=CARTESIAN_POINT('',(-0.0216320506893842,0.00434361047360887,0.036));
#9457=CARTESIAN_POINT('',(-0.0213928009202775,0.0046267548576122,0.036));
#9458=CARTESIAN_POINT('',(-0.0213928009202775,0.00526925625368111,0.036));
#9459=CARTESIAN_POINT('',(-0.0213928009202775,0.00526925625368111,0.036));
#9460=CARTESIAN_POINT('',(-0.0213928009202775,0.00613750138350395,0.036));
#9461=CARTESIAN_POINT('',(-0.0213928009202775,0.0070057465133268,0.036));
#9462=CARTESIAN_POINT('',(-0.0211424569078452,0.0070057465133268,0.036));
#9463=CARTESIAN_POINT('',(-0.020892112895413,0.0070057465133268,0.036));
#9464=CARTESIAN_POINT('',(-0.020892112895413,0.00535366897463611,0.036));
#9465=CARTESIAN_POINT('',(-0.020892112895413,0.00370159143594542,0.036));
#9466=CARTESIAN_POINT('',(-0.0210985622929486,0.00370159143594542,0.036));
#9467=CARTESIAN_POINT('',(-0.0213050116904843,0.00370159143594542,0.036));
#9468=CARTESIAN_POINT('',(-0.0213411885708935,0.00392299394405024,0.036));
#9469=CARTESIAN_POINT('',(-0.0213773654513029,0.00414439645215506,0.036));
#9470=CARTESIAN_POINT('',(-0.0213908714866557,0.00414439645215506,0.036));
#9471=CARTESIAN_POINT('',(-0.0214041202609776,0.00414439645215506,0.036));
#9472=CARTESIAN_POINT('',(-0.0222454184904676,0.00467549994110436,0.036));
#9473=CARTESIAN_POINT('',(-0.0218307025777773,0.00377039043325918,0.036));
#9474=CARTESIAN_POINT('',(-0.0224240426997831,0.00507891897011514,0.036));
#9475=CARTESIAN_POINT('',(-0.0224539894122831,0.00364081427685781,0.036));
#9476=CARTESIAN_POINT('',(-0.0224539894122831,0.00364081427685781,0.036));
#9477=CARTESIAN_POINT('',(-0.0230569374191046,0.00364081427685781,0.036));
#9478=CARTESIAN_POINT('',(-0.0233564819888935,0.00392733516969935,0.036));
#9479=CARTESIAN_POINT('',(-0.0233564819888935,0.00392733516969935,0.036));
#9480=CARTESIAN_POINT('',(-0.0233564819888935,0.00392733516969935,0.036));
#9481=CARTESIAN_POINT('',(-0.0236560265586824,0.00421385606254089,0.036));
#9482=CARTESIAN_POINT('',(-0.0236560265586824,0.00484381614006792,0.036));
#9483=CARTESIAN_POINT('',(-0.0236560265586824,0.00484381614006792,0.036));
#9484=CARTESIAN_POINT('',(-0.0236560265586824,0.00592478132669736,0.036));
#9485=CARTESIAN_POINT('',(-0.0129586917597618,0.00838454353973754,0.036));
#9486=CARTESIAN_POINT('',(-0.0132360733882776,0.00838454353973754,0.036));
#9487=CARTESIAN_POINT('',(-0.0126813101312459,0.00838454353973754,0.036));
#9488=CARTESIAN_POINT('',(-0.0126813101312459,0.00684040023673787,0.036));
#9489=CARTESIAN_POINT('',(-0.0126813101312459,0.00529625693373821,0.036));
#9490=CARTESIAN_POINT('',(-0.0126813101312459,0.00529625693373821,0.036));
#9491=CARTESIAN_POINT('',(-0.0126813101312459,0.00447926095068967,0.036));
#9492=CARTESIAN_POINT('',(-0.0131744330263852,0.00401225685296243,0.036));
#9493=CARTESIAN_POINT('',(-0.0131744330263852,0.00401225685296243,0.036));
#9494=CARTESIAN_POINT('',(-0.0131744330263852,0.00401225685296243,0.036));
#9495=CARTESIAN_POINT('',(-0.0136675559215245,0.0035452527552352,0.036));
#9496=CARTESIAN_POINT('',(-0.0145294762361217,0.0035452527552352,0.036));
#9497=CARTESIAN_POINT('',(-0.0145294762361217,0.0035452527552352,0.036));
#9498=CARTESIAN_POINT('',(-0.0145294762361217,0.0035452527552352,0.036));
#9499=CARTESIAN_POINT('',(-0.0153913965507189,0.0035452527552352,0.036));
#9500=CARTESIAN_POINT('',(-0.0158631020319803,0.00401591348460012,0.036));
#9501=CARTESIAN_POINT('',(-0.0158631020319803,0.00401591348460012,0.036));
#9502=CARTESIAN_POINT('',(-0.0158631020319803,0.00401591348460012,0.036));
#9503=CARTESIAN_POINT('',(-0.0163348075132418,0.00448657421396504,0.036));
#9504=CARTESIAN_POINT('',(-0.0163348075132418,0.00530879395649598,0.036));
#9505=CARTESIAN_POINT('',(-0.0163348075132418,0.00530879395649598,0.036));
#9506=CARTESIAN_POINT('',(-0.0163348075132418,0.00684666874811676,0.036));
#9507=CARTESIAN_POINT('',(-0.0163348075132418,0.00838454353973754,0.036));
#9508=CARTESIAN_POINT('',(-0.0160569035087776,0.00838454353973754,0.036));
#9509=CARTESIAN_POINT('',(-0.0157789995043136,0.00838454353973754,0.036));
#9510=CARTESIAN_POINT('',(-0.0157789995043136,0.00682734083803185,0.036));
#9511=CARTESIAN_POINT('',(-0.0157789995043136,0.00527013813632617,0.036));
#9512=CARTESIAN_POINT('',(-0.0157789995043136,0.00527013813632617,0.036));
#9513=CARTESIAN_POINT('',(-0.0157789995043136,0.00467254005153875,0.036));
#9514=CARTESIAN_POINT('',(-0.0154525145366631,0.00435232359526717,0.036));
#9515=CARTESIAN_POINT('',(-0.0154525145366631,0.00435232359526717,0.036));
#9516=CARTESIAN_POINT('',(-0.0154525145366631,0.00435232359526717,0.036));
#9517=CARTESIAN_POINT('',(-0.0151260295690127,0.00403210713899559,0.036));
#9518=CARTESIAN_POINT('',(-0.0144929099197449,0.00403210713899559,0.036));
#9519=CARTESIAN_POINT('',(-0.0144929099197449,0.00403210713899559,0.036));
#9520=CARTESIAN_POINT('',(-0.0144929099197449,0.00403210713899559,0.036));
#9521=CARTESIAN_POINT('',(-0.0138890433235785,0.00403210713899559,0.036));
#9522=CARTESIAN_POINT('',(-0.0135625583559281,0.00435389072311188,0.036));
#9523=CARTESIAN_POINT('',(-0.0135625583559281,0.00435389072311188,0.036));
#9524=CARTESIAN_POINT('',(-0.0135625583559281,0.00435389072311188,0.036));
#9525=CARTESIAN_POINT('',(-0.0132360733882776,0.00467567430722819,0.036));
#9526=CARTESIAN_POINT('',(-0.0132360733882776,0.00527640664770506,0.036));
#9527=CARTESIAN_POINT('',(-0.0132360733882776,0.00527640664770506,0.036));
#9528=CARTESIAN_POINT('',(-0.0132360733882776,0.0068304750937213,0.036));
#9529=CARTESIAN_POINT('',(-0.00874207310556241,0.00403367426684031,0.036));
#9530=CARTESIAN_POINT('',(-0.00913542219458769,0.00354525275523521,0.036));
#9531=CARTESIAN_POINT('',(-0.00983436121333382,0.00354525275523521,0.036));
#9532=CARTESIAN_POINT('',(-0.00874207310556241,0.00403367426684031,0.036));
#9533=CARTESIAN_POINT('',(-0.00983436121333382,0.00354525275523521,0.036));
#9534=CARTESIAN_POINT('',(-0.00985670157372369,0.0050955152351946,0.036));
#9535=CARTESIAN_POINT('',(-0.0104733387601152,0.00367402155259223,0.036));
#9536=CARTESIAN_POINT('',(-0.00998314922891423,0.00476279213818634,0.036));
#9537=CARTESIAN_POINT('',(-0.0109568859205798,0.00407180771106188,0.036));
#9538=CARTESIAN_POINT('',(-0.0109773197880846,0.00407180771106188,0.036));
#9539=CARTESIAN_POINT('',(-0.0109971700741177,0.00407180771106188,0.036));
#9540=CARTESIAN_POINT('',(-0.0157032411168688,0.00345598940266997,0.036));
#9541=CARTESIAN_POINT('',(-0.0109573750431362,0.00347734430699931,0.036));
#9542=CARTESIAN_POINT('',(-0.0109574695020514,0.00274079379494444,0.036));
#9543=CARTESIAN_POINT('',(-0.0109574695020514,0.00200424370792498,0.036));
#9544=CARTESIAN_POINT('',(-0.0112285826191884,0.00200424370792498,0.036));
#9545=CARTESIAN_POINT('',(-0.0114996957363253,0.00200424370792498,0.036));
#9546=CARTESIAN_POINT('',(-0.0114996957363253,0.00459679553904384,0.036));
#9547=CARTESIAN_POINT('',(-0.0114996957363253,0.00718934737016269,0.036));
#9548=CARTESIAN_POINT('',(-0.0112792530861677,0.00718934737016269,0.036));
#9549=CARTESIAN_POINT('',(-0.0110588104360101,0.00718934737016269,0.036));
#9550=CARTESIAN_POINT('',(-0.0110211993677368,0.00694435305043778,0.036));
#9551=CARTESIAN_POINT('',(-0.0109835882994635,0.00669935873071287,0.036));
#9552=CARTESIAN_POINT('',(-0.0109705289007575,0.00669935873071287,0.036));
#9553=CARTESIAN_POINT('',(-0.0109574695020514,0.00669935873071287,0.036));
#9554=CARTESIAN_POINT('',(-0.0109574695020514,0.00669935873071287,0.036));
#9555=CARTESIAN_POINT('',(-0.0107485191227551,0.00699397876552065,0.036));
#9556=CARTESIAN_POINT('',(-0.0104711374942393,0.00712457275258084,0.036));
#9557=CARTESIAN_POINT('',(-0.0104711374942393,0.00712457275258084,0.036));
#9558=CARTESIAN_POINT('',(-0.0104711374942393,0.00712457275258084,0.036));
#9559=CARTESIAN_POINT('',(-0.0101937558657235,0.00725516673964103,0.036));
#9560=CARTESIAN_POINT('',(-0.00983436121333382,0.00725516673964103,0.036));
#9561=CARTESIAN_POINT('',(-0.00983436121333382,0.00725516673964103,0.036));
#9562=CARTESIAN_POINT('',(-0.00983436121333382,0.00725516673964103,0.036));
#9563=CARTESIAN_POINT('',(-0.00912288517182992,0.00725516673964103,0.036));
#9564=CARTESIAN_POINT('',(-0.00873580459418352,0.00676831235588065,0.036));
#9565=CARTESIAN_POINT('',(-0.00873580459418352,0.00676831235588065,0.036));
#9566=CARTESIAN_POINT('',(-0.00873580459418352,0.00676831235588065,0.036));
#9567=CARTESIAN_POINT('',(-0.00834872401653712,0.00628145797212027,0.036));
#9568=CARTESIAN_POINT('',(-0.00834872401653712,0.0054038663790758,0.036));
#9569=CARTESIAN_POINT('',(-0.00834872401653712,0.0054038663790758,0.036));
#9570=CARTESIAN_POINT('',(-0.00834872401653712,0.0054038663790758,0.036));
#9571=CARTESIAN_POINT('',(-0.00834872401653712,0.00452209577844541,0.036));
#9572=CARTESIAN_POINT('',(-0.00874207310556241,0.00403367426684031,0.036));
#9573=CARTESIAN_POINT('',(0.00385899432085305,0.00671485222707973,0.036));
#9574=CARTESIAN_POINT('',(0.00436442967952611,0.00614377591273486,0.036));
#9575=CARTESIAN_POINT('',(0.00436442967952611,0.00517109629687054,0.036));
#9576=CARTESIAN_POINT('',(0.00385899432085305,0.00671485222707973,0.036));
#9577=CARTESIAN_POINT('',(0.00436442967952611,0.00517109629687054,0.036));
#9578=CARTESIAN_POINT('',(0.00436442967952611,0.00517109629687054,0.036));
#9579=CARTESIAN_POINT('',(0.00436442967952611,0.0041709668268162,0.036));
#9580=CARTESIAN_POINT('',(0.00386138126469566,0.00360943828784177,0.036));
#9581=CARTESIAN_POINT('',(0.00386138126469566,0.00360943828784177,0.036));
#9582=CARTESIAN_POINT('',(0.00386138126469566,0.00360943828784177,0.036));
#9583=CARTESIAN_POINT('',(0.00335833284986522,0.00304790974886734,0.036));
#9584=CARTESIAN_POINT('',(0.00247038974041363,0.00304790974886734,0.036));
#9585=CARTESIAN_POINT('',(0.00247038974041363,0.00304790974886734,0.036));
#9586=CARTESIAN_POINT('',(0.00247038974041363,0.00304790974886734,0.036));
#9587=CARTESIAN_POINT('',(0.00192139265661292,0.00304790974886734,0.036));
#9588=CARTESIAN_POINT('',(0.00149651665262801,0.00330569968386941,0.036));
#9589=CARTESIAN_POINT('',(0.00149651665262801,0.00330569968386941,0.036));
#9590=CARTESIAN_POINT('',(0.00149651665262801,0.00330569968386941,0.036));
#9591=CARTESIAN_POINT('',(0.00107164064864311,0.00356348961887149,0.036));
#9592=CARTESIAN_POINT('',(0.000840107095909762,0.00404445880315777,0.036));
#9593=CARTESIAN_POINT('',(0.000840107095909762,0.00404445880315777,0.036));
#9594=CARTESIAN_POINT('',(0.000840107095909762,0.00404445880315777,0.036));
#9595=CARTESIAN_POINT('',(0.000608573543176416,0.00452542798744405,0.036));
#9596=CARTESIAN_POINT('',(0.000608573543176416,0.00517109629687054,0.036));
#9597=CARTESIAN_POINT('',(0.000608573543176416,0.00517109629687054,0.036));
#9598=CARTESIAN_POINT('',(0.000608573543176416,0.00517109629687054,0.036));
#9599=CARTESIAN_POINT('',(0.000608573543176416,0.00617003229500359,0.036));
#9600=CARTESIAN_POINT('',(0.00110863827820359,0.0067279804182141,0.036));
#9601=CARTESIAN_POINT('',(0.00110863827820359,0.0067279804182141,0.036));
#9602=CARTESIAN_POINT('',(0.00110863827820359,0.0067279804182141,0.036));
#9603=CARTESIAN_POINT('',(0.00160870301323076,0.00728592854142461,0.036));
#9604=CARTESIAN_POINT('',(0.00249664612268236,0.00728592854142461,0.036));
#9605=CARTESIAN_POINT('',(0.00249664612268236,0.00728592854142461,0.036));
#9606=CARTESIAN_POINT('',(0.00249664612268236,0.00728592854142461,0.036));
#9607=CARTESIAN_POINT('',(0.00335355896218,0.00728592854142461,0.036));
#9608=CARTESIAN_POINT('',(0.00385899432085305,0.00671485222707973,0.036));
#9609=CARTESIAN_POINT('',(0.0335026837615511,0.00645360355270575,0.036));
#9610=CARTESIAN_POINT('',(0.0339794431392412,0.00591492737271819,0.036));
#9611=CARTESIAN_POINT('',(0.0339794431392412,0.0049974329386746,0.036));
#9612=CARTESIAN_POINT('',(0.0335026837615511,0.00645360355270575,0.036));
#9613=CARTESIAN_POINT('',(0.0339794431392412,0.0049974329386746,0.036));
#9614=CARTESIAN_POINT('',(0.0339794431392412,0.0049974329386746,0.036));
#9615=CARTESIAN_POINT('',(0.0339794431392412,0.00405404602367026,0.036));
#9616=CARTESIAN_POINT('',(0.0335049352816347,0.00352437592401687,0.036));
#9617=CARTESIAN_POINT('',(0.0335049352816347,0.00352437592401687,0.036));
#9618=CARTESIAN_POINT('',(0.0335049352816347,0.00352437592401687,0.036));
#9619=CARTESIAN_POINT('',(0.033030427424028,0.00299470582436349,0.036));
#9620=CARTESIAN_POINT('',(0.0321928619529502,0.00299470582436349,0.036));
#9621=CARTESIAN_POINT('',(0.0321928619529502,0.00299470582436349,0.036));
#9622=CARTESIAN_POINT('',(0.0321928619529502,0.00299470582436349,0.036));
#9623=CARTESIAN_POINT('',(0.0316750123337355,0.00299470582436349,0.036));
#9624=CARTESIAN_POINT('',(0.0312742417588648,0.00323786999338608,0.036));
#9625=CARTESIAN_POINT('',(0.0312742417588648,0.00323786999338608,0.036));
#9626=CARTESIAN_POINT('',(0.0312742417588648,0.00323786999338608,0.036));
#9627=CARTESIAN_POINT('',(0.0308734711839943,0.00348103416240868,0.036));
#9628=CARTESIAN_POINT('',(0.0306550737358907,0.00393471545924251,0.036));
#9629=CARTESIAN_POINT('',(0.0306550737358907,0.00393471545924251,0.036));
#9630=CARTESIAN_POINT('',(0.0306550737358907,0.00393471545924251,0.036));
#9631=CARTESIAN_POINT('',(0.030436676287787,0.00438839675607633,0.036));
#9632=CARTESIAN_POINT('',(0.030436676287787,0.0049974329386746,0.036));
#9633=CARTESIAN_POINT('',(0.030436676287787,0.0049974329386746,0.036));
#9634=CARTESIAN_POINT('',(0.030436676287787,0.0049974329386746,0.036));
#9635=CARTESIAN_POINT('',(0.030436676287787,0.00593969409363716,0.036));
#9636=CARTESIAN_POINT('',(0.0309083697452892,0.00646598691316524,0.036));
#9637=CARTESIAN_POINT('',(0.0309083697452892,0.00646598691316524,0.036));
#9638=CARTESIAN_POINT('',(0.0309083697452892,0.00646598691316524,0.036));
#9639=CARTESIAN_POINT('',(0.0313800632027914,0.00699227973269331,0.036));
#9640=CARTESIAN_POINT('',(0.0322176286738692,0.00699227973269331,0.036));
#9641=CARTESIAN_POINT('',(0.0322176286738692,0.00699227973269331,0.036));
#9642=CARTESIAN_POINT('',(0.0322176286738692,0.00699227973269331,0.036));
#9643=CARTESIAN_POINT('',(0.033025924383861,0.00699227973269331,0.036));
#9644=CARTESIAN_POINT('',(0.0335026837615511,0.00645360355270575,0.036));
#9645=CARTESIAN_POINT('',(0.0542359874933981,-0.00383108708127282,0.036));
#9646=CARTESIAN_POINT('',(0.0542359874933981,0.032609408685586,0.036));
#9647=CARTESIAN_POINT('',(0.0542359874933981,-0.0402715828481316,0.036));
#9648=CARTESIAN_POINT('',(0.00198598749339635,0.032609408685586,0.036));
#9649=CARTESIAN_POINT('',(-0.0502640125066054,0.032609408685586,0.036));
#9650=CARTESIAN_POINT('',(-0.0502640125066053,-0.00383108708127284,0.036));
#9651=CARTESIAN_POINT('',(-0.0502640125066053,-0.0402715828481316,0.036));
#9652=CARTESIAN_POINT('',(0.00198598749339636,-0.0402715828481316,0.036));
#9653=CARTESIAN_POINT('',(-0.0429841151788836,-0.00803464466094058,0.036));
#9654=CARTESIAN_POINT('',(-0.0429841151788836,0.00175071067811884,0.036));
#9655=CARTESIAN_POINT('',(-0.0429841151788836,-0.01782,0.036));
#9656=CARTESIAN_POINT('',(-0.00258205758944181,0.00175071067811884,0.036));
#9657=CARTESIAN_POINT('',(0.03782,0.00175071067811885,0.036));
#9658=CARTESIAN_POINT('',(0.03782,-0.00803464466094057,0.036));
#9659=CARTESIAN_POINT('',(0.03782,-0.01782,0.036));
#9660=CARTESIAN_POINT('',(-0.00258205758944181,-0.01782,0.036));
#9661=CARTESIAN_POINT('',(-0.0462427581832837,0.027874386421425,0.036));
#9662=CARTESIAN_POINT('',(-0.0446427581832837,0.027874386421425,0.036));
#9663=CARTESIAN_POINT('',(0.0500448476721699,0.0288273308607234,0.036));
#9664=CARTESIAN_POINT('',(0.0516448476721699,0.0288273308607234,0.036));
#9665=CARTESIAN_POINT('',(-0.0462427581832837,-0.0362677433829385,0.036));
#9666=CARTESIAN_POINT('',(-0.0446427581832837,-0.0362677433829385,0.036));
#9667=CARTESIAN_POINT('',(0.0500448476721699,-0.036642292694115,0.036));
#9668=CARTESIAN_POINT('',(0.0516448476721699,-0.036642292694115,0.036));
#9669=CARTESIAN_POINT('',(-0.0251484434651668,0.00477049766243843,0.036));
#9670=CARTESIAN_POINT('',(-0.0251484434651668,0.00370159143594542,0.036));
#9671=CARTESIAN_POINT('',(-0.0251484434651668,0.00583940388893144,0.036));
#9672=CARTESIAN_POINT('',(-0.0251484434651668,0.00583940388893144,0.036));
#9673=CARTESIAN_POINT('',(-0.0251484434651668,0.00624265551589361,0.036));
#9674=CARTESIAN_POINT('',(-0.0253322220176459,0.00644186953734741,0.036));
#9675=CARTESIAN_POINT('',(-0.0253322220176459,0.00644186953734741,0.036));
#9676=CARTESIAN_POINT('',(-0.0253322220176459,0.00644186953734741,0.036));
#9677=CARTESIAN_POINT('',(-0.0255160005701251,0.0066410835588012,0.036));
#9678=CARTESIAN_POINT('',(-0.0259086403121672,0.0066410835588012,0.036));
#9679=CARTESIAN_POINT('',(-0.0259086403121672,0.0066410835588012,0.036));
#9680=CARTESIAN_POINT('',(-0.0259086403121672,0.0066410835588012,0.036));
#9681=CARTESIAN_POINT('',(-0.0264266932396282,0.0066410835588012,0.036));
#9682=CARTESIAN_POINT('',(-0.0266678724423567,0.00636083332523061,0.036));
#9683=CARTESIAN_POINT('',(-0.0266678724423567,0.00636083332523061,0.036));
#9684=CARTESIAN_POINT('',(-0.0266678724423567,0.00636083332523061,0.036));
#9685=CARTESIAN_POINT('',(-0.0269090516450853,0.00608058309166001,0.036));
#9686=CARTESIAN_POINT('',(-0.0269090516450853,0.00543518754515836,0.036));
#9687=CARTESIAN_POINT('',(-0.0269090516450853,0.00543518754515836,0.036));
#9688=CARTESIAN_POINT('',(-0.0269090516450853,0.00456838949055189,0.036));
#9689=CARTESIAN_POINT('',(-0.0269090516450853,0.00370159143594542,0.036));
#9690=CARTESIAN_POINT('',(-0.0271593956575176,0.00370159143594542,0.036));
#9691=CARTESIAN_POINT('',(-0.0274097396699498,0.00370159143594542,0.036));
#9692=CARTESIAN_POINT('',(-0.0274097396699498,0.00535366897463611,0.036));
#9693=CARTESIAN_POINT('',(-0.0274097396699498,0.0070057465133268,0.036));
#9694=CARTESIAN_POINT('',(-0.0272061844228468,0.0070057465133268,0.036));
#9695=CARTESIAN_POINT('',(-0.027002629175744,0.0070057465133268,0.036));
#9696=CARTESIAN_POINT('',(-0.0269621110696855,0.0067795204211674,0.036));
#9697=CARTESIAN_POINT('',(-0.0269215929636271,0.006553294329008,0.036));
#9698=CARTESIAN_POINT('',(-0.0269095340034907,0.006553294329008,0.036));
#9699=CARTESIAN_POINT('',(-0.026897896148599,0.006553294329008,0.036));
#9700=CARTESIAN_POINT('',(-0.0260317859855221,0.00599912022647194,0.036));
#9701=CARTESIAN_POINT('',(-0.0264657586054555,0.00693192989782121,0.036));
#9702=CARTESIAN_POINT('',(-0.0258699174237805,0.00566878973473794,0.036));
#9703=CARTESIAN_POINT('',(-0.0258478631530796,0.0070665236724144,0.036));
#9704=CARTESIAN_POINT('',(-0.0258478631530796,0.0070665236724144,0.036));
#9705=CARTESIAN_POINT('',(-0.0252507034471236,0.0070665236724144,0.036));
#9706=CARTESIAN_POINT('',(-0.024949229443713,0.00677855570435649,0.036));
#9707=CARTESIAN_POINT('',(-0.024949229443713,0.00677855570435649,0.036));
#9708=CARTESIAN_POINT('',(-0.024949229443713,0.00677855570435649,0.036));
#9709=CARTESIAN_POINT('',(-0.0246477554403022,0.00649058773629858,0.036));
#9710=CARTESIAN_POINT('',(-0.0246477554403022,0.0058567687915279,0.036));
#9711=CARTESIAN_POINT('',(-0.0246477554403022,0.0058567687915279,0.036));
#9712=CARTESIAN_POINT('',(-0.0246477554403022,0.00477918011373666,0.036));
#9713=CARTESIAN_POINT('',(-0.0246477554403022,0.00370159143594542,0.036));
#9714=CARTESIAN_POINT('',(-0.0248980994527345,0.00370159143594542,0.036));
#9715=CARTESIAN_POINT('',(-0.0351699216969442,0.00565514297804682,0.036));
#9716=CARTESIAN_POINT('',(-0.0344222661684856,0.00370159143594542,0.036));
#9717=CARTESIAN_POINT('',(-0.0359175772254028,0.00760869452014822,0.036));
#9718=CARTESIAN_POINT('',(-0.0359296361855392,0.00760869452014822,0.036));
#9719=CARTESIAN_POINT('',(-0.0359409982572781,0.00760869452014822,0.036));
#9720=CARTESIAN_POINT('',(-0.0483673364782327,0.00659293926303203,0.036));
#9721=CARTESIAN_POINT('',(-0.0358995548393081,0.00650506065398274,0.036));
#9722=CARTESIAN_POINT('',(-0.0358992476059954,0.00510332496220385,0.036));
#9723=CARTESIAN_POINT('',(-0.0358992476059954,0.00370159143594542,0.036));
#9724=CARTESIAN_POINT('',(-0.0361360855830749,0.00370159143594542,0.036));
#9725=CARTESIAN_POINT('',(-0.0363729235601543,0.00370159143594542,0.036));
#9726=CARTESIAN_POINT('',(-0.0363729235601543,0.00590548699047907,0.036));
#9727=CARTESIAN_POINT('',(-0.0363729235601543,0.00810938254501273,0.036));
#9728=CARTESIAN_POINT('',(-0.0359870368357886,0.00810938254501273,0.036));
#9729=CARTESIAN_POINT('',(-0.0356011501114228,0.00810938254501273,0.036));
#9730=CARTESIAN_POINT('',(-0.0349031774987264,0.00629137371484478,0.036));
#9731=CARTESIAN_POINT('',(-0.0342052048860299,0.00447336488467684,0.036));
#9732=CARTESIAN_POINT('',(-0.0341931459258935,0.00447336488467683,0.036));
#9733=CARTESIAN_POINT('',(-0.0341810869657571,0.00447336488467683,0.036));
#9734=CARTESIAN_POINT('',(-0.0334773260521951,0.00629137371484478,0.036));
#9735=CARTESIAN_POINT('',(-0.0327735651386332,0.00810938254501273,0.036));
#9736=CARTESIAN_POINT('',(-0.0323905725647001,0.00810938254501273,0.036));
#9737=CARTESIAN_POINT('',(-0.0320075799907672,0.00810938254501273,0.036));
#9738=CARTESIAN_POINT('',(-0.0320075799907672,0.00590548699047907,0.036));
#9739=CARTESIAN_POINT('',(-0.0320075799907672,0.00370159143594542,0.036));
#9740=CARTESIAN_POINT('',(-0.0322637123040649,0.00370159143594542,0.036));
#9741=CARTESIAN_POINT('',(-0.0325198446173627,0.00370159143594542,0.036));
#9742=CARTESIAN_POINT('',(-0.0325198446173627,0.00512165458161122,0.036));
#9743=CARTESIAN_POINT('',(-0.0325199833508353,0.00654171825337893,0.036));
#9744=CARTESIAN_POINT('',(-0.0180451457226416,0.00648682710520812,0.036));
#9745=CARTESIAN_POINT('',(-0.0324773970776824,0.00760290621928273,0.036));
#9746=CARTESIAN_POINT('',(-0.0324894560378189,0.00760290621928273,0.036));
#9747=CARTESIAN_POINT('',(-0.0325015149979553,0.00760290621928273,0.036));
#9748=CARTESIAN_POINT('',(-0.0332554411856848,0.00565224882761408,0.036));
#9749=CARTESIAN_POINT('',(-0.0340093673734143,0.00370159143594542,0.036));
#9750=CARTESIAN_POINT('',(-0.03421581677095,0.00370159143594542,0.036));
#9751=CARTESIAN_POINT('',(0.040669835067488,0.00305324534653559,0.036));
#9752=CARTESIAN_POINT('',(0.040394023857254,0.00299470582436349,0.036));
#9753=CARTESIAN_POINT('',(0.0400033851227594,0.00299470582436349,0.036));
#9754=CARTESIAN_POINT('',(0.040669835067488,0.00305324534653559,0.036));
#9755=CARTESIAN_POINT('',(0.0400033851227594,0.00299470582436349,0.036));
#9756=CARTESIAN_POINT('',(0.0400033851227594,0.00299470582436349,0.036));
#9757=CARTESIAN_POINT('',(0.039148933251055,0.00299470582436349,0.036));
#9758=CARTESIAN_POINT('',(0.0386541617126965,0.0035159327237036,0.036));
#9759=CARTESIAN_POINT('',(0.0386541617126965,0.0035159327237036,0.036));
#9760=CARTESIAN_POINT('',(0.0386541617126965,0.0035159327237036,0.036));
#9761=CARTESIAN_POINT('',(0.0381593901743381,0.00403715962304369,0.036));
#9762=CARTESIAN_POINT('',(0.0381593901743381,0.00496140861733792,0.036));
#9763=CARTESIAN_POINT('',(0.0381593901743381,0.00496140861733792,0.036));
#9764=CARTESIAN_POINT('',(0.0381593901743381,0.00496140861733792,0.036));
#9765=CARTESIAN_POINT('',(0.0381593901743381,0.00589466369196631,0.036));
#9766=CARTESIAN_POINT('',(0.0386187002713807,0.00644347171232981,0.036));
#9767=CARTESIAN_POINT('',(0.0386187002713807,0.00644347171232981,0.036));
#9768=CARTESIAN_POINT('',(0.0386187002713807,0.00644347171232981,0.036));
#9769=CARTESIAN_POINT('',(0.0390780103684234,0.00699227973269331,0.036));
#9770=CARTESIAN_POINT('',(0.039852533277162,0.00699227973269331,0.036));
#9771=CARTESIAN_POINT('',(0.039852533277162,0.00699227973269331,0.036));
#9772=CARTESIAN_POINT('',(0.039852533277162,0.00699227973269331,0.036));
#9773=CARTESIAN_POINT('',(0.040576396984021,0.00699227973269331,0.036));
#9774=CARTESIAN_POINT('',(0.0409985569996852,0.00651552035500318,0.036));
#9775=CARTESIAN_POINT('',(0.0409985569996852,0.00651552035500318,0.036));
#9776=CARTESIAN_POINT('',(0.0409985569996852,0.00651552035500318,0.036));
#9777=CARTESIAN_POINT('',(0.0414207170153495,0.00603876097731304,0.036));
#9778=CARTESIAN_POINT('',(0.0414207170153495,0.00525748350832377,0.036));
#9779=CARTESIAN_POINT('',(0.0414207170153495,0.00525748350832377,0.036));
#9780=CARTESIAN_POINT('',(0.0414207170153495,0.00507285886147328,0.036));
#9781=CARTESIAN_POINT('',(0.0414207170153495,0.00488823421462279,0.036));
#9782=CARTESIAN_POINT('',(0.0400928830460802,0.00488823421462279,0.036));
#9783=CARTESIAN_POINT('',(0.038765049076811,0.00488823421462279,0.036));
#9784=CARTESIAN_POINT('',(0.038765049076811,0.00488823421462279,0.036));
#9785=CARTESIAN_POINT('',(0.0387830612374793,0.0042094009094347,0.036));
#9786=CARTESIAN_POINT('',(0.0391084058895513,0.00385760089638118,0.036));
#9787=CARTESIAN_POINT('',(0.0391084058895513,0.00385760089638118,0.036));
#9788=CARTESIAN_POINT('',(0.0391084058895513,0.00385760089638118,0.036));
#9789=CARTESIAN_POINT('',(0.0394337505416232,0.00350580088332765,0.036));
#9790=CARTESIAN_POINT('',(0.0400247745635531,0.00350580088332765,0.036));
#9791=CARTESIAN_POINT('',(0.0400247745635531,0.00350580088332765,0.036));
#9792=CARTESIAN_POINT('',(0.040008517938953,0.00660758328228557,0.036));
#9793=CARTESIAN_POINT('',(0.041255230289209,0.00376585145297682,0.036));
#9794=CARTESIAN_POINT('',(0.041255230289209,0.00350523800330676,0.036));
#9795=CARTESIAN_POINT('',(0.041255230289209,0.00324511091081998,0.036));
#9796=CARTESIAN_POINT('',(0.0399789793748387,0.00614238190121373,0.036));
#9797=CARTESIAN_POINT('',(0.037470425028774,0.003292469355412,0.036));
#9798=CARTESIAN_POINT('',(0.037470425028774,0.0035193100038289,0.036));
#9799=CARTESIAN_POINT('',(0.037470425028774,0.00306562870699508,0.036));
#9800=CARTESIAN_POINT('',(0.0360716681768732,0.00306562870699508,0.036));
#9801=CARTESIAN_POINT('',(0.0346729113249723,0.00306562870699508,0.036));
#9802=CARTESIAN_POINT('',(0.0346729113249723,0.00326432535436771,0.036));
#9803=CARTESIAN_POINT('',(0.0346729113249723,0.00346302200174034,0.036));
#9804=CARTESIAN_POINT('',(0.0357249340840076,0.00496534877748412,0.036));
#9805=CARTESIAN_POINT('',(0.0367769568430429,0.00646767555322789,0.036));
#9806=CARTESIAN_POINT('',(0.0357902281664303,0.00646767555322789,0.036));
#9807=CARTESIAN_POINT('',(0.0348034994898178,0.00646767555322789,0.036));
#9808=CARTESIAN_POINT('',(0.0348034994898178,0.00669451620164481,0.036));
#9809=CARTESIAN_POINT('',(0.0348034994898178,0.00692135685006172,0.036));
#9810=CARTESIAN_POINT('',(0.0361105068983143,0.00692135685006172,0.036));
#9811=CARTESIAN_POINT('',(0.0374175143068108,0.00692135685006172,0.036));
#9812=CARTESIAN_POINT('',(0.0374175143068108,0.00669451620164481,0.036));
#9813=CARTESIAN_POINT('',(0.0374175143068108,0.0064676755532279,0.036));
#9814=CARTESIAN_POINT('',(0.0363795635482977,0.0049934927785284,0.036));
#9815=CARTESIAN_POINT('',(0.0353416127897845,0.0035193100038289,0.036));
#9816=CARTESIAN_POINT('',(0.0364060189092793,0.0035193100038289,0.036));
#9817=CARTESIAN_POINT('',(0.0291504954400633,0.00645360355270575,0.036));
#9818=CARTESIAN_POINT('',(0.0296272548177535,0.00591492737271819,0.036));
#9819=CARTESIAN_POINT('',(0.0296272548177535,0.0049974329386746,0.036));
#9820=CARTESIAN_POINT('',(0.0291504954400633,0.00645360355270575,0.036));
#9821=CARTESIAN_POINT('',(0.0296272548177535,0.0049974329386746,0.036));
#9822=CARTESIAN_POINT('',(0.0296272548177535,0.0049974329386746,0.036));
#9823=CARTESIAN_POINT('',(0.0296272548177535,0.00405404602367026,0.036));
#9824=CARTESIAN_POINT('',(0.0291527469601469,0.00352437592401687,0.036));
#9825=CARTESIAN_POINT('',(0.0291527469601469,0.00352437592401687,0.036));
#9826=CARTESIAN_POINT('',(0.0291527469601469,0.00352437592401687,0.036));
#9827=CARTESIAN_POINT('',(0.0286782391025403,0.00299470582436349,0.036));
#9828=CARTESIAN_POINT('',(0.0278406736314625,0.00299470582436349,0.036));
#9829=CARTESIAN_POINT('',(0.0278406736314625,0.00299470582436349,0.036));
#9830=CARTESIAN_POINT('',(0.0278406736314625,0.00299470582436349,0.036));
#9831=CARTESIAN_POINT('',(0.0273228240122476,0.00299470582436349,0.036));
#9832=CARTESIAN_POINT('',(0.0269220534373771,0.00323786999338608,0.036));
#9833=CARTESIAN_POINT('',(0.0269220534373771,0.00323786999338608,0.036));
#9834=CARTESIAN_POINT('',(0.0269220534373771,0.00323786999338608,0.036));
#9835=CARTESIAN_POINT('',(0.0265212828625065,0.00348103416240868,0.036));
#9836=CARTESIAN_POINT('',(0.0263028854144029,0.00393471545924251,0.036));
#9837=CARTESIAN_POINT('',(0.0263028854144029,0.00393471545924251,0.036));
#9838=CARTESIAN_POINT('',(0.0263028854144029,0.00393471545924251,0.036));
#9839=CARTESIAN_POINT('',(0.0260844879662993,0.00438839675607633,0.036));
#9840=CARTESIAN_POINT('',(0.0260844879662993,0.0049974329386746,0.036));
#9841=CARTESIAN_POINT('',(0.0260844879662993,0.0049974329386746,0.036));
#9842=CARTESIAN_POINT('',(0.0260844879662993,0.0049974329386746,0.036));
#9843=CARTESIAN_POINT('',(0.0260844879662993,0.00593969409363716,0.036));
#9844=CARTESIAN_POINT('',(0.0265561814238015,0.00646598691316524,0.036));
#9845=CARTESIAN_POINT('',(0.0265561814238015,0.00646598691316524,0.036));
#9846=CARTESIAN_POINT('',(0.0265561814238015,0.00646598691316524,0.036));
#9847=CARTESIAN_POINT('',(0.0270278748813036,0.00699227973269331,0.036));
#9848=CARTESIAN_POINT('',(0.0278654403523814,0.00699227973269331,0.036));
#9849=CARTESIAN_POINT('',(0.0278654403523814,0.00699227973269331,0.036));
#9850=CARTESIAN_POINT('',(0.0278654403523814,0.00699227973269331,0.036));
#9851=CARTESIAN_POINT('',(0.0286737360623732,0.00699227973269331,0.036));
#9852=CARTESIAN_POINT('',(0.0291504954400633,0.00645360355270575,0.036));
#9853=CARTESIAN_POINT('',(0.0248084389589515,0.00306562870699508,0.036));
#9854=CARTESIAN_POINT('',(0.0251005736897911,0.00306562870699508,0.036));
#9855=CARTESIAN_POINT('',(0.0245163042281118,0.00306562870699508,0.036));
#9856=CARTESIAN_POINT('',(0.0245163042281118,0.00431297083327766,0.036));
#9857=CARTESIAN_POINT('',(0.0245163042281118,0.00556031295956024,0.036));
#9858=CARTESIAN_POINT('',(0.0245163042281118,0.00556031295956024,0.036));
#9859=CARTESIAN_POINT('',(0.0245163042281118,0.00603088065702064,0.036));
#9860=CARTESIAN_POINT('',(0.0243018469401544,0.0062633501056464,0.036));
#9861=CARTESIAN_POINT('',(0.0243018469401544,0.0062633501056464,0.036));
#9862=CARTESIAN_POINT('',(0.0243018469401544,0.0062633501056464,0.036));
#9863=CARTESIAN_POINT('',(0.024087389652197,0.00649581955427217,0.036));
#9864=CARTESIAN_POINT('',(0.0236292053151961,0.00649581955427217,0.036));
#9865=CARTESIAN_POINT('',(0.0236292053151961,0.00649581955427217,0.036));
#9866=CARTESIAN_POINT('',(0.0236292053151961,0.00649581955427217,0.036));
#9867=CARTESIAN_POINT('',(0.0230246721727649,0.00649581955427217,0.036));
#9868=CARTESIAN_POINT('',(0.0227432321623221,0.00616878626213762,0.036));
#9869=CARTESIAN_POINT('',(0.0227432321623221,0.00616878626213762,0.036));
#9870=CARTESIAN_POINT('',(0.0227432321623221,0.00616878626213762,0.036));
#9871=CARTESIAN_POINT('',(0.0224617921518793,0.00584175297000306,0.036));
#9872=CARTESIAN_POINT('',(0.0224617921518793,0.00508861950205807,0.036));
#9873=CARTESIAN_POINT('',(0.0224617921518793,0.00508861950205807,0.036));
#9874=CARTESIAN_POINT('',(0.0224617921518793,0.00407712410452658,0.036));
#9875=CARTESIAN_POINT('',(0.0224617921518793,0.00306562870699508,0.036));
#9876=CARTESIAN_POINT('',(0.0221696574210396,0.00306562870699508,0.036));
#9877=CARTESIAN_POINT('',(0.0218775226902,0.00306562870699508,0.036));
#9878=CARTESIAN_POINT('',(0.0218775226902,0.0049934927785284,0.036));
#9879=CARTESIAN_POINT('',(0.0218775226902,0.00692135685006172,0.036));
#9880=CARTESIAN_POINT('',(0.0221150580590137,0.00692135685006172,0.036));
#9881=CARTESIAN_POINT('',(0.0223525934278274,0.00692135685006172,0.036));
#9882=CARTESIAN_POINT('',(0.0223998753495818,0.00665736612026635,0.036));
#9883=CARTESIAN_POINT('',(0.0224471572713363,0.00639337539047099,0.036));
#9884=CARTESIAN_POINT('',(0.0224612292718584,0.00639337539047099,0.036));
#9885=CARTESIAN_POINT('',(0.0224748098707044,0.00639337539047099,0.036));
#9886=CARTESIAN_POINT('',(0.0234855025447958,0.00574669125087541,0.036));
#9887=CARTESIAN_POINT('',(0.0229790855017667,0.00683521779327858,0.036));
#9888=CARTESIAN_POINT('',(0.0236743923379105,0.00536121764456332,0.036));
#9889=CARTESIAN_POINT('',(0.0237001281978277,0.00699227973269331,0.036));
#9890=CARTESIAN_POINT('',(0.0237001281978277,0.00699227973269331,0.036));
#9891=CARTESIAN_POINT('',(0.0243969736636841,0.00699227973269331,0.036));
#9892=CARTESIAN_POINT('',(0.0247487736767377,0.00665624036022458,0.036));
#9893=CARTESIAN_POINT('',(0.0247487736767377,0.00665624036022458,0.036));
#9894=CARTESIAN_POINT('',(0.0247487736767377,0.00665624036022458,0.036));
#9895=CARTESIAN_POINT('',(0.0251005736897911,0.00632020098775585,0.036));
#9896=CARTESIAN_POINT('',(0.0251005736897911,0.00558057664031212,0.036));
#9897=CARTESIAN_POINT('',(0.0251005736897911,0.00558057664031212,0.036));
#9898=CARTESIAN_POINT('',(0.0251005736897911,0.0043231026736536,0.036));
#9899=CARTESIAN_POINT('',(0.0206087911231238,0.00529238206961867,0.036));
#9900=CARTESIAN_POINT('',(0.020912746334402,0.00496140861733792,0.036));
#9901=CARTESIAN_POINT('',(0.020912746334402,0.00443455291778896,0.036));
#9902=CARTESIAN_POINT('',(0.0206087911231238,0.00529238206961867,0.036));
#9903=CARTESIAN_POINT('',(0.020912746334402,0.00443455291778896,0.036));
#9904=CARTESIAN_POINT('',(0.020912746334402,0.00443455291778896,0.036));
#9905=CARTESIAN_POINT('',(0.020912746334402,0.00375571961260087,0.036));
#9906=CARTESIAN_POINT('',(0.0204202263161271,0.00337521271848218,0.036));
#9907=CARTESIAN_POINT('',(0.0204202263161271,0.00337521271848218,0.036));
#9908=CARTESIAN_POINT('',(0.0204202263161271,0.00337521271848218,0.036));
#9909=CARTESIAN_POINT('',(0.0199277062978521,0.00299470582436348,0.036));
#9910=CARTESIAN_POINT('',(0.0190833862665237,0.00299470582436348,0.036));
#9911=CARTESIAN_POINT('',(0.0190833862665237,0.00299470582436348,0.036));
#9912=CARTESIAN_POINT('',(0.0190833862665237,0.00299470582436348,0.036));
#9913=CARTESIAN_POINT('',(0.0181692691126054,0.00299470582436348,0.036));
#9914=CARTESIAN_POINT('',(0.0176761862143095,0.00323111543313546,0.036));
#9915=CARTESIAN_POINT('',(0.0176761862143095,0.00323111543313546,0.036));
#9916=CARTESIAN_POINT('',(0.0176761862143095,0.0035193100038289,0.036));
#9917=CARTESIAN_POINT('',(0.0176761862143095,0.00380718496960993,0.036));
#9918=CARTESIAN_POINT('',(0.0191190128784058,0.0073115101301469,0.036));
#9919=CARTESIAN_POINT('',(0.018366307113305,0.00359713255841475,0.036));
#9920=CARTESIAN_POINT('',(0.0191125243923384,0.00713033314629826,0.036));
#9921=CARTESIAN_POINT('',(0.0191047757073173,0.0035193100038289,0.036));
#9922=CARTESIAN_POINT('',(0.0191047757073173,0.0035193100038289,0.036));
#9923=CARTESIAN_POINT('',(0.0197025542894978,0.0035193100038289,0.036));
#9924=CARTESIAN_POINT('',(0.0200053837407344,0.00374615065224582,0.036));
#9925=CARTESIAN_POINT('',(0.0200053837407344,0.00374615065224582,0.036));
#9926=CARTESIAN_POINT('',(0.0200053837407344,0.00374615065224582,0.036));
#9927=CARTESIAN_POINT('',(0.0203082131919708,0.00397299130066273,0.036));
#9928=CARTESIAN_POINT('',(0.0203082131919708,0.00437826491570039,0.036));
#9929=CARTESIAN_POINT('',(0.0203082131919708,0.00437826491570039,0.036));
#9930=CARTESIAN_POINT('',(0.0203082131919708,0.00437826491570039,0.036));
#9931=CARTESIAN_POINT('',(0.0203082131919708,0.00464507004560019,0.036));
#9932=CARTESIAN_POINT('',(0.0202007031079816,0.00481562269192854,0.036));
#9933=CARTESIAN_POINT('',(0.0202007031079816,0.00481562269192854,0.036));
#9934=CARTESIAN_POINT('',(0.0202007031079816,0.00481562269192854,0.036));
#9935=CARTESIAN_POINT('',(0.0200931930239925,0.00498617533825688,0.036));
#9936=CARTESIAN_POINT('',(0.0198415856546566,0.00513083550362449,0.036));
#9937=CARTESIAN_POINT('',(0.0198415856546566,0.00513083550362449,0.036));
#9938=CARTESIAN_POINT('',(0.0198415856546566,0.00513083550362449,0.036));
#9939=CARTESIAN_POINT('',(0.0195899782853208,0.0052754956689921,0.036));
#9940=CARTESIAN_POINT('',(0.0190766317062731,0.00545786879575905,0.036));
#9941=CARTESIAN_POINT('',(0.0190766317062731,0.00545786879575905,0.036));
#9942=CARTESIAN_POINT('',(0.0190766317062731,0.00545786879575905,0.036));
#9943=CARTESIAN_POINT('',(0.0183595225596648,0.0057145420852829,0.036));
#9944=CARTESIAN_POINT('',(0.0180516271882403,0.00606634209833643,0.036));
#9945=CARTESIAN_POINT('',(0.0180516271882403,0.00606634209833643,0.036));
#9946=CARTESIAN_POINT('',(0.0180516271882403,0.00606634209833643,0.036));
#9947=CARTESIAN_POINT('',(0.0177437318168158,0.00641814211138995,0.036));
#9948=CARTESIAN_POINT('',(0.0177437318168158,0.00698439941240091,0.036));
#9949=CARTESIAN_POINT('',(0.0177437318168158,0.00698439941240091,0.036));
#9950=CARTESIAN_POINT('',(0.0177437318168158,0.00698439941240091,0.036));
#9951=CARTESIAN_POINT('',(0.0177437318168158,0.00757880071445615,0.036));
#9952=CARTESIAN_POINT('',(0.0181900956733781,0.00793060072750967,0.036));
#9953=CARTESIAN_POINT('',(0.0181900956733781,0.00793060072750967,0.036));
#9954=CARTESIAN_POINT('',(0.0181900956733781,0.00793060072750967,0.036));
#9955=CARTESIAN_POINT('',(0.0186364595299405,0.0082824007405632,0.036));
#9956=CARTESIAN_POINT('',(0.0193727065972589,0.0082824007405632,0.036));
#9957=CARTESIAN_POINT('',(0.0193727065972589,0.0082824007405632,0.036));
#9958=CARTESIAN_POINT('',(0.0193727065972589,0.0082824007405632,0.036));
#9959=CARTESIAN_POINT('',(0.0201393491857051,0.0082824007405632,0.036));
#9960=CARTESIAN_POINT('',(0.0207832839295983,0.00800096073012038,0.036));
#9961=CARTESIAN_POINT('',(0.0207832839295983,0.00800096073012038,0.036));
#9962=CARTESIAN_POINT('',(0.0206898458461313,0.00774091016047121,0.036));
#9963=CARTESIAN_POINT('',(0.0205964077626643,0.00748085959082205,0.036));
#9964=CARTESIAN_POINT('',(0.0205964077626643,0.00748085959082205,0.036));
#9965=CARTESIAN_POINT('',(0.0199592275790217,0.00774766472072184,0.036));
#9966=CARTESIAN_POINT('',(0.0193580717167159,0.00774766472072184,0.036));
#9967=CARTESIAN_POINT('',(0.0193580717167159,0.00774766472072184,0.036));
#9968=CARTESIAN_POINT('',(0.0193580717167159,0.00774766472072184,0.036));
#9969=CARTESIAN_POINT('',(0.0188830009790884,0.00774766472072184,0.036));
#9970=CARTESIAN_POINT('',(0.0186156329691677,0.00754390215316124,0.036));
#9971=CARTESIAN_POINT('',(0.0186156329691677,0.00754390215316124,0.036));
#9972=CARTESIAN_POINT('',(0.0186156329691677,0.00754390215316124,0.036));
#9973=CARTESIAN_POINT('',(0.018348264959247,0.00734013958560063,0.036));
#9974=CARTESIAN_POINT('',(0.018348264959247,0.00697764485215028,0.036));
#9975=CARTESIAN_POINT('',(0.018348264959247,0.00697764485215028,0.036));
#9976=CARTESIAN_POINT('',(0.018348264959247,0.00697764485215028,0.036));
#9977=CARTESIAN_POINT('',(0.018348264959247,0.00671083972225049,0.036));
#9978=CARTESIAN_POINT('',(0.018446768962902,0.00653972419590125,0.036));
#9979=CARTESIAN_POINT('',(0.018446768962902,0.00653972419590125,0.036));
#9980=CARTESIAN_POINT('',(0.018446768962902,0.00653972419590125,0.036));
#9981=CARTESIAN_POINT('',(0.018545272966557,0.00636860866955202,0.036));
#9982=CARTESIAN_POINT('',(0.0187794310552454,0.00622620002426795,0.036));
#9983=CARTESIAN_POINT('',(0.0187794310552454,0.00622620002426795,0.036));
#9984=CARTESIAN_POINT('',(0.0187794310552454,0.00622620002426795,0.036));
#9985=CARTESIAN_POINT('',(0.0190135891439338,0.00608379137898388,0.036));
#9986=CARTESIAN_POINT('',(0.019495414441812,0.00591155009259288,0.036));
#9987=CARTESIAN_POINT('',(0.019495414441812,0.00591155009259288,0.036));
#9988=CARTESIAN_POINT('',(0.019495414441812,0.00591155009259288,0.036));
#9989=CARTESIAN_POINT('',(0.0203048359118455,0.00562335552189943,0.036));
#9990=CARTESIAN_POINT('',(0.0206087911231238,0.00529238206961867,0.036));
#9991=CARTESIAN_POINT('',(0.0144987964992952,0.00312309847990961,0.036));
#9992=CARTESIAN_POINT('',(0.0148085024628741,0.00312309847990961,0.036));
#9993=CARTESIAN_POINT('',(0.0141890905357163,0.00312309847990961,0.036));
#9994=CARTESIAN_POINT('',(0.0141890905357163,0.00444546536871656,0.036));
#9995=CARTESIAN_POINT('',(0.0141890905357163,0.0057678322575235,0.036));
#9996=CARTESIAN_POINT('',(0.0141890905357163,0.0057678322575235,0.036));
#9997=CARTESIAN_POINT('',(0.0141890905357163,0.00626670352062937,0.036));
#9998=CARTESIAN_POINT('',(0.0139617341347075,0.00651315547237904,0.036));
#9999=CARTESIAN_POINT('',(0.0139617341347075,0.00651315547237904,0.036));
#10000=CARTESIAN_POINT('',(0.0139617341347075,0.00651315547237904,0.036));
#10001=CARTESIAN_POINT('',(0.0137343777336988,0.00675960742412871,0.036));
#10002=CARTESIAN_POINT('',(0.0132486346617273,0.00675960742412871,0.036));
#10003=CARTESIAN_POINT('',(0.0132486346617273,0.00675960742412871,0.036));
#10004=CARTESIAN_POINT('',(0.0132486346617273,0.00675960742412871,0.036));
#10005=CARTESIAN_POINT('',(0.012607740239986,0.00675960742412871,0.036));
#10006=CARTESIAN_POINT('',(0.0123093722596595,0.00641290383098934,0.036));
#10007=CARTESIAN_POINT('',(0.0123093722596595,0.00641290383098934,0.036));
#10008=CARTESIAN_POINT('',(0.0123093722596595,0.00641290383098934,0.036));
#10009=CARTESIAN_POINT('',(0.012011004279333,0.00606620023784997,0.036));
#10010=CARTESIAN_POINT('',(0.012011004279333,0.00526776752249632,0.036));
#10011=CARTESIAN_POINT('',(0.012011004279333,0.00526776752249632,0.036));
#10012=CARTESIAN_POINT('',(0.012011004279333,0.00419543300120296,0.036));
#10013=CARTESIAN_POINT('',(0.012011004279333,0.00312309847990961,0.036));
#10014=CARTESIAN_POINT('',(0.0117012983157542,0.00312309847990961,0.036));
#10015=CARTESIAN_POINT('',(0.0113915923521753,0.00312309847990961,0.036));
#10016=CARTESIAN_POINT('',(0.0113915923521753,0.00516691914514597,0.036));
#10017=CARTESIAN_POINT('',(0.0113915923521753,0.00721073981038234,0.036));
#10018=CARTESIAN_POINT('',(0.0116434149275708,0.00721073981038234,0.036));
#10019=CARTESIAN_POINT('',(0.0118952375029664,0.00721073981038234,0.036));
#10020=CARTESIAN_POINT('',(0.0119453633236612,0.0069308706448361,0.036));
#10021=CARTESIAN_POINT('',(0.0119954891443561,0.00665100147928987,0.036));
#10022=CARTESIAN_POINT('',(0.0120104075433724,0.00665100147928987,0.036));
#10023=CARTESIAN_POINT('',(0.012024804984031,0.00665100147928987,0.036));
#10024=CARTESIAN_POINT('',(0.0130962884999141,0.00596542077476693,0.036));
#10025=CARTESIAN_POINT('',(0.0125594116354846,0.00711941968727982,0.036));
#10026=CARTESIAN_POINT('',(0.0132965395800188,0.00555676181684725,0.036));
#10027=CARTESIAN_POINT('',(0.0133238233927695,0.00728592854142461,0.036));
#10028=CARTESIAN_POINT('',(0.0133238233927695,0.00728592854142461,0.036));
#10029=CARTESIAN_POINT('',(0.0140625825120579,0.00728592854142461,0.036));
#10030=CARTESIAN_POINT('',(0.014435542487466,0.0069296771729148,0.036));
#10031=CARTESIAN_POINT('',(0.014435542487466,0.0069296771729148,0.036));
#10032=CARTESIAN_POINT('',(0.014435542487466,0.0069296771729148,0.036));
#10033=CARTESIAN_POINT('',(0.0148085024628741,0.00657342580440498,0.036));
#10034=CARTESIAN_POINT('',(0.0148085024628741,0.005789314752107,0.036));
#10035=CARTESIAN_POINT('',(0.0148085024628741,0.005789314752107,0.036));
#10036=CARTESIAN_POINT('',(0.0148085024628741,0.00445620661600831,0.036));
#10037=CARTESIAN_POINT('',(0.00915621944356932,0.00312309847990961,0.036));
#10038=CARTESIAN_POINT('',(0.00952380879533153,0.00312309847990961,0.036));
#10039=CARTESIAN_POINT('',(0.0087886300918071,0.00312309847990961,0.036));
#10040=CARTESIAN_POINT('',(0.00841387990851704,0.00432194102486139,0.036));
#10041=CARTESIAN_POINT('',(0.00803912972522699,0.00552078356981317,0.036));
#10042=CARTESIAN_POINT('',(0.00803912972522699,0.00552078356981317,0.036));
#10043=CARTESIAN_POINT('',(0.00796752140994863,0.00574157587525477,0.036));
#10044=CARTESIAN_POINT('',(0.00777417895869708,0.00652091303986752,0.036));
#10045=CARTESIAN_POINT('',(0.00777417895869708,0.00652091303986752,0.036));
#10046=CARTESIAN_POINT('',(0.00775926055968075,0.00652091303986752,0.036));
#10047=CARTESIAN_POINT('',(0.00774434216066443,0.00652091303986752,0.036));
#10048=CARTESIAN_POINT('',(0.00774434216066443,0.00652091303986752,0.036));
#10049=CARTESIAN_POINT('',(0.00759515817050119,0.00586808389891319,0.036));
#10050=CARTESIAN_POINT('',(0.00748297180989843,0.00551362273828534,0.036));
#10051=CARTESIAN_POINT('',(0.00748297180989843,0.00551362273828534,0.036));
#10052=CARTESIAN_POINT('',(0.00709688364335597,0.00431836060909747,0.036));
#10053=CARTESIAN_POINT('',(0.00671079547681351,0.00312309847990961,0.036));
#10054=CARTESIAN_POINT('',(0.00635275390042174,0.00312309847990961,0.036));
#10055=CARTESIAN_POINT('',(0.00599471232402997,0.0031230984799096,0.036));
#10056=CARTESIAN_POINT('',(0.00543736093678011,0.00516691914514597,0.036));
#10057=CARTESIAN_POINT('',(0.00488000954953025,0.00721073981038234,0.036));
#10058=CARTESIAN_POINT('',(0.00520463391212546,0.00721073981038234,0.036));
#10059=CARTESIAN_POINT('',(0.00552915880117151,0.00721073981038234,0.036));
#10060=CARTESIAN_POINT('',(0.0058599913291236,0.00592147606381373,0.036));
#10061=CARTESIAN_POINT('',(0.0061313648590195,0.00486437401309493,0.036));
#10062=CARTESIAN_POINT('',(0.0061313648590195,0.00486437401309493,0.036));
#10063=CARTESIAN_POINT('',(0.00633843223736607,0.00405878046621344,0.036));
#10064=CARTESIAN_POINT('',(0.00636826903539872,0.00377950803662785,0.036));
#10065=CARTESIAN_POINT('',(0.00636826903539872,0.00377950803662785,0.036));
#10066=CARTESIAN_POINT('',(0.00638318743441504,0.00377950803662785,0.036));
#10067=CARTESIAN_POINT('',(0.00639765788278097,0.00377950803662785,0.036));
#10068=CARTESIAN_POINT('',(0.0142764666193001,0.00217026335660473,0.036));
#10069=CARTESIAN_POINT('',(0.00653016061983313,0.00432965161265529,0.036));
#10070=CARTESIAN_POINT('',(0.0150361915088468,0.00209862454447462,0.036));
#10071=CARTESIAN_POINT('',(0.00668911248907697,0.00486444044677187,0.036));
#10072=CARTESIAN_POINT('',(0.00706406316552006,0.00603755691173863,0.036));
#10073=CARTESIAN_POINT('',(0.00743881334881012,0.00721073981038234,0.036));
#10074=CARTESIAN_POINT('',(0.00777417895869708,0.00721073981038234,0.036));
#10075=CARTESIAN_POINT('',(0.00810954456858404,0.00721073981038234,0.036));
#10076=CARTESIAN_POINT('',(0.0084753437124643,0.00603755691173863,0.036));
#10077=CARTESIAN_POINT('',(0.00884114285634456,0.00486437401309493,0.036));
#10078=CARTESIAN_POINT('',(0.00884114285634456,0.00486437401309493,0.036));
#10079=CARTESIAN_POINT('',(0.00905000044257309,0.00422347959135365,0.036));
#10080=CARTESIAN_POINT('',(0.00912399570169406,0.00378666886815569,0.036));
#10081=CARTESIAN_POINT('',(0.00912399570169406,0.00378666886815569,0.036));
#10082=CARTESIAN_POINT('',(0.00913891410071038,0.00378666886815569,0.036));
#10083=CARTESIAN_POINT('',(0.00915310155259881,0.00378666886815569,0.036));
#10084=CARTESIAN_POINT('',(0.0134687140670745,0.00315040364371753,0.036));
#10085=CARTESIAN_POINT('',(0.00923439185441485,0.0042014003608095,0.036));
#10086=CARTESIAN_POINT('',(0.00923439185441485,0.0042014003608095,0.036));
#10087=CARTESIAN_POINT('',(0.00929943607412602,0.00448126952635573,0.036));
#10088=CARTESIAN_POINT('',(0.0100119388111456,0.00721073981038234,0.036));
#10089=CARTESIAN_POINT('',(0.0100119388111456,0.00721073981038234,0.036));
#10090=CARTESIAN_POINT('',(0.0103323860220163,0.00721073981038234,0.036));
#10091=CARTESIAN_POINT('',(0.0106528332328869,0.00721073981038234,0.036));
#10092=CARTESIAN_POINT('',(0.0100883210141092,0.00516691914514597,0.036));
#10093=CARTESIAN_POINT('',(-0.000991275567334151,0.00787132651882515,0.036));
#10094=CARTESIAN_POINT('',(-0.000286530397803014,0.00716658134929402,0.036));
#10095=CARTESIAN_POINT('',(-0.000286530397803014,0.00590150111270976,0.036));
#10096=CARTESIAN_POINT('',(-0.000991275567334151,0.00787132651882515,0.036));
#10097=CARTESIAN_POINT('',(-0.000286530397803014,0.00590150111270976,0.036));
#10098=CARTESIAN_POINT('',(-0.000286530397803014,0.00590150111270976,0.036));
#10099=CARTESIAN_POINT('',(-0.000286530397803013,0.00455168436971278,0.036));
#10100=CARTESIAN_POINT('',(-0.00101932215748484,0.00383739142481119,0.036));
#10101=CARTESIAN_POINT('',(-0.00101932215748484,0.00383739142481119,0.036));
#10102=CARTESIAN_POINT('',(-0.00101932215748484,0.00383739142481119,0.036));
#10103=CARTESIAN_POINT('',(-0.00175211391716667,0.0031230984799096,0.036));
#10104=CARTESIAN_POINT('',(-0.00312818704243238,0.0031230984799096,0.036));
#10105=CARTESIAN_POINT('',(-0.00312818704243238,0.0031230984799096,0.036));
#10106=CARTESIAN_POINT('',(-0.00388365476861901,0.0031230984799096,0.036));
#10107=CARTESIAN_POINT('',(-0.00463912249480565,0.0031230984799096,0.036));
#10108=CARTESIAN_POINT('',(-0.00463912249480565,0.00584958508413295,0.036));
#10109=CARTESIAN_POINT('',(-0.00463912249480565,0.00857607168835629,0.036));
#10110=CARTESIAN_POINT('',(-0.00380369214989152,0.00857607168835629,0.036));
#10111=CARTESIAN_POINT('',(-0.00296826180497738,0.00857607168835629,0.036));
#10112=CARTESIAN_POINT('',(-0.00296826180497738,0.00857607168835629,0.036));
#10113=CARTESIAN_POINT('',(-0.00169602073686529,0.00857607168835629,0.036));
#10114=CARTESIAN_POINT('',(-0.000991275567334151,0.00787132651882515,0.036));
#10115=CARTESIAN_POINT('',(-0.0294305882945456,0.00646702120087019,0.036));
#10116=CARTESIAN_POINT('',(-0.0289069012574632,0.00369055953297626,0.036));
#10117=CARTESIAN_POINT('',(-0.02947809251255,0.00364081427685781,0.036));
#10118=CARTESIAN_POINT('',(-0.02947809251255,0.00364081427685781,0.036));
#10119=CARTESIAN_POINT('',(-0.0302103125720339,0.00364081427685781,0.036));
#10120=CARTESIAN_POINT('',(-0.0306343056104308,0.00408747816031112,0.036));
#10121=CARTESIAN_POINT('',(-0.0306343056104308,0.00408747816031112,0.036));
#10122=CARTESIAN_POINT('',(-0.0306343056104308,0.00408747816031112,0.036));
#10123=CARTESIAN_POINT('',(-0.0310582986488275,0.00453414204376443,0.036));
#10124=CARTESIAN_POINT('',(-0.0310582986488275,0.00532617454552505,0.036));
#10125=CARTESIAN_POINT('',(-0.0310582986488275,0.00532617454552505,0.036));
#10126=CARTESIAN_POINT('',(-0.0310582986488275,0.00532617454552505,0.036));
#10127=CARTESIAN_POINT('',(-0.0310582986488275,0.00612592478177298,0.036));
#10128=CARTESIAN_POINT('',(-0.0306646941899745,0.00659622422709369,0.036));
#10129=CARTESIAN_POINT('',(-0.0306646941899745,0.00659622422709369,0.036));
#10130=CARTESIAN_POINT('',(-0.0306646941899745,0.00659622422709369,0.036));
#10131=CARTESIAN_POINT('',(-0.0302710897311215,0.0070665236724144,0.036));
#10132=CARTESIAN_POINT('',(-0.0296073645652125,0.0070665236724144,0.036));
#10133=CARTESIAN_POINT('',(-0.0296073645652125,0.0070665236724144,0.036));
#10134=CARTESIAN_POINT('',(-0.0296073645652125,0.0070665236724144,0.036));
#10135=CARTESIAN_POINT('',(-0.0289870516557946,0.0070665236724144,0.036));
#10136=CARTESIAN_POINT('',(-0.0286252828517017,0.0066579661029922,0.036));
#10137=CARTESIAN_POINT('',(-0.0286252828517017,0.0066579661029922,0.036));
#10138=CARTESIAN_POINT('',(-0.0286252828517017,0.0066579661029922,0.036));
#10139=CARTESIAN_POINT('',(-0.0282635140476089,0.00624940853357001,0.036));
#10140=CARTESIAN_POINT('',(-0.0282635140476089,0.00557989506679551,0.036));
#10141=CARTESIAN_POINT('',(-0.0282635140476089,0.00557989506679551,0.036));
#10142=CARTESIAN_POINT('',(-0.0282635140476089,0.00542168150980556,0.036));
#10143=CARTESIAN_POINT('',(-0.0282635140476089,0.00526346795281562,0.036));
#10144=CARTESIAN_POINT('',(-0.0294013975260823,0.00526346795281562,0.036));
#10145=CARTESIAN_POINT('',(-0.0305392810045557,0.00526346795281562,0.036));
#10146=CARTESIAN_POINT('',(-0.0305392810045557,0.00526346795281562,0.036));
#10147=CARTESIAN_POINT('',(-0.030523845535581,0.00468174371583432,0.036));
#10148=CARTESIAN_POINT('',(-0.0302450423772269,0.0043802697124236,0.036));
#10149=CARTESIAN_POINT('',(-0.0302450423772269,0.0043802697124236,0.036));
#10150=CARTESIAN_POINT('',(-0.0302450423772269,0.0043802697124236,0.036));
#10151=CARTESIAN_POINT('',(-0.0299662392188726,0.00407879570901289,0.036));
#10152=CARTESIAN_POINT('',(-0.0294597628931426,0.00407879570901289,0.036));
#10153=CARTESIAN_POINT('',(-0.0294597628931426,0.00407879570901289,0.036));
#10154=CARTESIAN_POINT('',(-0.0294736939605628,0.00673685916218654,0.036));
#10155=CARTESIAN_POINT('',(-0.0284053274188133,0.0043016452923341,0.036));
#10156=CARTESIAN_POINT('',(-0.0284053274188133,0.00407831335060744,0.036));
#10157=CARTESIAN_POINT('',(-0.0284053274188133,0.00385539819126193,0.036));
#10158=CARTESIAN_POINT('',(-0.0294990069476233,0.00633820618452575,0.036));
#10159=CARTESIAN_POINT('',(0.0542359874933981,-0.00383108708127282,0.036));
#10160=CARTESIAN_POINT('',(0.0542359874933981,-0.00383108708127282,0.033));
#10161=CARTESIAN_POINT('',(0.0542359874933981,0.032609408685586,0.033));
#10162=CARTESIAN_POINT('',(0.0542359874933981,-0.0402715828481316,0.033));
#10163=CARTESIAN_POINT('',(0.0542359874933981,0.032609408685586,0.036));
#10164=CARTESIAN_POINT('',(0.0542359874933981,-0.0402715828481316,0.036));
#10165=CARTESIAN_POINT('',(0.00198598749339635,0.032609408685586,0.036));
#10166=CARTESIAN_POINT('',(0.00198598749339635,0.032609408685586,0.033));
#10167=CARTESIAN_POINT('',(-0.0502640125066054,0.032609408685586,0.033));
#10168=CARTESIAN_POINT('',(-0.0502640125066054,0.032609408685586,0.036));
#10169=CARTESIAN_POINT('',(-0.0502640125066053,-0.00383108708127284,0.036));
#10170=CARTESIAN_POINT('',(-0.0502640125066053,-0.00383108708127284,0.033));
#10171=CARTESIAN_POINT('',(-0.0502640125066053,-0.0402715828481316,0.033));
#10172=CARTESIAN_POINT('',(-0.0502640125066053,-0.0402715828481316,0.036));
#10173=CARTESIAN_POINT('',(-0.0429841151788836,-0.00803464466094058,0.036));
#10174=CARTESIAN_POINT('',(-0.0429841151788836,-0.00803464466094058,0.033));
#10175=CARTESIAN_POINT('',(-0.0429841151788836,0.00175071067811884,0.033));
#10176=CARTESIAN_POINT('',(-0.0429841151788836,-0.01782,0.033));
#10177=CARTESIAN_POINT('',(-0.0429841151788836,0.00175071067811884,0.036));
#10178=CARTESIAN_POINT('',(-0.0429841151788836,-0.01782,0.036));
#10179=CARTESIAN_POINT('',(-0.00258205758944181,0.00175071067811884,0.036));
#10180=CARTESIAN_POINT('',(-0.00258205758944181,0.00175071067811884,0.033));
#10181=CARTESIAN_POINT('',(0.03782,0.00175071067811885,0.033));
#10182=CARTESIAN_POINT('',(0.03782,0.00175071067811885,0.036));
#10183=CARTESIAN_POINT('',(0.03782,-0.00803464466094057,0.036));
#10184=CARTESIAN_POINT('',(0.03782,-0.00803464466094057,0.033));
#10185=CARTESIAN_POINT('',(0.03782,-0.01782,0.033));
#10186=CARTESIAN_POINT('',(0.03782,-0.01782,0.036));
#10187=CARTESIAN_POINT('',(-0.00258205758944181,-0.01782,0.036));
#10188=CARTESIAN_POINT('',(-0.00258205758944181,-0.01782,0.033));
#10189=CARTESIAN_POINT('',(-0.0462427581832837,0.027874386421425,0.036));
#10190=CARTESIAN_POINT('',(-0.0462427581832837,0.027874386421425,0.033));
#10191=CARTESIAN_POINT('',(-0.0446427581832837,0.027874386421425,0.033));
#10192=CARTESIAN_POINT('',(0.0500448476721699,0.0288273308607234,0.036));
#10193=CARTESIAN_POINT('',(0.0500448476721699,0.0288273308607234,0.033));
#10194=CARTESIAN_POINT('',(0.0516448476721699,0.0288273308607234,0.033));
#10195=CARTESIAN_POINT('',(-0.0462427581832837,-0.0362677433829385,0.036));
#10196=CARTESIAN_POINT('',(-0.0462427581832837,-0.0362677433829385,0.033));
#10197=CARTESIAN_POINT('',(-0.0446427581832837,-0.0362677433829385,0.033));
#10198=CARTESIAN_POINT('',(0.0500448476721699,-0.036642292694115,0.036));
#10199=CARTESIAN_POINT('',(0.0500448476721699,-0.036642292694115,0.033));
#10200=CARTESIAN_POINT('',(0.0516448476721699,-0.036642292694115,0.033));
#10201=CARTESIAN_POINT('',(0.00198598749339636,-0.0402715828481316,0.036));
#10202=CARTESIAN_POINT('',(0.00198598749339636,-0.0402715828481316,0.033));
#10203=CARTESIAN_POINT('',(0.00198598749339636,-0.00383108708127283,0.033));
#10204=CARTESIAN_POINT('',(-0.0251484434651668,0.00477049766243843,0.039));
#10205=CARTESIAN_POINT('',(-0.0251484434651668,0.00370159143594542,0.039));
#10206=CARTESIAN_POINT('',(-0.0251484434651668,0.00370159143594542,0.039));
#10207=CARTESIAN_POINT('',(-0.0251484434651668,0.00477049766243843,0.039));
#10208=CARTESIAN_POINT('',(-0.0251484434651668,0.00583940388893144,0.039));
#10209=CARTESIAN_POINT('',(-0.0251484434651668,0.00583940388893144,0.039));
#10210=CARTESIAN_POINT('',(-0.0248980994527345,0.00370159143594542,0.039));
#10211=CARTESIAN_POINT('',(-0.0246477554403022,0.00370159143594542,0.039));
#10212=CARTESIAN_POINT('',(-0.0246477554403022,0.00370159143594542,0.039));
#10213=CARTESIAN_POINT('',(-0.0248980994527345,0.00370159143594542,0.039));
#10214=CARTESIAN_POINT('',(-0.0246477554403022,0.00477918011373666,0.039));
#10215=CARTESIAN_POINT('',(-0.0246477554403022,0.0058567687915279,0.039));
#10216=CARTESIAN_POINT('',(-0.0246477554403022,0.0058567687915279,0.039));
#10217=CARTESIAN_POINT('',(-0.0246477554403022,0.00477918011373666,0.039));
#10218=CARTESIAN_POINT('',(-0.024949229443713,0.00677855570435649,0.039));
#10219=CARTESIAN_POINT('',(-0.024949229443713,0.00677855570435649,0.036));
#10220=CARTESIAN_POINT('',(-0.0247482467747725,0.00658657705898455,0.039));
#10221=CARTESIAN_POINT('',(-0.0247482467747725,0.00658657705898455,0.036));
#10222=CARTESIAN_POINT('',(-0.0246477554403022,0.00627931475470835,0.039));
#10223=CARTESIAN_POINT('',(-0.0246477554403022,0.00627931475470835,0.036));
#10224=CARTESIAN_POINT('',(-0.0246477554403022,0.0058567687915279,0.039));
#10225=CARTESIAN_POINT('',(-0.0246477554403022,0.0058567687915279,0.036));
#10226=CARTESIAN_POINT('',(-0.024949229443713,0.00677855570435649,0.039));
#10227=CARTESIAN_POINT('',(-0.024949229443713,0.00677855570435649,0.039));
#10228=CARTESIAN_POINT('',(-0.024949229443713,0.00677855570435649,0.039));
#10229=CARTESIAN_POINT('',(-0.0246477554403022,0.00649058773629858,0.039));
#10230=CARTESIAN_POINT('',(-0.0246477554403022,0.0058567687915279,0.039));
#10231=CARTESIAN_POINT('',(-0.0258478631530796,0.0070665236724144,0.039));
#10232=CARTESIAN_POINT('',(-0.0258478631530796,0.0070665236724144,0.036));
#10233=CARTESIAN_POINT('',(-0.0254497566824423,0.0070665236724144,0.039));
#10234=CARTESIAN_POINT('',(-0.0254497566824423,0.0070665236724144,0.036));
#10235=CARTESIAN_POINT('',(-0.0251502121126534,0.00697053434972843,0.039));
#10236=CARTESIAN_POINT('',(-0.0251502121126534,0.00697053434972843,0.036));
#10237=CARTESIAN_POINT('',(-0.024949229443713,0.00677855570435649,0.039));
#10238=CARTESIAN_POINT('',(-0.024949229443713,0.00677855570435649,0.036));
#10239=CARTESIAN_POINT('',(-0.0258478631530796,0.0070665236724144,0.039));
#10240=CARTESIAN_POINT('',(-0.0258478631530796,0.0070665236724144,0.039));
#10241=CARTESIAN_POINT('',(-0.0258478631530796,0.0070665236724144,0.039));
#10242=CARTESIAN_POINT('',(-0.0252507034471236,0.0070665236724144,0.039));
#10243=CARTESIAN_POINT('',(-0.024949229443713,0.00677855570435649,0.039));
#10244=CARTESIAN_POINT('',(-0.0258699174237805,0.00566878973473794,0.039));
#10245=CARTESIAN_POINT('',(-0.0264657642704701,0.00693194567729186,0.039));
#10246=CARTESIAN_POINT('',(-0.0264657586054555,0.00693192989782121,0.039));
#10247=CARTESIAN_POINT('',(-0.0258699174237805,0.00566878973473794,0.039));
#10248=CARTESIAN_POINT('',(-0.0260317859855221,0.00599912022647194,0.039));
#10249=CARTESIAN_POINT('',(-0.026897896148599,0.006553294329008,0.039));
#10250=CARTESIAN_POINT('',(-0.026897896148599,0.006553294329008,0.039));
#10251=CARTESIAN_POINT('',(-0.0260317859855221,0.00599912022647194,0.039));
#10252=CARTESIAN_POINT('',(-0.0269095340034907,0.006553294329008,0.039));
#10253=CARTESIAN_POINT('',(-0.0269215929636271,0.006553294329008,0.039));
#10254=CARTESIAN_POINT('',(-0.0269215929636271,0.006553294329008,0.039));
#10255=CARTESIAN_POINT('',(-0.0269095340034907,0.006553294329008,0.039));
#10256=CARTESIAN_POINT('',(-0.0269621110696855,0.0067795204211674,0.039));
#10257=CARTESIAN_POINT('',(-0.027002629175744,0.0070057465133268,0.039));
#10258=CARTESIAN_POINT('',(-0.027002629175744,0.0070057465133268,0.039));
#10259=CARTESIAN_POINT('',(-0.0269621110696855,0.0067795204211674,0.039));
#10260=CARTESIAN_POINT('',(-0.0272061844228468,0.0070057465133268,0.039));
#10261=CARTESIAN_POINT('',(-0.0274097396699498,0.0070057465133268,0.039));
#10262=CARTESIAN_POINT('',(-0.0274097396699498,0.0070057465133268,0.039));
#10263=CARTESIAN_POINT('',(-0.0272061844228468,0.0070057465133268,0.039));
#10264=CARTESIAN_POINT('',(-0.0274097396699498,0.00535366897463611,0.039));
#10265=CARTESIAN_POINT('',(-0.0274097396699498,0.00370159143594542,0.039));
#10266=CARTESIAN_POINT('',(-0.0274097396699498,0.00370159143594542,0.039));
#10267=CARTESIAN_POINT('',(-0.0274097396699498,0.00535366897463611,0.039));
#10268=CARTESIAN_POINT('',(-0.0271593956575176,0.00370159143594542,0.039));
#10269=CARTESIAN_POINT('',(-0.0269090516450853,0.00370159143594542,0.039));
#10270=CARTESIAN_POINT('',(-0.0269090516450853,0.00370159143594542,0.039));
#10271=CARTESIAN_POINT('',(-0.0271593956575176,0.00370159143594542,0.039));
#10272=CARTESIAN_POINT('',(-0.0269090516450853,0.00456838949055189,0.039));
#10273=CARTESIAN_POINT('',(-0.0269090516450853,0.00543518754515836,0.039));
#10274=CARTESIAN_POINT('',(-0.0269090516450853,0.00543518754515836,0.039));
#10275=CARTESIAN_POINT('',(-0.0269090516450853,0.00456838949055189,0.039));
#10276=CARTESIAN_POINT('',(-0.0266678724423567,0.00636083332523061,0.039));
#10277=CARTESIAN_POINT('',(-0.0266678724423567,0.00636083332523061,0.036));
#10278=CARTESIAN_POINT('',(-0.0268286585775091,0.00617399983618354,0.039));
#10279=CARTESIAN_POINT('',(-0.0268286585775091,0.00617399983618354,0.036));
#10280=CARTESIAN_POINT('',(-0.0269090516450853,0.00586545124282613,0.039));
#10281=CARTESIAN_POINT('',(-0.0269090516450853,0.00586545124282613,0.036));
#10282=CARTESIAN_POINT('',(-0.0269090516450853,0.00543518754515836,0.039));
#10283=CARTESIAN_POINT('',(-0.0269090516450853,0.00543518754515836,0.036));
#10284=CARTESIAN_POINT('',(-0.0266678724423567,0.00636083332523061,0.039));
#10285=CARTESIAN_POINT('',(-0.0266678724423567,0.00636083332523061,0.039));
#10286=CARTESIAN_POINT('',(-0.0266678724423567,0.00636083332523061,0.039));
#10287=CARTESIAN_POINT('',(-0.0269090516450853,0.00608058309166001,0.039));
#10288=CARTESIAN_POINT('',(-0.0269090516450853,0.00543518754515836,0.039));
#10289=CARTESIAN_POINT('',(-0.0259086403121672,0.0066410835588012,0.039));
#10290=CARTESIAN_POINT('',(-0.0259086403121672,0.0066410835588012,0.036));
#10291=CARTESIAN_POINT('',(-0.0262540089304745,0.0066410835588012,0.039));
#10292=CARTESIAN_POINT('',(-0.0262540089304745,0.0066410835588012,0.036));
#10293=CARTESIAN_POINT('',(-0.0265070863072043,0.00654766681427767,0.039));
#10294=CARTESIAN_POINT('',(-0.0265070863072043,0.00654766681427767,0.036));
#10295=CARTESIAN_POINT('',(-0.0266678724423567,0.00636083332523061,0.039));
#10296=CARTESIAN_POINT('',(-0.0266678724423567,0.00636083332523061,0.036));
#10297=CARTESIAN_POINT('',(-0.0259086403121672,0.0066410835588012,0.039));
#10298=CARTESIAN_POINT('',(-0.0259086403121672,0.0066410835588012,0.039));
#10299=CARTESIAN_POINT('',(-0.0259086403121672,0.0066410835588012,0.039));
#10300=CARTESIAN_POINT('',(-0.0264266932396282,0.0066410835588012,0.039));
#10301=CARTESIAN_POINT('',(-0.0266678724423567,0.00636083332523061,0.039));
#10302=CARTESIAN_POINT('',(-0.0253322220176459,0.00644186953734741,0.039));
#10303=CARTESIAN_POINT('',(-0.0253322220176459,0.00644186953734741,0.036));
#10304=CARTESIAN_POINT('',(-0.025454741052632,0.00657467888498327,0.039));
#10305=CARTESIAN_POINT('',(-0.025454741052632,0.00657467888498327,0.036));
#10306=CARTESIAN_POINT('',(-0.0256468804841391,0.0066410835588012,0.039));
#10307=CARTESIAN_POINT('',(-0.0256468804841391,0.0066410835588012,0.036));
#10308=CARTESIAN_POINT('',(-0.0259086403121672,0.0066410835588012,0.039));
#10309=CARTESIAN_POINT('',(-0.0259086403121672,0.0066410835588012,0.036));
#10310=CARTESIAN_POINT('',(-0.0253322220176459,0.00644186953734741,0.039));
#10311=CARTESIAN_POINT('',(-0.0253322220176459,0.00644186953734741,0.039));
#10312=CARTESIAN_POINT('',(-0.0253322220176459,0.00644186953734741,0.039));
#10313=CARTESIAN_POINT('',(-0.0255160005701251,0.0066410835588012,0.039));
#10314=CARTESIAN_POINT('',(-0.0259086403121672,0.0066410835588012,0.039));
#10315=CARTESIAN_POINT('',(-0.0251484434651668,0.00583940388893144,0.039));
#10316=CARTESIAN_POINT('',(-0.0251484434651668,0.00583940388893144,0.036));
#10317=CARTESIAN_POINT('',(-0.0251484434651667,0.00610823830690622,0.039));
#10318=CARTESIAN_POINT('',(-0.0251484434651667,0.00610823830690622,0.036));
#10319=CARTESIAN_POINT('',(-0.0252097029826598,0.00630906018971154,0.039));
#10320=CARTESIAN_POINT('',(-0.0252097029826598,0.00630906018971154,0.036));
#10321=CARTESIAN_POINT('',(-0.0253322220176459,0.00644186953734741,0.039));
#10322=CARTESIAN_POINT('',(-0.0253322220176459,0.00644186953734741,0.036));
#10323=CARTESIAN_POINT('',(-0.0251484434651668,0.00583940388893144,0.039));
#10324=CARTESIAN_POINT('',(-0.0251484434651668,0.00624265551589361,0.039));
#10325=CARTESIAN_POINT('',(-0.0253322220176459,0.00644186953734741,0.039));
#10326=CARTESIAN_POINT('',(0.00198598749339636,-0.00383108708127283,0.039));
#10327=CARTESIAN_POINT('',(-0.0351699216969442,0.00565514297804682,0.039));
#10328=CARTESIAN_POINT('',(-0.0344222661684856,0.00370159143594542,0.039));
#10329=CARTESIAN_POINT('',(-0.0344222661684856,0.00370159143594542,0.039));
#10330=CARTESIAN_POINT('',(-0.0351699216969442,0.00565514297804682,0.039));
#10331=CARTESIAN_POINT('',(-0.0359175772254028,0.00760869452014822,0.039));
#10332=CARTESIAN_POINT('',(-0.0359175772254028,0.00760869452014822,0.039));
#10333=CARTESIAN_POINT('',(-0.03421581677095,0.00370159143594542,0.039));
#10334=CARTESIAN_POINT('',(-0.0340093673734143,0.00370159143594542,0.039));
#10335=CARTESIAN_POINT('',(-0.0340093673734143,0.00370159143594542,0.039));
#10336=CARTESIAN_POINT('',(-0.03421581677095,0.00370159143594542,0.039));
#10337=CARTESIAN_POINT('',(-0.0332554411856848,0.00565224882761408,0.039));
#10338=CARTESIAN_POINT('',(-0.0325015149979553,0.00760290621928273,0.039));
#10339=CARTESIAN_POINT('',(-0.0325015149979553,0.00760290621928273,0.039));
#10340=CARTESIAN_POINT('',(-0.0332554411856848,0.00565224882761408,0.039));
#10341=CARTESIAN_POINT('',(-0.0324894560378189,0.00760290621928273,0.039));
#10342=CARTESIAN_POINT('',(-0.0324771352312931,0.00760290621928273,0.039));
#10343=CARTESIAN_POINT('',(-0.0324773970776824,0.00760290621928273,0.039));
#10344=CARTESIAN_POINT('',(-0.0324894560378189,0.00760290621928273,0.039));
#10345=CARTESIAN_POINT('',(-0.0180451457226416,0.00648682710520812,0.038999999999999));
#10346=CARTESIAN_POINT('',(-0.0325198446173627,0.00654171772727703,0.039));
#10347=CARTESIAN_POINT('',(-0.0325199833508354,0.00654171825337893,0.03899999975));
#10348=CARTESIAN_POINT('',(-0.0180451457226416,0.00648682710520812,0.039));
#10349=CARTESIAN_POINT('',(-0.0325198446173627,0.00512165458161122,0.039));
#10350=CARTESIAN_POINT('',(-0.0325198446173627,0.00370159143594542,0.039));
#10351=CARTESIAN_POINT('',(-0.0325198446173627,0.00370159143594542,0.039));
#10352=CARTESIAN_POINT('',(-0.0325198446173627,0.00512165458161122,0.039));
#10353=CARTESIAN_POINT('',(-0.0322637123040649,0.00370159143594542,0.039));
#10354=CARTESIAN_POINT('',(-0.0320075799907672,0.00370159143594542,0.039));
#10355=CARTESIAN_POINT('',(-0.0320075799907672,0.00370159143594542,0.039));
#10356=CARTESIAN_POINT('',(-0.0322637123040649,0.00370159143594542,0.039));
#10357=CARTESIAN_POINT('',(-0.0320075799907672,0.00590548699047907,0.039));
#10358=CARTESIAN_POINT('',(-0.0320075799907672,0.00810938254501273,0.039));
#10359=CARTESIAN_POINT('',(-0.0320075799907672,0.00810938254501273,0.039));
#10360=CARTESIAN_POINT('',(-0.0320075799907672,0.00590548699047907,0.039));
#10361=CARTESIAN_POINT('',(-0.0323905725647001,0.00810938254501273,0.039));
#10362=CARTESIAN_POINT('',(-0.0327735651386332,0.00810938254501273,0.039));
#10363=CARTESIAN_POINT('',(-0.0327735651386332,0.00810938254501273,0.039));
#10364=CARTESIAN_POINT('',(-0.0323905725647001,0.00810938254501273,0.039));
#10365=CARTESIAN_POINT('',(-0.0334773260521951,0.00629137371484478,0.039));
#10366=CARTESIAN_POINT('',(-0.0341810869657571,0.00447336488467683,0.039));
#10367=CARTESIAN_POINT('',(-0.0341810869657571,0.00447336488467683,0.039));
#10368=CARTESIAN_POINT('',(-0.0334773260521951,0.00629137371484478,0.039));
#10369=CARTESIAN_POINT('',(-0.0341931459258935,0.00447336488467683,0.039));
#10370=CARTESIAN_POINT('',(-0.0342052048860299,0.00447336488467683,0.039));
#10371=CARTESIAN_POINT('',(-0.0342052048860299,0.00447336488467683,0.039));
#10372=CARTESIAN_POINT('',(-0.0341931459258935,0.00447336488467683,0.039));
#10373=CARTESIAN_POINT('',(-0.0349031774987264,0.00629137371484478,0.039));
#10374=CARTESIAN_POINT('',(-0.0356011501114228,0.00810938254501273,0.039));
#10375=CARTESIAN_POINT('',(-0.0356011501114228,0.00810938254501273,0.039));
#10376=CARTESIAN_POINT('',(-0.0349031774987264,0.00629137371484478,0.039));
#10377=CARTESIAN_POINT('',(-0.0359870368357886,0.00810938254501273,0.039));
#10378=CARTESIAN_POINT('',(-0.0363729235601543,0.00810938254501273,0.039));
#10379=CARTESIAN_POINT('',(-0.0363729235601543,0.00810938254501273,0.039));
#10380=CARTESIAN_POINT('',(-0.0359870368357886,0.00810938254501273,0.039));
#10381=CARTESIAN_POINT('',(-0.0363729235601543,0.00590548699047907,0.039));
#10382=CARTESIAN_POINT('',(-0.0363729235601543,0.00370159143594542,0.039));
#10383=CARTESIAN_POINT('',(-0.0363729235601543,0.00370159143594542,0.039));
#10384=CARTESIAN_POINT('',(-0.0363729235601543,0.00590548699047907,0.039));
#10385=CARTESIAN_POINT('',(-0.0361360855830749,0.00370159143594542,0.039));
#10386=CARTESIAN_POINT('',(-0.0358992476059954,0.00370159143594542,0.039));
#10387=CARTESIAN_POINT('',(-0.0358992476059954,0.00370159143594542,0.039));
#10388=CARTESIAN_POINT('',(-0.0361360855830749,0.00370159143594542,0.039));
#10389=CARTESIAN_POINT('',(-0.0358992476059954,0.00510332496220385,0.039));
#10390=CARTESIAN_POINT('',(-0.0358992476059954,0.00650505848846229,0.039));
#10391=CARTESIAN_POINT('',(-0.0358995548393081,0.00650506065398275,0.039));
#10392=CARTESIAN_POINT('',(-0.0358992476059954,0.00510332496220385,0.039));
#10393=CARTESIAN_POINT('',(-0.0483673364782327,0.00659293926303203,0.0389999999999993));
#10394=CARTESIAN_POINT('',(-0.0359409982572781,0.00760869452014822,0.039));
#10395=CARTESIAN_POINT('',(-0.0359409982572781,0.00760869452014822,0.039));
#10396=CARTESIAN_POINT('',(-0.0483673364782327,0.00659293926303203,0.039));
#10397=CARTESIAN_POINT('',(-0.0359296361855392,0.00760869452014822,0.039));
#10398=CARTESIAN_POINT('',(-0.0359296361855392,0.00760869452014822,0.039));
#10399=CARTESIAN_POINT('',(0.00198598749339636,-0.00383108708127283,0.039));
#10400=CARTESIAN_POINT('',(0.0398446529568696,0.0065025741145228,0.039));
#10401=CARTESIAN_POINT('',(0.0398446529568696,0.0065025741145228,0.036));
#10402=CARTESIAN_POINT('',(0.0395354441987298,0.0065025741145228,0.039));
#10403=CARTESIAN_POINT('',(0.0395354441987298,0.0065025741145228,0.036));
#10404=CARTESIAN_POINT('',(0.0392887151229082,0.00640181859078427,0.039));
#10405=CARTESIAN_POINT('',(0.0392887151229082,0.00640181859078427,0.036));
#10406=CARTESIAN_POINT('',(0.039104465729405,0.00620030754330722,0.039));
#10407=CARTESIAN_POINT('',(0.039104465729405,0.00620030754330722,0.036));
#10408=CARTESIAN_POINT('',(0.0398446529568696,0.0065025741145228,0.036));
#10409=CARTESIAN_POINT('',(0.0393808398196598,0.0065025741145228,0.036));
#10410=CARTESIAN_POINT('',(0.039104465729405,0.00620030754330722,0.036));
#10411=CARTESIAN_POINT('',(0.0398446529568696,0.0065025741145228,0.036));
#10412=CARTESIAN_POINT('',(0.039104465729405,0.00620030754330722,0.036));
#10413=CARTESIAN_POINT('',(0.0398446529568696,0.0065025741145228,0.039));
#10414=CARTESIAN_POINT('',(0.0398446529568696,0.0065025741145228,0.039));
#10415=CARTESIAN_POINT('',(0.0398446529568696,0.0065025741145228,0.039));
#10416=CARTESIAN_POINT('',(0.0393808398196598,0.0065025741145228,0.039));
#10417=CARTESIAN_POINT('',(0.039104465729405,0.00620030754330722,0.039));
#10418=CARTESIAN_POINT('',(0.039104465729405,0.00620030754330722,0.039));
#10419=CARTESIAN_POINT('',(0.039104465729405,0.00620030754330722,0.039));
#10420=CARTESIAN_POINT('',(0.0405488158629976,0.0062087507436205,0.039));
#10421=CARTESIAN_POINT('',(0.0405488158629976,0.0062087507436205,0.036));
#10422=CARTESIAN_POINT('',(0.0403848301502462,0.0064046329908887,0.039));
#10423=CARTESIAN_POINT('',(0.0403848301502462,0.0064046329908887,0.036));
#10424=CARTESIAN_POINT('',(0.0401501091815369,0.0065025741145228,0.039));
#10425=CARTESIAN_POINT('',(0.0401501091815369,0.0065025741145228,0.036));
#10426=CARTESIAN_POINT('',(0.0398446529568696,0.0065025741145228,0.039));
#10427=CARTESIAN_POINT('',(0.0398446529568696,0.0065025741145228,0.036));
#10428=CARTESIAN_POINT('',(0.0405488158629976,0.0062087507436205,0.036));
#10429=CARTESIAN_POINT('',(0.0403028372938705,0.0065025741145228,0.036));
#10430=CARTESIAN_POINT('',(0.0398446529568696,0.0065025741145228,0.036));
#10431=CARTESIAN_POINT('',(0.0405488158629976,0.0062087507436205,0.036));
#10432=CARTESIAN_POINT('',(0.0405488158629976,0.0062087507436205,0.039));
#10433=CARTESIAN_POINT('',(0.0405488158629976,0.0062087507436205,0.039));
#10434=CARTESIAN_POINT('',(0.0405488158629976,0.0062087507436205,0.039));
#10435=CARTESIAN_POINT('',(0.0403028372938705,0.0065025741145228,0.039));
#10436=CARTESIAN_POINT('',(0.0398446529568696,0.0065025741145228,0.039));
#10437=CARTESIAN_POINT('',(0.0407947944321246,0.00536330495225027,0.039));
#10438=CARTESIAN_POINT('',(0.0407947944321246,0.00536330495225027,0.036));
#10439=CARTESIAN_POINT('',(0.0407947944321246,0.00573105323256222,0.039));
#10440=CARTESIAN_POINT('',(0.0407947944321246,0.00573105323256222,0.036));
#10441=CARTESIAN_POINT('',(0.0407128015757489,0.0060128684963523,0.039));
#10442=CARTESIAN_POINT('',(0.0407128015757489,0.0060128684963523,0.036));
#10443=CARTESIAN_POINT('',(0.0405488158629976,0.0062087507436205,0.039));
#10444=CARTESIAN_POINT('',(0.0405488158629976,0.0062087507436205,0.036));
#10445=CARTESIAN_POINT('',(0.0407947944321246,0.00536330495225027,0.036));
#10446=CARTESIAN_POINT('',(0.0407947944321246,0.0059149273727182,0.036));
#10447=CARTESIAN_POINT('',(0.0405488158629976,0.0062087507436205,0.036));
#10448=CARTESIAN_POINT('',(0.0407947944321246,0.00536330495225027,0.036));
#10449=CARTESIAN_POINT('',(0.0407947944321246,0.00536330495225027,0.039));
#10450=CARTESIAN_POINT('',(0.0407947944321246,0.00536330495225027,0.039));
#10451=CARTESIAN_POINT('',(0.0407947944321246,0.00536330495225027,0.039));
#10452=CARTESIAN_POINT('',(0.0407947944321246,0.0059149273727182,0.039));
#10453=CARTESIAN_POINT('',(0.0405488158629976,0.0062087507436205,0.039));
#10454=CARTESIAN_POINT('',(0.0397866763147184,0.00536330495225027,0.039));
#10455=CARTESIAN_POINT('',(0.0397866763147184,0.00536330495225027,0.036));
#10456=CARTESIAN_POINT('',(0.0387785581973122,0.00536330495225027,0.036));
#10457=CARTESIAN_POINT('',(0.0387785581973122,0.00536330495225027,0.039));
#10458=CARTESIAN_POINT('',(0.0387785581973122,0.00536330495225027,0.039));
#10459=CARTESIAN_POINT('',(0.0397866763147184,0.00536330495225027,0.039));
#10460=CARTESIAN_POINT('',(0.0400033851227594,0.00299470582436349,0.039));
#10461=CARTESIAN_POINT('',(0.0400033851227594,0.00299470582436349,0.036));
#10462=CARTESIAN_POINT('',(0.0394337505416231,0.00299470582436349,0.039));
#10463=CARTESIAN_POINT('',(0.0394337505416231,0.00299470582436349,0.036));
#10464=CARTESIAN_POINT('',(0.0389840094049355,0.00316844812414352,0.039));
#10465=CARTESIAN_POINT('',(0.0389840094049355,0.00316844812414352,0.036));
#10466=CARTESIAN_POINT('',(0.0386541617126965,0.0035159327237036,0.039));
#10467=CARTESIAN_POINT('',(0.0386541617126965,0.0035159327237036,0.036));
#10468=CARTESIAN_POINT('',(0.0400033851227594,0.00299470582436349,0.039));
#10469=CARTESIAN_POINT('',(0.0400033851227594,0.00299470582436349,0.039));
#10470=CARTESIAN_POINT('',(0.0400033851227594,0.00299470582436349,0.039));
#10471=CARTESIAN_POINT('',(0.039148933251055,0.00299470582436349,0.039));
#10472=CARTESIAN_POINT('',(0.0386541617126965,0.0035159327237036,0.039));
#10473=CARTESIAN_POINT('',(0.0386541617126965,0.0035159327237036,0.039));
#10474=CARTESIAN_POINT('',(0.0386541617126965,0.0035159327237036,0.039));
#10475=CARTESIAN_POINT('',(0.040669835067488,0.00305324534653559,0.039));
#10476=CARTESIAN_POINT('',(0.040669835067488,0.00305324534653559,0.036));
#10477=CARTESIAN_POINT('',(0.040485960927332,0.00301421899842086,0.039));
#10478=CARTESIAN_POINT('',(0.040485960927332,0.00301421899842086,0.036));
#10479=CARTESIAN_POINT('',(0.0402638109457558,0.00299470582436349,0.039));
#10480=CARTESIAN_POINT('',(0.0402638109457558,0.00299470582436349,0.036));
#10481=CARTESIAN_POINT('',(0.0400033851227594,0.00299470582436349,0.039));
#10482=CARTESIAN_POINT('',(0.0400033851227594,0.00299470582436349,0.036));
#10483=CARTESIAN_POINT('',(0.040669835067488,0.00305324534653559,0.039));
#10484=CARTESIAN_POINT('',(0.040669835067488,0.00305324534653559,0.039));
#10485=CARTESIAN_POINT('',(0.040669835067488,0.00305324534653559,0.039));
#10486=CARTESIAN_POINT('',(0.040394023857254,0.00299470582436349,0.039));
#10487=CARTESIAN_POINT('',(0.0400033851227594,0.00299470582436349,0.039));
#10488=CARTESIAN_POINT('',(0.0399789793748387,0.00614238190121373,0.0389999999999998));
#10489=CARTESIAN_POINT('',(0.041255230289209,0.00324511091081998,0.039));
#10490=CARTESIAN_POINT('',(0.041255230289209,0.00324511091081998,0.039));
#10491=CARTESIAN_POINT('',(0.0399789793748387,0.00614238190121373,0.039));
#10492=CARTESIAN_POINT('',(0.041255230289209,0.00350523800330676,0.039));
#10493=CARTESIAN_POINT('',(0.041255230289209,0.00376670132121507,0.039));
#10494=CARTESIAN_POINT('',(0.041255230289209,0.00376585145297682,0.039));
#10495=CARTESIAN_POINT('',(0.041255230289209,0.00350523800330676,0.039));
#10496=CARTESIAN_POINT('',(0.040008517938953,0.00660758328228557,0.039));
#10497=CARTESIAN_POINT('',(0.0400247745635531,0.00350580088332765,0.039));
#10498=CARTESIAN_POINT('',(0.0400247745635531,0.00350580088332765,0.039));
#10499=CARTESIAN_POINT('',(0.040008517938953,0.00660758328228557,0.039));
#10500=CARTESIAN_POINT('',(0.0391084058895513,0.00385760089638118,0.039));
#10501=CARTESIAN_POINT('',(0.0391084058895513,0.00385760089638118,0.036));
#10502=CARTESIAN_POINT('',(0.0393253023242658,0.00362306755434549,0.039));
#10503=CARTESIAN_POINT('',(0.0393253023242658,0.00362306755434549,0.036));
#10504=CARTESIAN_POINT('',(0.0396307585489331,0.00350580088332765,0.039));
#10505=CARTESIAN_POINT('',(0.0396307585489331,0.00350580088332765,0.036));
#10506=CARTESIAN_POINT('',(0.0400247745635531,0.00350580088332765,0.039));
#10507=CARTESIAN_POINT('',(0.0400247745635531,0.00350580088332765,0.036));
#10508=CARTESIAN_POINT('',(0.0391084058895513,0.00385760089638118,0.039));
#10509=CARTESIAN_POINT('',(0.0391084058895513,0.00385760089638118,0.039));
#10510=CARTESIAN_POINT('',(0.0391084058895513,0.00385760089638118,0.039));
#10511=CARTESIAN_POINT('',(0.0394337505416232,0.00350580088332765,0.039));
#10512=CARTESIAN_POINT('',(0.0400247745635531,0.00350580088332765,0.039));
#10513=CARTESIAN_POINT('',(0.038765049076811,0.00488823421462279,0.039));
#10514=CARTESIAN_POINT('',(0.038765049076811,0.00488823421462279,0.036));
#10515=CARTESIAN_POINT('',(0.0387770571839232,0.00443567867783073,0.039));
#10516=CARTESIAN_POINT('',(0.0387770571839232,0.00443567867783073,0.036));
#10517=CARTESIAN_POINT('',(0.0388915094548366,0.00409213423841686,0.039));
#10518=CARTESIAN_POINT('',(0.0388915094548366,0.00409213423841686,0.036));
#10519=CARTESIAN_POINT('',(0.0391084058895513,0.00385760089638118,0.039));
#10520=CARTESIAN_POINT('',(0.0391084058895513,0.00385760089638118,0.036));
#10521=CARTESIAN_POINT('',(0.038765049076811,0.00488823421462279,0.039));
#10522=CARTESIAN_POINT('',(0.038765049076811,0.00488823421462279,0.039));
#10523=CARTESIAN_POINT('',(0.038765049076811,0.00488823421462279,0.039));
#10524=CARTESIAN_POINT('',(0.0387830612374793,0.0042094009094347,0.039));
#10525=CARTESIAN_POINT('',(0.0391084058895513,0.00385760089638118,0.039));
#10526=CARTESIAN_POINT('',(0.0400928830460802,0.00488823421462279,0.039));
#10527=CARTESIAN_POINT('',(0.0414207170153495,0.00488823421462279,0.039));
#10528=CARTESIAN_POINT('',(0.0414207170153495,0.00488823421462279,0.039));
#10529=CARTESIAN_POINT('',(0.0400928830460802,0.00488823421462279,0.039));
#10530=CARTESIAN_POINT('',(0.0414207170153495,0.00507285886147328,0.039));
#10531=CARTESIAN_POINT('',(0.0414207170153495,0.00525748350832377,0.039));
#10532=CARTESIAN_POINT('',(0.0414207170153495,0.00525748350832377,0.039));
#10533=CARTESIAN_POINT('',(0.0414207170153495,0.00507285886147328,0.039));
#10534=CARTESIAN_POINT('',(0.0409985569996852,0.00651552035500318,0.039));
#10535=CARTESIAN_POINT('',(0.0409985569996852,0.00651552035500318,0.036));
#10536=CARTESIAN_POINT('',(0.041279997010128,0.00619768076987642,0.039));
#10537=CARTESIAN_POINT('',(0.041279997010128,0.00619768076987642,0.036));
#10538=CARTESIAN_POINT('',(0.0414207170153495,0.00577833515431662,0.039));
#10539=CARTESIAN_POINT('',(0.0414207170153495,0.00577833515431662,0.036));
#10540=CARTESIAN_POINT('',(0.0414207170153495,0.00525748350832377,0.039));
#10541=CARTESIAN_POINT('',(0.0414207170153495,0.00525748350832377,0.036));
#10542=CARTESIAN_POINT('',(0.0409985569996852,0.00651552035500318,0.039));
#10543=CARTESIAN_POINT('',(0.0409985569996852,0.00651552035500318,0.039));
#10544=CARTESIAN_POINT('',(0.0409985569996852,0.00651552035500318,0.039));
#10545=CARTESIAN_POINT('',(0.0414207170153495,0.00603876097731304,0.039));
#10546=CARTESIAN_POINT('',(0.0414207170153495,0.00525748350832377,0.039));
#10547=CARTESIAN_POINT('',(0.039852533277162,0.00699227973269331,0.039));
#10548=CARTESIAN_POINT('',(0.039852533277162,0.00699227973269331,0.036));
#10549=CARTESIAN_POINT('',(0.0403351090817347,0.00699227973269331,0.039));
#10550=CARTESIAN_POINT('',(0.0403351090817347,0.00699227973269331,0.036));
#10551=CARTESIAN_POINT('',(0.0407171169892424,0.00683335994012993,0.039));
#10552=CARTESIAN_POINT('',(0.0407171169892424,0.00683335994012993,0.036));
#10553=CARTESIAN_POINT('',(0.0409985569996852,0.00651552035500318,0.039));
#10554=CARTESIAN_POINT('',(0.0409985569996852,0.00651552035500318,0.036));
#10555=CARTESIAN_POINT('',(0.039852533277162,0.00699227973269331,0.039));
#10556=CARTESIAN_POINT('',(0.039852533277162,0.00699227973269331,0.039));
#10557=CARTESIAN_POINT('',(0.039852533277162,0.00699227973269331,0.039));
#10558=CARTESIAN_POINT('',(0.040576396984021,0.00699227973269331,0.039));
#10559=CARTESIAN_POINT('',(0.0409985569996852,0.00651552035500318,0.039));
#10560=CARTESIAN_POINT('',(0.0386187002713807,0.00644347171232981,0.039));
#10561=CARTESIAN_POINT('',(0.0386187002713807,0.00644347171232981,0.036));
#10562=CARTESIAN_POINT('',(0.0389249070027425,0.00680934372590548,0.039));
#10563=CARTESIAN_POINT('',(0.0389249070027425,0.00680934372590548,0.036));
#10564=CARTESIAN_POINT('',(0.0393361846713363,0.00699227973269331,0.039));
#10565=CARTESIAN_POINT('',(0.0393361846713363,0.00699227973269331,0.036));
#10566=CARTESIAN_POINT('',(0.039852533277162,0.00699227973269331,0.039));
#10567=CARTESIAN_POINT('',(0.039852533277162,0.00699227973269331,0.036));
#10568=CARTESIAN_POINT('',(0.0386187002713807,0.00644347171232981,0.039));
#10569=CARTESIAN_POINT('',(0.0386187002713807,0.00644347171232981,0.039));
#10570=CARTESIAN_POINT('',(0.0386187002713807,0.00644347171232981,0.039));
#10571=CARTESIAN_POINT('',(0.0390780103684234,0.00699227973269331,0.039));
#10572=CARTESIAN_POINT('',(0.039852533277162,0.00699227973269331,0.039));
#10573=CARTESIAN_POINT('',(0.0381593901743381,0.00496140861733792,0.039));
#10574=CARTESIAN_POINT('',(0.0381593901743381,0.00496140861733792,0.036));
#10575=CARTESIAN_POINT('',(0.0381593901743381,0.00558357866709018,0.039));
#10576=CARTESIAN_POINT('',(0.0381593901743381,0.00558357866709018,0.036));
#10577=CARTESIAN_POINT('',(0.0383124935400189,0.00607759969875414,0.039));
#10578=CARTESIAN_POINT('',(0.0383124935400189,0.00607759969875414,0.036));
#10579=CARTESIAN_POINT('',(0.0386187002713807,0.00644347171232981,0.039));
#10580=CARTESIAN_POINT('',(0.0386187002713807,0.00644347171232981,0.036));
#10581=CARTESIAN_POINT('',(0.0381593901743381,0.00496140861733792,0.039));
#10582=CARTESIAN_POINT('',(0.0381593901743381,0.00496140861733792,0.039));
#10583=CARTESIAN_POINT('',(0.0381593901743381,0.00496140861733792,0.039));
#10584=CARTESIAN_POINT('',(0.0381593901743381,0.00589466369196631,0.039));
#10585=CARTESIAN_POINT('',(0.0386187002713807,0.00644347171232981,0.039));
#10586=CARTESIAN_POINT('',(0.0386541617126965,0.0035159327237036,0.039));
#10587=CARTESIAN_POINT('',(0.0386541617126965,0.0035159327237036,0.036));
#10588=CARTESIAN_POINT('',(0.0383243140204575,0.00386341732326366,0.039));
#10589=CARTESIAN_POINT('',(0.0383243140204575,0.00386341732326366,0.036));
#10590=CARTESIAN_POINT('',(0.0381593901743381,0.00434524262114177,0.039));
#10591=CARTESIAN_POINT('',(0.0381593901743381,0.00434524262114177,0.036));
#10592=CARTESIAN_POINT('',(0.0381593901743381,0.00496140861733792,0.039));
#10593=CARTESIAN_POINT('',(0.0381593901743381,0.00496140861733792,0.036));
#10594=CARTESIAN_POINT('',(0.0386541617126965,0.0035159327237036,0.039));
#10595=CARTESIAN_POINT('',(0.0381593901743381,0.00403715962304369,0.039));
#10596=CARTESIAN_POINT('',(0.0381593901743381,0.00496140861733792,0.039));
#10597=CARTESIAN_POINT('',(0.039104465729405,0.00620030754330722,0.039));
#10598=CARTESIAN_POINT('',(0.039104465729405,0.00620030754330722,0.036));
#10599=CARTESIAN_POINT('',(0.0389202163359018,0.00599879649583016,0.039));
#10600=CARTESIAN_POINT('',(0.0389202163359018,0.00599879649583016,0.036));
#10601=CARTESIAN_POINT('',(0.0388115804918709,0.00571979563214451,0.039));
#10602=CARTESIAN_POINT('',(0.0388115804918709,0.00571979563214451,0.036));
#10603=CARTESIAN_POINT('',(0.0387785581973122,0.00536330495225027,0.039));
#10604=CARTESIAN_POINT('',(0.0387785581973122,0.00536330495225027,0.036));
#10605=CARTESIAN_POINT('',(0.039104465729405,0.00620030754330722,0.036));
#10606=CARTESIAN_POINT('',(0.0388280916391502,0.00589804097209163,0.036));
#10607=CARTESIAN_POINT('',(0.0387785581973122,0.00536330495225027,0.036));
#10608=CARTESIAN_POINT('',(0.039104465729405,0.00620030754330722,0.039));
#10609=CARTESIAN_POINT('',(0.0388280916391502,0.00589804097209163,0.039));
#10610=CARTESIAN_POINT('',(0.0387785581973122,0.00536330495225027,0.039));
#10611=CARTESIAN_POINT('',(0.00198598749339636,-0.00383108708127283,0.039));
#10612=CARTESIAN_POINT('',(0.0360716681768732,0.00306562870699508,0.039));
#10613=CARTESIAN_POINT('',(0.037470425028774,0.00306562870699508,0.039));
#10614=CARTESIAN_POINT('',(0.037470425028774,0.00306562870699508,0.039));
#10615=CARTESIAN_POINT('',(0.0360716681768732,0.00306562870699508,0.039));
#10616=CARTESIAN_POINT('',(0.0346729113249723,0.00306562870699508,0.039));
#10617=CARTESIAN_POINT('',(0.0346729113249723,0.00306562870699508,0.039));
#10618=CARTESIAN_POINT('',(0.037470425028774,0.003292469355412,0.039));
#10619=CARTESIAN_POINT('',(0.037470425028774,0.0035193100038289,0.039));
#10620=CARTESIAN_POINT('',(0.037470425028774,0.0035193100038289,0.039));
#10621=CARTESIAN_POINT('',(0.037470425028774,0.003292469355412,0.039));
#10622=CARTESIAN_POINT('',(0.0364060189092793,0.0035193100038289,0.039));
#10623=CARTESIAN_POINT('',(0.0353416127897845,0.0035193100038289,0.039));
#10624=CARTESIAN_POINT('',(0.0353416127897845,0.0035193100038289,0.039));
#10625=CARTESIAN_POINT('',(0.0364060189092793,0.0035193100038289,0.039));
#10626=CARTESIAN_POINT('',(0.0363795635482977,0.0049934927785284,0.039));
#10627=CARTESIAN_POINT('',(0.0374175143068108,0.0064676755532279,0.039));
#10628=CARTESIAN_POINT('',(0.0374175143068108,0.0064676755532279,0.039));
#10629=CARTESIAN_POINT('',(0.0363795635482977,0.0049934927785284,0.039));
#10630=CARTESIAN_POINT('',(0.0374175143068108,0.00669451620164481,0.039));
#10631=CARTESIAN_POINT('',(0.0374175143068108,0.00692135685006172,0.039));
#10632=CARTESIAN_POINT('',(0.0374175143068108,0.00692135685006172,0.039));
#10633=CARTESIAN_POINT('',(0.0374175143068108,0.00669451620164481,0.039));
#10634=CARTESIAN_POINT('',(0.0361105068983143,0.00692135685006172,0.039));
#10635=CARTESIAN_POINT('',(0.0348034994898178,0.00692135685006172,0.039));
#10636=CARTESIAN_POINT('',(0.0348034994898178,0.00692135685006172,0.039));
#10637=CARTESIAN_POINT('',(0.0361105068983143,0.00692135685006172,0.039));
#10638=CARTESIAN_POINT('',(0.0348034994898178,0.00669451620164481,0.039));
#10639=CARTESIAN_POINT('',(0.0348034994898178,0.00646767555322789,0.039));
#10640=CARTESIAN_POINT('',(0.0348034994898178,0.00646767555322789,0.039));
#10641=CARTESIAN_POINT('',(0.0348034994898178,0.00669451620164481,0.039));
#10642=CARTESIAN_POINT('',(0.0357902281664303,0.00646767555322789,0.039));
#10643=CARTESIAN_POINT('',(0.0367769568430429,0.00646767555322789,0.039));
#10644=CARTESIAN_POINT('',(0.0367769568430429,0.00646767555322789,0.039));
#10645=CARTESIAN_POINT('',(0.0357902281664303,0.00646767555322789,0.039));
#10646=CARTESIAN_POINT('',(0.0357249340840076,0.00496534877748412,0.039));
#10647=CARTESIAN_POINT('',(0.0346729113249723,0.00346302200174034,0.039));
#10648=CARTESIAN_POINT('',(0.0346729113249723,0.00346302200174034,0.039));
#10649=CARTESIAN_POINT('',(0.0357249340840076,0.00496534877748412,0.039));
#10650=CARTESIAN_POINT('',(0.0346729113249723,0.00326432535436771,0.039));
#10651=CARTESIAN_POINT('',(0.0346729113249723,0.00326432535436771,0.039));
#10652=CARTESIAN_POINT('',(0.00198598749339636,-0.00383108708127283,0.039));
#10653=CARTESIAN_POINT('',(0.03104233519026,0.0049974329386746,0.039));
#10654=CARTESIAN_POINT('',(0.03104233519026,0.0049974329386746,0.036));
#10655=CARTESIAN_POINT('',(0.03104233519026,0.00450435004037878,0.039));
#10656=CARTESIAN_POINT('',(0.03104233519026,0.00450435004037878,0.036));
#10657=CARTESIAN_POINT('',(0.031140839193915,0.00412890906644805,0.039));
#10658=CARTESIAN_POINT('',(0.031140839193915,0.00412890906644805,0.036));
#10659=CARTESIAN_POINT('',(0.0313378472012249,0.00387111001688243,0.039));
#10660=CARTESIAN_POINT('',(0.0313378472012249,0.00387111001688243,0.036));
#10661=CARTESIAN_POINT('',(0.03104233519026,0.0049974329386746,0.036));
#10662=CARTESIAN_POINT('',(0.03104233519026,0.00425780859123087,0.036));
#10663=CARTESIAN_POINT('',(0.0313378472012249,0.00387111001688243,0.036));
#10664=CARTESIAN_POINT('',(0.03104233519026,0.0049974329386746,0.036));
#10665=CARTESIAN_POINT('',(0.0313378472012249,0.00387111001688243,0.036));
#10666=CARTESIAN_POINT('',(0.03104233519026,0.0049974329386746,0.039));
#10667=CARTESIAN_POINT('',(0.03104233519026,0.0049974329386746,0.039));
#10668=CARTESIAN_POINT('',(0.03104233519026,0.0049974329386746,0.039));
#10669=CARTESIAN_POINT('',(0.03104233519026,0.00425780859123087,0.039));
#10670=CARTESIAN_POINT('',(0.0313378472012249,0.00387111001688243,0.039));
#10671=CARTESIAN_POINT('',(0.0313378472012249,0.00387111001688243,0.039));
#10672=CARTESIAN_POINT('',(0.0313378472012249,0.00387111001688243,0.039));
#10673=CARTESIAN_POINT('',(0.0313344699210997,0.00611925282029968,0.039));
#10674=CARTESIAN_POINT('',(0.0313344699210997,0.00611925282029968,0.036));
#10675=CARTESIAN_POINT('',(0.0311397134338732,0.00586820833098469,0.039));
#10676=CARTESIAN_POINT('',(0.0311397134338732,0.00586820833098469,0.036));
#10677=CARTESIAN_POINT('',(0.03104233519026,0.00549426837044299,0.039));
#10678=CARTESIAN_POINT('',(0.03104233519026,0.00549426837044299,0.036));
#10679=CARTESIAN_POINT('',(0.03104233519026,0.0049974329386746,0.039));
#10680=CARTESIAN_POINT('',(0.03104233519026,0.0049974329386746,0.036));
#10681=CARTESIAN_POINT('',(0.0313344699210997,0.00611925282029968,0.036));
#10682=CARTESIAN_POINT('',(0.03104233519026,0.00574268608632719,0.036));
#10683=CARTESIAN_POINT('',(0.03104233519026,0.0049974329386746,0.036));
#10684=CARTESIAN_POINT('',(0.0313344699210997,0.00611925282029968,0.036));
#10685=CARTESIAN_POINT('',(0.0313344699210997,0.00611925282029968,0.039));
#10686=CARTESIAN_POINT('',(0.0313344699210997,0.00611925282029968,0.039));
#10687=CARTESIAN_POINT('',(0.0313344699210997,0.00611925282029968,0.039));
#10688=CARTESIAN_POINT('',(0.03104233519026,0.00574268608632719,0.039));
#10689=CARTESIAN_POINT('',(0.03104233519026,0.0049974329386746,0.039));
#10690=CARTESIAN_POINT('',(0.0321996165132009,0.00649581955427218,0.039));
#10691=CARTESIAN_POINT('',(0.0321996165132009,0.00649581955427218,0.036));
#10692=CARTESIAN_POINT('',(0.0318176086056931,0.00649581955427218,0.039));
#10693=CARTESIAN_POINT('',(0.0318176086056931,0.00649581955427218,0.036));
#10694=CARTESIAN_POINT('',(0.0315292264083261,0.00637029730961468,0.039));
#10695=CARTESIAN_POINT('',(0.0315292264083261,0.00637029730961468,0.036));
#10696=CARTESIAN_POINT('',(0.0313344699210997,0.00611925282029968,0.039));
#10697=CARTESIAN_POINT('',(0.0313344699210997,0.00611925282029968,0.036));
#10698=CARTESIAN_POINT('',(0.0321996165132009,0.00649581955427218,0.036));
#10699=CARTESIAN_POINT('',(0.0316266046519393,0.00649581955427218,0.036));
#10700=CARTESIAN_POINT('',(0.0313344699210997,0.00611925282029968,0.036));
#10701=CARTESIAN_POINT('',(0.0321996165132009,0.00649581955427218,0.036));
#10702=CARTESIAN_POINT('',(0.0321996165132009,0.00649581955427218,0.039));
#10703=CARTESIAN_POINT('',(0.0321996165132009,0.00649581955427218,0.039));
#10704=CARTESIAN_POINT('',(0.0321996165132009,0.00649581955427218,0.039));
#10705=CARTESIAN_POINT('',(0.0316266046519393,0.00649581955427218,0.039));
#10706=CARTESIAN_POINT('',(0.0313344699210997,0.00611925282029968,0.039));
#10707=CARTESIAN_POINT('',(0.0330777093457824,0.00611418690011171,0.039));
#10708=CARTESIAN_POINT('',(0.0330777093457824,0.00611418690011171,0.036));
#10709=CARTESIAN_POINT('',(0.0328795755784307,0.00636860866955202,0.039));
#10710=CARTESIAN_POINT('',(0.0328795755784307,0.00636860866955202,0.036));
#10711=CARTESIAN_POINT('',(0.0325868779675702,0.00649581955427218,0.039));
#10712=CARTESIAN_POINT('',(0.0325868779675702,0.00649581955427218,0.036));
#10713=CARTESIAN_POINT('',(0.0321996165132009,0.00649581955427218,0.039));
#10714=CARTESIAN_POINT('',(0.0321996165132009,0.00649581955427218,0.036));
#10715=CARTESIAN_POINT('',(0.0330777093457824,0.00611418690011171,0.036));
#10716=CARTESIAN_POINT('',(0.0327805086947549,0.00649581955427218,0.036));
#10717=CARTESIAN_POINT('',(0.0321996165132009,0.00649581955427218,0.036));
#10718=CARTESIAN_POINT('',(0.0330777093457824,0.00611418690011171,0.036));
#10719=CARTESIAN_POINT('',(0.0330777093457824,0.00611418690011171,0.039));
#10720=CARTESIAN_POINT('',(0.0330777093457824,0.00611418690011171,0.039));
#10721=CARTESIAN_POINT('',(0.0330777093457824,0.00611418690011171,0.039));
#10722=CARTESIAN_POINT('',(0.0327805086947549,0.00649581955427218,0.039));
#10723=CARTESIAN_POINT('',(0.0321996165132009,0.00649581955427218,0.039));
#10724=CARTESIAN_POINT('',(0.0333749099968101,0.0049974329386746,0.039));
#10725=CARTESIAN_POINT('',(0.0333749099968101,0.0049974329386746,0.036));
#10726=CARTESIAN_POINT('',(0.0333749099968101,0.00548751381019237,0.039));
#10727=CARTESIAN_POINT('',(0.0333749099968101,0.00548751381019237,0.036));
#10728=CARTESIAN_POINT('',(0.0332758431131342,0.0058597651306714,0.039));
#10729=CARTESIAN_POINT('',(0.0332758431131342,0.0058597651306714,0.036));
#10730=CARTESIAN_POINT('',(0.0330777093457824,0.00611418690011171,0.039));
#10731=CARTESIAN_POINT('',(0.0330777093457824,0.00611418690011171,0.036));
#10732=CARTESIAN_POINT('',(0.0333749099968101,0.0049974329386746,0.036));
#10733=CARTESIAN_POINT('',(0.0333749099968101,0.00573255424595125,0.036));
#10734=CARTESIAN_POINT('',(0.0330777093457824,0.00611418690011171,0.036));
#10735=CARTESIAN_POINT('',(0.0333749099968101,0.0049974329386746,0.036));
#10736=CARTESIAN_POINT('',(0.0333749099968101,0.0049974329386746,0.039));
#10737=CARTESIAN_POINT('',(0.0333749099968101,0.0049974329386746,0.039));
#10738=CARTESIAN_POINT('',(0.0333749099968101,0.0049974329386746,0.039));
#10739=CARTESIAN_POINT('',(0.0333749099968101,0.00573255424595125,0.039));
#10740=CARTESIAN_POINT('',(0.0330777093457824,0.00611418690011171,0.039));
#10741=CARTESIAN_POINT('',(0.0330777093457824,0.00386942137681978,0.039));
#10742=CARTESIAN_POINT('',(0.0330777093457824,0.00386942137681978,0.036));
#10743=CARTESIAN_POINT('',(0.0332758431131342,0.00412609466634363,0.039));
#10744=CARTESIAN_POINT('',(0.0332758431131342,0.00412609466634363,0.036));
#10745=CARTESIAN_POINT('',(0.0333749099968101,0.00450209852029524,0.039));
#10746=CARTESIAN_POINT('',(0.0333749099968101,0.00450209852029524,0.036));
#10747=CARTESIAN_POINT('',(0.0333749099968101,0.0049974329386746,0.039));
#10748=CARTESIAN_POINT('',(0.0333749099968101,0.0049974329386746,0.036));
#10749=CARTESIAN_POINT('',(0.0330777093457824,0.00386942137681978,0.036));
#10750=CARTESIAN_POINT('',(0.0333749099968101,0.00425443131110555,0.036));
#10751=CARTESIAN_POINT('',(0.0333749099968101,0.0049974329386746,0.036));
#10752=CARTESIAN_POINT('',(0.0330777093457824,0.00386942137681978,0.036));
#10753=CARTESIAN_POINT('',(0.0330777093457824,0.00386942137681978,0.039));
#10754=CARTESIAN_POINT('',(0.0330777093457824,0.00386942137681978,0.039));
#10755=CARTESIAN_POINT('',(0.0330777093457824,0.00386942137681978,0.039));
#10756=CARTESIAN_POINT('',(0.0333749099968101,0.00425443131110555,0.039));
#10757=CARTESIAN_POINT('',(0.0333749099968101,0.0049974329386746,0.039));
#10758=CARTESIAN_POINT('',(0.0322063710734515,0.003484411442534,0.039));
#10759=CARTESIAN_POINT('',(0.0322063710734515,0.003484411442534,0.036));
#10760=CARTESIAN_POINT('',(0.0325891294876537,0.003484411442534,0.039));
#10761=CARTESIAN_POINT('',(0.0325891294876537,0.003484411442534,0.036));
#10762=CARTESIAN_POINT('',(0.0328795755784307,0.00361274808729592,0.039));
#10763=CARTESIAN_POINT('',(0.0328795755784307,0.00361274808729592,0.036));
#10764=CARTESIAN_POINT('',(0.0330777093457824,0.00386942137681978,0.039));
#10765=CARTESIAN_POINT('',(0.0330777093457824,0.00386942137681978,0.036));
#10766=CARTESIAN_POINT('',(0.0322063710734515,0.003484411442534,0.036));
#10767=CARTESIAN_POINT('',(0.0327805086947549,0.003484411442534,0.036));
#10768=CARTESIAN_POINT('',(0.0330777093457824,0.00386942137681978,0.036));
#10769=CARTESIAN_POINT('',(0.0322063710734515,0.003484411442534,0.036));
#10770=CARTESIAN_POINT('',(0.0322063710734515,0.003484411442534,0.039));
#10771=CARTESIAN_POINT('',(0.0322063710734515,0.003484411442534,0.039));
#10772=CARTESIAN_POINT('',(0.0322063710734515,0.003484411442534,0.039));
#10773=CARTESIAN_POINT('',(0.0327805086947549,0.003484411442534,0.039));
#10774=CARTESIAN_POINT('',(0.0330777093457824,0.00386942137681978,0.039));
#10775=CARTESIAN_POINT('',(0.0339794431392412,0.0049974329386746,0.039));
#10776=CARTESIAN_POINT('',(0.0339794431392412,0.0049974329386746,0.036));
#10777=CARTESIAN_POINT('',(0.0339794431392412,0.00436850832867171,0.039));
#10778=CARTESIAN_POINT('',(0.0339794431392412,0.00436850832867171,0.036));
#10779=CARTESIAN_POINT('',(0.0338212738533724,0.0038774893237858,0.039));
#10780=CARTESIAN_POINT('',(0.0338212738533724,0.0038774893237858,0.036));
#10781=CARTESIAN_POINT('',(0.0335049352816347,0.00352437592401687,0.039));
#10782=CARTESIAN_POINT('',(0.0335049352816347,0.00352437592401687,0.036));
#10783=CARTESIAN_POINT('',(0.0339794431392412,0.0049974329386746,0.039));
#10784=CARTESIAN_POINT('',(0.0339794431392412,0.0049974329386746,0.039));
#10785=CARTESIAN_POINT('',(0.0339794431392412,0.0049974329386746,0.039));
#10786=CARTESIAN_POINT('',(0.0339794431392412,0.00405404602367026,0.039));
#10787=CARTESIAN_POINT('',(0.0335049352816347,0.00352437592401687,0.039));
#10788=CARTESIAN_POINT('',(0.0335049352816347,0.00352437592401687,0.039));
#10789=CARTESIAN_POINT('',(0.0335049352816347,0.00352437592401687,0.039));
#10790=CARTESIAN_POINT('',(0.0335026837615511,0.00645360355270575,0.039));
#10791=CARTESIAN_POINT('',(0.0335026837615511,0.00645360355270575,0.036));
#10792=CARTESIAN_POINT('',(0.0338205233466779,0.00609448609938071,0.039));
#10793=CARTESIAN_POINT('',(0.0338205233466779,0.00609448609938071,0.036));
#10794=CARTESIAN_POINT('',(0.0339794431392412,0.00560909589470366,0.039));
#10795=CARTESIAN_POINT('',(0.0339794431392412,0.00560909589470366,0.036));
#10796=CARTESIAN_POINT('',(0.0339794431392412,0.0049974329386746,0.039));
#10797=CARTESIAN_POINT('',(0.0339794431392412,0.0049974329386746,0.036));
#10798=CARTESIAN_POINT('',(0.0335026837615511,0.00645360355270575,0.039));
#10799=CARTESIAN_POINT('',(0.0335026837615511,0.00645360355270575,0.039));
#10800=CARTESIAN_POINT('',(0.0335026837615511,0.00645360355270575,0.039));
#10801=CARTESIAN_POINT('',(0.0339794431392412,0.00591492737271819,0.039));
#10802=CARTESIAN_POINT('',(0.0339794431392412,0.0049974329386746,0.039));
#10803=CARTESIAN_POINT('',(0.0322176286738692,0.00699227973269331,0.039));
#10804=CARTESIAN_POINT('',(0.0322176286738692,0.00699227973269331,0.036));
#10805=CARTESIAN_POINT('',(0.0327564924805304,0.00699227973269331,0.039));
#10806=CARTESIAN_POINT('',(0.0327564924805304,0.00699227973269331,0.036));
#10807=CARTESIAN_POINT('',(0.0331848441764244,0.00681272100603079,0.039));
#10808=CARTESIAN_POINT('',(0.0331848441764244,0.00681272100603079,0.036));
#10809=CARTESIAN_POINT('',(0.0335026837615511,0.00645360355270575,0.039));
#10810=CARTESIAN_POINT('',(0.0335026837615511,0.00645360355270575,0.036));
#10811=CARTESIAN_POINT('',(0.0322176286738692,0.00699227973269331,0.039));
#10812=CARTESIAN_POINT('',(0.0322176286738692,0.00699227973269331,0.039));
#10813=CARTESIAN_POINT('',(0.0322176286738692,0.00699227973269331,0.039));
#10814=CARTESIAN_POINT('',(0.033025924383861,0.00699227973269331,0.039));
#10815=CARTESIAN_POINT('',(0.0335026837615511,0.00645360355270575,0.039));
#10816=CARTESIAN_POINT('',(0.0309083697452892,0.00646598691316524,0.039));
#10817=CARTESIAN_POINT('',(0.0309083697452892,0.00646598691316524,0.036));
#10818=CARTESIAN_POINT('',(0.0312228320502907,0.00681684879285062,0.039));
#10819=CARTESIAN_POINT('',(0.0312228320502907,0.00681684879285062,0.036));
#10820=CARTESIAN_POINT('',(0.0316592516931507,0.00699227973269331,0.039));
#10821=CARTESIAN_POINT('',(0.0316592516931507,0.00699227973269331,0.036));
#10822=CARTESIAN_POINT('',(0.0322176286738692,0.00699227973269331,0.039));
#10823=CARTESIAN_POINT('',(0.0322176286738692,0.00699227973269331,0.036));
#10824=CARTESIAN_POINT('',(0.0309083697452892,0.00646598691316524,0.039));
#10825=CARTESIAN_POINT('',(0.0309083697452892,0.00646598691316524,0.039));
#10826=CARTESIAN_POINT('',(0.0309083697452892,0.00646598691316524,0.039));
#10827=CARTESIAN_POINT('',(0.0313800632027914,0.00699227973269331,0.039));
#10828=CARTESIAN_POINT('',(0.0322176286738692,0.00699227973269331,0.039));
#10829=CARTESIAN_POINT('',(0.030436676287787,0.0049974329386746,0.039));
#10830=CARTESIAN_POINT('',(0.030436676287787,0.0049974329386746,0.036));
#10831=CARTESIAN_POINT('',(0.0304366762877871,0.00562560704198297,0.039));
#10832=CARTESIAN_POINT('',(0.0304366762877871,0.00562560704198297,0.036));
#10833=CARTESIAN_POINT('',(0.0305939074402878,0.00611512503347985,0.039));
#10834=CARTESIAN_POINT('',(0.0305939074402878,0.00611512503347985,0.036));
#10835=CARTESIAN_POINT('',(0.0309083697452892,0.00646598691316524,0.039));
#10836=CARTESIAN_POINT('',(0.0309083697452892,0.00646598691316524,0.036));
#10837=CARTESIAN_POINT('',(0.030436676287787,0.0049974329386746,0.039));
#10838=CARTESIAN_POINT('',(0.030436676287787,0.0049974329386746,0.039));
#10839=CARTESIAN_POINT('',(0.030436676287787,0.0049974329386746,0.039));
#10840=CARTESIAN_POINT('',(0.030436676287787,0.00593969409363716,0.039));
#10841=CARTESIAN_POINT('',(0.0309083697452892,0.00646598691316524,0.039));
#10842=CARTESIAN_POINT('',(0.0306550737358907,0.00393471545924251,0.039));
#10843=CARTESIAN_POINT('',(0.0306550737358907,0.00393471545924251,0.036));
#10844=CARTESIAN_POINT('',(0.0305094754371549,0.00423716965713173,0.039));
#10845=CARTESIAN_POINT('',(0.0305094754371549,0.00423716965713173,0.036));
#10846=CARTESIAN_POINT('',(0.0304366762877871,0.00459140881694242,0.039));
#10847=CARTESIAN_POINT('',(0.0304366762877871,0.00459140881694242,0.036));
#10848=CARTESIAN_POINT('',(0.030436676287787,0.0049974329386746,0.039));
#10849=CARTESIAN_POINT('',(0.030436676287787,0.0049974329386746,0.036));
#10850=CARTESIAN_POINT('',(0.0306550737358907,0.00393471545924251,0.039));
#10851=CARTESIAN_POINT('',(0.0306550737358907,0.00393471545924251,0.039));
#10852=CARTESIAN_POINT('',(0.0306550737358907,0.00393471545924251,0.039));
#10853=CARTESIAN_POINT('',(0.030436676287787,0.00438839675607633,0.039));
#10854=CARTESIAN_POINT('',(0.030436676287787,0.0049974329386746,0.039));
#10855=CARTESIAN_POINT('',(0.0312742417588648,0.00323786999338608,0.039));
#10856=CARTESIAN_POINT('',(0.0312742417588648,0.00323786999338608,0.036));
#10857=CARTESIAN_POINT('',(0.0310070613756178,0.00339997943940115,0.039));
#10858=CARTESIAN_POINT('',(0.0310070613756178,0.00339997943940115,0.036));
#10859=CARTESIAN_POINT('',(0.0308006720346264,0.00363226126135329,0.039));
#10860=CARTESIAN_POINT('',(0.0308006720346264,0.00363226126135329,0.036));
#10861=CARTESIAN_POINT('',(0.0306550737358907,0.00393471545924251,0.039));
#10862=CARTESIAN_POINT('',(0.0306550737358907,0.00393471545924251,0.036));
#10863=CARTESIAN_POINT('',(0.0312742417588648,0.00323786999338608,0.039));
#10864=CARTESIAN_POINT('',(0.0312742417588648,0.00323786999338608,0.039));
#10865=CARTESIAN_POINT('',(0.0312742417588648,0.00323786999338608,0.039));
#10866=CARTESIAN_POINT('',(0.0308734711839943,0.00348103416240868,0.039));
#10867=CARTESIAN_POINT('',(0.0306550737358907,0.00393471545924251,0.039));
#10868=CARTESIAN_POINT('',(0.0321928619529502,0.00299470582436349,0.039));
#10869=CARTESIAN_POINT('',(0.0321928619529502,0.00299470582436349,0.036));
#10870=CARTESIAN_POINT('',(0.0318476288734737,0.00299470582436349,0.039));
#10871=CARTESIAN_POINT('',(0.0318476288734737,0.00299470582436349,0.036));
#10872=CARTESIAN_POINT('',(0.0315414221421119,0.00307576054737102,0.039));
#10873=CARTESIAN_POINT('',(0.0315414221421119,0.00307576054737102,0.036));
#10874=CARTESIAN_POINT('',(0.0312742417588648,0.00323786999338608,0.039));
#10875=CARTESIAN_POINT('',(0.0312742417588648,0.00323786999338608,0.036));
#10876=CARTESIAN_POINT('',(0.0321928619529502,0.00299470582436349,0.039));
#10877=CARTESIAN_POINT('',(0.0321928619529502,0.00299470582436349,0.039));
#10878=CARTESIAN_POINT('',(0.0321928619529502,0.00299470582436349,0.039));
#10879=CARTESIAN_POINT('',(0.0316750123337355,0.00299470582436349,0.039));
#10880=CARTESIAN_POINT('',(0.0312742417588648,0.00323786999338608,0.039));
#10881=CARTESIAN_POINT('',(0.0335049352816347,0.00352437592401687,0.039));
#10882=CARTESIAN_POINT('',(0.0335049352816347,0.00352437592401687,0.036));
#10883=CARTESIAN_POINT('',(0.0331885967098969,0.00317126252424795,0.039));
#10884=CARTESIAN_POINT('',(0.0331885967098969,0.00317126252424795,0.036));
#10885=CARTESIAN_POINT('',(0.0327512389336688,0.00299470582436349,0.039));
#10886=CARTESIAN_POINT('',(0.0327512389336688,0.00299470582436349,0.036));
#10887=CARTESIAN_POINT('',(0.0321928619529502,0.00299470582436349,0.039));
#10888=CARTESIAN_POINT('',(0.0321928619529502,0.00299470582436349,0.036));
#10889=CARTESIAN_POINT('',(0.0335049352816347,0.00352437592401687,0.039));
#10890=CARTESIAN_POINT('',(0.033030427424028,0.00299470582436349,0.039));
#10891=CARTESIAN_POINT('',(0.0321928619529502,0.00299470582436349,0.039));
#10892=CARTESIAN_POINT('',(0.0313378472012249,0.00387111001688243,0.039));
#10893=CARTESIAN_POINT('',(0.0313378472012249,0.00387111001688243,0.036));
#10894=CARTESIAN_POINT('',(0.0315348552085349,0.00361331096731681,0.039));
#10895=CARTESIAN_POINT('',(0.0315348552085349,0.00361331096731681,0.036));
#10896=CARTESIAN_POINT('',(0.0318243631659438,0.003484411442534,0.039));
#10897=CARTESIAN_POINT('',(0.0318243631659438,0.003484411442534,0.036));
#10898=CARTESIAN_POINT('',(0.0322063710734515,0.003484411442534,0.039));
#10899=CARTESIAN_POINT('',(0.0322063710734515,0.003484411442534,0.036));
#10900=CARTESIAN_POINT('',(0.0313378472012249,0.00387111001688243,0.036));
#10901=CARTESIAN_POINT('',(0.0316333592121899,0.003484411442534,0.036));
#10902=CARTESIAN_POINT('',(0.0322063710734515,0.003484411442534,0.036));
#10903=CARTESIAN_POINT('',(0.0313378472012249,0.00387111001688243,0.039));
#10904=CARTESIAN_POINT('',(0.0316333592121899,0.003484411442534,0.039));
#10905=CARTESIAN_POINT('',(0.0322063710734515,0.003484411442534,0.039));
#10906=CARTESIAN_POINT('',(0.00198598749339636,-0.00383108708127283,0.039));
#10907=CARTESIAN_POINT('',(0.0266901468687722,0.0049974329386746,0.039));
#10908=CARTESIAN_POINT('',(0.0266901468687722,0.0049974329386746,0.036));
#10909=CARTESIAN_POINT('',(0.0266901468687722,0.00450435004037878,0.039));
#10910=CARTESIAN_POINT('',(0.0266901468687722,0.00450435004037878,0.036));
#10911=CARTESIAN_POINT('',(0.0267886508724272,0.00412890906644805,0.039));
#10912=CARTESIAN_POINT('',(0.0267886508724272,0.00412890906644805,0.036));
#10913=CARTESIAN_POINT('',(0.0269856588797372,0.00387111001688243,0.039));
#10914=CARTESIAN_POINT('',(0.0269856588797372,0.00387111001688243,0.036));
#10915=CARTESIAN_POINT('',(0.0266901468687722,0.0049974329386746,0.036));
#10916=CARTESIAN_POINT('',(0.0266901468687722,0.00425780859123087,0.036));
#10917=CARTESIAN_POINT('',(0.0269856588797372,0.00387111001688243,0.036));
#10918=CARTESIAN_POINT('',(0.0266901468687722,0.0049974329386746,0.036));
#10919=CARTESIAN_POINT('',(0.0269856588797372,0.00387111001688243,0.036));
#10920=CARTESIAN_POINT('',(0.0266901468687722,0.0049974329386746,0.039));
#10921=CARTESIAN_POINT('',(0.0266901468687722,0.0049974329386746,0.039));
#10922=CARTESIAN_POINT('',(0.0266901468687722,0.0049974329386746,0.039));
#10923=CARTESIAN_POINT('',(0.0266901468687722,0.00425780859123087,0.039));
#10924=CARTESIAN_POINT('',(0.0269856588797372,0.00387111001688243,0.039));
#10925=CARTESIAN_POINT('',(0.0269856588797372,0.00387111001688243,0.039));
#10926=CARTESIAN_POINT('',(0.0269856588797372,0.00387111001688243,0.039));
#10927=CARTESIAN_POINT('',(0.0269822815996119,0.00611925282029968,0.039));
#10928=CARTESIAN_POINT('',(0.0269822815996119,0.00611925282029968,0.036));
#10929=CARTESIAN_POINT('',(0.0267875251123854,0.00586820833098469,0.039));
#10930=CARTESIAN_POINT('',(0.0267875251123854,0.00586820833098469,0.036));
#10931=CARTESIAN_POINT('',(0.0266901468687722,0.00549426837044299,0.039));
#10932=CARTESIAN_POINT('',(0.0266901468687722,0.00549426837044299,0.036));
#10933=CARTESIAN_POINT('',(0.0266901468687722,0.0049974329386746,0.039));
#10934=CARTESIAN_POINT('',(0.0266901468687722,0.0049974329386746,0.036));
#10935=CARTESIAN_POINT('',(0.0269822815996119,0.00611925282029968,0.036));
#10936=CARTESIAN_POINT('',(0.0266901468687722,0.00574268608632719,0.036));
#10937=CARTESIAN_POINT('',(0.0266901468687722,0.0049974329386746,0.036));
#10938=CARTESIAN_POINT('',(0.0269822815996119,0.00611925282029968,0.036));
#10939=CARTESIAN_POINT('',(0.0269822815996119,0.00611925282029968,0.039));
#10940=CARTESIAN_POINT('',(0.0269822815996119,0.00611925282029968,0.039));
#10941=CARTESIAN_POINT('',(0.0269822815996119,0.00611925282029968,0.039));
#10942=CARTESIAN_POINT('',(0.0266901468687722,0.00574268608632719,0.039));
#10943=CARTESIAN_POINT('',(0.0266901468687722,0.0049974329386746,0.039));
#10944=CARTESIAN_POINT('',(0.0278474281917131,0.00649581955427218,0.039));
#10945=CARTESIAN_POINT('',(0.0278474281917131,0.00649581955427218,0.036));
#10946=CARTESIAN_POINT('',(0.0274654202842054,0.00649581955427217,0.039));
#10947=CARTESIAN_POINT('',(0.0274654202842054,0.00649581955427217,0.036));
#10948=CARTESIAN_POINT('',(0.0271770380868383,0.00637029730961467,0.039));
#10949=CARTESIAN_POINT('',(0.0271770380868383,0.00637029730961467,0.036));
#10950=CARTESIAN_POINT('',(0.0269822815996119,0.00611925282029968,0.039));
#10951=CARTESIAN_POINT('',(0.0269822815996119,0.00611925282029968,0.036));
#10952=CARTESIAN_POINT('',(0.0278474281917131,0.00649581955427218,0.036));
#10953=CARTESIAN_POINT('',(0.0272744163304515,0.00649581955427217,0.036));
#10954=CARTESIAN_POINT('',(0.0269822815996119,0.00611925282029968,0.036));
#10955=CARTESIAN_POINT('',(0.0278474281917131,0.00649581955427218,0.036));
#10956=CARTESIAN_POINT('',(0.0278474281917131,0.00649581955427218,0.039));
#10957=CARTESIAN_POINT('',(0.0278474281917131,0.00649581955427218,0.039));
#10958=CARTESIAN_POINT('',(0.0278474281917131,0.00649581955427218,0.039));
#10959=CARTESIAN_POINT('',(0.0272744163304515,0.00649581955427217,0.039));
#10960=CARTESIAN_POINT('',(0.0269822815996119,0.00611925282029968,0.039));
#10961=CARTESIAN_POINT('',(0.0287255210242947,0.00611418690011171,0.039));
#10962=CARTESIAN_POINT('',(0.0287255210242947,0.00611418690011171,0.036));
#10963=CARTESIAN_POINT('',(0.0285273872569429,0.00636860866955202,0.039));
#10964=CARTESIAN_POINT('',(0.0285273872569429,0.00636860866955202,0.036));
#10965=CARTESIAN_POINT('',(0.0282346896460824,0.00649581955427218,0.039));
#10966=CARTESIAN_POINT('',(0.0282346896460824,0.00649581955427218,0.036));
#10967=CARTESIAN_POINT('',(0.0278474281917131,0.00649581955427218,0.039));
#10968=CARTESIAN_POINT('',(0.0278474281917131,0.00649581955427218,0.036));
#10969=CARTESIAN_POINT('',(0.0287255210242947,0.00611418690011171,0.036));
#10970=CARTESIAN_POINT('',(0.028428320373267,0.00649581955427218,0.036));
#10971=CARTESIAN_POINT('',(0.0278474281917131,0.00649581955427218,0.036));
#10972=CARTESIAN_POINT('',(0.0287255210242947,0.00611418690011171,0.036));
#10973=CARTESIAN_POINT('',(0.0287255210242947,0.00611418690011171,0.039));
#10974=CARTESIAN_POINT('',(0.0287255210242947,0.00611418690011171,0.039));
#10975=CARTESIAN_POINT('',(0.0287255210242947,0.00611418690011171,0.039));
#10976=CARTESIAN_POINT('',(0.028428320373267,0.00649581955427218,0.039));
#10977=CARTESIAN_POINT('',(0.0278474281917131,0.00649581955427218,0.039));
#10978=CARTESIAN_POINT('',(0.0290227216753223,0.0049974329386746,0.039));
#10979=CARTESIAN_POINT('',(0.0290227216753223,0.0049974329386746,0.036));
#10980=CARTESIAN_POINT('',(0.0290227216753223,0.00548751381019237,0.039));
#10981=CARTESIAN_POINT('',(0.0290227216753223,0.00548751381019237,0.036));
#10982=CARTESIAN_POINT('',(0.0289236547916464,0.0058597651306714,0.039));
#10983=CARTESIAN_POINT('',(0.0289236547916464,0.0058597651306714,0.036));
#10984=CARTESIAN_POINT('',(0.0287255210242947,0.00611418690011171,0.039));
#10985=CARTESIAN_POINT('',(0.0287255210242947,0.00611418690011171,0.036));
#10986=CARTESIAN_POINT('',(0.0290227216753223,0.0049974329386746,0.036));
#10987=CARTESIAN_POINT('',(0.0290227216753223,0.00573255424595125,0.036));
#10988=CARTESIAN_POINT('',(0.0287255210242947,0.00611418690011171,0.036));
#10989=CARTESIAN_POINT('',(0.0290227216753223,0.0049974329386746,0.036));
#10990=CARTESIAN_POINT('',(0.0290227216753223,0.0049974329386746,0.039));
#10991=CARTESIAN_POINT('',(0.0290227216753223,0.0049974329386746,0.039));
#10992=CARTESIAN_POINT('',(0.0290227216753223,0.0049974329386746,0.039));
#10993=CARTESIAN_POINT('',(0.0290227216753223,0.00573255424595125,0.039));
#10994=CARTESIAN_POINT('',(0.0287255210242947,0.00611418690011171,0.039));
#10995=CARTESIAN_POINT('',(0.0287255210242947,0.00386942137681978,0.039));
#10996=CARTESIAN_POINT('',(0.0287255210242947,0.00386942137681978,0.036));
#10997=CARTESIAN_POINT('',(0.0289236547916464,0.00412609466634363,0.039));
#10998=CARTESIAN_POINT('',(0.0289236547916464,0.00412609466634363,0.036));
#10999=CARTESIAN_POINT('',(0.0290227216753223,0.00450209852029524,0.039));
#11000=CARTESIAN_POINT('',(0.0290227216753223,0.00450209852029524,0.036));
#11001=CARTESIAN_POINT('',(0.0290227216753223,0.0049974329386746,0.039));
#11002=CARTESIAN_POINT('',(0.0290227216753223,0.0049974329386746,0.036));
#11003=CARTESIAN_POINT('',(0.0287255210242947,0.00386942137681978,0.036));
#11004=CARTESIAN_POINT('',(0.0290227216753223,0.00425443131110555,0.036));
#11005=CARTESIAN_POINT('',(0.0290227216753223,0.0049974329386746,0.036));
#11006=CARTESIAN_POINT('',(0.0287255210242947,0.00386942137681978,0.036));
#11007=CARTESIAN_POINT('',(0.0287255210242947,0.00386942137681978,0.039));
#11008=CARTESIAN_POINT('',(0.0287255210242947,0.00386942137681978,0.039));
#11009=CARTESIAN_POINT('',(0.0287255210242947,0.00386942137681978,0.039));
#11010=CARTESIAN_POINT('',(0.0290227216753223,0.00425443131110555,0.039));
#11011=CARTESIAN_POINT('',(0.0290227216753223,0.0049974329386746,0.039));
#11012=CARTESIAN_POINT('',(0.0278541827519637,0.003484411442534,0.039));
#11013=CARTESIAN_POINT('',(0.0278541827519637,0.003484411442534,0.036));
#11014=CARTESIAN_POINT('',(0.0282369411661659,0.003484411442534,0.039));
#11015=CARTESIAN_POINT('',(0.0282369411661659,0.003484411442534,0.036));
#11016=CARTESIAN_POINT('',(0.0285273872569429,0.00361274808729592,0.039));
#11017=CARTESIAN_POINT('',(0.0285273872569429,0.00361274808729592,0.036));
#11018=CARTESIAN_POINT('',(0.0287255210242947,0.00386942137681978,0.039));
#11019=CARTESIAN_POINT('',(0.0287255210242947,0.00386942137681978,0.036));
#11020=CARTESIAN_POINT('',(0.0278541827519637,0.003484411442534,0.036));
#11021=CARTESIAN_POINT('',(0.028428320373267,0.003484411442534,0.036));
#11022=CARTESIAN_POINT('',(0.0287255210242947,0.00386942137681978,0.036));
#11023=CARTESIAN_POINT('',(0.0278541827519637,0.003484411442534,0.036));
#11024=CARTESIAN_POINT('',(0.0278541827519637,0.003484411442534,0.039));
#11025=CARTESIAN_POINT('',(0.0278541827519637,0.003484411442534,0.039));
#11026=CARTESIAN_POINT('',(0.0278541827519637,0.003484411442534,0.039));
#11027=CARTESIAN_POINT('',(0.028428320373267,0.003484411442534,0.039));
#11028=CARTESIAN_POINT('',(0.0287255210242947,0.00386942137681978,0.039));
#11029=CARTESIAN_POINT('',(0.0296272548177535,0.0049974329386746,0.039));
#11030=CARTESIAN_POINT('',(0.0296272548177535,0.0049974329386746,0.036));
#11031=CARTESIAN_POINT('',(0.0296272548177535,0.00436850832867171,0.039));
#11032=CARTESIAN_POINT('',(0.0296272548177535,0.00436850832867171,0.036));
#11033=CARTESIAN_POINT('',(0.0294690855318846,0.0038774893237858,0.039));
#11034=CARTESIAN_POINT('',(0.0294690855318846,0.0038774893237858,0.036));
#11035=CARTESIAN_POINT('',(0.0291527469601469,0.00352437592401687,0.039));
#11036=CARTESIAN_POINT('',(0.0291527469601469,0.00352437592401687,0.036));
#11037=CARTESIAN_POINT('',(0.0296272548177535,0.0049974329386746,0.039));
#11038=CARTESIAN_POINT('',(0.0296272548177535,0.0049974329386746,0.039));
#11039=CARTESIAN_POINT('',(0.0296272548177535,0.0049974329386746,0.039));
#11040=CARTESIAN_POINT('',(0.0296272548177535,0.00405404602367026,0.039));
#11041=CARTESIAN_POINT('',(0.0291527469601469,0.00352437592401687,0.039));
#11042=CARTESIAN_POINT('',(0.0291527469601469,0.00352437592401687,0.039));
#11043=CARTESIAN_POINT('',(0.0291527469601469,0.00352437592401687,0.039));
#11044=CARTESIAN_POINT('',(0.0291504954400633,0.00645360355270575,0.039));
#11045=CARTESIAN_POINT('',(0.0291504954400633,0.00645360355270575,0.036));
#11046=CARTESIAN_POINT('',(0.0294683350251901,0.00609448609938071,0.039));
#11047=CARTESIAN_POINT('',(0.0294683350251901,0.00609448609938071,0.036));
#11048=CARTESIAN_POINT('',(0.0296272548177535,0.00560909589470366,0.039));
#11049=CARTESIAN_POINT('',(0.0296272548177535,0.00560909589470366,0.036));
#11050=CARTESIAN_POINT('',(0.0296272548177535,0.0049974329386746,0.039));
#11051=CARTESIAN_POINT('',(0.0296272548177535,0.0049974329386746,0.036));
#11052=CARTESIAN_POINT('',(0.0291504954400633,0.00645360355270575,0.039));
#11053=CARTESIAN_POINT('',(0.0291504954400633,0.00645360355270575,0.039));
#11054=CARTESIAN_POINT('',(0.0291504954400633,0.00645360355270575,0.039));
#11055=CARTESIAN_POINT('',(0.0296272548177535,0.00591492737271819,0.039));
#11056=CARTESIAN_POINT('',(0.0296272548177535,0.0049974329386746,0.039));
#11057=CARTESIAN_POINT('',(0.0278654403523814,0.00699227973269331,0.039));
#11058=CARTESIAN_POINT('',(0.0278654403523814,0.00699227973269331,0.036));
#11059=CARTESIAN_POINT('',(0.0284043041590426,0.00699227973269331,0.039));
#11060=CARTESIAN_POINT('',(0.0284043041590426,0.00699227973269331,0.036));
#11061=CARTESIAN_POINT('',(0.0288326558549366,0.00681272100603079,0.039));
#11062=CARTESIAN_POINT('',(0.0288326558549366,0.00681272100603079,0.036));
#11063=CARTESIAN_POINT('',(0.0291504954400633,0.00645360355270575,0.039));
#11064=CARTESIAN_POINT('',(0.0291504954400633,0.00645360355270575,0.036));
#11065=CARTESIAN_POINT('',(0.0278654403523814,0.00699227973269331,0.039));
#11066=CARTESIAN_POINT('',(0.0278654403523814,0.00699227973269331,0.039));
#11067=CARTESIAN_POINT('',(0.0278654403523814,0.00699227973269331,0.039));
#11068=CARTESIAN_POINT('',(0.0286737360623732,0.00699227973269331,0.039));
#11069=CARTESIAN_POINT('',(0.0291504954400633,0.00645360355270575,0.039));
#11070=CARTESIAN_POINT('',(0.0265561814238015,0.00646598691316524,0.039));
#11071=CARTESIAN_POINT('',(0.0265561814238015,0.00646598691316524,0.036));
#11072=CARTESIAN_POINT('',(0.0268706437288029,0.00681684879285062,0.039));
#11073=CARTESIAN_POINT('',(0.0268706437288029,0.00681684879285062,0.036));
#11074=CARTESIAN_POINT('',(0.0273070633716629,0.00699227973269331,0.039));
#11075=CARTESIAN_POINT('',(0.0273070633716629,0.00699227973269331,0.036));
#11076=CARTESIAN_POINT('',(0.0278654403523814,0.00699227973269331,0.039));
#11077=CARTESIAN_POINT('',(0.0278654403523814,0.00699227973269331,0.036));
#11078=CARTESIAN_POINT('',(0.0265561814238015,0.00646598691316524,0.039));
#11079=CARTESIAN_POINT('',(0.0265561814238015,0.00646598691316524,0.039));
#11080=CARTESIAN_POINT('',(0.0265561814238015,0.00646598691316524,0.039));
#11081=CARTESIAN_POINT('',(0.0270278748813036,0.00699227973269331,0.039));
#11082=CARTESIAN_POINT('',(0.0278654403523814,0.00699227973269331,0.039));
#11083=CARTESIAN_POINT('',(0.0260844879662993,0.0049974329386746,0.039));
#11084=CARTESIAN_POINT('',(0.0260844879662993,0.0049974329386746,0.036));
#11085=CARTESIAN_POINT('',(0.0260844879662993,0.00562560704198297,0.039));
#11086=CARTESIAN_POINT('',(0.0260844879662993,0.00562560704198297,0.036));
#11087=CARTESIAN_POINT('',(0.0262417191188,0.00611512503347985,0.039));
#11088=CARTESIAN_POINT('',(0.0262417191188,0.00611512503347985,0.036));
#11089=CARTESIAN_POINT('',(0.0265561814238015,0.00646598691316524,0.039));
#11090=CARTESIAN_POINT('',(0.0265561814238015,0.00646598691316524,0.036));
#11091=CARTESIAN_POINT('',(0.0260844879662993,0.0049974329386746,0.039));
#11092=CARTESIAN_POINT('',(0.0260844879662993,0.0049974329386746,0.039));
#11093=CARTESIAN_POINT('',(0.0260844879662993,0.0049974329386746,0.039));
#11094=CARTESIAN_POINT('',(0.0260844879662993,0.00593969409363716,0.039));
#11095=CARTESIAN_POINT('',(0.0265561814238015,0.00646598691316524,0.039));
#11096=CARTESIAN_POINT('',(0.0263028854144029,0.00393471545924251,0.039));
#11097=CARTESIAN_POINT('',(0.0263028854144029,0.00393471545924251,0.036));
#11098=CARTESIAN_POINT('',(0.0261572871156671,0.00423716965713173,0.039));
#11099=CARTESIAN_POINT('',(0.0261572871156671,0.00423716965713173,0.036));
#11100=CARTESIAN_POINT('',(0.0260844879662993,0.00459140881694242,0.039));
#11101=CARTESIAN_POINT('',(0.0260844879662993,0.00459140881694242,0.036));
#11102=CARTESIAN_POINT('',(0.0260844879662993,0.0049974329386746,0.039));
#11103=CARTESIAN_POINT('',(0.0260844879662993,0.0049974329386746,0.036));
#11104=CARTESIAN_POINT('',(0.0263028854144029,0.00393471545924251,0.039));
#11105=CARTESIAN_POINT('',(0.0263028854144029,0.00393471545924251,0.039));
#11106=CARTESIAN_POINT('',(0.0263028854144029,0.00393471545924251,0.039));
#11107=CARTESIAN_POINT('',(0.0260844879662993,0.00438839675607633,0.039));
#11108=CARTESIAN_POINT('',(0.0260844879662993,0.0049974329386746,0.039));
#11109=CARTESIAN_POINT('',(0.0269220534373771,0.00323786999338608,0.039));
#11110=CARTESIAN_POINT('',(0.0269220534373771,0.00323786999338608,0.036));
#11111=CARTESIAN_POINT('',(0.02665487305413,0.00339997943940115,0.039));
#11112=CARTESIAN_POINT('',(0.02665487305413,0.00339997943940115,0.036));
#11113=CARTESIAN_POINT('',(0.0264484837131386,0.00363226126135329,0.039));
#11114=CARTESIAN_POINT('',(0.0264484837131386,0.00363226126135329,0.036));
#11115=CARTESIAN_POINT('',(0.0263028854144029,0.00393471545924251,0.039));
#11116=CARTESIAN_POINT('',(0.0263028854144029,0.00393471545924251,0.036));
#11117=CARTESIAN_POINT('',(0.0269220534373771,0.00323786999338608,0.039));
#11118=CARTESIAN_POINT('',(0.0269220534373771,0.00323786999338608,0.039));
#11119=CARTESIAN_POINT('',(0.0269220534373771,0.00323786999338608,0.039));
#11120=CARTESIAN_POINT('',(0.0265212828625065,0.00348103416240868,0.039));
#11121=CARTESIAN_POINT('',(0.0263028854144029,0.00393471545924251,0.039));
#11122=CARTESIAN_POINT('',(0.0278406736314625,0.00299470582436349,0.039));
#11123=CARTESIAN_POINT('',(0.0278406736314625,0.00299470582436349,0.036));
#11124=CARTESIAN_POINT('',(0.0274954405519859,0.00299470582436349,0.039));
#11125=CARTESIAN_POINT('',(0.0274954405519859,0.00299470582436349,0.036));
#11126=CARTESIAN_POINT('',(0.0271892338206241,0.00307576054737102,0.039));
#11127=CARTESIAN_POINT('',(0.0271892338206241,0.00307576054737102,0.036));
#11128=CARTESIAN_POINT('',(0.0269220534373771,0.00323786999338608,0.039));
#11129=CARTESIAN_POINT('',(0.0269220534373771,0.00323786999338608,0.036));
#11130=CARTESIAN_POINT('',(0.0278406736314625,0.00299470582436349,0.039));
#11131=CARTESIAN_POINT('',(0.0278406736314625,0.00299470582436349,0.039));
#11132=CARTESIAN_POINT('',(0.0278406736314625,0.00299470582436349,0.039));
#11133=CARTESIAN_POINT('',(0.0273228240122476,0.00299470582436349,0.039));
#11134=CARTESIAN_POINT('',(0.0269220534373771,0.00323786999338608,0.039));
#11135=CARTESIAN_POINT('',(0.0291527469601469,0.00352437592401687,0.039));
#11136=CARTESIAN_POINT('',(0.0291527469601469,0.00352437592401687,0.036));
#11137=CARTESIAN_POINT('',(0.0288364083884092,0.00317126252424795,0.039));
#11138=CARTESIAN_POINT('',(0.0288364083884092,0.00317126252424795,0.036));
#11139=CARTESIAN_POINT('',(0.028399050612181,0.00299470582436349,0.039));
#11140=CARTESIAN_POINT('',(0.028399050612181,0.00299470582436349,0.036));
#11141=CARTESIAN_POINT('',(0.0278406736314625,0.00299470582436349,0.039));
#11142=CARTESIAN_POINT('',(0.0278406736314625,0.00299470582436349,0.036));
#11143=CARTESIAN_POINT('',(0.0291527469601469,0.00352437592401687,0.039));
#11144=CARTESIAN_POINT('',(0.0286782391025403,0.00299470582436349,0.039));
#11145=CARTESIAN_POINT('',(0.0278406736314625,0.00299470582436349,0.039));
#11146=CARTESIAN_POINT('',(0.0269856588797372,0.00387111001688243,0.039));
#11147=CARTESIAN_POINT('',(0.0269856588797372,0.00387111001688243,0.036));
#11148=CARTESIAN_POINT('',(0.0271826668870472,0.00361331096731681,0.039));
#11149=CARTESIAN_POINT('',(0.0271826668870472,0.00361331096731681,0.036));
#11150=CARTESIAN_POINT('',(0.027472174844456,0.003484411442534,0.039));
#11151=CARTESIAN_POINT('',(0.027472174844456,0.003484411442534,0.036));
#11152=CARTESIAN_POINT('',(0.0278541827519637,0.003484411442534,0.039));
#11153=CARTESIAN_POINT('',(0.0278541827519637,0.003484411442534,0.036));
#11154=CARTESIAN_POINT('',(0.0269856588797372,0.00387111001688243,0.036));
#11155=CARTESIAN_POINT('',(0.0272811708907022,0.003484411442534,0.036));
#11156=CARTESIAN_POINT('',(0.0278541827519637,0.003484411442534,0.036));
#11157=CARTESIAN_POINT('',(0.0269856588797372,0.00387111001688243,0.039));
#11158=CARTESIAN_POINT('',(0.0272811708907022,0.003484411442534,0.039));
#11159=CARTESIAN_POINT('',(0.0278541827519637,0.003484411442534,0.039));
#11160=CARTESIAN_POINT('',(0.00198598749339636,-0.00383108708127283,0.039));
#11161=CARTESIAN_POINT('',(0.0245163042281118,0.00431297083327766,0.039));
#11162=CARTESIAN_POINT('',(0.0245163042281118,0.00306562870699508,0.039));
#11163=CARTESIAN_POINT('',(0.0245163042281118,0.00306562870699508,0.039));
#11164=CARTESIAN_POINT('',(0.0245163042281118,0.00431297083327766,0.039));
#11165=CARTESIAN_POINT('',(0.0245163042281118,0.00556031295956024,0.039));
#11166=CARTESIAN_POINT('',(0.0245163042281118,0.00556031295956024,0.039));
#11167=CARTESIAN_POINT('',(0.0248084389589515,0.00306562870699508,0.039));
#11168=CARTESIAN_POINT('',(0.0251005736897911,0.00306562870699508,0.039));
#11169=CARTESIAN_POINT('',(0.0251005736897911,0.00306562870699508,0.039));
#11170=CARTESIAN_POINT('',(0.0248084389589515,0.00306562870699508,0.039));
#11171=CARTESIAN_POINT('',(0.0251005736897911,0.0043231026736536,0.039));
#11172=CARTESIAN_POINT('',(0.0251005736897911,0.00558057664031212,0.039));
#11173=CARTESIAN_POINT('',(0.0251005736897911,0.00558057664031212,0.039));
#11174=CARTESIAN_POINT('',(0.0251005736897911,0.0043231026736536,0.039));
#11175=CARTESIAN_POINT('',(0.0247487736767377,0.00665624036022458,0.039));
#11176=CARTESIAN_POINT('',(0.0247487736767377,0.00665624036022458,0.036));
#11177=CARTESIAN_POINT('',(0.0249833070187733,0.00643221411191209,0.039));
#11178=CARTESIAN_POINT('',(0.0249833070187733,0.00643221411191209,0.036));
#11179=CARTESIAN_POINT('',(0.0251005736897911,0.00607365953860794,0.039));
#11180=CARTESIAN_POINT('',(0.0251005736897911,0.00607365953860794,0.036));
#11181=CARTESIAN_POINT('',(0.0251005736897911,0.00558057664031212,0.039));
#11182=CARTESIAN_POINT('',(0.0251005736897911,0.00558057664031212,0.036));
#11183=CARTESIAN_POINT('',(0.0247487736767377,0.00665624036022458,0.039));
#11184=CARTESIAN_POINT('',(0.0247487736767377,0.00665624036022458,0.039));
#11185=CARTESIAN_POINT('',(0.0247487736767377,0.00665624036022458,0.039));
#11186=CARTESIAN_POINT('',(0.0251005736897911,0.00632020098775585,0.039));
#11187=CARTESIAN_POINT('',(0.0251005736897911,0.00558057664031212,0.039));
#11188=CARTESIAN_POINT('',(0.0237001281978277,0.00699227973269331,0.039));
#11189=CARTESIAN_POINT('',(0.0237001281978277,0.00699227973269331,0.036));
#11190=CARTESIAN_POINT('',(0.024164691841732,0.00699227973269331,0.039));
#11191=CARTESIAN_POINT('',(0.024164691841732,0.00699227973269331,0.036));
#11192=CARTESIAN_POINT('',(0.0245142403347019,0.00688026660853707,0.039));
#11193=CARTESIAN_POINT('',(0.0245142403347019,0.00688026660853707,0.036));
#11194=CARTESIAN_POINT('',(0.0247487736767377,0.00665624036022458,0.039));
#11195=CARTESIAN_POINT('',(0.0247487736767377,0.00665624036022458,0.036));
#11196=CARTESIAN_POINT('',(0.0237001281978277,0.00699227973269331,0.039));
#11197=CARTESIAN_POINT('',(0.0237001281978277,0.00699227973269331,0.039));
#11198=CARTESIAN_POINT('',(0.0237001281978277,0.00699227973269331,0.039));
#11199=CARTESIAN_POINT('',(0.0243969736636841,0.00699227973269331,0.039));
#11200=CARTESIAN_POINT('',(0.0247487736767377,0.00665624036022458,0.039));
#11201=CARTESIAN_POINT('',(0.0236743923379105,0.00536121764456332,0.039));
#11202=CARTESIAN_POINT('',(0.0229790788910732,0.00683523620686622,0.039));
#11203=CARTESIAN_POINT('',(0.0229790855017667,0.00683521779327858,0.039));
#11204=CARTESIAN_POINT('',(0.0236743923379105,0.00536121764456332,0.039));
#11205=CARTESIAN_POINT('',(0.0234855025447958,0.00574669125087541,0.039));
#11206=CARTESIAN_POINT('',(0.0224748098707044,0.00639337539047099,0.039));
#11207=CARTESIAN_POINT('',(0.0224748098707044,0.00639337539047099,0.039));
#11208=CARTESIAN_POINT('',(0.0234855025447958,0.00574669125087541,0.039));
#11209=CARTESIAN_POINT('',(0.0224612292718584,0.00639337539047099,0.039));
#11210=CARTESIAN_POINT('',(0.0224471572713363,0.00639337539047099,0.039));
#11211=CARTESIAN_POINT('',(0.0224471572713363,0.00639337539047099,0.039));
#11212=CARTESIAN_POINT('',(0.0224612292718584,0.00639337539047099,0.039));
#11213=CARTESIAN_POINT('',(0.0223998753495818,0.00665736612026635,0.039));
#11214=CARTESIAN_POINT('',(0.0223525934278274,0.00692135685006172,0.039));
#11215=CARTESIAN_POINT('',(0.0223525934278274,0.00692135685006172,0.039));
#11216=CARTESIAN_POINT('',(0.0223998753495818,0.00665736612026635,0.039));
#11217=CARTESIAN_POINT('',(0.0221150580590137,0.00692135685006172,0.039));
#11218=CARTESIAN_POINT('',(0.0218775226902,0.00692135685006172,0.039));
#11219=CARTESIAN_POINT('',(0.0218775226902,0.00692135685006172,0.039));
#11220=CARTESIAN_POINT('',(0.0221150580590137,0.00692135685006172,0.039));
#11221=CARTESIAN_POINT('',(0.0218775226902,0.0049934927785284,0.039));
#11222=CARTESIAN_POINT('',(0.0218775226902,0.00306562870699508,0.039));
#11223=CARTESIAN_POINT('',(0.0218775226902,0.00306562870699508,0.039));
#11224=CARTESIAN_POINT('',(0.0218775226902,0.0049934927785284,0.039));
#11225=CARTESIAN_POINT('',(0.0221696574210396,0.00306562870699508,0.039));
#11226=CARTESIAN_POINT('',(0.0224617921518793,0.00306562870699508,0.039));
#11227=CARTESIAN_POINT('',(0.0224617921518793,0.00306562870699508,0.039));
#11228=CARTESIAN_POINT('',(0.0221696574210396,0.00306562870699508,0.039));
#11229=CARTESIAN_POINT('',(0.0224617921518793,0.00407712410452658,0.039));
#11230=CARTESIAN_POINT('',(0.0224617921518793,0.00508861950205807,0.039));
#11231=CARTESIAN_POINT('',(0.0224617921518793,0.00508861950205807,0.039));
#11232=CARTESIAN_POINT('',(0.0224617921518793,0.00407712410452658,0.039));
#11233=CARTESIAN_POINT('',(0.0227432321623221,0.00616878626213762,0.039));
#11234=CARTESIAN_POINT('',(0.0227432321623221,0.00616878626213762,0.036));
#11235=CARTESIAN_POINT('',(0.0225556054886936,0.00595076406738125,0.039));
#11236=CARTESIAN_POINT('',(0.0225556054886936,0.00595076406738125,0.036));
#11237=CARTESIAN_POINT('',(0.0224617921518793,0.00559070848068806,0.039));
#11238=CARTESIAN_POINT('',(0.0224617921518793,0.00559070848068806,0.036));
#11239=CARTESIAN_POINT('',(0.0224617921518793,0.00508861950205807,0.039));
#11240=CARTESIAN_POINT('',(0.0224617921518793,0.00508861950205807,0.036));
#11241=CARTESIAN_POINT('',(0.0227432321623221,0.00616878626213762,0.039));
#11242=CARTESIAN_POINT('',(0.0227432321623221,0.00616878626213762,0.039));
#11243=CARTESIAN_POINT('',(0.0227432321623221,0.00616878626213762,0.039));
#11244=CARTESIAN_POINT('',(0.0224617921518793,0.00584175297000306,0.039));
#11245=CARTESIAN_POINT('',(0.0224617921518793,0.00508861950205807,0.039));
#11246=CARTESIAN_POINT('',(0.0236292053151961,0.00649581955427217,0.039));
#11247=CARTESIAN_POINT('',(0.0236292053151961,0.00649581955427217,0.036));
#11248=CARTESIAN_POINT('',(0.023226183220242,0.00649581955427217,0.039));
#11249=CARTESIAN_POINT('',(0.023226183220242,0.00649581955427217,0.036));
#11250=CARTESIAN_POINT('',(0.0229308588359506,0.00638680845689399,0.039));
#11251=CARTESIAN_POINT('',(0.0229308588359506,0.00638680845689399,0.036));
#11252=CARTESIAN_POINT('',(0.0227432321623221,0.00616878626213762,0.039));
#11253=CARTESIAN_POINT('',(0.0227432321623221,0.00616878626213762,0.036));
#11254=CARTESIAN_POINT('',(0.0236292053151961,0.00649581955427217,0.039));
#11255=CARTESIAN_POINT('',(0.0236292053151961,0.00649581955427217,0.039));
#11256=CARTESIAN_POINT('',(0.0236292053151961,0.00649581955427217,0.039));
#11257=CARTESIAN_POINT('',(0.0230246721727649,0.00649581955427217,0.039));
#11258=CARTESIAN_POINT('',(0.0227432321623221,0.00616878626213762,0.039));
#11259=CARTESIAN_POINT('',(0.0243018469401544,0.0062633501056464,0.039));
#11260=CARTESIAN_POINT('',(0.0243018469401544,0.0062633501056464,0.036));
#11261=CARTESIAN_POINT('',(0.0241588754148495,0.00641832973806358,0.039));
#11262=CARTESIAN_POINT('',(0.0241588754148495,0.00641832973806358,0.036));
#11263=CARTESIAN_POINT('',(0.0239346615398634,0.00649581955427217,0.039));
#11264=CARTESIAN_POINT('',(0.0239346615398634,0.00649581955427217,0.036));
#11265=CARTESIAN_POINT('',(0.0236292053151961,0.00649581955427217,0.039));
#11266=CARTESIAN_POINT('',(0.0236292053151961,0.00649581955427217,0.036));
#11267=CARTESIAN_POINT('',(0.0243018469401544,0.0062633501056464,0.039));
#11268=CARTESIAN_POINT('',(0.0243018469401544,0.0062633501056464,0.039));
#11269=CARTESIAN_POINT('',(0.0243018469401544,0.0062633501056464,0.039));
#11270=CARTESIAN_POINT('',(0.024087389652197,0.00649581955427217,0.039));
#11271=CARTESIAN_POINT('',(0.0236292053151961,0.00649581955427217,0.039));
#11272=CARTESIAN_POINT('',(0.0245163042281118,0.00556031295956024,0.039));
#11273=CARTESIAN_POINT('',(0.0245163042281118,0.00556031295956024,0.036));
#11274=CARTESIAN_POINT('',(0.0245163042281118,0.00587402475786717,0.039));
#11275=CARTESIAN_POINT('',(0.0245163042281118,0.00587402475786717,0.036));
#11276=CARTESIAN_POINT('',(0.0244448184654594,0.00610837047322923,0.039));
#11277=CARTESIAN_POINT('',(0.0244448184654594,0.00610837047322923,0.036));
#11278=CARTESIAN_POINT('',(0.0243018469401544,0.0062633501056464,0.039));
#11279=CARTESIAN_POINT('',(0.0243018469401544,0.0062633501056464,0.036));
#11280=CARTESIAN_POINT('',(0.0245163042281118,0.00556031295956024,0.039));
#11281=CARTESIAN_POINT('',(0.0245163042281118,0.00603088065702064,0.039));
#11282=CARTESIAN_POINT('',(0.0243018469401544,0.0062633501056464,0.039));
#11283=CARTESIAN_POINT('',(0.00198598749339636,-0.00383108708127283,0.039));
#11284=CARTESIAN_POINT('',(0.020912746334402,0.00443455291778896,0.039));
#11285=CARTESIAN_POINT('',(0.020912746334402,0.00443455291778896,0.036));
#11286=CARTESIAN_POINT('',(0.020912746334402,0.0039819973809969,0.039));
#11287=CARTESIAN_POINT('',(0.020912746334402,0.0039819973809969,0.036));
#11288=CARTESIAN_POINT('',(0.020748572994977,0.00362888398122798,0.039));
#11289=CARTESIAN_POINT('',(0.020748572994977,0.00362888398122798,0.036));
#11290=CARTESIAN_POINT('',(0.0204202263161271,0.00337521271848218,0.039));
#11291=CARTESIAN_POINT('',(0.0204202263161271,0.00337521271848218,0.036));
#11292=CARTESIAN_POINT('',(0.020912746334402,0.00443455291778896,0.039));
#11293=CARTESIAN_POINT('',(0.020912746334402,0.00443455291778896,0.039));
#11294=CARTESIAN_POINT('',(0.020912746334402,0.00443455291778896,0.039));
#11295=CARTESIAN_POINT('',(0.020912746334402,0.00375571961260087,0.039));
#11296=CARTESIAN_POINT('',(0.0204202263161271,0.00337521271848218,0.039));
#11297=CARTESIAN_POINT('',(0.0204202263161271,0.00337521271848218,0.039));
#11298=CARTESIAN_POINT('',(0.0204202263161271,0.00337521271848218,0.039));
#11299=CARTESIAN_POINT('',(0.0206087911231238,0.00529238206961867,0.039));
#11300=CARTESIAN_POINT('',(0.0206087911231238,0.00529238206961867,0.036));
#11301=CARTESIAN_POINT('',(0.0208114279306426,0.0050717331014315,0.039));
#11302=CARTESIAN_POINT('',(0.0208114279306426,0.0050717331014315,0.036));
#11303=CARTESIAN_POINT('',(0.020912746334402,0.0047857900508216,0.039));
#11304=CARTESIAN_POINT('',(0.020912746334402,0.0047857900508216,0.036));
#11305=CARTESIAN_POINT('',(0.020912746334402,0.00443455291778896,0.039));
#11306=CARTESIAN_POINT('',(0.020912746334402,0.00443455291778896,0.036));
#11307=CARTESIAN_POINT('',(0.0206087911231238,0.00529238206961867,0.039));
#11308=CARTESIAN_POINT('',(0.0206087911231238,0.00529238206961867,0.039));
#11309=CARTESIAN_POINT('',(0.0206087911231238,0.00529238206961867,0.039));
#11310=CARTESIAN_POINT('',(0.020912746334402,0.00496140861733792,0.039));
#11311=CARTESIAN_POINT('',(0.020912746334402,0.00443455291778896,0.039));
#11312=CARTESIAN_POINT('',(0.019495414441812,0.00591155009259288,0.039));
#11313=CARTESIAN_POINT('',(0.019495414441812,0.00591155009259288,0.036));
#11314=CARTESIAN_POINT('',(0.0200350287551677,0.00571942037879725,0.039));
#11315=CARTESIAN_POINT('',(0.0200350287551677,0.00571942037879725,0.036));
#11316=CARTESIAN_POINT('',(0.0204061543156049,0.00551303103780584,0.039));
#11317=CARTESIAN_POINT('',(0.0204061543156049,0.00551303103780584,0.036));
#11318=CARTESIAN_POINT('',(0.0206087911231238,0.00529238206961867,0.039));
#11319=CARTESIAN_POINT('',(0.0206087911231238,0.00529238206961867,0.036));
#11320=CARTESIAN_POINT('',(0.019495414441812,0.00591155009259288,0.039));
#11321=CARTESIAN_POINT('',(0.019495414441812,0.00591155009259288,0.039));
#11322=CARTESIAN_POINT('',(0.019495414441812,0.00591155009259288,0.039));
#11323=CARTESIAN_POINT('',(0.0203048359118455,0.00562335552189943,0.039));
#11324=CARTESIAN_POINT('',(0.0206087911231238,0.00529238206961867,0.039));
#11325=CARTESIAN_POINT('',(0.0187794310552454,0.00622620002426795,0.039));
#11326=CARTESIAN_POINT('',(0.0187794310552454,0.00622620002426795,0.036));
#11327=CARTESIAN_POINT('',(0.0189355364477044,0.0061312609274119,0.039));
#11328=CARTESIAN_POINT('',(0.0189355364477044,0.0061312609274119,0.036));
#11329=CARTESIAN_POINT('',(0.0191741975765599,0.00602637761685355,0.039));
#11330=CARTESIAN_POINT('',(0.0191741975765599,0.00602637761685355,0.036));
#11331=CARTESIAN_POINT('',(0.019495414441812,0.00591155009259288,0.039));
#11332=CARTESIAN_POINT('',(0.019495414441812,0.00591155009259288,0.036));
#11333=CARTESIAN_POINT('',(0.0187794310552454,0.00622620002426795,0.039));
#11334=CARTESIAN_POINT('',(0.0187794310552454,0.00622620002426795,0.039));
#11335=CARTESIAN_POINT('',(0.0187794310552454,0.00622620002426795,0.039));
#11336=CARTESIAN_POINT('',(0.0190135891439338,0.00608379137898388,0.039));
#11337=CARTESIAN_POINT('',(0.019495414441812,0.00591155009259288,0.039));
#11338=CARTESIAN_POINT('',(0.018446768962902,0.00653972419590125,0.039));
#11339=CARTESIAN_POINT('',(0.018446768962902,0.00653972419590125,0.036));
#11340=CARTESIAN_POINT('',(0.018512438298672,0.0064256471783351,0.039));
#11341=CARTESIAN_POINT('',(0.018512438298672,0.0064256471783351,0.036));
#11342=CARTESIAN_POINT('',(0.0186233256627865,0.006321139121124,0.039));
#11343=CARTESIAN_POINT('',(0.0186233256627865,0.006321139121124,0.036));
#11344=CARTESIAN_POINT('',(0.0187794310552454,0.00622620002426795,0.039));
#11345=CARTESIAN_POINT('',(0.0187794310552454,0.00622620002426795,0.036));
#11346=CARTESIAN_POINT('',(0.018446768962902,0.00653972419590125,0.039));
#11347=CARTESIAN_POINT('',(0.018446768962902,0.00653972419590125,0.039));
#11348=CARTESIAN_POINT('',(0.018446768962902,0.00653972419590125,0.039));
#11349=CARTESIAN_POINT('',(0.018545272966557,0.00636860866955202,0.039));
#11350=CARTESIAN_POINT('',(0.0187794310552454,0.00622620002426795,0.039));
#11351=CARTESIAN_POINT('',(0.018348264959247,0.00697764485215028,0.039));
#11352=CARTESIAN_POINT('',(0.018348264959247,0.00697764485215028,0.036));
#11353=CARTESIAN_POINT('',(0.018348264959247,0.00679977476555042,0.039));
#11354=CARTESIAN_POINT('',(0.018348264959247,0.00679977476555042,0.036));
#11355=CARTESIAN_POINT('',(0.018381099627132,0.00665380121346741,0.039));
#11356=CARTESIAN_POINT('',(0.018381099627132,0.00665380121346741,0.036));
#11357=CARTESIAN_POINT('',(0.018446768962902,0.00653972419590125,0.039));
#11358=CARTESIAN_POINT('',(0.018446768962902,0.00653972419590125,0.036));
#11359=CARTESIAN_POINT('',(0.018348264959247,0.00697764485215028,0.039));
#11360=CARTESIAN_POINT('',(0.018348264959247,0.00697764485215028,0.039));
#11361=CARTESIAN_POINT('',(0.018348264959247,0.00697764485215028,0.039));
#11362=CARTESIAN_POINT('',(0.018348264959247,0.00671083972225049,0.039));
#11363=CARTESIAN_POINT('',(0.018446768962902,0.00653972419590125,0.039));
#11364=CARTESIAN_POINT('',(0.0186156329691677,0.00754390215316124,0.039));
#11365=CARTESIAN_POINT('',(0.0186156329691677,0.00754390215316124,0.036));
#11366=CARTESIAN_POINT('',(0.0184373876292206,0.00740806044145417,0.039));
#11367=CARTESIAN_POINT('',(0.0184373876292206,0.00740806044145417,0.036));
#11368=CARTESIAN_POINT('',(0.018348264959247,0.00721930800778385,0.039));
#11369=CARTESIAN_POINT('',(0.018348264959247,0.00721930800778385,0.036));
#11370=CARTESIAN_POINT('',(0.018348264959247,0.00697764485215028,0.039));
#11371=CARTESIAN_POINT('',(0.018348264959247,0.00697764485215028,0.036));
#11372=CARTESIAN_POINT('',(0.0186156329691677,0.00754390215316124,0.039));
#11373=CARTESIAN_POINT('',(0.0186156329691677,0.00754390215316124,0.039));
#11374=CARTESIAN_POINT('',(0.0186156329691677,0.00754390215316124,0.039));
#11375=CARTESIAN_POINT('',(0.018348264959247,0.00734013958560063,0.039));
#11376=CARTESIAN_POINT('',(0.018348264959247,0.00697764485215028,0.039));
#11377=CARTESIAN_POINT('',(0.0193580717167159,0.00774766472072184,0.039));
#11378=CARTESIAN_POINT('',(0.0193580717167159,0.00774766472072184,0.036));
#11379=CARTESIAN_POINT('',(0.0190413578916309,0.00774766472072184,0.039));
#11380=CARTESIAN_POINT('',(0.0190413578916309,0.00774766472072184,0.036));
#11381=CARTESIAN_POINT('',(0.0187938783091148,0.00767974386486831,0.039));
#11382=CARTESIAN_POINT('',(0.0187938783091148,0.00767974386486831,0.036));
#11383=CARTESIAN_POINT('',(0.0186156329691677,0.00754390215316124,0.039));
#11384=CARTESIAN_POINT('',(0.0186156329691677,0.00754390215316124,0.036));
#11385=CARTESIAN_POINT('',(0.0193580717167159,0.00774766472072184,0.039));
#11386=CARTESIAN_POINT('',(0.0193580717167159,0.00774766472072184,0.039));
#11387=CARTESIAN_POINT('',(0.0193580717167159,0.00774766472072184,0.039));
#11388=CARTESIAN_POINT('',(0.0188830009790884,0.00774766472072184,0.039));
#11389=CARTESIAN_POINT('',(0.0186156329691677,0.00754390215316124,0.039));
#11390=CARTESIAN_POINT('',(0.0205964077626643,0.00748085959082205,0.039));
#11391=CARTESIAN_POINT('',(0.0205964077626643,0.00748085959082205,0.036));
#11392=CARTESIAN_POINT('',(0.0201716209735692,0.00765872967742191,0.039));
#11393=CARTESIAN_POINT('',(0.0201716209735692,0.00765872967742191,0.036));
#11394=CARTESIAN_POINT('',(0.0197588422915864,0.00774766472072184,0.039));
#11395=CARTESIAN_POINT('',(0.0197588422915864,0.00774766472072184,0.036));
#11396=CARTESIAN_POINT('',(0.0193580717167159,0.00774766472072184,0.039));
#11397=CARTESIAN_POINT('',(0.0193580717167159,0.00774766472072184,0.036));
#11398=CARTESIAN_POINT('',(0.0205964077626643,0.00748085959082205,0.039));
#11399=CARTESIAN_POINT('',(0.0205964077626643,0.00748085959082205,0.039));
#11400=CARTESIAN_POINT('',(0.0205964077626643,0.00748085959082205,0.039));
#11401=CARTESIAN_POINT('',(0.0199592275790217,0.00774766472072184,0.039));
#11402=CARTESIAN_POINT('',(0.0193580717167159,0.00774766472072184,0.039));
#11403=CARTESIAN_POINT('',(0.0206898458461313,0.00774091016047121,0.039));
#11404=CARTESIAN_POINT('',(0.0207832839295983,0.00800096073012038,0.039));
#11405=CARTESIAN_POINT('',(0.0207832839295983,0.00800096073012038,0.039));
#11406=CARTESIAN_POINT('',(0.0206898458461313,0.00774091016047121,0.039));
#11407=CARTESIAN_POINT('',(0.0193727065972589,0.0082824007405632,0.039));
#11408=CARTESIAN_POINT('',(0.0193727065972589,0.0082824007405632,0.036));
#11409=CARTESIAN_POINT('',(0.019883801656223,0.0082824007405632,0.039));
#11410=CARTESIAN_POINT('',(0.019883801656223,0.0082824007405632,0.036));
#11411=CARTESIAN_POINT('',(0.0203539941003362,0.00818858740374893,0.039));
#11412=CARTESIAN_POINT('',(0.0203539941003362,0.00818858740374893,0.036));
#11413=CARTESIAN_POINT('',(0.0207832839295983,0.00800096073012038,0.039));
#11414=CARTESIAN_POINT('',(0.0207832839295983,0.00800096073012038,0.036));
#11415=CARTESIAN_POINT('',(0.0193727065972589,0.0082824007405632,0.039));
#11416=CARTESIAN_POINT('',(0.0193727065972589,0.0082824007405632,0.039));
#11417=CARTESIAN_POINT('',(0.0193727065972589,0.0082824007405632,0.039));
#11418=CARTESIAN_POINT('',(0.0201393491857051,0.0082824007405632,0.039));
#11419=CARTESIAN_POINT('',(0.0207832839295983,0.00800096073012038,0.039));
#11420=CARTESIAN_POINT('',(0.0181900956733781,0.00793060072750967,0.039));
#11421=CARTESIAN_POINT('',(0.0181900956733781,0.00793060072750967,0.036));
#11422=CARTESIAN_POINT('',(0.018487671577753,0.00816513406954536,0.039));
#11423=CARTESIAN_POINT('',(0.018487671577753,0.00816513406954536,0.036));
#11424=CARTESIAN_POINT('',(0.0188818752190466,0.0082824007405632,0.039));
#11425=CARTESIAN_POINT('',(0.0188818752190466,0.0082824007405632,0.036));
#11426=CARTESIAN_POINT('',(0.0193727065972589,0.0082824007405632,0.039));
#11427=CARTESIAN_POINT('',(0.0193727065972589,0.0082824007405632,0.036));
#11428=CARTESIAN_POINT('',(0.0181900956733781,0.00793060072750967,0.039));
#11429=CARTESIAN_POINT('',(0.0181900956733781,0.00793060072750967,0.039));
#11430=CARTESIAN_POINT('',(0.0181900956733781,0.00793060072750967,0.039));
#11431=CARTESIAN_POINT('',(0.0186364595299405,0.0082824007405632,0.039));
#11432=CARTESIAN_POINT('',(0.0193727065972589,0.0082824007405632,0.039));
#11433=CARTESIAN_POINT('',(0.0177437318168158,0.00698439941240091,0.039));
#11434=CARTESIAN_POINT('',(0.0177437318168158,0.00698439941240091,0.036));
#11435=CARTESIAN_POINT('',(0.0177437318168158,0.0073806669471044,0.039));
#11436=CARTESIAN_POINT('',(0.0177437318168158,0.0073806669471044,0.036));
#11437=CARTESIAN_POINT('',(0.0178925197690033,0.00769606738547399,0.039));
#11438=CARTESIAN_POINT('',(0.0178925197690033,0.00769606738547399,0.036));
#11439=CARTESIAN_POINT('',(0.0181900956733781,0.00793060072750967,0.039));
#11440=CARTESIAN_POINT('',(0.0181900956733781,0.00793060072750967,0.036));
#11441=CARTESIAN_POINT('',(0.0177437318168158,0.00698439941240091,0.039));
#11442=CARTESIAN_POINT('',(0.0177437318168158,0.00698439941240091,0.039));
#11443=CARTESIAN_POINT('',(0.0177437318168158,0.00698439941240091,0.039));
#11444=CARTESIAN_POINT('',(0.0177437318168158,0.00757880071445615,0.039));
#11445=CARTESIAN_POINT('',(0.0181900956733781,0.00793060072750967,0.039));
#11446=CARTESIAN_POINT('',(0.0180516271882403,0.00606634209833643,0.039));
#11447=CARTESIAN_POINT('',(0.0180516271882403,0.00606634209833643,0.036));
#11448=CARTESIAN_POINT('',(0.0178463636072907,0.00630087544037211,0.039));
#11449=CARTESIAN_POINT('',(0.0178463636072907,0.00630087544037211,0.036));
#11450=CARTESIAN_POINT('',(0.0177437318168158,0.00660689454506027,0.039));
#11451=CARTESIAN_POINT('',(0.0177437318168158,0.00660689454506027,0.036));
#11452=CARTESIAN_POINT('',(0.0177437318168158,0.00698439941240091,0.039));
#11453=CARTESIAN_POINT('',(0.0177437318168158,0.00698439941240091,0.036));
#11454=CARTESIAN_POINT('',(0.0180516271882403,0.00606634209833643,0.039));
#11455=CARTESIAN_POINT('',(0.0180516271882403,0.00606634209833643,0.039));
#11456=CARTESIAN_POINT('',(0.0180516271882403,0.00606634209833643,0.039));
#11457=CARTESIAN_POINT('',(0.0177437318168158,0.00641814211138995,0.039));
#11458=CARTESIAN_POINT('',(0.0177437318168158,0.00698439941240091,0.039));
#11459=CARTESIAN_POINT('',(0.0190766317062731,0.00545786879575905,0.039));
#11460=CARTESIAN_POINT('',(0.0190766317062731,0.00545786879575905,0.036));
#11461=CARTESIAN_POINT('',(0.0185985589418675,0.00562898432210828,0.039));
#11462=CARTESIAN_POINT('',(0.0185985589418675,0.00562898432210828,0.036));
#11463=CARTESIAN_POINT('',(0.0182568907691899,0.00583180875630074,0.039));
#11464=CARTESIAN_POINT('',(0.0182568907691899,0.00583180875630074,0.036));
#11465=CARTESIAN_POINT('',(0.0180516271882403,0.00606634209833643,0.039));
#11466=CARTESIAN_POINT('',(0.0180516271882403,0.00606634209833643,0.036));
#11467=CARTESIAN_POINT('',(0.0190766317062731,0.00545786879575905,0.039));
#11468=CARTESIAN_POINT('',(0.0190766317062731,0.00545786879575905,0.039));
#11469=CARTESIAN_POINT('',(0.0190766317062731,0.00545786879575905,0.039));
#11470=CARTESIAN_POINT('',(0.0183595225596648,0.0057145420852829,0.039));
#11471=CARTESIAN_POINT('',(0.0180516271882403,0.00606634209833643,0.039));
#11472=CARTESIAN_POINT('',(0.0198415856546566,0.00513083550362449,0.039));
#11473=CARTESIAN_POINT('',(0.0198415856546566,0.00513083550362449,0.036));
#11474=CARTESIAN_POINT('',(0.0196738474084327,0.00522727561386956,0.039));
#11475=CARTESIAN_POINT('',(0.0196738474084327,0.00522727561386956,0.036));
#11476=CARTESIAN_POINT('',(0.0194188627589715,0.00533628671124775,0.039));
#11477=CARTESIAN_POINT('',(0.0194188627589715,0.00533628671124775,0.036));
#11478=CARTESIAN_POINT('',(0.0190766317062731,0.00545786879575905,0.039));
#11479=CARTESIAN_POINT('',(0.0190766317062731,0.00545786879575905,0.036));
#11480=CARTESIAN_POINT('',(0.0198415856546566,0.00513083550362449,0.039));
#11481=CARTESIAN_POINT('',(0.0198415856546566,0.00513083550362449,0.039));
#11482=CARTESIAN_POINT('',(0.0198415856546566,0.00513083550362449,0.039));
#11483=CARTESIAN_POINT('',(0.0195899782853208,0.0052754956689921,0.039));
#11484=CARTESIAN_POINT('',(0.0190766317062731,0.00545786879575905,0.039));
#11485=CARTESIAN_POINT('',(0.0202007031079816,0.00481562269192854,0.039));
#11486=CARTESIAN_POINT('',(0.0202007031079816,0.00481562269192854,0.036));
#11487=CARTESIAN_POINT('',(0.0201290297186555,0.00492932445614743,0.039));
#11488=CARTESIAN_POINT('',(0.0201290297186555,0.00492932445614743,0.036));
#11489=CARTESIAN_POINT('',(0.0200093239008805,0.00503439539337942,0.039));
#11490=CARTESIAN_POINT('',(0.0200093239008805,0.00503439539337942,0.036));
#11491=CARTESIAN_POINT('',(0.0198415856546566,0.00513083550362449,0.039));
#11492=CARTESIAN_POINT('',(0.0198415856546566,0.00513083550362449,0.036));
#11493=CARTESIAN_POINT('',(0.0202007031079816,0.00481562269192854,0.039));
#11494=CARTESIAN_POINT('',(0.0202007031079816,0.00481562269192854,0.039));
#11495=CARTESIAN_POINT('',(0.0202007031079816,0.00481562269192854,0.039));
#11496=CARTESIAN_POINT('',(0.0200931930239925,0.00498617533825688,0.039));
#11497=CARTESIAN_POINT('',(0.0198415856546566,0.00513083550362449,0.039));
#11498=CARTESIAN_POINT('',(0.0203082131919708,0.00437826491570039,0.039));
#11499=CARTESIAN_POINT('',(0.0203082131919708,0.00437826491570039,0.036));
#11500=CARTESIAN_POINT('',(0.0203082131919708,0.00455613500230026,0.039));
#11501=CARTESIAN_POINT('',(0.0203082131919708,0.00455613500230026,0.036));
#11502=CARTESIAN_POINT('',(0.0202723764973077,0.00470192092770964,0.039));
#11503=CARTESIAN_POINT('',(0.0202723764973077,0.00470192092770964,0.036));
#11504=CARTESIAN_POINT('',(0.0202007031079816,0.00481562269192854,0.039));
#11505=CARTESIAN_POINT('',(0.0202007031079816,0.00481562269192854,0.036));
#11506=CARTESIAN_POINT('',(0.0203082131919708,0.00437826491570039,0.039));
#11507=CARTESIAN_POINT('',(0.0203082131919708,0.00437826491570039,0.039));
#11508=CARTESIAN_POINT('',(0.0203082131919708,0.00437826491570039,0.039));
#11509=CARTESIAN_POINT('',(0.0203082131919708,0.00464507004560019,0.039));
#11510=CARTESIAN_POINT('',(0.0202007031079816,0.00481562269192854,0.039));
#11511=CARTESIAN_POINT('',(0.0200053837407344,0.00374615065224582,0.039));
#11512=CARTESIAN_POINT('',(0.0200053837407344,0.00374615065224582,0.036));
#11513=CARTESIAN_POINT('',(0.0202072700415586,0.00389737775119043,0.039));
#11514=CARTESIAN_POINT('',(0.0202072700415586,0.00389737775119043,0.036));
#11515=CARTESIAN_POINT('',(0.0203082131919708,0.00410808250567528,0.039));
#11516=CARTESIAN_POINT('',(0.0203082131919708,0.00410808250567528,0.036));
#11517=CARTESIAN_POINT('',(0.0203082131919708,0.00437826491570039,0.039));
#11518=CARTESIAN_POINT('',(0.0203082131919708,0.00437826491570039,0.036));
#11519=CARTESIAN_POINT('',(0.0200053837407344,0.00374615065224582,0.039));
#11520=CARTESIAN_POINT('',(0.0200053837407344,0.00374615065224582,0.039));
#11521=CARTESIAN_POINT('',(0.0200053837407344,0.00374615065224582,0.039));
#11522=CARTESIAN_POINT('',(0.0203082131919708,0.00397299130066273,0.039));
#11523=CARTESIAN_POINT('',(0.0203082131919708,0.00437826491570039,0.039));
#11524=CARTESIAN_POINT('',(0.0191047757073173,0.0035193100038289,0.039));
#11525=CARTESIAN_POINT('',(0.0191047757073173,0.0035193100038289,0.036));
#11526=CARTESIAN_POINT('',(0.0195032947621043,0.0035193100038289,0.039));
#11527=CARTESIAN_POINT('',(0.0195032947621043,0.0035193100038289,0.036));
#11528=CARTESIAN_POINT('',(0.01980349743991,0.00359492355330121,0.039));
#11529=CARTESIAN_POINT('',(0.01980349743991,0.00359492355330121,0.036));
#11530=CARTESIAN_POINT('',(0.0200053837407344,0.00374615065224582,0.039));
#11531=CARTESIAN_POINT('',(0.0200053837407344,0.00374615065224582,0.036));
#11532=CARTESIAN_POINT('',(0.0191047757073173,0.0035193100038289,0.039));
#11533=CARTESIAN_POINT('',(0.0191047757073173,0.0035193100038289,0.039));
#11534=CARTESIAN_POINT('',(0.0191047757073173,0.0035193100038289,0.039));
#11535=CARTESIAN_POINT('',(0.0197025542894978,0.0035193100038289,0.039));
#11536=CARTESIAN_POINT('',(0.0200053837407344,0.00374615065224582,0.039));
#11537=CARTESIAN_POINT('',(0.0191125243923384,0.00713033314629826,0.0389999999999999));
#11538=CARTESIAN_POINT('',(0.0183662771199153,0.00359698744671112,0.039));
#11539=CARTESIAN_POINT('',(0.018366307113305,0.00359713255841474,0.039));
#11540=CARTESIAN_POINT('',(0.0191125243923384,0.00713033314629826,0.039));
#11541=CARTESIAN_POINT('',(0.0191190128784058,0.0073115101301469,0.0389999999999999));
#11542=CARTESIAN_POINT('',(0.0176761862143095,0.00380718496960993,0.039));
#11543=CARTESIAN_POINT('',(0.0176761862143095,0.00380718496960993,0.039));
#11544=CARTESIAN_POINT('',(0.0191190128784058,0.0073115101301469,0.039));
#11545=CARTESIAN_POINT('',(0.0176761862143095,0.0035193100038289,0.039));
#11546=CARTESIAN_POINT('',(0.0176761862143095,0.00323111543313546,0.039));
#11547=CARTESIAN_POINT('',(0.0176761862143095,0.00323111543313546,0.039));
#11548=CARTESIAN_POINT('',(0.0176761862143095,0.0035193100038289,0.039));
#11549=CARTESIAN_POINT('',(0.0190833862665237,0.00299470582436348,0.039));
#11550=CARTESIAN_POINT('',(0.0190833862665237,0.00299470582436348,0.036));
#11551=CARTESIAN_POINT('',(0.0184739748305781,0.00299470582436349,0.039));
#11552=CARTESIAN_POINT('',(0.0184739748305781,0.00299470582436349,0.036));
#11553=CARTESIAN_POINT('',(0.0180049081465068,0.00307350902728748,0.039));
#11554=CARTESIAN_POINT('',(0.0180049081465068,0.00307350902728748,0.036));
#11555=CARTESIAN_POINT('',(0.0176761862143095,0.00323111543313546,0.039));
#11556=CARTESIAN_POINT('',(0.0176761862143095,0.00323111543313546,0.036));
#11557=CARTESIAN_POINT('',(0.0190833862665237,0.00299470582436348,0.039));
#11558=CARTESIAN_POINT('',(0.0190833862665237,0.00299470582436348,0.039));
#11559=CARTESIAN_POINT('',(0.0190833862665237,0.00299470582436348,0.039));
#11560=CARTESIAN_POINT('',(0.0181692691126054,0.00299470582436348,0.039));
#11561=CARTESIAN_POINT('',(0.0176761862143095,0.00323111543313546,0.039));
#11562=CARTESIAN_POINT('',(0.0204202263161271,0.00337521271848218,0.039));
#11563=CARTESIAN_POINT('',(0.0204202263161271,0.00337521271848218,0.036));
#11564=CARTESIAN_POINT('',(0.0200918796372771,0.00312154145573638,0.039));
#11565=CARTESIAN_POINT('',(0.0200918796372771,0.00312154145573638,0.036));
#11566=CARTESIAN_POINT('',(0.0196462662874093,0.00299470582436349,0.039));
#11567=CARTESIAN_POINT('',(0.0196462662874093,0.00299470582436349,0.036));
#11568=CARTESIAN_POINT('',(0.0190833862665237,0.00299470582436348,0.039));
#11569=CARTESIAN_POINT('',(0.0190833862665237,0.00299470582436348,0.036));
#11570=CARTESIAN_POINT('',(0.0204202263161271,0.00337521271848218,0.039));
#11571=CARTESIAN_POINT('',(0.0199277062978521,0.00299470582436348,0.039));
#11572=CARTESIAN_POINT('',(0.0190833862665237,0.00299470582436348,0.039));
#11573=CARTESIAN_POINT('',(0.00198598749339636,-0.00383108708127283,0.039));
#11574=CARTESIAN_POINT('',(0.0141890905357163,0.00444546536871656,0.039));
#11575=CARTESIAN_POINT('',(0.0141890905357163,0.00312309847990961,0.039));
#11576=CARTESIAN_POINT('',(0.0141890905357163,0.00312309847990961,0.039));
#11577=CARTESIAN_POINT('',(0.0141890905357163,0.00444546536871656,0.039));
#11578=CARTESIAN_POINT('',(0.0141890905357163,0.0057678322575235,0.039));
#11579=CARTESIAN_POINT('',(0.0141890905357163,0.0057678322575235,0.039));
#11580=CARTESIAN_POINT('',(0.0144987964992952,0.00312309847990961,0.039));
#11581=CARTESIAN_POINT('',(0.0148085024628741,0.00312309847990961,0.039));
#11582=CARTESIAN_POINT('',(0.0148085024628741,0.00312309847990961,0.039));
#11583=CARTESIAN_POINT('',(0.0144987964992952,0.00312309847990961,0.039));
#11584=CARTESIAN_POINT('',(0.0148085024628741,0.00445620661600831,0.039));
#11585=CARTESIAN_POINT('',(0.0148085024628741,0.005789314752107,0.039));
#11586=CARTESIAN_POINT('',(0.0148085024628741,0.005789314752107,0.039));
#11587=CARTESIAN_POINT('',(0.0148085024628741,0.00445620661600831,0.039));
#11588=CARTESIAN_POINT('',(0.014435542487466,0.0069296771729148,0.039));
#11589=CARTESIAN_POINT('',(0.014435542487466,0.0069296771729148,0.036));
#11590=CARTESIAN_POINT('',(0.0146841824710714,0.00669217626057492,0.039));
#11591=CARTESIAN_POINT('',(0.0146841824710714,0.00669217626057492,0.036));
#11592=CARTESIAN_POINT('',(0.0148085024628741,0.00631205545363899,0.039));
#11593=CARTESIAN_POINT('',(0.0148085024628741,0.00631205545363899,0.036));
#11594=CARTESIAN_POINT('',(0.0148085024628741,0.005789314752107,0.039));
#11595=CARTESIAN_POINT('',(0.0148085024628741,0.005789314752107,0.036));
#11596=CARTESIAN_POINT('',(0.014435542487466,0.0069296771729148,0.039));
#11597=CARTESIAN_POINT('',(0.014435542487466,0.0069296771729148,0.039));
#11598=CARTESIAN_POINT('',(0.014435542487466,0.0069296771729148,0.039));
#11599=CARTESIAN_POINT('',(0.0148085024628741,0.00657342580440498,0.039));
#11600=CARTESIAN_POINT('',(0.0148085024628741,0.005789314752107,0.039));
#11601=CARTESIAN_POINT('',(0.0133238233927695,0.00728592854142461,0.039));
#11602=CARTESIAN_POINT('',(0.0133238233927695,0.00728592854142461,0.036));
#11603=CARTESIAN_POINT('',(0.0138163294722951,0.00728592854142461,0.039));
#11604=CARTESIAN_POINT('',(0.0138163294722951,0.00728592854142461,0.036));
#11605=CARTESIAN_POINT('',(0.0141869025038606,0.00716717808525467,0.039));
#11606=CARTESIAN_POINT('',(0.0141869025038606,0.00716717808525467,0.036));
#11607=CARTESIAN_POINT('',(0.014435542487466,0.0069296771729148,0.039));
#11608=CARTESIAN_POINT('',(0.014435542487466,0.0069296771729148,0.036));
#11609=CARTESIAN_POINT('',(0.0133238233927695,0.00728592854142461,0.039));
#11610=CARTESIAN_POINT('',(0.0133238233927695,0.00728592854142461,0.039));
#11611=CARTESIAN_POINT('',(0.0133238233927695,0.00728592854142461,0.039));
#11612=CARTESIAN_POINT('',(0.0140625825120579,0.00728592854142461,0.039));
#11613=CARTESIAN_POINT('',(0.014435542487466,0.0069296771729148,0.039));
#11614=CARTESIAN_POINT('',(0.0132965395800188,0.00555676181684725,0.039));
#11615=CARTESIAN_POINT('',(0.0125594046271731,0.00711943920840244,0.039));
#11616=CARTESIAN_POINT('',(0.0125594116354846,0.00711941968727982,0.039));
#11617=CARTESIAN_POINT('',(0.0132965395800188,0.00555676181684725,0.039));
#11618=CARTESIAN_POINT('',(0.0130962884999141,0.00596542077476693,0.039));
#11619=CARTESIAN_POINT('',(0.012024804984031,0.00665100147928987,0.039));
#11620=CARTESIAN_POINT('',(0.012024804984031,0.00665100147928987,0.039));
#11621=CARTESIAN_POINT('',(0.0130962884999141,0.00596542077476693,0.039));
#11622=CARTESIAN_POINT('',(0.0120104075433724,0.00665100147928987,0.039));
#11623=CARTESIAN_POINT('',(0.0119954891443561,0.00665100147928987,0.039));
#11624=CARTESIAN_POINT('',(0.0119954891443561,0.00665100147928987,0.039));
#11625=CARTESIAN_POINT('',(0.0120104075433724,0.00665100147928987,0.039));
#11626=CARTESIAN_POINT('',(0.0119453633236612,0.0069308706448361,0.039));
#11627=CARTESIAN_POINT('',(0.0118952375029664,0.00721073981038234,0.039));
#11628=CARTESIAN_POINT('',(0.0118952375029664,0.00721073981038234,0.039));
#11629=CARTESIAN_POINT('',(0.0119453633236612,0.0069308706448361,0.039));
#11630=CARTESIAN_POINT('',(0.0116434149275708,0.00721073981038234,0.039));
#11631=CARTESIAN_POINT('',(0.0113915923521753,0.00721073981038234,0.039));
#11632=CARTESIAN_POINT('',(0.0113915923521753,0.00721073981038234,0.039));
#11633=CARTESIAN_POINT('',(0.0116434149275708,0.00721073981038234,0.039));
#11634=CARTESIAN_POINT('',(0.0113915923521753,0.00516691914514597,0.039));
#11635=CARTESIAN_POINT('',(0.0113915923521753,0.00312309847990961,0.039));
#11636=CARTESIAN_POINT('',(0.0113915923521753,0.00312309847990961,0.039));
#11637=CARTESIAN_POINT('',(0.0113915923521753,0.00516691914514597,0.039));
#11638=CARTESIAN_POINT('',(0.0117012983157542,0.00312309847990961,0.039));
#11639=CARTESIAN_POINT('',(0.012011004279333,0.00312309847990961,0.039));
#11640=CARTESIAN_POINT('',(0.012011004279333,0.00312309847990961,0.039));
#11641=CARTESIAN_POINT('',(0.0117012983157542,0.00312309847990961,0.039));
#11642=CARTESIAN_POINT('',(0.012011004279333,0.00419543300120296,0.039));
#11643=CARTESIAN_POINT('',(0.012011004279333,0.00526776752249632,0.039));
#11644=CARTESIAN_POINT('',(0.012011004279333,0.00526776752249632,0.039));
#11645=CARTESIAN_POINT('',(0.012011004279333,0.00419543300120296,0.039));
#11646=CARTESIAN_POINT('',(0.0123093722596595,0.00641290383098934,0.039));
#11647=CARTESIAN_POINT('',(0.0123093722596595,0.00641290383098934,0.036));
#11648=CARTESIAN_POINT('',(0.0121104602727752,0.00618176810222976,0.039));
#11649=CARTESIAN_POINT('',(0.0121104602727752,0.00618176810222976,0.036));
#11650=CARTESIAN_POINT('',(0.012011004279333,0.00580005599939875,0.039));
#11651=CARTESIAN_POINT('',(0.012011004279333,0.00580005599939875,0.036));
#11652=CARTESIAN_POINT('',(0.012011004279333,0.00526776752249632,0.039));
#11653=CARTESIAN_POINT('',(0.012011004279333,0.00526776752249632,0.036));
#11654=CARTESIAN_POINT('',(0.0123093722596595,0.00641290383098934,0.039));
#11655=CARTESIAN_POINT('',(0.0123093722596595,0.00641290383098934,0.039));
#11656=CARTESIAN_POINT('',(0.0123093722596595,0.00641290383098934,0.039));
#11657=CARTESIAN_POINT('',(0.012011004279333,0.00606620023784997,0.039));
#11658=CARTESIAN_POINT('',(0.012011004279333,0.00526776752249632,0.039));
#11659=CARTESIAN_POINT('',(0.0132486346617273,0.00675960742412871,0.039));
#11660=CARTESIAN_POINT('',(0.0132486346617273,0.00675960742412871,0.036));
#11661=CARTESIAN_POINT('',(0.0128213717138998,0.00675960742412871,0.039));
#11662=CARTESIAN_POINT('',(0.0128213717138998,0.00675960742412871,0.036));
#11663=CARTESIAN_POINT('',(0.0125082842465438,0.00664403955974892,0.039));
#11664=CARTESIAN_POINT('',(0.0125082842465438,0.00664403955974892,0.036));
#11665=CARTESIAN_POINT('',(0.0123093722596595,0.00641290383098934,0.039));
#11666=CARTESIAN_POINT('',(0.0123093722596595,0.00641290383098934,0.036));
#11667=CARTESIAN_POINT('',(0.0132486346617273,0.00675960742412871,0.039));
#11668=CARTESIAN_POINT('',(0.0132486346617273,0.00675960742412871,0.039));
#11669=CARTESIAN_POINT('',(0.0132486346617273,0.00675960742412871,0.039));
#11670=CARTESIAN_POINT('',(0.012607740239986,0.00675960742412871,0.039));
#11671=CARTESIAN_POINT('',(0.0123093722596595,0.00641290383098934,0.039));
#11672=CARTESIAN_POINT('',(0.0139617341347075,0.00651315547237904,0.039));
#11673=CARTESIAN_POINT('',(0.0139617341347075,0.00651315547237904,0.036));
#11674=CARTESIAN_POINT('',(0.0138101632007017,0.00667745677354549,0.039));
#11675=CARTESIAN_POINT('',(0.0138101632007017,0.00667745677354549,0.036));
#11676=CARTESIAN_POINT('',(0.0135724633763749,0.00675960742412871,0.039));
#11677=CARTESIAN_POINT('',(0.0135724633763749,0.00675960742412871,0.036));
#11678=CARTESIAN_POINT('',(0.0132486346617273,0.00675960742412871,0.039));
#11679=CARTESIAN_POINT('',(0.0132486346617273,0.00675960742412871,0.036));
#11680=CARTESIAN_POINT('',(0.0139617341347075,0.00651315547237904,0.039));
#11681=CARTESIAN_POINT('',(0.0139617341347075,0.00651315547237904,0.039));
#11682=CARTESIAN_POINT('',(0.0139617341347075,0.00651315547237904,0.039));
#11683=CARTESIAN_POINT('',(0.0137343777336988,0.00675960742412871,0.039));
#11684=CARTESIAN_POINT('',(0.0132486346617273,0.00675960742412871,0.039));
#11685=CARTESIAN_POINT('',(0.0141890905357163,0.0057678322575235,0.039));
#11686=CARTESIAN_POINT('',(0.0141890905357163,0.0057678322575235,0.036));
#11687=CARTESIAN_POINT('',(0.0141890905357163,0.00610041309959408,0.039));
#11688=CARTESIAN_POINT('',(0.0141890905357163,0.00610041309959408,0.036));
#11689=CARTESIAN_POINT('',(0.0141133050687134,0.00634885417121259,0.039));
#11690=CARTESIAN_POINT('',(0.0141133050687134,0.00634885417121259,0.036));
#11691=CARTESIAN_POINT('',(0.0139617341347075,0.00651315547237904,0.039));
#11692=CARTESIAN_POINT('',(0.0139617341347075,0.00651315547237904,0.036));
#11693=CARTESIAN_POINT('',(0.0141890905357163,0.0057678322575235,0.039));
#11694=CARTESIAN_POINT('',(0.0141890905357163,0.00626670352062937,0.039));
#11695=CARTESIAN_POINT('',(0.0139617341347075,0.00651315547237904,0.039));
#11696=CARTESIAN_POINT('',(0.00198598749339636,-0.00383108708127283,0.039));
#11697=CARTESIAN_POINT('',(0.00841387990851704,0.00432194102486139,0.039));
#11698=CARTESIAN_POINT('',(0.0087886300918071,0.00312309847990961,0.039));
#11699=CARTESIAN_POINT('',(0.0087886300918071,0.00312309847990961,0.039));
#11700=CARTESIAN_POINT('',(0.00841387990851704,0.00432194102486139,0.039));
#11701=CARTESIAN_POINT('',(0.00803912972522699,0.00552078356981317,0.039));
#11702=CARTESIAN_POINT('',(0.00803912972522699,0.00552078356981317,0.039));
#11703=CARTESIAN_POINT('',(0.00915621944356932,0.00312309847990961,0.039));
#11704=CARTESIAN_POINT('',(0.00952380879533153,0.00312309847990961,0.039));
#11705=CARTESIAN_POINT('',(0.00952380879533153,0.00312309847990961,0.039));
#11706=CARTESIAN_POINT('',(0.00915621944356932,0.00312309847990961,0.039));
#11707=CARTESIAN_POINT('',(0.0100883210141092,0.00516691914514597,0.039));
#11708=CARTESIAN_POINT('',(0.0106528332328869,0.00721073981038234,0.039));
#11709=CARTESIAN_POINT('',(0.0106528332328869,0.00721073981038234,0.039));
#11710=CARTESIAN_POINT('',(0.0100883210141092,0.00516691914514597,0.039));
#11711=CARTESIAN_POINT('',(0.0103323860220163,0.00721073981038234,0.039));
#11712=CARTESIAN_POINT('',(0.0100119388111456,0.00721073981038234,0.039));
#11713=CARTESIAN_POINT('',(0.0100119388111456,0.00721073981038234,0.039));
#11714=CARTESIAN_POINT('',(0.0103323860220163,0.00721073981038234,0.039));
#11715=CARTESIAN_POINT('',(0.00923439185441485,0.0042014003608095,0.039));
#11716=CARTESIAN_POINT('',(0.00923439185441485,0.0042014003608095,0.036));
#11717=CARTESIAN_POINT('',(0.00927775466755563,0.00438797980450699,0.039));
#11718=CARTESIAN_POINT('',(0.00927775466755563,0.00438797980450699,0.036));
#11719=CARTESIAN_POINT('',(0.00953693698646589,0.0053910929543646,0.039));
#11720=CARTESIAN_POINT('',(0.00953693698646589,0.0053910929543646,0.036));
#11721=CARTESIAN_POINT('',(0.0100119388111456,0.00721073981038234,0.039));
#11722=CARTESIAN_POINT('',(0.0100119388111456,0.00721073981038234,0.036));
#11723=CARTESIAN_POINT('',(0.00923439185441485,0.0042014003608095,0.039));
#11724=CARTESIAN_POINT('',(0.00923439185441485,0.0042014003608095,0.039));
#11725=CARTESIAN_POINT('',(0.00923439185441485,0.0042014003608095,0.039));
#11726=CARTESIAN_POINT('',(0.00929943607412602,0.00448126952635573,0.039));
#11727=CARTESIAN_POINT('',(0.0100119388111456,0.00721073981038234,0.039));
#11728=CARTESIAN_POINT('',(0.0134687140670745,0.00315040364371753,0.039));
#11729=CARTESIAN_POINT('',(0.00915310155259881,0.00378666886815569,0.039));
#11730=CARTESIAN_POINT('',(0.00915310155259881,0.00378666886815569,0.039));
#11731=CARTESIAN_POINT('',(0.0134687140670745,0.00315040364371753,0.039));
#11732=CARTESIAN_POINT('',(0.00913891410071038,0.00378666886815569,0.039));
#11733=CARTESIAN_POINT('',(0.00912399570169406,0.00378666886815569,0.039));
#11734=CARTESIAN_POINT('',(0.00912399570169406,0.00378666886815569,0.039));
#11735=CARTESIAN_POINT('',(0.00913891410071038,0.00378666886815569,0.039));
#11736=CARTESIAN_POINT('',(0.00884114285634456,0.00486437401309493,0.039));
#11737=CARTESIAN_POINT('',(0.00884114285634456,0.00486437401309493,0.036));
#11738=CARTESIAN_POINT('',(0.00898038124716358,0.00443711106526741,0.039));
#11739=CARTESIAN_POINT('',(0.00898038124716358,0.00443711106526741,0.036));
#11740=CARTESIAN_POINT('',(0.00907466552894675,0.00407787601695433,0.039));
#11741=CARTESIAN_POINT('',(0.00907466552894675,0.00407787601695433,0.036));
#11742=CARTESIAN_POINT('',(0.00912399570169406,0.00378666886815569,0.039));
#11743=CARTESIAN_POINT('',(0.00912399570169406,0.00378666886815569,0.036));
#11744=CARTESIAN_POINT('',(0.00884114285634456,0.00486437401309493,0.039));
#11745=CARTESIAN_POINT('',(0.00884114285634456,0.00486437401309493,0.039));
#11746=CARTESIAN_POINT('',(0.00884114285634456,0.00486437401309493,0.039));
#11747=CARTESIAN_POINT('',(0.00905000044257309,0.00422347959135365,0.039));
#11748=CARTESIAN_POINT('',(0.00912399570169406,0.00378666886815569,0.039));
#11749=CARTESIAN_POINT('',(0.0084753437124643,0.00603755691173863,0.039));
#11750=CARTESIAN_POINT('',(0.00810954456858404,0.00721073981038234,0.039));
#11751=CARTESIAN_POINT('',(0.00810954456858404,0.00721073981038234,0.039));
#11752=CARTESIAN_POINT('',(0.0084753437124643,0.00603755691173863,0.039));
#11753=CARTESIAN_POINT('',(0.00777417895869708,0.00721073981038234,0.039));
#11754=CARTESIAN_POINT('',(0.00743881334881012,0.00721073981038234,0.039));
#11755=CARTESIAN_POINT('',(0.00743881334881012,0.00721073981038234,0.039));
#11756=CARTESIAN_POINT('',(0.00777417895869708,0.00721073981038234,0.039));
#11757=CARTESIAN_POINT('',(0.00706406316552006,0.00603755691173863,0.039));
#11758=CARTESIAN_POINT('',(0.00668931298223001,0.00486437401309493,0.039));
#11759=CARTESIAN_POINT('',(0.00668911248907697,0.00486444044677187,0.039));
#11760=CARTESIAN_POINT('',(0.00706406316552006,0.00603755691173863,0.039));
#11761=CARTESIAN_POINT('',(0.0150361915088468,0.00209862454447462,0.039));
#11762=CARTESIAN_POINT('',(0.00652998448073567,0.00432969859234988,0.039));
#11763=CARTESIAN_POINT('',(0.00653016061983313,0.00432965161265529,0.039));
#11764=CARTESIAN_POINT('',(0.0150361915088468,0.00209862454447462,0.039));
#11765=CARTESIAN_POINT('',(0.0142764666193001,0.00217026335660473,0.039));
#11766=CARTESIAN_POINT('',(0.00639765788278096,0.00377950803662785,0.039));
#11767=CARTESIAN_POINT('',(0.00639765788278097,0.00377950803662785,0.039));
#11768=CARTESIAN_POINT('',(0.0142764666193001,0.00217026335660473,0.039));
#11769=CARTESIAN_POINT('',(0.00638318743441504,0.00377950803662785,0.039));
#11770=CARTESIAN_POINT('',(0.00636826903539872,0.00377950803662785,0.039));
#11771=CARTESIAN_POINT('',(0.00636826903539872,0.00377950803662785,0.039));
#11772=CARTESIAN_POINT('',(0.00638318743441504,0.00377950803662785,0.039));
#11773=CARTESIAN_POINT('',(0.0061313648590195,0.00486437401309493,0.039));
#11774=CARTESIAN_POINT('',(0.0061313648590195,0.00486437401309493,0.036));
#11775=CARTESIAN_POINT('',(0.00626940977791721,0.00432731164850727,0.039));
#11776=CARTESIAN_POINT('',(0.00626940977791721,0.00432731164850727,0.036));
#11777=CARTESIAN_POINT('',(0.00634837783671029,0.00396568965635158,0.039));
#11778=CARTESIAN_POINT('',(0.00634837783671029,0.00396568965635158,0.036));
#11779=CARTESIAN_POINT('',(0.00636826903539872,0.00377950803662785,0.039));
#11780=CARTESIAN_POINT('',(0.00636826903539872,0.00377950803662785,0.036));
#11781=CARTESIAN_POINT('',(0.0061313648590195,0.00486437401309493,0.039));
#11782=CARTESIAN_POINT('',(0.0061313648590195,0.00486437401309493,0.039));
#11783=CARTESIAN_POINT('',(0.0061313648590195,0.00486437401309493,0.039));
#11784=CARTESIAN_POINT('',(0.00633843223736607,0.00405878046621344,0.039));
#11785=CARTESIAN_POINT('',(0.00636826903539872,0.00377950803662785,0.039));
#11786=CARTESIAN_POINT('',(0.0058599913291236,0.00592147606381373,0.0389999999996417));
#11787=CARTESIAN_POINT('',(0.00552915880117151,0.00721073981038234,0.039));
#11788=CARTESIAN_POINT('',(0.00552915880117151,0.00721073981038234,0.039));
#11789=CARTESIAN_POINT('',(0.0058599913291236,0.00592147606381373,0.039));
#11790=CARTESIAN_POINT('',(0.00520463391212546,0.00721073981038234,0.039));
#11791=CARTESIAN_POINT('',(0.00488000954953025,0.00721073981038234,0.039));
#11792=CARTESIAN_POINT('',(0.00488000954953025,0.00721073981038234,0.039));
#11793=CARTESIAN_POINT('',(0.00520463391212546,0.00721073981038234,0.039));
#11794=CARTESIAN_POINT('',(0.00543736093678011,0.00516691914514597,0.039));
#11795=CARTESIAN_POINT('',(0.00599471232402997,0.0031230984799096,0.039));
#11796=CARTESIAN_POINT('',(0.00599471232402997,0.0031230984799096,0.039));
#11797=CARTESIAN_POINT('',(0.00543736093678011,0.00516691914514597,0.039));
#11798=CARTESIAN_POINT('',(0.00635275390042174,0.00312309847990961,0.039));
#11799=CARTESIAN_POINT('',(0.00671079547681351,0.00312309847990961,0.039));
#11800=CARTESIAN_POINT('',(0.00671079547681351,0.00312309847990961,0.039));
#11801=CARTESIAN_POINT('',(0.00635275390042174,0.00312309847990961,0.039));
#11802=CARTESIAN_POINT('',(0.00709688364335597,0.00431836060909747,0.039));
#11803=CARTESIAN_POINT('',(0.00748297180989843,0.00551362273828534,0.039));
#11804=CARTESIAN_POINT('',(0.00748297180989843,0.00551362273828534,0.039));
#11805=CARTESIAN_POINT('',(0.00709688364335597,0.00431836060909747,0.039));
#11806=CARTESIAN_POINT('',(0.00774434216066443,0.00652091303986752,0.039));
#11807=CARTESIAN_POINT('',(0.00774434216066443,0.00652091303986752,0.036));
#11808=CARTESIAN_POINT('',(0.00764488616722227,0.00608569361256463,0.039));
#11809=CARTESIAN_POINT('',(0.00764488616722227,0.00608569361256463,0.036));
#11810=CARTESIAN_POINT('',(0.00755776271696694,0.00574993017870391,0.039));
#11811=CARTESIAN_POINT('',(0.00755776271696694,0.00574993017870391,0.036));
#11812=CARTESIAN_POINT('',(0.00748297180989843,0.00551362273828534,0.039));
#11813=CARTESIAN_POINT('',(0.00748297180989843,0.00551362273828534,0.036));
#11814=CARTESIAN_POINT('',(0.00774434216066443,0.00652091303986752,0.039));
#11815=CARTESIAN_POINT('',(0.00774434216066443,0.00652091303986752,0.039));
#11816=CARTESIAN_POINT('',(0.00774434216066443,0.00652091303986752,0.039));
#11817=CARTESIAN_POINT('',(0.00759515817050119,0.00586808389891319,0.039));
#11818=CARTESIAN_POINT('',(0.00748297180989843,0.00551362273828534,0.039));
#11819=CARTESIAN_POINT('',(0.00775926055968075,0.00652091303986752,0.039));
#11820=CARTESIAN_POINT('',(0.00777417895869708,0.00652091303986752,0.039));
#11821=CARTESIAN_POINT('',(0.00777417895869708,0.00652091303986752,0.039));
#11822=CARTESIAN_POINT('',(0.00775926055968075,0.00652091303986752,0.039));
#11823=CARTESIAN_POINT('',(0.00803912972522699,0.00552078356981317,0.039));
#11824=CARTESIAN_POINT('',(0.00803912972522699,0.00552078356981317,0.036));
#11825=CARTESIAN_POINT('',(0.00799139084837475,0.00566797844010757,0.039));
#11826=CARTESIAN_POINT('',(0.00799139084837475,0.00566797844010757,0.036));
#11827=CARTESIAN_POINT('',(0.00790307392619811,0.00600135493012569,0.039));
#11828=CARTESIAN_POINT('',(0.00790307392619811,0.00600135493012569,0.036));
#11829=CARTESIAN_POINT('',(0.00777417895869708,0.00652091303986752,0.039));
#11830=CARTESIAN_POINT('',(0.00777417895869708,0.00652091303986752,0.036));
#11831=CARTESIAN_POINT('',(0.00803912972522699,0.00552078356981317,0.039));
#11832=CARTESIAN_POINT('',(0.00796752140994863,0.00574157587525477,0.039));
#11833=CARTESIAN_POINT('',(0.00777417895869708,0.00652091303986752,0.039));
#11834=CARTESIAN_POINT('',(0.00198598749339636,-0.00383108708127283,0.039));
#11835=CARTESIAN_POINT('',(0.00125066143683899,0.00517109629687054,0.039));
#11836=CARTESIAN_POINT('',(0.00125066143683899,0.00517109629687054,0.036));
#11837=CARTESIAN_POINT('',(0.00125066143683899,0.00464835559533855,0.039));
#11838=CARTESIAN_POINT('',(0.00125066143683899,0.00464835559533855,0.036));
#11839=CARTESIAN_POINT('',(0.00135509022995326,0.00425033270958304,0.039));
#11840=CARTESIAN_POINT('',(0.00135509022995326,0.00425033270958304,0.036));
#11841=CARTESIAN_POINT('',(0.00156394781618179,0.00397702763960399,0.039));
#11842=CARTESIAN_POINT('',(0.00156394781618179,0.00397702763960399,0.036));
#11843=CARTESIAN_POINT('',(0.00125066143683899,0.00517109629687054,0.036));
#11844=CARTESIAN_POINT('',(0.00125066143683899,0.00438698524457256,0.036));
#11845=CARTESIAN_POINT('',(0.00156394781618179,0.00397702763960399,0.036));
#11846=CARTESIAN_POINT('',(0.00125066143683899,0.00517109629687054,0.036));
#11847=CARTESIAN_POINT('',(0.00156394781618179,0.00397702763960399,0.036));
#11848=CARTESIAN_POINT('',(0.00125066143683899,0.00517109629687054,0.039));
#11849=CARTESIAN_POINT('',(0.00125066143683899,0.00517109629687054,0.039));
#11850=CARTESIAN_POINT('',(0.00125066143683899,0.00517109629687054,0.039));
#11851=CARTESIAN_POINT('',(0.00125066143683899,0.00438698524457256,0.039));
#11852=CARTESIAN_POINT('',(0.00156394781618179,0.00397702763960399,0.039));
#11853=CARTESIAN_POINT('',(0.00156394781618179,0.00397702763960399,0.039));
#11854=CARTESIAN_POINT('',(0.00156394781618179,0.00397702763960399,0.039));
#11855=CARTESIAN_POINT('',(0.00156036740041787,0.00636039106645188,0.039));
#11856=CARTESIAN_POINT('',(0.00156036740041787,0.00636039106645188,0.036));
#11857=CARTESIAN_POINT('',(0.00135389675803195,0.00609424682800066,0.039));
#11858=CARTESIAN_POINT('',(0.00135389675803195,0.00609424682800066,0.036));
#11859=CARTESIAN_POINT('',(0.00125066143683899,0.00569781523814021,0.039));
#11860=CARTESIAN_POINT('',(0.00125066143683899,0.00569781523814021,0.036));
#11861=CARTESIAN_POINT('',(0.00125066143683899,0.00517109629687054,0.039));
#11862=CARTESIAN_POINT('',(0.00125066143683899,0.00517109629687054,0.036));
#11863=CARTESIAN_POINT('',(0.00156036740041787,0.00636039106645188,0.036));
#11864=CARTESIAN_POINT('',(0.00125066143683899,0.00596117470877505,0.036));
#11865=CARTESIAN_POINT('',(0.00125066143683899,0.00517109629687054,0.036));
#11866=CARTESIAN_POINT('',(0.00156036740041787,0.00636039106645188,0.036));
#11867=CARTESIAN_POINT('',(0.00156036740041787,0.00636039106645188,0.039));
#11868=CARTESIAN_POINT('',(0.00156036740041787,0.00636039106645188,0.039));
#11869=CARTESIAN_POINT('',(0.00156036740041787,0.00636039106645188,0.039));
#11870=CARTESIAN_POINT('',(0.00125066143683899,0.00596117470877505,0.039));
#11871=CARTESIAN_POINT('',(0.00125066143683899,0.00517109629687054,0.039));
#11872=CARTESIAN_POINT('',(0.00247755057194146,0.0067596074241287,0.039));
#11873=CARTESIAN_POINT('',(0.00247755057194146,0.0067596074241287,0.036));
#11874=CARTESIAN_POINT('',(0.00207256576664499,0.0067596074241287,0.039));
#11875=CARTESIAN_POINT('',(0.00207256576664499,0.0067596074241287,0.036));
#11876=CARTESIAN_POINT('',(0.0017668380428038,0.00662653530490309,0.039));
#11877=CARTESIAN_POINT('',(0.0017668380428038,0.00662653530490309,0.036));
#11878=CARTESIAN_POINT('',(0.00156036740041787,0.00636039106645188,0.039));
#11879=CARTESIAN_POINT('',(0.00156036740041787,0.00636039106645188,0.036));
#11880=CARTESIAN_POINT('',(0.00247755057194146,0.0067596074241287,0.036));
#11881=CARTESIAN_POINT('',(0.00187007336399676,0.0067596074241287,0.036));
#11882=CARTESIAN_POINT('',(0.00156036740041787,0.00636039106645188,0.036));
#11883=CARTESIAN_POINT('',(0.00247755057194146,0.0067596074241287,0.036));
#11884=CARTESIAN_POINT('',(0.00247755057194146,0.0067596074241287,0.039));
#11885=CARTESIAN_POINT('',(0.00247755057194146,0.0067596074241287,0.039));
#11886=CARTESIAN_POINT('',(0.00247755057194146,0.0067596074241287,0.039));
#11887=CARTESIAN_POINT('',(0.00187007336399676,0.0067596074241287,0.039));
#11888=CARTESIAN_POINT('',(0.00156036740041787,0.00636039106645188,0.039));
#11889=CARTESIAN_POINT('',(0.00340845867056007,0.006355020442806,0.039));
#11890=CARTESIAN_POINT('',(0.00340845867056007,0.006355020442806,0.036));
#11891=CARTESIAN_POINT('',(0.00319840761241024,0.00662474509702113,0.039));
#11892=CARTESIAN_POINT('',(0.00319840761241024,0.00662474509702113,0.036));
#11893=CARTESIAN_POINT('',(0.0028881049128707,0.0067596074241287,0.039));
#11894=CARTESIAN_POINT('',(0.0028881049128707,0.0067596074241287,0.036));
#11895=CARTESIAN_POINT('',(0.00247755057194146,0.0067596074241287,0.039));
#11896=CARTESIAN_POINT('',(0.00247755057194146,0.0067596074241287,0.036));
#11897=CARTESIAN_POINT('',(0.00340845867056007,0.006355020442806,0.036));
#11898=CARTESIAN_POINT('',(0.00309338208333532,0.0067596074241287,0.036));
#11899=CARTESIAN_POINT('',(0.00247755057194146,0.0067596074241287,0.036));
#11900=CARTESIAN_POINT('',(0.00340845867056007,0.006355020442806,0.036));
#11901=CARTESIAN_POINT('',(0.00340845867056007,0.006355020442806,0.039));
#11902=CARTESIAN_POINT('',(0.00340845867056007,0.006355020442806,0.039));
#11903=CARTESIAN_POINT('',(0.00340845867056007,0.006355020442806,0.039));
#11904=CARTESIAN_POINT('',(0.00309338208333532,0.0067596074241287,0.039));
#11905=CARTESIAN_POINT('',(0.00247755057194146,0.0067596074241287,0.039));
#11906=CARTESIAN_POINT('',(0.00372353525778483,0.00517109629687054,0.039));
#11907=CARTESIAN_POINT('',(0.00372353525778483,0.00517109629687054,0.036));
#11908=CARTESIAN_POINT('',(0.00372353525778483,0.00569065440661238,0.039));
#11909=CARTESIAN_POINT('',(0.00372353525778483,0.00569065440661238,0.036));
#11910=CARTESIAN_POINT('',(0.00361850972870991,0.00608529578859087,0.039));
#11911=CARTESIAN_POINT('',(0.00361850972870991,0.00608529578859087,0.036));
#11912=CARTESIAN_POINT('',(0.00340845867056007,0.006355020442806,0.039));
#11913=CARTESIAN_POINT('',(0.00340845867056007,0.006355020442806,0.036));
#11914=CARTESIAN_POINT('',(0.00372353525778483,0.00517109629687054,0.036));
#11915=CARTESIAN_POINT('',(0.00372353525778483,0.0059504334614833,0.036));
#11916=CARTESIAN_POINT('',(0.00340845867056007,0.006355020442806,0.036));
#11917=CARTESIAN_POINT('',(0.00372353525778483,0.00517109629687054,0.036));
#11918=CARTESIAN_POINT('',(0.00372353525778483,0.00517109629687054,0.039));
#11919=CARTESIAN_POINT('',(0.00372353525778483,0.00517109629687054,0.039));
#11920=CARTESIAN_POINT('',(0.00372353525778483,0.00517109629687054,0.039));
#11921=CARTESIAN_POINT('',(0.00372353525778483,0.0059504334614833,0.039));
#11922=CARTESIAN_POINT('',(0.00340845867056007,0.006355020442806,0.039));
#11923=CARTESIAN_POINT('',(0.00340845867056007,0.00397523743172203,0.039));
#11924=CARTESIAN_POINT('',(0.00340845867056007,0.00397523743172203,0.036));
#11925=CARTESIAN_POINT('',(0.00361850972870991,0.00424734902977977,0.039));
#11926=CARTESIAN_POINT('',(0.00361850972870991,0.00424734902977977,0.036));
#11927=CARTESIAN_POINT('',(0.00372353525778483,0.00464596865149594,0.039));
#11928=CARTESIAN_POINT('',(0.00372353525778483,0.00464596865149594,0.036));
#11929=CARTESIAN_POINT('',(0.00372353525778483,0.00517109629687054,0.039));
#11930=CARTESIAN_POINT('',(0.00372353525778483,0.00517109629687054,0.036));
#11931=CARTESIAN_POINT('',(0.00340845867056007,0.00397523743172203,0.036));
#11932=CARTESIAN_POINT('',(0.00372353525778483,0.00438340482880864,0.036));
#11933=CARTESIAN_POINT('',(0.00372353525778483,0.00517109629687054,0.036));
#11934=CARTESIAN_POINT('',(0.00340845867056007,0.00397523743172203,0.036));
#11935=CARTESIAN_POINT('',(0.00340845867056007,0.00397523743172203,0.039));
#11936=CARTESIAN_POINT('',(0.00340845867056007,0.00397523743172203,0.039));
#11937=CARTESIAN_POINT('',(0.00340845867056007,0.00397523743172203,0.039));
#11938=CARTESIAN_POINT('',(0.00372353525778483,0.00438340482880864,0.039));
#11939=CARTESIAN_POINT('',(0.00372353525778483,0.00517109629687054,0.039));
#11940=CARTESIAN_POINT('',(0.0024847114034693,0.00356707003463541,0.039));
#11941=CARTESIAN_POINT('',(0.0024847114034693,0.00356707003463541,0.036));
#11942=CARTESIAN_POINT('',(0.00289049185671331,0.00356707003463541,0.039));
#11943=CARTESIAN_POINT('',(0.00289049185671331,0.00356707003463541,0.036));
#11944=CARTESIAN_POINT('',(0.00319840761241024,0.00370312583366428,0.039));
#11945=CARTESIAN_POINT('',(0.00319840761241024,0.00370312583366428,0.036));
#11946=CARTESIAN_POINT('',(0.00340845867056007,0.00397523743172203,0.039));
#11947=CARTESIAN_POINT('',(0.00340845867056007,0.00397523743172203,0.036));
#11948=CARTESIAN_POINT('',(0.0024847114034693,0.00356707003463541,0.036));
#11949=CARTESIAN_POINT('',(0.00309338208333532,0.00356707003463541,0.036));
#11950=CARTESIAN_POINT('',(0.00340845867056007,0.00397523743172203,0.036));
#11951=CARTESIAN_POINT('',(0.0024847114034693,0.00356707003463541,0.036));
#11952=CARTESIAN_POINT('',(0.0024847114034693,0.00356707003463541,0.039));
#11953=CARTESIAN_POINT('',(0.0024847114034693,0.00356707003463541,0.039));
#11954=CARTESIAN_POINT('',(0.0024847114034693,0.00356707003463541,0.039));
#11955=CARTESIAN_POINT('',(0.00309338208333532,0.00356707003463541,0.039));
#11956=CARTESIAN_POINT('',(0.00340845867056007,0.00397523743172203,0.039));
#11957=CARTESIAN_POINT('',(0.00436442967952611,0.00517109629687054,0.039));
#11958=CARTESIAN_POINT('',(0.00436442967952611,0.00517109629687054,0.036));
#11959=CARTESIAN_POINT('',(0.00436442967952611,0.00450434331683431,0.039));
#11960=CARTESIAN_POINT('',(0.00436442967952611,0.00450434331683431,0.036));
#11961=CARTESIAN_POINT('',(0.00419674687458263,0.00398379064715805,0.039));
#11962=CARTESIAN_POINT('',(0.00419674687458263,0.00398379064715805,0.036));
#11963=CARTESIAN_POINT('',(0.00386138126469566,0.00360943828784177,0.039));
#11964=CARTESIAN_POINT('',(0.00386138126469566,0.00360943828784177,0.036));
#11965=CARTESIAN_POINT('',(0.00436442967952611,0.00517109629687054,0.039));
#11966=CARTESIAN_POINT('',(0.00436442967952611,0.00517109629687054,0.039));
#11967=CARTESIAN_POINT('',(0.00436442967952611,0.00517109629687054,0.039));
#11968=CARTESIAN_POINT('',(0.00436442967952611,0.0041709668268162,0.039));
#11969=CARTESIAN_POINT('',(0.00386138126469566,0.00360943828784177,0.039));
#11970=CARTESIAN_POINT('',(0.00386138126469566,0.00360943828784177,0.039));
#11971=CARTESIAN_POINT('',(0.00386138126469566,0.00360943828784177,0.039));
#11972=CARTESIAN_POINT('',(0.00385899432085305,0.00671485222707973,0.039));
#11973=CARTESIAN_POINT('',(0.00385899432085305,0.00671485222707973,0.036));
#11974=CARTESIAN_POINT('',(0.00419595122663509,0.00633413468418315,0.039));
#11975=CARTESIAN_POINT('',(0.00419595122663509,0.00633413468418315,0.036));
#11976=CARTESIAN_POINT('',(0.00436442967952611,0.00581954937411342,0.039));
#11977=CARTESIAN_POINT('',(0.00436442967952611,0.00581954937411342,0.036));
#11978=CARTESIAN_POINT('',(0.00436442967952611,0.00517109629687054,0.039));
#11979=CARTESIAN_POINT('',(0.00436442967952611,0.00517109629687054,0.036));
#11980=CARTESIAN_POINT('',(0.00385899432085305,0.00671485222707973,0.039));
#11981=CARTESIAN_POINT('',(0.00385899432085305,0.00671485222707973,0.039));
#11982=CARTESIAN_POINT('',(0.00385899432085305,0.00671485222707973,0.039));
#11983=CARTESIAN_POINT('',(0.00436442967952611,0.00614377591273486,0.039));
#11984=CARTESIAN_POINT('',(0.00436442967952611,0.00517109629687054,0.039));
#11985=CARTESIAN_POINT('',(0.00249664612268236,0.00728592854142461,0.039));
#11986=CARTESIAN_POINT('',(0.00249664612268236,0.00728592854142461,0.036));
#11987=CARTESIAN_POINT('',(0.00306792134901412,0.00728592854142461,0.039));
#11988=CARTESIAN_POINT('',(0.00306792134901412,0.00728592854142461,0.036));
#11989=CARTESIAN_POINT('',(0.00352203741507102,0.00709556976997632,0.039));
#11990=CARTESIAN_POINT('',(0.00352203741507102,0.00709556976997632,0.036));
#11991=CARTESIAN_POINT('',(0.00385899432085305,0.00671485222707973,0.039));
#11992=CARTESIAN_POINT('',(0.00385899432085305,0.00671485222707973,0.036));
#11993=CARTESIAN_POINT('',(0.00249664612268236,0.00728592854142461,0.039));
#11994=CARTESIAN_POINT('',(0.00249664612268236,0.00728592854142461,0.039));
#11995=CARTESIAN_POINT('',(0.00249664612268236,0.00728592854142461,0.039));
#11996=CARTESIAN_POINT('',(0.00335355896218,0.00728592854142461,0.039));
#11997=CARTESIAN_POINT('',(0.00385899432085305,0.00671485222707973,0.039));
#11998=CARTESIAN_POINT('',(0.00110863827820359,0.0067279804182141,0.039));
#11999=CARTESIAN_POINT('',(0.00110863827820359,0.0067279804182141,0.036));
#12000=CARTESIAN_POINT('',(0.00144201476822171,0.00709994583368777,0.039));
#12001=CARTESIAN_POINT('',(0.00144201476822171,0.00709994583368777,0.036));
#12002=CARTESIAN_POINT('',(0.00190468404971463,0.00728592854142461,0.039));
#12003=CARTESIAN_POINT('',(0.00190468404971463,0.00728592854142461,0.036));
#12004=CARTESIAN_POINT('',(0.00249664612268236,0.00728592854142461,0.039));
#12005=CARTESIAN_POINT('',(0.00249664612268236,0.00728592854142461,0.036));
#12006=CARTESIAN_POINT('',(0.00110863827820359,0.0067279804182141,0.039));
#12007=CARTESIAN_POINT('',(0.00110863827820359,0.0067279804182141,0.039));
#12008=CARTESIAN_POINT('',(0.00110863827820359,0.0067279804182141,0.039));
#12009=CARTESIAN_POINT('',(0.00160870301323076,0.00728592854142461,0.039));
#12010=CARTESIAN_POINT('',(0.00249664612268236,0.00728592854142461,0.039));
#12011=CARTESIAN_POINT('',(0.000608573543176416,0.00517109629687054,0.039));
#12012=CARTESIAN_POINT('',(0.000608573543176416,0.00517109629687054,0.036));
#12013=CARTESIAN_POINT('',(0.000608573543176416,0.00583705362895924,0.039));
#12014=CARTESIAN_POINT('',(0.000608573543176416,0.00583705362895924,0.036));
#12015=CARTESIAN_POINT('',(0.000775261788185474,0.00635601500274043,0.039));
#12016=CARTESIAN_POINT('',(0.000775261788185474,0.00635601500274043,0.036));
#12017=CARTESIAN_POINT('',(0.00110863827820359,0.0067279804182141,0.039));
#12018=CARTESIAN_POINT('',(0.00110863827820359,0.0067279804182141,0.036));
#12019=CARTESIAN_POINT('',(0.000608573543176416,0.00517109629687054,0.039));
#12020=CARTESIAN_POINT('',(0.000608573543176416,0.00517109629687054,0.039));
#12021=CARTESIAN_POINT('',(0.000608573543176416,0.00517109629687054,0.039));
#12022=CARTESIAN_POINT('',(0.000608573543176416,0.00617003229500359,0.039));
#12023=CARTESIAN_POINT('',(0.00110863827820359,0.0067279804182141,0.039));
#12024=CARTESIAN_POINT('',(0.000840107095909762,0.00404445880315777,0.039));
#12025=CARTESIAN_POINT('',(0.000840107095909762,0.00404445880315777,0.036));
#12026=CARTESIAN_POINT('',(0.000685751394087531,0.00436510492601529,0.039));
#12027=CARTESIAN_POINT('',(0.000685751394087531,0.00436510492601529,0.036));
#12028=CARTESIAN_POINT('',(0.000608573543176416,0.00474065075725288,0.039));
#12029=CARTESIAN_POINT('',(0.000608573543176416,0.00474065075725288,0.036));
#12030=CARTESIAN_POINT('',(0.000608573543176416,0.00517109629687054,0.039));
#12031=CARTESIAN_POINT('',(0.000608573543176416,0.00517109629687054,0.036));
#12032=CARTESIAN_POINT('',(0.000840107095909762,0.00404445880315777,0.039));
#12033=CARTESIAN_POINT('',(0.000840107095909762,0.00404445880315777,0.039));
#12034=CARTESIAN_POINT('',(0.000840107095909762,0.00404445880315777,0.039));
#12035=CARTESIAN_POINT('',(0.000608573543176416,0.00452542798744405,0.039));
#12036=CARTESIAN_POINT('',(0.000608573543176416,0.00517109629687054,0.039));
#12037=CARTESIAN_POINT('',(0.00149651665262801,0.00330569968386941,0.039));
#12038=CARTESIAN_POINT('',(0.00149651665262801,0.00330569968386941,0.036));
#12039=CARTESIAN_POINT('',(0.00121326598330474,0.00347755964053746,0.039));
#12040=CARTESIAN_POINT('',(0.00121326598330474,0.00347755964053746,0.036));
#12041=CARTESIAN_POINT('',(0.000994462797731993,0.00372381268030025,0.039));
#12042=CARTESIAN_POINT('',(0.000994462797731993,0.00372381268030025,0.036));
#12043=CARTESIAN_POINT('',(0.000840107095909762,0.00404445880315777,0.039));
#12044=CARTESIAN_POINT('',(0.000840107095909762,0.00404445880315777,0.036));
#12045=CARTESIAN_POINT('',(0.00149651665262801,0.00330569968386941,0.039));
#12046=CARTESIAN_POINT('',(0.00149651665262801,0.00330569968386941,0.039));
#12047=CARTESIAN_POINT('',(0.00149651665262801,0.00330569968386941,0.039));
#12048=CARTESIAN_POINT('',(0.00107164064864311,0.00356348961887149,0.039));
#12049=CARTESIAN_POINT('',(0.000840107095909762,0.00404445880315777,0.039));
#12050=CARTESIAN_POINT('',(0.00247038974041363,0.00304790974886734,0.039));
#12051=CARTESIAN_POINT('',(0.00247038974041363,0.00304790974886734,0.036));
#12052=CARTESIAN_POINT('',(0.00210439168454649,0.00304790974886734,0.039));
#12053=CARTESIAN_POINT('',(0.00210439168454649,0.00304790974886734,0.036));
#12054=CARTESIAN_POINT('',(0.00177976732195128,0.00313383972720136,0.039));
#12055=CARTESIAN_POINT('',(0.00177976732195128,0.00313383972720136,0.036));
#12056=CARTESIAN_POINT('',(0.00149651665262801,0.00330569968386941,0.039));
#12057=CARTESIAN_POINT('',(0.00149651665262801,0.00330569968386941,0.036));
#12058=CARTESIAN_POINT('',(0.00247038974041363,0.00304790974886734,0.039));
#12059=CARTESIAN_POINT('',(0.00247038974041363,0.00304790974886734,0.039));
#12060=CARTESIAN_POINT('',(0.00247038974041363,0.00304790974886734,0.039));
#12061=CARTESIAN_POINT('',(0.00192139265661292,0.00304790974886734,0.039));
#12062=CARTESIAN_POINT('',(0.00149651665262801,0.00330569968386941,0.039));
#12063=CARTESIAN_POINT('',(0.00386138126469566,0.00360943828784177,0.039));
#12064=CARTESIAN_POINT('',(0.00386138126469566,0.00360943828784177,0.036));
#12065=CARTESIAN_POINT('',(0.0035260156548087,0.00323508592852548,0.039));
#12066=CARTESIAN_POINT('',(0.0035260156548087,0.00323508592852548,0.036));
#12067=CARTESIAN_POINT('',(0.00306235181338136,0.00304790974886734,0.039));
#12068=CARTESIAN_POINT('',(0.00306235181338136,0.00304790974886734,0.036));
#12069=CARTESIAN_POINT('',(0.00247038974041363,0.00304790974886734,0.039));
#12070=CARTESIAN_POINT('',(0.00247038974041363,0.00304790974886734,0.036));
#12071=CARTESIAN_POINT('',(0.00386138126469566,0.00360943828784177,0.039));
#12072=CARTESIAN_POINT('',(0.00335833284986522,0.00304790974886734,0.039));
#12073=CARTESIAN_POINT('',(0.00247038974041363,0.00304790974886734,0.039));
#12074=CARTESIAN_POINT('',(0.00156394781618179,0.00397702763960399,0.039));
#12075=CARTESIAN_POINT('',(0.00156394781618179,0.00397702763960399,0.036));
#12076=CARTESIAN_POINT('',(0.00177280540241033,0.00370372256962493,0.039));
#12077=CARTESIAN_POINT('',(0.00177280540241033,0.00370372256962493,0.036));
#12078=CARTESIAN_POINT('',(0.00207972659817283,0.00356707003463541,0.039));
#12079=CARTESIAN_POINT('',(0.00207972659817283,0.00356707003463541,0.036));
#12080=CARTESIAN_POINT('',(0.0024847114034693,0.00356707003463541,0.039));
#12081=CARTESIAN_POINT('',(0.0024847114034693,0.00356707003463541,0.036));
#12082=CARTESIAN_POINT('',(0.00156394781618179,0.00397702763960399,0.036));
#12083=CARTESIAN_POINT('',(0.00187723419552459,0.00356707003463541,0.036));
#12084=CARTESIAN_POINT('',(0.0024847114034693,0.00356707003463541,0.036));
#12085=CARTESIAN_POINT('',(0.00156394781618179,0.00397702763960399,0.039));
#12086=CARTESIAN_POINT('',(0.00187723419552459,0.00356707003463541,0.039));
#12087=CARTESIAN_POINT('',(0.0024847114034693,0.00356707003463541,0.039));
#12088=CARTESIAN_POINT('',(0.00198598749339636,-0.00383108708127283,0.039));
#12089=CARTESIAN_POINT('',(-0.000957261617576932,0.00587882514620494,0.039));
#12090=CARTESIAN_POINT('',(-0.000957261617576932,0.00587882514620494,0.036));
#12091=CARTESIAN_POINT('',(-0.000957261617576932,0.00659013441130326,0.039));
#12092=CARTESIAN_POINT('',(-0.000957261617576932,0.00659013441130326,0.036));
#12093=CARTESIAN_POINT('',(-0.00113568566981217,0.00712600330396961,0.039));
#12094=CARTESIAN_POINT('',(-0.00113568566981217,0.00712600330396961,0.036));
#12095=CARTESIAN_POINT('',(-0.00149253377428263,0.007486431824204,0.039));
#12096=CARTESIAN_POINT('',(-0.00149253377428263,0.007486431824204,0.036));
#12097=CARTESIAN_POINT('',(-0.000957261617576932,0.00587882514620494,0.036));
#12098=CARTESIAN_POINT('',(-0.000957261617576932,0.00694578904385242,0.036));
#12099=CARTESIAN_POINT('',(-0.00149253377428263,0.007486431824204,0.036));
#12100=CARTESIAN_POINT('',(-0.000957261617576932,0.00587882514620494,0.036));
#12101=CARTESIAN_POINT('',(-0.00149253377428263,0.007486431824204,0.036));
#12102=CARTESIAN_POINT('',(-0.000957261617576932,0.00587882514620494,0.039));
#12103=CARTESIAN_POINT('',(-0.000957261617576932,0.00587882514620494,0.039));
#12104=CARTESIAN_POINT('',(-0.000957261617576932,0.00587882514620494,0.039));
#12105=CARTESIAN_POINT('',(-0.000957261617576932,0.00694578904385242,0.039));
#12106=CARTESIAN_POINT('',(-0.00149253377428263,0.007486431824204,0.039));
#12107=CARTESIAN_POINT('',(-0.00149253377428263,0.007486431824204,0.039));
#12108=CARTESIAN_POINT('',(-0.00149253377428263,0.007486431824204,0.039));
#12109=CARTESIAN_POINT('',(-0.00152833793192181,0.00422885021499953,0.039));
#12110=CARTESIAN_POINT('',(-0.00152833793192181,0.00422885021499953,0.036));
#12111=CARTESIAN_POINT('',(-0.00114762038902522,0.0046008156304732,0.039));
#12112=CARTESIAN_POINT('',(-0.00114762038902522,0.0046008156304732,0.036));
#12113=CARTESIAN_POINT('',(-0.000957261617576931,0.00515080727420834,0.039));
#12114=CARTESIAN_POINT('',(-0.000957261617576931,0.00515080727420834,0.036));
#12115=CARTESIAN_POINT('',(-0.000957261617576932,0.00587882514620494,0.039));
#12116=CARTESIAN_POINT('',(-0.000957261617576932,0.00587882514620494,0.036));
#12117=CARTESIAN_POINT('',(-0.00152833793192181,0.00422885021499953,0.036));
#12118=CARTESIAN_POINT('',(-0.000957261617576931,0.00478679833821004,0.036));
#12119=CARTESIAN_POINT('',(-0.000957261617576932,0.00587882514620494,0.036));
#12120=CARTESIAN_POINT('',(-0.00152833793192181,0.00422885021499953,0.036));
#12121=CARTESIAN_POINT('',(-0.00152833793192181,0.00422885021499953,0.039));
#12122=CARTESIAN_POINT('',(-0.00152833793192181,0.00422885021499953,0.039));
#12123=CARTESIAN_POINT('',(-0.00152833793192181,0.00422885021499953,0.039));
#12124=CARTESIAN_POINT('',(-0.000957261617576931,0.00478679833821004,0.039));
#12125=CARTESIAN_POINT('',(-0.000957261617576932,0.00587882514620494,0.039));
#12126=CARTESIAN_POINT('',(-0.0032332125715073,0.00367090209178902,0.039));
#12127=CARTESIAN_POINT('',(-0.0032332125715073,0.00367090209178902,0.036));
#12128=CARTESIAN_POINT('',(-0.00247734702134689,0.00367090209178902,0.039));
#12129=CARTESIAN_POINT('',(-0.00247734702134689,0.00367090209178902,0.036));
#12130=CARTESIAN_POINT('',(-0.00190905547481839,0.00385688479952586,0.039));
#12131=CARTESIAN_POINT('',(-0.00190905547481839,0.00385688479952586,0.036));
#12132=CARTESIAN_POINT('',(-0.00152833793192181,0.00422885021499953,0.039));
#12133=CARTESIAN_POINT('',(-0.00152833793192181,0.00422885021499953,0.036));
#12134=CARTESIAN_POINT('',(-0.0032332125715073,0.00367090209178902,0.036));
#12135=CARTESIAN_POINT('',(-0.00209941424626668,0.00367090209178902,0.036));
#12136=CARTESIAN_POINT('',(-0.00152833793192181,0.00422885021499953,0.036));
#12137=CARTESIAN_POINT('',(-0.0032332125715073,0.00367090209178902,0.036));
#12138=CARTESIAN_POINT('',(-0.0032332125715073,0.00367090209178902,0.039));
#12139=CARTESIAN_POINT('',(-0.0032332125715073,0.00367090209178902,0.039));
#12140=CARTESIAN_POINT('',(-0.0032332125715073,0.00367090209178902,0.039));
#12141=CARTESIAN_POINT('',(-0.00209941424626668,0.00367090209178902,0.039));
#12142=CARTESIAN_POINT('',(-0.00152833793192181,0.00422885021499953,0.039));
#12143=CARTESIAN_POINT('',(-0.00361930073804975,0.00367090209178902,0.039));
#12144=CARTESIAN_POINT('',(-0.00361930073804975,0.00367090209178902,0.036));
#12145=CARTESIAN_POINT('',(-0.00400538890459221,0.00367090209178902,0.036));
#12146=CARTESIAN_POINT('',(-0.00400538890459221,0.00367090209178902,0.039));
#12147=CARTESIAN_POINT('',(-0.00400538890459221,0.00367090209178902,0.039));
#12148=CARTESIAN_POINT('',(-0.00361930073804975,0.00367090209178902,0.039));
#12149=CARTESIAN_POINT('',(-0.00400538890459221,0.0058489883481723,0.039));
#12150=CARTESIAN_POINT('',(-0.00400538890459221,0.0058489883481723,0.036));
#12151=CARTESIAN_POINT('',(-0.00400538890459221,0.00802707460455557,0.036));
#12152=CARTESIAN_POINT('',(-0.00400538890459221,0.00802707460455557,0.039));
#12153=CARTESIAN_POINT('',(-0.00400538890459221,0.00802707460455557,0.039));
#12154=CARTESIAN_POINT('',(-0.00400538890459221,0.0058489883481723,0.039));
#12155=CARTESIAN_POINT('',(-0.00354470874296813,0.00802707460455557,0.039));
#12156=CARTESIAN_POINT('',(-0.00354470874296813,0.00802707460455557,0.036));
#12157=CARTESIAN_POINT('',(-0.00308402858134405,0.00802707460455557,0.036));
#12158=CARTESIAN_POINT('',(-0.00308402858134405,0.00802707460455557,0.039));
#12159=CARTESIAN_POINT('',(-0.00308402858134405,0.00802707460455557,0.039));
#12160=CARTESIAN_POINT('',(-0.00354470874296813,0.00802707460455557,0.039));
#12161=CARTESIAN_POINT('',(-0.000286530397803014,0.00590150111270976,0.039));
#12162=CARTESIAN_POINT('',(-0.000286530397803014,0.00590150111270976,0.036));
#12163=CARTESIAN_POINT('',(-0.000286530397803013,0.00500162328404511,0.039));
#12164=CARTESIAN_POINT('',(-0.000286530397803013,0.00500162328404511,0.036));
#12165=CARTESIAN_POINT('',(-0.000530794317696955,0.00431358672141225,0.039));
#12166=CARTESIAN_POINT('',(-0.000530794317696955,0.00431358672141225,0.036));
#12167=CARTESIAN_POINT('',(-0.00101932215748484,0.00383739142481119,0.039));
#12168=CARTESIAN_POINT('',(-0.00101932215748484,0.00383739142481119,0.036));
#12169=CARTESIAN_POINT('',(-0.000286530397803014,0.00590150111270976,0.039));
#12170=CARTESIAN_POINT('',(-0.000286530397803014,0.00590150111270976,0.039));
#12171=CARTESIAN_POINT('',(-0.000286530397803014,0.00590150111270976,0.039));
#12172=CARTESIAN_POINT('',(-0.000286530397803013,0.00455168436971278,0.039));
#12173=CARTESIAN_POINT('',(-0.00101932215748484,0.00383739142481119,0.039));
#12174=CARTESIAN_POINT('',(-0.00101932215748484,0.00383739142481119,0.039));
#12175=CARTESIAN_POINT('',(-0.00101932215748484,0.00383739142481119,0.039));
#12176=CARTESIAN_POINT('',(-0.000991275567334151,0.00787132651882515,0.039));
#12177=CARTESIAN_POINT('',(-0.000991275567334151,0.00787132651882515,0.036));
#12178=CARTESIAN_POINT('',(-0.000521445454313393,0.0074014964058044,0.039));
#12179=CARTESIAN_POINT('',(-0.000521445454313393,0.0074014964058044,0.036));
#12180=CARTESIAN_POINT('',(-0.000286530397803014,0.00674488793709927,0.039));
#12181=CARTESIAN_POINT('',(-0.000286530397803014,0.00674488793709927,0.036));
#12182=CARTESIAN_POINT('',(-0.000286530397803014,0.00590150111270976,0.039));
#12183=CARTESIAN_POINT('',(-0.000286530397803014,0.00590150111270976,0.036));
#12184=CARTESIAN_POINT('',(-0.000991275567334151,0.00787132651882515,0.039));
#12185=CARTESIAN_POINT('',(-0.000991275567334151,0.00787132651882515,0.039));
#12186=CARTESIAN_POINT('',(-0.000991275567334151,0.00787132651882515,0.039));
#12187=CARTESIAN_POINT('',(-0.000286530397803014,0.00716658134929402,0.039));
#12188=CARTESIAN_POINT('',(-0.000286530397803014,0.00590150111270976,0.039));
#12189=CARTESIAN_POINT('',(-0.00296826180497738,0.00857607168835629,0.039));
#12190=CARTESIAN_POINT('',(-0.00296826180497738,0.00857607168835629,0.036));
#12191=CARTESIAN_POINT('',(-0.00212010109290265,0.00857607168835629,0.039));
#12192=CARTESIAN_POINT('',(-0.00212010109290265,0.00857607168835629,0.036));
#12193=CARTESIAN_POINT('',(-0.00146110568035491,0.00834115663184591,0.039));
#12194=CARTESIAN_POINT('',(-0.00146110568035491,0.00834115663184591,0.036));
#12195=CARTESIAN_POINT('',(-0.000991275567334151,0.00787132651882515,0.039));
#12196=CARTESIAN_POINT('',(-0.000991275567334151,0.00787132651882515,0.036));
#12197=CARTESIAN_POINT('',(-0.00296826180497738,0.00857607168835629,0.039));
#12198=CARTESIAN_POINT('',(-0.00296826180497738,0.00857607168835629,0.039));
#12199=CARTESIAN_POINT('',(-0.00296826180497738,0.00857607168835629,0.039));
#12200=CARTESIAN_POINT('',(-0.00169602073686529,0.00857607168835629,0.039));
#12201=CARTESIAN_POINT('',(-0.000991275567334151,0.00787132651882515,0.039));
#12202=CARTESIAN_POINT('',(-0.00380369214989152,0.00857607168835629,0.039));
#12203=CARTESIAN_POINT('',(-0.00463912249480565,0.00857607168835629,0.039));
#12204=CARTESIAN_POINT('',(-0.00463912249480565,0.00857607168835629,0.039));
#12205=CARTESIAN_POINT('',(-0.00380369214989152,0.00857607168835629,0.039));
#12206=CARTESIAN_POINT('',(-0.00463912249480565,0.00584958508413295,0.039));
#12207=CARTESIAN_POINT('',(-0.00463912249480565,0.0031230984799096,0.039));
#12208=CARTESIAN_POINT('',(-0.00463912249480565,0.0031230984799096,0.039));
#12209=CARTESIAN_POINT('',(-0.00463912249480565,0.00584958508413295,0.039));
#12210=CARTESIAN_POINT('',(-0.00388365476861901,0.0031230984799096,0.039));
#12211=CARTESIAN_POINT('',(-0.00312818704243238,0.0031230984799096,0.039));
#12212=CARTESIAN_POINT('',(-0.00312818704243238,0.0031230984799096,0.039));
#12213=CARTESIAN_POINT('',(-0.00388365476861901,0.0031230984799096,0.039));
#12214=CARTESIAN_POINT('',(-0.00101932215748484,0.00383739142481119,0.039));
#12215=CARTESIAN_POINT('',(-0.00101932215748484,0.00383739142481119,0.036));
#12216=CARTESIAN_POINT('',(-0.00150784999727272,0.00336119612821013,0.039));
#12217=CARTESIAN_POINT('',(-0.00150784999727272,0.00336119612821013,0.036));
#12218=CARTESIAN_POINT('',(-0.0022108049589219,0.0031230984799096,0.039));
#12219=CARTESIAN_POINT('',(-0.0022108049589219,0.0031230984799096,0.036));
#12220=CARTESIAN_POINT('',(-0.00312818704243238,0.0031230984799096,0.039));
#12221=CARTESIAN_POINT('',(-0.00312818704243238,0.0031230984799096,0.036));
#12222=CARTESIAN_POINT('',(-0.00101932215748484,0.00383739142481119,0.039));
#12223=CARTESIAN_POINT('',(-0.00175211391716667,0.0031230984799096,0.039));
#12224=CARTESIAN_POINT('',(-0.00312818704243238,0.0031230984799096,0.039));
#12225=CARTESIAN_POINT('',(-0.00149253377428263,0.007486431824204,0.039));
#12226=CARTESIAN_POINT('',(-0.00149253377428263,0.007486431824204,0.036));
#12227=CARTESIAN_POINT('',(-0.0018493818787531,0.00784686034443838,0.039));
#12228=CARTESIAN_POINT('',(-0.0018493818787531,0.00784686034443838,0.036));
#12229=CARTESIAN_POINT('',(-0.00237988014777357,0.00802707460455557,0.039));
#12230=CARTESIAN_POINT('',(-0.00237988014777357,0.00802707460455557,0.036));
#12231=CARTESIAN_POINT('',(-0.00308402858134405,0.00802707460455557,0.039));
#12232=CARTESIAN_POINT('',(-0.00308402858134405,0.00802707460455557,0.036));
#12233=CARTESIAN_POINT('',(-0.00149253377428263,0.007486431824204,0.036));
#12234=CARTESIAN_POINT('',(-0.00202780593098833,0.00802707460455557,0.036));
#12235=CARTESIAN_POINT('',(-0.00308402858134405,0.00802707460455557,0.036));
#12236=CARTESIAN_POINT('',(-0.00149253377428263,0.007486431824204,0.039));
#12237=CARTESIAN_POINT('',(-0.00202780593098833,0.00802707460455557,0.039));
#12238=CARTESIAN_POINT('',(-0.00308402858134405,0.00802707460455557,0.039));
#12239=CARTESIAN_POINT('',(0.00198598749339636,-0.00383108708127283,0.039));
#12240=CARTESIAN_POINT('',(-0.00991271760556994,0.00679443115329269,0.039));
#12241=CARTESIAN_POINT('',(-0.00991271760556994,0.00679443115329269,0.036));
#12242=CARTESIAN_POINT('',(-0.0102783807693385,0.00679443115329269,0.039));
#12243=CARTESIAN_POINT('',(-0.0102783807693385,0.00679443115329269,0.036));
#12244=CARTESIAN_POINT('',(-0.0105428771244644,0.00669326434465006,0.039));
#12245=CARTESIAN_POINT('',(-0.0105428771244644,0.00669326434465006,0.036));
#12246=CARTESIAN_POINT('',(-0.0107062066709476,0.00649093072736481,0.039));
#12247=CARTESIAN_POINT('',(-0.0107062066709476,0.00649093072736481,0.036));
#12248=CARTESIAN_POINT('',(-0.00991271760556994,0.00679443115329269,0.036));
#12249=CARTESIAN_POINT('',(-0.0104612123512227,0.00679443115329269,0.036));
#12250=CARTESIAN_POINT('',(-0.0107062066709476,0.00649093072736481,0.036));
#12251=CARTESIAN_POINT('',(-0.00991271760556994,0.00679443115329269,0.036));
#12252=CARTESIAN_POINT('',(-0.0107062066709476,0.00649093072736481,0.036));
#12253=CARTESIAN_POINT('',(-0.00991271760556994,0.00679443115329269,0.039));
#12254=CARTESIAN_POINT('',(-0.00991271760556994,0.00679443115329269,0.039));
#12255=CARTESIAN_POINT('',(-0.00991271760556994,0.00679443115329269,0.039));
#12256=CARTESIAN_POINT('',(-0.0104612123512227,0.00679443115329269,0.039));
#12257=CARTESIAN_POINT('',(-0.0107062066709476,0.00649093072736481,0.039));
#12258=CARTESIAN_POINT('',(-0.0107062066709476,0.00649093072736481,0.039));
#12259=CARTESIAN_POINT('',(-0.0107062066709476,0.00649093072736481,0.039));
#12260=CARTESIAN_POINT('',(-0.00917355563880927,0.00643712600469601,0.039));
#12261=CARTESIAN_POINT('',(-0.00917355563880927,0.00643712600469601,0.036));
#12262=CARTESIAN_POINT('',(-0.009348725706786,0.0066753294370938,0.039));
#12263=CARTESIAN_POINT('',(-0.009348725706786,0.0066753294370938,0.036));
#12264=CARTESIAN_POINT('',(-0.00959511302903956,0.00679443115329269,0.039));
#12265=CARTESIAN_POINT('',(-0.00959511302903956,0.00679443115329269,0.036));
#12266=CARTESIAN_POINT('',(-0.00991271760556994,0.00679443115329269,0.039));
#12267=CARTESIAN_POINT('',(-0.00991271760556994,0.00679443115329269,0.036));
#12268=CARTESIAN_POINT('',(-0.00917355563880927,0.00643712600469601,0.036));
#12269=CARTESIAN_POINT('',(-0.00943631074077437,0.00679443115329269,0.036));
#12270=CARTESIAN_POINT('',(-0.00991271760556994,0.00679443115329269,0.036));
#12271=CARTESIAN_POINT('',(-0.00917355563880927,0.00643712600469601,0.036));
#12272=CARTESIAN_POINT('',(-0.00917355563880927,0.00643712600469601,0.039));
#12273=CARTESIAN_POINT('',(-0.00917355563880927,0.00643712600469601,0.039));
#12274=CARTESIAN_POINT('',(-0.00917355563880927,0.00643712600469601,0.039));
#12275=CARTESIAN_POINT('',(-0.00943631074077437,0.00679443115329269,0.039));
#12276=CARTESIAN_POINT('',(-0.00991271760556994,0.00679443115329269,0.039));
#12277=CARTESIAN_POINT('',(-0.00891080053684417,0.00541013489045469,0.039));
#12278=CARTESIAN_POINT('',(-0.00891080053684417,0.00541013489045469,0.036));
#12279=CARTESIAN_POINT('',(-0.00891080053684417,0.00585659220088446,0.039));
#12280=CARTESIAN_POINT('',(-0.00891080053684417,0.00585659220088446,0.036));
#12281=CARTESIAN_POINT('',(-0.00899838557083254,0.00619892257229823,0.039));
#12282=CARTESIAN_POINT('',(-0.00899838557083254,0.00619892257229823,0.036));
#12283=CARTESIAN_POINT('',(-0.00917355563880927,0.00643712600469601,0.039));
#12284=CARTESIAN_POINT('',(-0.00917355563880927,0.00643712600469601,0.036));
#12285=CARTESIAN_POINT('',(-0.00891080053684417,0.00541013489045469,0.036));
#12286=CARTESIAN_POINT('',(-0.00891080053684417,0.00607982085609934,0.036));
#12287=CARTESIAN_POINT('',(-0.00917355563880927,0.00643712600469601,0.036));
#12288=CARTESIAN_POINT('',(-0.00891080053684417,0.00541013489045469,0.036));
#12289=CARTESIAN_POINT('',(-0.00891080053684417,0.00541013489045469,0.039));
#12290=CARTESIAN_POINT('',(-0.00891080053684417,0.00541013489045469,0.039));
#12291=CARTESIAN_POINT('',(-0.00891080053684417,0.00541013489045469,0.039));
#12292=CARTESIAN_POINT('',(-0.00891080053684417,0.00607982085609934,0.039));
#12293=CARTESIAN_POINT('',(-0.00917355563880927,0.00643712600469601,0.039));
#12294=CARTESIAN_POINT('',(-0.00917355563880927,0.00437530813698976,0.039));
#12295=CARTESIAN_POINT('',(-0.00917355563880927,0.00437530813698976,0.036));
#12296=CARTESIAN_POINT('',(-0.00899838557083254,0.00462570034151316,0.039));
#12297=CARTESIAN_POINT('',(-0.00899838557083254,0.00462570034151316,0.036));
#12298=CARTESIAN_POINT('',(-0.00891080053684417,0.00497064259266814,0.039));
#12299=CARTESIAN_POINT('',(-0.00891080053684417,0.00497064259266814,0.036));
#12300=CARTESIAN_POINT('',(-0.00891080053684417,0.00541013489045469,0.039));
#12301=CARTESIAN_POINT('',(-0.00891080053684417,0.00541013489045469,0.036));
#12302=CARTESIAN_POINT('',(-0.00917355563880927,0.00437530813698976,0.036));
#12303=CARTESIAN_POINT('',(-0.00891080053684417,0.00475089644377486,0.036));
#12304=CARTESIAN_POINT('',(-0.00891080053684417,0.00541013489045469,0.036));
#12305=CARTESIAN_POINT('',(-0.00917355563880927,0.00437530813698976,0.036));
#12306=CARTESIAN_POINT('',(-0.00917355563880927,0.00437530813698976,0.039));
#12307=CARTESIAN_POINT('',(-0.00917355563880927,0.00437530813698976,0.039));
#12308=CARTESIAN_POINT('',(-0.00917355563880927,0.00437530813698976,0.039));
#12309=CARTESIAN_POINT('',(-0.00891080053684417,0.00475089644377486,0.039));
#12310=CARTESIAN_POINT('',(-0.00891080053684417,0.00541013489045469,0.039));
#12311=CARTESIAN_POINT('',(-0.00990018058281216,0.00399971983020466,0.039));
#12312=CARTESIAN_POINT('',(-0.00990018058281216,0.00399971983020466,0.036));
#12313=CARTESIAN_POINT('',(-0.00959093402145363,0.00399971983020466,0.039));
#12314=CARTESIAN_POINT('',(-0.00959093402145363,0.00399971983020466,0.036));
#12315=CARTESIAN_POINT('',(-0.009348725706786,0.00412491593246636,0.039));
#12316=CARTESIAN_POINT('',(-0.009348725706786,0.00412491593246636,0.036));
#12317=CARTESIAN_POINT('',(-0.00917355563880927,0.00437530813698976,0.039));
#12318=CARTESIAN_POINT('',(-0.00917355563880927,0.00437530813698976,0.036));
#12319=CARTESIAN_POINT('',(-0.00990018058281216,0.00399971983020466,0.036));
#12320=CARTESIAN_POINT('',(-0.00943631074077437,0.00399971983020466,0.036));
#12321=CARTESIAN_POINT('',(-0.00917355563880927,0.00437530813698976,0.036));
#12322=CARTESIAN_POINT('',(-0.00990018058281216,0.00399971983020466,0.036));
#12323=CARTESIAN_POINT('',(-0.00990018058281216,0.00399971983020466,0.039));
#12324=CARTESIAN_POINT('',(-0.00990018058281216,0.00399971983020466,0.039));
#12325=CARTESIAN_POINT('',(-0.00990018058281216,0.00399971983020466,0.039));
#12326=CARTESIAN_POINT('',(-0.00943631074077437,0.00399971983020466,0.039));
#12327=CARTESIAN_POINT('',(-0.00917355563880927,0.00437530813698976,0.039));
#12328=CARTESIAN_POINT('',(-0.0107062066709476,0.0043246376700104,0.039));
#12329=CARTESIAN_POINT('',(-0.0107062066709476,0.0043246376700104,0.036));
#12330=CARTESIAN_POINT('',(-0.0105386981168784,0.00410802577680658,0.039));
#12331=CARTESIAN_POINT('',(-0.0105386981168784,0.00410802577680658,0.036));
#12332=CARTESIAN_POINT('',(-0.0102700227541666,0.00399971983020466,0.039));
#12333=CARTESIAN_POINT('',(-0.0102700227541666,0.00399971983020466,0.036));
#12334=CARTESIAN_POINT('',(-0.00990018058281216,0.00399971983020466,0.039));
#12335=CARTESIAN_POINT('',(-0.00990018058281216,0.00399971983020466,0.036));
#12336=CARTESIAN_POINT('',(-0.0107062066709476,0.0043246376700104,0.036));
#12337=CARTESIAN_POINT('',(-0.0104549438398438,0.00399971983020466,0.036));
#12338=CARTESIAN_POINT('',(-0.00990018058281216,0.00399971983020466,0.036));
#12339=CARTESIAN_POINT('',(-0.0107062066709476,0.0043246376700104,0.036));
#12340=CARTESIAN_POINT('',(-0.0107062066709476,0.0043246376700104,0.039));
#12341=CARTESIAN_POINT('',(-0.0107062066709476,0.0043246376700104,0.039));
#12342=CARTESIAN_POINT('',(-0.0107062066709476,0.0043246376700104,0.039));
#12343=CARTESIAN_POINT('',(-0.0104549438398438,0.00399971983020466,0.039));
#12344=CARTESIAN_POINT('',(-0.00990018058281216,0.00399971983020466,0.039));
#12345=CARTESIAN_POINT('',(-0.0109574695020514,0.0054038663790758,0.039));
#12346=CARTESIAN_POINT('',(-0.0109574695020514,0.0054038663790758,0.036));
#12347=CARTESIAN_POINT('',(-0.0109574695020514,0.00490099246623603,0.039));
#12348=CARTESIAN_POINT('',(-0.0109574695020514,0.00490099246623603,0.036));
#12349=CARTESIAN_POINT('',(-0.0108737152250168,0.00454124956321424,0.039));
#12350=CARTESIAN_POINT('',(-0.0108737152250168,0.00454124956321424,0.036));
#12351=CARTESIAN_POINT('',(-0.0107062066709476,0.0043246376700104,0.039));
#12352=CARTESIAN_POINT('',(-0.0107062066709476,0.0043246376700104,0.036));
#12353=CARTESIAN_POINT('',(-0.0109574695020514,0.0054038663790758,0.036));
#12354=CARTESIAN_POINT('',(-0.0109574695020514,0.00464955550981615,0.036));
#12355=CARTESIAN_POINT('',(-0.0107062066709476,0.0043246376700104,0.036));
#12356=CARTESIAN_POINT('',(-0.0109574695020514,0.0054038663790758,0.036));
#12357=CARTESIAN_POINT('',(-0.0109574695020514,0.0054038663790758,0.039));
#12358=CARTESIAN_POINT('',(-0.0109574695020514,0.0054038663790758,0.039));
#12359=CARTESIAN_POINT('',(-0.0109574695020514,0.0054038663790758,0.039));
#12360=CARTESIAN_POINT('',(-0.0109574695020514,0.00464955550981615,0.039));
#12361=CARTESIAN_POINT('',(-0.0107062066709476,0.0043246376700104,0.039));
#12362=CARTESIAN_POINT('',(-0.0109574695020514,0.00546393961312349,0.039));
#12363=CARTESIAN_POINT('',(-0.0109574695020514,0.00546393961312349,0.036));
#12364=CARTESIAN_POINT('',(-0.0109574695020514,0.00552401284717117,0.036));
#12365=CARTESIAN_POINT('',(-0.0109574695020514,0.00552401284717117,0.039));
#12366=CARTESIAN_POINT('',(-0.0109574695020514,0.00552401284717117,0.039));
#12367=CARTESIAN_POINT('',(-0.0109574695020514,0.00546393961312349,0.039));
#12368=CARTESIAN_POINT('',(-0.00985670157372369,0.0050955152351946,0.039));
#12369=CARTESIAN_POINT('',(-0.00983436121333382,0.00354525275523521,0.039));
#12370=CARTESIAN_POINT('',(-0.00983436121333382,0.00354525275523521,0.039));
#12371=CARTESIAN_POINT('',(-0.00985670157372369,0.0050955152351946,0.039));
#12372=CARTESIAN_POINT('',(-0.0104733388961375,0.00367402166308851,0.039));
#12373=CARTESIAN_POINT('',(-0.0104732269980323,0.00367427961445067,0.039));
#12374=CARTESIAN_POINT('',(-0.00874207310556241,0.00403367426684031,0.039));
#12375=CARTESIAN_POINT('',(-0.00874207310556241,0.00403367426684031,0.036));
#12376=CARTESIAN_POINT('',(-0.00900430583157926,0.00370805992577024,0.039));
#12377=CARTESIAN_POINT('',(-0.00900430583157926,0.00370805992577024,0.036));
#12378=CARTESIAN_POINT('',(-0.00936840186750307,0.00354525275523521,0.039));
#12379=CARTESIAN_POINT('',(-0.00936840186750307,0.00354525275523521,0.036));
#12380=CARTESIAN_POINT('',(-0.00983436121333382,0.00354525275523521,0.039));
#12381=CARTESIAN_POINT('',(-0.00983436121333382,0.00354525275523521,0.036));
#12382=CARTESIAN_POINT('',(-0.00874207310556241,0.00403367426684031,0.039));
#12383=CARTESIAN_POINT('',(-0.00874207310556241,0.00403367426684031,0.039));
#12384=CARTESIAN_POINT('',(-0.00874207310556241,0.00403367426684031,0.039));
#12385=CARTESIAN_POINT('',(-0.00913542219458769,0.00354525275523521,0.039));
#12386=CARTESIAN_POINT('',(-0.00983436121333382,0.00354525275523521,0.039));
#12387=CARTESIAN_POINT('',(-0.00834872401653712,0.0054038663790758,0.039));
#12388=CARTESIAN_POINT('',(-0.00834872401653712,0.0054038663790758,0.036));
#12389=CARTESIAN_POINT('',(-0.00834872401653712,0.00481601931198887,0.039));
#12390=CARTESIAN_POINT('',(-0.00834872401653712,0.00481601931198887,0.036));
#12391=CARTESIAN_POINT('',(-0.00847984037954555,0.00435928860791038,0.039));
#12392=CARTESIAN_POINT('',(-0.00847984037954555,0.00435928860791038,0.036));
#12393=CARTESIAN_POINT('',(-0.00874207310556241,0.00403367426684031,0.039));
#12394=CARTESIAN_POINT('',(-0.00874207310556241,0.00403367426684031,0.036));
#12395=CARTESIAN_POINT('',(-0.00834872401653712,0.0054038663790758,0.039));
#12396=CARTESIAN_POINT('',(-0.00834872401653712,0.0054038663790758,0.039));
#12397=CARTESIAN_POINT('',(-0.00834872401653712,0.0054038663790758,0.039));
#12398=CARTESIAN_POINT('',(-0.00834872401653712,0.00452209577844541,0.039));
#12399=CARTESIAN_POINT('',(-0.00874207310556241,0.00403367426684031,0.039));
#12400=CARTESIAN_POINT('',(-0.00873580459418352,0.00676831235588065,0.039));
#12401=CARTESIAN_POINT('',(-0.00873580459418352,0.00676831235588065,0.036));
#12402=CARTESIAN_POINT('',(-0.00847775087575259,0.00644374276670706,0.039));
#12403=CARTESIAN_POINT('',(-0.00847775087575259,0.00644374276670706,0.036));
#12404=CARTESIAN_POINT('',(-0.00834872401653712,0.00598892744110545,0.039));
#12405=CARTESIAN_POINT('',(-0.00834872401653712,0.00598892744110545,0.036));
#12406=CARTESIAN_POINT('',(-0.00834872401653712,0.0054038663790758,0.039));
#12407=CARTESIAN_POINT('',(-0.00834872401653712,0.0054038663790758,0.036));
#12408=CARTESIAN_POINT('',(-0.00873580459418352,0.00676831235588065,0.039));
#12409=CARTESIAN_POINT('',(-0.00873580459418352,0.00676831235588065,0.039));
#12410=CARTESIAN_POINT('',(-0.00873580459418352,0.00676831235588065,0.039));
#12411=CARTESIAN_POINT('',(-0.00834872401653712,0.00628145797212027,0.039));
#12412=CARTESIAN_POINT('',(-0.00834872401653712,0.0054038663790758,0.039));
#12413=CARTESIAN_POINT('',(-0.00983436121333382,0.00725516673964103,0.039));
#12414=CARTESIAN_POINT('',(-0.00983436121333382,0.00725516673964103,0.036));
#12415=CARTESIAN_POINT('',(-0.00936004385233122,0.00725516673964103,0.039));
#12416=CARTESIAN_POINT('',(-0.00936004385233122,0.00725516673964103,0.036));
#12417=CARTESIAN_POINT('',(-0.00899385831261445,0.00709288194505424,0.039));
#12418=CARTESIAN_POINT('',(-0.00899385831261445,0.00709288194505424,0.036));
#12419=CARTESIAN_POINT('',(-0.00873580459418352,0.00676831235588065,0.039));
#12420=CARTESIAN_POINT('',(-0.00873580459418352,0.00676831235588065,0.036));
#12421=CARTESIAN_POINT('',(-0.00983436121333382,0.00725516673964103,0.039));
#12422=CARTESIAN_POINT('',(-0.00983436121333382,0.00725516673964103,0.039));
#12423=CARTESIAN_POINT('',(-0.00983436121333382,0.00725516673964103,0.039));
#12424=CARTESIAN_POINT('',(-0.00912288517182992,0.00725516673964103,0.039));
#12425=CARTESIAN_POINT('',(-0.00873580459418352,0.00676831235588065,0.039));
#12426=CARTESIAN_POINT('',(-0.0104711374942393,0.00712457275258084,0.039));
#12427=CARTESIAN_POINT('',(-0.0104711374942393,0.00712457275258084,0.036));
#12428=CARTESIAN_POINT('',(-0.0102862164085621,0.00721163541062097,0.039));
#12429=CARTESIAN_POINT('',(-0.0102862164085621,0.00721163541062097,0.036));
#12430=CARTESIAN_POINT('',(-0.0100739576482602,0.00725516673964103,0.039));
#12431=CARTESIAN_POINT('',(-0.0100739576482602,0.00725516673964103,0.036));
#12432=CARTESIAN_POINT('',(-0.00983436121333382,0.00725516673964103,0.039));
#12433=CARTESIAN_POINT('',(-0.00983436121333382,0.00725516673964103,0.036));
#12434=CARTESIAN_POINT('',(-0.0104711374942393,0.00712457275258084,0.039));
#12435=CARTESIAN_POINT('',(-0.0104711374942393,0.00712457275258084,0.039));
#12436=CARTESIAN_POINT('',(-0.0104711374942393,0.00712457275258084,0.039));
#12437=CARTESIAN_POINT('',(-0.0101937558657235,0.00725516673964103,0.039));
#12438=CARTESIAN_POINT('',(-0.00983436121333382,0.00725516673964103,0.039));
#12439=CARTESIAN_POINT('',(-0.0109574695020514,0.00669935873071287,0.039));
#12440=CARTESIAN_POINT('',(-0.0109574695020514,0.00669935873071287,0.036));
#12441=CARTESIAN_POINT('',(-0.0108181692491872,0.00689577208725139,0.039));
#12442=CARTESIAN_POINT('',(-0.0108181692491872,0.00689577208725139,0.036));
#12443=CARTESIAN_POINT('',(-0.0106560585799165,0.00703751009454071,0.039));
#12444=CARTESIAN_POINT('',(-0.0106560585799165,0.00703751009454071,0.036));
#12445=CARTESIAN_POINT('',(-0.0104711374942393,0.00712457275258084,0.039));
#12446=CARTESIAN_POINT('',(-0.0104711374942393,0.00712457275258084,0.036));
#12447=CARTESIAN_POINT('',(-0.0109574695020514,0.00669935873071287,0.039));
#12448=CARTESIAN_POINT('',(-0.0109574695020514,0.00669935873071287,0.039));
#12449=CARTESIAN_POINT('',(-0.0109574695020514,0.00669935873071287,0.039));
#12450=CARTESIAN_POINT('',(-0.0107485191227551,0.00699397876552065,0.039));
#12451=CARTESIAN_POINT('',(-0.0104711374942393,0.00712457275258084,0.039));
#12452=CARTESIAN_POINT('',(-0.0109705289007575,0.00669935873071287,0.039));
#12453=CARTESIAN_POINT('',(-0.0109835882994635,0.00669935873071287,0.039));
#12454=CARTESIAN_POINT('',(-0.0109835882994635,0.00669935873071287,0.039));
#12455=CARTESIAN_POINT('',(-0.0109705289007575,0.00669935873071287,0.039));
#12456=CARTESIAN_POINT('',(-0.0110211993677368,0.00694435305043778,0.039));
#12457=CARTESIAN_POINT('',(-0.0110588104360101,0.00718934737016269,0.039));
#12458=CARTESIAN_POINT('',(-0.0110588104360101,0.00718934737016269,0.039));
#12459=CARTESIAN_POINT('',(-0.0110211993677368,0.00694435305043778,0.039));
#12460=CARTESIAN_POINT('',(-0.0112792530861677,0.00718934737016269,0.039));
#12461=CARTESIAN_POINT('',(-0.0114996957363253,0.00718934737016269,0.039));
#12462=CARTESIAN_POINT('',(-0.0114996957363253,0.00718934737016269,0.039));
#12463=CARTESIAN_POINT('',(-0.0112792530861677,0.00718934737016269,0.039));
#12464=CARTESIAN_POINT('',(-0.0114996957363253,0.00459679553904384,0.039));
#12465=CARTESIAN_POINT('',(-0.0114996957363253,0.00200424370792498,0.039));
#12466=CARTESIAN_POINT('',(-0.0114996957363253,0.00200424370792498,0.039));
#12467=CARTESIAN_POINT('',(-0.0114996957363253,0.00459679553904384,0.039));
#12468=CARTESIAN_POINT('',(-0.0112285826191884,0.00200424370792498,0.039));
#12469=CARTESIAN_POINT('',(-0.0109574695020514,0.00200424370792498,0.039));
#12470=CARTESIAN_POINT('',(-0.0109574695020514,0.00200424370792498,0.039));
#12471=CARTESIAN_POINT('',(-0.0112285826191884,0.00200424370792498,0.039));
#12472=CARTESIAN_POINT('',(-0.0109574695020514,0.00274079379494444,0.039));
#12473=CARTESIAN_POINT('',(-0.0109574695020514,0.00347734388196391,0.039));
#12474=CARTESIAN_POINT('',(-0.0109573750431362,0.00347734430699931,0.039));
#12475=CARTESIAN_POINT('',(-0.0109574695020514,0.00274079379494444,0.039));
#12476=CARTESIAN_POINT('',(-0.0157032411168688,0.00345598940266997,0.0389999999999996));
#12477=CARTESIAN_POINT('',(-0.0109973548837994,0.00407180771106188,0.039));
#12478=CARTESIAN_POINT('',(-0.0109971700741177,0.00407180771106188,0.039));
#12479=CARTESIAN_POINT('',(-0.0157032411168688,0.00345598940266997,0.039));
#12480=CARTESIAN_POINT('',(-0.0109773197880846,0.00407180771106188,0.039));
#12481=CARTESIAN_POINT('',(-0.0109568859205798,0.00407180771106188,0.039));
#12482=CARTESIAN_POINT('',(-0.0109568859205798,0.00407180771106188,0.039));
#12483=CARTESIAN_POINT('',(-0.0109773197880846,0.00407180771106188,0.039));
#12484=CARTESIAN_POINT('',(-0.00998314922891423,0.00476279213818634,0.039));
#12485=CARTESIAN_POINT('',(-0.00998314922891423,0.00476279213818634,0.039));
#12486=CARTESIAN_POINT('',(-0.0107062066709476,0.00649093072736481,0.039));
#12487=CARTESIAN_POINT('',(-0.0107062066709476,0.00649093072736481,0.036));
#12488=CARTESIAN_POINT('',(-0.0108695362174309,0.00628859711007956,0.039));
#12489=CARTESIAN_POINT('',(-0.0108695362174309,0.00628859711007956,0.036));
#12490=CARTESIAN_POINT('',(-0.0109532904944655,0.00596629115001501,0.039));
#12491=CARTESIAN_POINT('',(-0.0109532904944655,0.00596629115001501,0.036));
#12492=CARTESIAN_POINT('',(-0.0109574695020514,0.00552401284717117,0.039));
#12493=CARTESIAN_POINT('',(-0.0109574695020514,0.00552401284717117,0.036));
#12494=CARTESIAN_POINT('',(-0.0107062066709476,0.00649093072736481,0.036));
#12495=CARTESIAN_POINT('',(-0.0109512009906725,0.00618743030143693,0.036));
#12496=CARTESIAN_POINT('',(-0.0109574695020514,0.00552401284717117,0.036));
#12497=CARTESIAN_POINT('',(-0.0107062066709476,0.00649093072736481,0.039));
#12498=CARTESIAN_POINT('',(-0.0109512009906725,0.00618743030143693,0.039));
#12499=CARTESIAN_POINT('',(-0.0109574695020514,0.00552401284717117,0.039));
#12500=CARTESIAN_POINT('',(0.00198598749339636,-0.00383108708127283,0.039));
#12501=CARTESIAN_POINT('',(-0.0126813101312459,0.00684040023673787,0.039));
#12502=CARTESIAN_POINT('',(-0.0126813101312459,0.00838454353973754,0.039));
#12503=CARTESIAN_POINT('',(-0.0126813101312459,0.00838454353973754,0.039));
#12504=CARTESIAN_POINT('',(-0.0126813101312459,0.00684040023673787,0.039));
#12505=CARTESIAN_POINT('',(-0.0126813101312459,0.00529625693373821,0.039));
#12506=CARTESIAN_POINT('',(-0.0126813101312459,0.00529625693373821,0.039));
#12507=CARTESIAN_POINT('',(-0.0129586917597618,0.00838454353973754,0.039));
#12508=CARTESIAN_POINT('',(-0.0132360733882776,0.00838454353973754,0.039));
#12509=CARTESIAN_POINT('',(-0.0132360733882776,0.00838454353973754,0.039));
#12510=CARTESIAN_POINT('',(-0.0129586917597618,0.00838454353973754,0.039));
#12511=CARTESIAN_POINT('',(-0.0132360733882776,0.0068304750937213,0.039));
#12512=CARTESIAN_POINT('',(-0.0132360733882776,0.00527640664770506,0.039));
#12513=CARTESIAN_POINT('',(-0.0132360733882776,0.00527640664770506,0.039));
#12514=CARTESIAN_POINT('',(-0.0132360733882776,0.0068304750937213,0.039));
#12515=CARTESIAN_POINT('',(-0.0135625583559281,0.00435389072311188,0.039));
#12516=CARTESIAN_POINT('',(-0.0135625583559281,0.00435389072311188,0.036));
#12517=CARTESIAN_POINT('',(-0.0133449017108278,0.00456841311252275,0.039));
#12518=CARTESIAN_POINT('',(-0.0133449017108278,0.00456841311252275,0.036));
#12519=CARTESIAN_POINT('',(-0.0132360733882776,0.00487591842072048,0.039));
#12520=CARTESIAN_POINT('',(-0.0132360733882776,0.00487591842072048,0.036));
#12521=CARTESIAN_POINT('',(-0.0132360733882776,0.00527640664770506,0.039));
#12522=CARTESIAN_POINT('',(-0.0132360733882776,0.00527640664770506,0.036));
#12523=CARTESIAN_POINT('',(-0.0135625583559281,0.00435389072311188,0.039));
#12524=CARTESIAN_POINT('',(-0.0135625583559281,0.00435389072311188,0.039));
#12525=CARTESIAN_POINT('',(-0.0135625583559281,0.00435389072311188,0.039));
#12526=CARTESIAN_POINT('',(-0.0132360733882776,0.00467567430722819,0.039));
#12527=CARTESIAN_POINT('',(-0.0132360733882776,0.00527640664770506,0.039));
#12528=CARTESIAN_POINT('',(-0.0144929099197449,0.00403210713899559,0.039));
#12529=CARTESIAN_POINT('',(-0.0144929099197449,0.00403210713899559,0.036));
#12530=CARTESIAN_POINT('',(-0.0140903321889673,0.00403210713899559,0.039));
#12531=CARTESIAN_POINT('',(-0.0140903321889673,0.00403210713899559,0.036));
#12532=CARTESIAN_POINT('',(-0.0137802150010284,0.00413936833370102,0.039));
#12533=CARTESIAN_POINT('',(-0.0137802150010284,0.00413936833370102,0.036));
#12534=CARTESIAN_POINT('',(-0.0135625583559281,0.00435389072311188,0.039));
#12535=CARTESIAN_POINT('',(-0.0135625583559281,0.00435389072311188,0.036));
#12536=CARTESIAN_POINT('',(-0.0144929099197449,0.00403210713899559,0.039));
#12537=CARTESIAN_POINT('',(-0.0144929099197449,0.00403210713899559,0.039));
#12538=CARTESIAN_POINT('',(-0.0144929099197449,0.00403210713899559,0.039));
#12539=CARTESIAN_POINT('',(-0.0138890433235785,0.00403210713899559,0.039));
#12540=CARTESIAN_POINT('',(-0.0135625583559281,0.00435389072311188,0.039));
#12541=CARTESIAN_POINT('',(-0.0154525145366631,0.00435232359526717,0.039));
#12542=CARTESIAN_POINT('',(-0.0154525145366631,0.00435232359526717,0.036));
#12543=CARTESIAN_POINT('',(-0.0152348578915628,0.00413884595775278,0.039));
#12544=CARTESIAN_POINT('',(-0.0152348578915628,0.00413884595775278,0.036));
#12545=CARTESIAN_POINT('',(-0.0149149896859234,0.00403210713899559,0.039));
#12546=CARTESIAN_POINT('',(-0.0149149896859234,0.00403210713899559,0.036));
#12547=CARTESIAN_POINT('',(-0.0144929099197449,0.00403210713899559,0.039));
#12548=CARTESIAN_POINT('',(-0.0144929099197449,0.00403210713899559,0.036));
#12549=CARTESIAN_POINT('',(-0.0154525145366631,0.00435232359526717,0.039));
#12550=CARTESIAN_POINT('',(-0.0154525145366631,0.00435232359526717,0.039));
#12551=CARTESIAN_POINT('',(-0.0154525145366631,0.00435232359526717,0.039));
#12552=CARTESIAN_POINT('',(-0.0151260295690127,0.00403210713899559,0.039));
#12553=CARTESIAN_POINT('',(-0.0144929099197449,0.00403210713899559,0.039));
#12554=CARTESIAN_POINT('',(-0.0157789995043136,0.00527013813632617,0.039));
#12555=CARTESIAN_POINT('',(-0.0157789995043136,0.00527013813632617,0.036));
#12556=CARTESIAN_POINT('',(-0.0157789995043136,0.00487173941313456,0.039));
#12557=CARTESIAN_POINT('',(-0.0157789995043136,0.00487173941313456,0.036));
#12558=CARTESIAN_POINT('',(-0.0156701711817634,0.00456580123278155,0.039));
#12559=CARTESIAN_POINT('',(-0.0156701711817634,0.00456580123278155,0.036));
#12560=CARTESIAN_POINT('',(-0.0154525145366631,0.00435232359526717,0.039));
#12561=CARTESIAN_POINT('',(-0.0154525145366631,0.00435232359526717,0.036));
#12562=CARTESIAN_POINT('',(-0.0157789995043136,0.00527013813632617,0.039));
#12563=CARTESIAN_POINT('',(-0.0157789995043136,0.00527013813632617,0.039));
#12564=CARTESIAN_POINT('',(-0.0157789995043136,0.00527013813632617,0.039));
#12565=CARTESIAN_POINT('',(-0.0157789995043136,0.00467254005153875,0.039));
#12566=CARTESIAN_POINT('',(-0.0154525145366631,0.00435232359526717,0.039));
#12567=CARTESIAN_POINT('',(-0.0157789995043136,0.00682734083803185,0.039));
#12568=CARTESIAN_POINT('',(-0.0157789995043136,0.00838454353973754,0.039));
#12569=CARTESIAN_POINT('',(-0.0157789995043136,0.00838454353973754,0.039));
#12570=CARTESIAN_POINT('',(-0.0157789995043136,0.00682734083803185,0.039));
#12571=CARTESIAN_POINT('',(-0.0160569035087776,0.00838454353973754,0.039));
#12572=CARTESIAN_POINT('',(-0.0163348075132418,0.00838454353973754,0.039));
#12573=CARTESIAN_POINT('',(-0.0163348075132418,0.00838454353973754,0.039));
#12574=CARTESIAN_POINT('',(-0.0160569035087776,0.00838454353973754,0.039));
#12575=CARTESIAN_POINT('',(-0.0163348075132418,0.00684666874811676,0.039));
#12576=CARTESIAN_POINT('',(-0.0163348075132418,0.00530879395649598,0.039));
#12577=CARTESIAN_POINT('',(-0.0163348075132418,0.00530879395649598,0.039));
#12578=CARTESIAN_POINT('',(-0.0163348075132418,0.00684666874811676,0.039));
#12579=CARTESIAN_POINT('',(-0.0158631020319803,0.00401591348460012,0.039));
#12580=CARTESIAN_POINT('',(-0.0158631020319803,0.00401591348460012,0.036));
#12581=CARTESIAN_POINT('',(-0.0161775723528213,0.00432968730417673,0.039));
#12582=CARTESIAN_POINT('',(-0.0161775723528213,0.00432968730417673,0.036));
#12583=CARTESIAN_POINT('',(-0.0163348075132418,0.00476064746147535,0.039));
#12584=CARTESIAN_POINT('',(-0.0163348075132418,0.00476064746147535,0.036));
#12585=CARTESIAN_POINT('',(-0.0163348075132418,0.00530879395649598,0.039));
#12586=CARTESIAN_POINT('',(-0.0163348075132418,0.00530879395649598,0.036));
#12587=CARTESIAN_POINT('',(-0.0158631020319803,0.00401591348460012,0.039));
#12588=CARTESIAN_POINT('',(-0.0158631020319803,0.00401591348460012,0.039));
#12589=CARTESIAN_POINT('',(-0.0158631020319803,0.00401591348460012,0.039));
#12590=CARTESIAN_POINT('',(-0.0163348075132418,0.00448657421396504,0.039));
#12591=CARTESIAN_POINT('',(-0.0163348075132418,0.00530879395649598,0.039));
#12592=CARTESIAN_POINT('',(-0.0145294762361217,0.0035452527552352,0.039));
#12593=CARTESIAN_POINT('',(-0.0145294762361217,0.0035452527552352,0.036));
#12594=CARTESIAN_POINT('',(-0.0151040897791865,0.0035452527552352,0.039));
#12595=CARTESIAN_POINT('',(-0.0151040897791865,0.0035452527552352,0.036));
#12596=CARTESIAN_POINT('',(-0.0155486317111394,0.00370213966502351,0.039));
#12597=CARTESIAN_POINT('',(-0.0155486317111394,0.00370213966502351,0.036));
#12598=CARTESIAN_POINT('',(-0.0158631020319803,0.00401591348460012,0.039));
#12599=CARTESIAN_POINT('',(-0.0158631020319803,0.00401591348460012,0.036));
#12600=CARTESIAN_POINT('',(-0.0145294762361217,0.0035452527552352,0.039));
#12601=CARTESIAN_POINT('',(-0.0145294762361217,0.0035452527552352,0.039));
#12602=CARTESIAN_POINT('',(-0.0145294762361217,0.0035452527552352,0.039));
#12603=CARTESIAN_POINT('',(-0.0153913965507189,0.0035452527552352,0.039));
#12604=CARTESIAN_POINT('',(-0.0158631020319803,0.00401591348460012,0.039));
#12605=CARTESIAN_POINT('',(-0.0131744330263852,0.00401225685296243,0.039));
#12606=CARTESIAN_POINT('',(-0.0131744330263852,0.00401225685296243,0.036));
#12607=CARTESIAN_POINT('',(-0.0135031816231447,0.00370092078781094,0.039));
#12608=CARTESIAN_POINT('',(-0.0135031816231447,0.00370092078781094,0.036));
#12609=CARTESIAN_POINT('',(-0.0139548626930569,0.0035452527552352,0.039));
#12610=CARTESIAN_POINT('',(-0.0139548626930569,0.0035452527552352,0.036));
#12611=CARTESIAN_POINT('',(-0.0145294762361217,0.0035452527552352,0.039));
#12612=CARTESIAN_POINT('',(-0.0145294762361217,0.0035452527552352,0.036));
#12613=CARTESIAN_POINT('',(-0.0131744330263852,0.00401225685296243,0.039));
#12614=CARTESIAN_POINT('',(-0.0131744330263852,0.00401225685296243,0.039));
#12615=CARTESIAN_POINT('',(-0.0131744330263852,0.00401225685296243,0.039));
#12616=CARTESIAN_POINT('',(-0.0136675559215245,0.0035452527552352,0.039));
#12617=CARTESIAN_POINT('',(-0.0145294762361217,0.0035452527552352,0.039));
#12618=CARTESIAN_POINT('',(-0.0126813101312459,0.00529625693373821,0.039));
#12619=CARTESIAN_POINT('',(-0.0126813101312459,0.00529625693373821,0.036));
#12620=CARTESIAN_POINT('',(-0.0126813101312459,0.00475159294503918,0.039));
#12621=CARTESIAN_POINT('',(-0.0126813101312459,0.00475159294503918,0.036));
#12622=CARTESIAN_POINT('',(-0.0128456844296257,0.00432359291811392,0.039));
#12623=CARTESIAN_POINT('',(-0.0128456844296257,0.00432359291811392,0.036));
#12624=CARTESIAN_POINT('',(-0.0131744330263852,0.00401225685296243,0.039));
#12625=CARTESIAN_POINT('',(-0.0131744330263852,0.00401225685296243,0.036));
#12626=CARTESIAN_POINT('',(-0.0126813101312459,0.00529625693373821,0.039));
#12627=CARTESIAN_POINT('',(-0.0126813101312459,0.00447926095068967,0.039));
#12628=CARTESIAN_POINT('',(-0.0131744330263852,0.00401225685296243,0.039));
#12629=CARTESIAN_POINT('',(0.00198598749339636,-0.00383108708127283,0.039));
#12630=CARTESIAN_POINT('',(-0.0231495502329523,0.00593394613640104,0.039));
#12631=CARTESIAN_POINT('',(-0.0231495502329523,0.0070057465133268,0.039));
#12632=CARTESIAN_POINT('',(-0.0231495502329523,0.0070057465133268,0.039));
#12633=CARTESIAN_POINT('',(-0.0231495502329523,0.00593394613640104,0.039));
#12634=CARTESIAN_POINT('',(-0.0231495502329523,0.00486214575947529,0.039));
#12635=CARTESIAN_POINT('',(-0.0231495502329523,0.00486214575947529,0.039));
#12636=CARTESIAN_POINT('',(-0.0234027883958174,0.0070057465133268,0.039));
#12637=CARTESIAN_POINT('',(-0.0236560265586824,0.0070057465133268,0.039));
#12638=CARTESIAN_POINT('',(-0.0236560265586824,0.0070057465133268,0.039));
#12639=CARTESIAN_POINT('',(-0.0234027883958174,0.0070057465133268,0.039));
#12640=CARTESIAN_POINT('',(-0.0236560265586824,0.00592478132669736,0.039));
#12641=CARTESIAN_POINT('',(-0.0236560265586824,0.00484381614006792,0.039));
#12642=CARTESIAN_POINT('',(-0.0236560265586824,0.00484381614006792,0.039));
#12643=CARTESIAN_POINT('',(-0.0236560265586824,0.00592478132669736,0.039));
#12644=CARTESIAN_POINT('',(-0.0233564819888935,0.00392733516969935,0.039));
#12645=CARTESIAN_POINT('',(-0.0233564819888935,0.00392733516969935,0.036));
#12646=CARTESIAN_POINT('',(-0.0235561783687527,0.00411834909826038,0.039));
#12647=CARTESIAN_POINT('',(-0.0235561783687527,0.00411834909826038,0.036));
#12648=CARTESIAN_POINT('',(-0.0236560265586824,0.0044238427550499,0.039));
#12649=CARTESIAN_POINT('',(-0.0236560265586824,0.0044238427550499,0.036));
#12650=CARTESIAN_POINT('',(-0.0236560265586824,0.00484381614006792,0.039));
#12651=CARTESIAN_POINT('',(-0.0236560265586824,0.00484381614006792,0.036));
#12652=CARTESIAN_POINT('',(-0.0233564819888935,0.00392733516969935,0.039));
#12653=CARTESIAN_POINT('',(-0.0233564819888935,0.00392733516969935,0.039));
#12654=CARTESIAN_POINT('',(-0.0233564819888935,0.00392733516969935,0.039));
#12655=CARTESIAN_POINT('',(-0.0236560265586824,0.00421385606254089,0.039));
#12656=CARTESIAN_POINT('',(-0.0236560265586824,0.00484381614006792,0.039));
#12657=CARTESIAN_POINT('',(-0.0224539894122831,0.00364081427685781,0.039));
#12658=CARTESIAN_POINT('',(-0.0224539894122831,0.00364081427685781,0.036));
#12659=CARTESIAN_POINT('',(-0.0228559547501641,0.00364081427685781,0.039));
#12660=CARTESIAN_POINT('',(-0.0228559547501641,0.00364081427685781,0.036));
#12661=CARTESIAN_POINT('',(-0.0231567856090342,0.00373632124113833,0.039));
#12662=CARTESIAN_POINT('',(-0.0231567856090342,0.00373632124113833,0.036));
#12663=CARTESIAN_POINT('',(-0.0233564819888935,0.00392733516969935,0.039));
#12664=CARTESIAN_POINT('',(-0.0233564819888935,0.00392733516969935,0.036));
#12665=CARTESIAN_POINT('',(-0.0224539894122831,0.00364081427685781,0.039));
#12666=CARTESIAN_POINT('',(-0.0224539894122831,0.00364081427685781,0.039));
#12667=CARTESIAN_POINT('',(-0.0224539894122831,0.00364081427685781,0.039));
#12668=CARTESIAN_POINT('',(-0.0230569374191046,0.00364081427685781,0.039));
#12669=CARTESIAN_POINT('',(-0.0233564819888935,0.00392733516969935,0.039));
#12670=CARTESIAN_POINT('',(-0.0224240426997831,0.00507891897011514,0.039));
#12671=CARTESIAN_POINT('',(-0.0218307823524326,0.00377056868792579,0.039));
#12672=CARTESIAN_POINT('',(-0.0218307025777773,0.00377039043325918,0.039));
#12673=CARTESIAN_POINT('',(-0.0224240426997831,0.00507891897011514,0.039));
#12674=CARTESIAN_POINT('',(-0.0222454184904676,0.00467549994110436,0.039));
#12675=CARTESIAN_POINT('',(-0.0214041202609776,0.00414439645215506,0.039));
#12676=CARTESIAN_POINT('',(-0.0214041202609776,0.00414439645215506,0.039));
#12677=CARTESIAN_POINT('',(-0.0222454184904676,0.00467549994110436,0.039));
#12678=CARTESIAN_POINT('',(-0.0213908714866557,0.00414439645215506,0.039));
#12679=CARTESIAN_POINT('',(-0.0213773654513029,0.00414439645215506,0.039));
#12680=CARTESIAN_POINT('',(-0.0213773654513029,0.00414439645215506,0.039));
#12681=CARTESIAN_POINT('',(-0.0213908714866557,0.00414439645215506,0.039));
#12682=CARTESIAN_POINT('',(-0.0213411885708935,0.00392299394405024,0.039));
#12683=CARTESIAN_POINT('',(-0.0213050116904843,0.00370159143594542,0.039));
#12684=CARTESIAN_POINT('',(-0.0213050116904843,0.00370159143594542,0.039));
#12685=CARTESIAN_POINT('',(-0.0213411885708935,0.00392299394405024,0.039));
#12686=CARTESIAN_POINT('',(-0.0210985622929486,0.00370159143594542,0.039));
#12687=CARTESIAN_POINT('',(-0.020892112895413,0.00370159143594542,0.039));
#12688=CARTESIAN_POINT('',(-0.020892112895413,0.00370159143594542,0.039));
#12689=CARTESIAN_POINT('',(-0.0210985622929486,0.00370159143594542,0.039));
#12690=CARTESIAN_POINT('',(-0.020892112895413,0.00535366897463611,0.039));
#12691=CARTESIAN_POINT('',(-0.020892112895413,0.0070057465133268,0.039));
#12692=CARTESIAN_POINT('',(-0.020892112895413,0.0070057465133268,0.039));
#12693=CARTESIAN_POINT('',(-0.020892112895413,0.00535366897463611,0.039));
#12694=CARTESIAN_POINT('',(-0.0211424569078452,0.0070057465133268,0.039));
#12695=CARTESIAN_POINT('',(-0.0213928009202775,0.0070057465133268,0.039));
#12696=CARTESIAN_POINT('',(-0.0213928009202775,0.0070057465133268,0.039));
#12697=CARTESIAN_POINT('',(-0.0211424569078452,0.0070057465133268,0.039));
#12698=CARTESIAN_POINT('',(-0.0213928009202775,0.00613750138350395,0.039));
#12699=CARTESIAN_POINT('',(-0.0213928009202775,0.00526925625368111,0.039));
#12700=CARTESIAN_POINT('',(-0.0213928009202775,0.00526925625368111,0.039));
#12701=CARTESIAN_POINT('',(-0.0213928009202775,0.00613750138350395,0.039));
#12702=CARTESIAN_POINT('',(-0.0216320506893842,0.00434361047360887,0.039));
#12703=CARTESIAN_POINT('',(-0.0216320506893842,0.00434361047360887,0.036));
#12704=CARTESIAN_POINT('',(-0.021472550843313,0.00453237339627776,0.039));
#12705=CARTESIAN_POINT('',(-0.021472550843313,0.00453237339627776,0.036));
#12706=CARTESIAN_POINT('',(-0.0213928009202775,0.00484092198963517,0.039));
#12707=CARTESIAN_POINT('',(-0.0213928009202775,0.00484092198963517,0.036));
#12708=CARTESIAN_POINT('',(-0.0213928009202775,0.00526925625368111,0.039));
#12709=CARTESIAN_POINT('',(-0.0213928009202775,0.00526925625368111,0.036));
#12710=CARTESIAN_POINT('',(-0.0216320506893842,0.00434361047360887,0.039));
#12711=CARTESIAN_POINT('',(-0.0216320506893842,0.00434361047360887,0.039));
#12712=CARTESIAN_POINT('',(-0.0216320506893842,0.00434361047360887,0.039));
#12713=CARTESIAN_POINT('',(-0.0213928009202775,0.0046267548576122,0.039));
#12714=CARTESIAN_POINT('',(-0.0213928009202775,0.00526925625368111,0.039));
#12715=CARTESIAN_POINT('',(-0.0223903181027628,0.00406046608960552,0.039));
#12716=CARTESIAN_POINT('',(-0.0223903181027628,0.00406046608960552,0.036));
#12717=CARTESIAN_POINT('',(-0.0220443063399149,0.00406046608960552,0.039));
#12718=CARTESIAN_POINT('',(-0.0220443063399149,0.00406046608960552,0.036));
#12719=CARTESIAN_POINT('',(-0.0217915505354554,0.00415484755093997,0.039));
#12720=CARTESIAN_POINT('',(-0.0217915505354554,0.00415484755093997,0.036));
#12721=CARTESIAN_POINT('',(-0.0216320506893842,0.00434361047360887,0.039));
#12722=CARTESIAN_POINT('',(-0.0216320506893842,0.00434361047360887,0.036));
#12723=CARTESIAN_POINT('',(-0.0223903181027628,0.00406046608960552,0.039));
#12724=CARTESIAN_POINT('',(-0.0223903181027628,0.00406046608960552,0.039));
#12725=CARTESIAN_POINT('',(-0.0223903181027628,0.00406046608960552,0.039));
#12726=CARTESIAN_POINT('',(-0.021871300458491,0.00406046608960552,0.039));
#12727=CARTESIAN_POINT('',(-0.0216320506893842,0.00434361047360887,0.039));
#12728=CARTESIAN_POINT('',(-0.0229657716804732,0.00425919775265386,0.039));
#12729=CARTESIAN_POINT('',(-0.0229657716804732,0.00425919775265386,0.036));
#12730=CARTESIAN_POINT('',(-0.0228432526454871,0.0041267099772883,0.039));
#12731=CARTESIAN_POINT('',(-0.0228432526454871,0.0041267099772883,0.036));
#12732=CARTESIAN_POINT('',(-0.0226514347862503,0.00406046608960552,0.039));
#12733=CARTESIAN_POINT('',(-0.0226514347862503,0.00406046608960552,0.036));
#12734=CARTESIAN_POINT('',(-0.0223903181027628,0.00406046608960552,0.039));
#12735=CARTESIAN_POINT('',(-0.0223903181027628,0.00406046608960552,0.036));
#12736=CARTESIAN_POINT('',(-0.0229657716804732,0.00425919775265386,0.039));
#12737=CARTESIAN_POINT('',(-0.0229657716804732,0.00425919775265386,0.039));
#12738=CARTESIAN_POINT('',(-0.0229657716804732,0.00425919775265386,0.039));
#12739=CARTESIAN_POINT('',(-0.022781993127994,0.00406046608960552,0.039));
#12740=CARTESIAN_POINT('',(-0.0223903181027628,0.00406046608960552,0.039));
#12741=CARTESIAN_POINT('',(-0.0231495502329523,0.00486214575947529,0.039));
#12742=CARTESIAN_POINT('',(-0.0231495502329523,0.00486214575947529,0.036));
#12743=CARTESIAN_POINT('',(-0.0231495502329524,0.0045926681969599,0.039));
#12744=CARTESIAN_POINT('',(-0.0231495502329524,0.0045926681969599,0.036));
#12745=CARTESIAN_POINT('',(-0.0230882907154593,0.00439168552801943,0.039));
#12746=CARTESIAN_POINT('',(-0.0230882907154593,0.00439168552801943,0.036));
#12747=CARTESIAN_POINT('',(-0.0229657716804732,0.00425919775265386,0.039));
#12748=CARTESIAN_POINT('',(-0.0229657716804732,0.00425919775265386,0.036));
#12749=CARTESIAN_POINT('',(-0.0231495502329523,0.00486214575947529,0.039));
#12750=CARTESIAN_POINT('',(-0.0231495502329523,0.00445792941570221,0.039));
#12751=CARTESIAN_POINT('',(-0.0229657716804732,0.00425919775265386,0.039));
#12752=CARTESIAN_POINT('',(0.00198598749339636,-0.00383108708127283,0.039));
#12753=CARTESIAN_POINT('',(-0.0296141175828889,0.00664687185966669,0.039));
#12754=CARTESIAN_POINT('',(-0.0296141175828889,0.00664687185966669,0.036));
#12755=CARTESIAN_POINT('',(-0.02987909313362,0.00664687185966669,0.039));
#12756=CARTESIAN_POINT('',(-0.02987909313362,0.00664687185966669,0.036));
#12757=CARTESIAN_POINT('',(-0.0300905269013454,0.00656052970508986,0.039));
#12758=CARTESIAN_POINT('',(-0.0300905269013454,0.00656052970508986,0.036));
#12759=CARTESIAN_POINT('',(-0.0302484188860651,0.00638784539593621,0.039));
#12760=CARTESIAN_POINT('',(-0.0302484188860651,0.00638784539593621,0.036));
#12761=CARTESIAN_POINT('',(-0.0296141175828889,0.00664687185966669,0.036));
#12762=CARTESIAN_POINT('',(-0.0300115809089856,0.00664687185966669,0.036));
#12763=CARTESIAN_POINT('',(-0.0302484188860651,0.00638784539593621,0.036));
#12764=CARTESIAN_POINT('',(-0.0296141175828889,0.00664687185966669,0.036));
#12765=CARTESIAN_POINT('',(-0.0302484188860651,0.00638784539593621,0.036));
#12766=CARTESIAN_POINT('',(-0.0296141175828889,0.00664687185966669,0.039));
#12767=CARTESIAN_POINT('',(-0.0296141175828889,0.00664687185966669,0.039));
#12768=CARTESIAN_POINT('',(-0.0296141175828889,0.00664687185966669,0.039));
#12769=CARTESIAN_POINT('',(-0.0300115809089856,0.00664687185966669,0.039));
#12770=CARTESIAN_POINT('',(-0.0302484188860651,0.00638784539593621,0.039));
#12771=CARTESIAN_POINT('',(-0.0302484188860651,0.00638784539593621,0.039));
#12772=CARTESIAN_POINT('',(-0.0302484188860651,0.00638784539593621,0.039));
#12773=CARTESIAN_POINT('',(-0.029010687217662,0.00639508077201806,0.039));
#12774=CARTESIAN_POINT('',(-0.029010687217662,0.00639508077201806,0.036));
#12775=CARTESIAN_POINT('',(-0.0291512142997852,0.00656294149711715,0.039));
#12776=CARTESIAN_POINT('',(-0.0291512142997852,0.00656294149711715,0.036));
#12777=CARTESIAN_POINT('',(-0.0293523577548608,0.00664687185966669,0.039));
#12778=CARTESIAN_POINT('',(-0.0293523577548608,0.00664687185966669,0.036));
#12779=CARTESIAN_POINT('',(-0.0296141175828889,0.00664687185966669,0.039));
#12780=CARTESIAN_POINT('',(-0.0296141175828889,0.00664687185966669,0.036));
#12781=CARTESIAN_POINT('',(-0.029010687217662,0.00639508077201806,0.036));
#12782=CARTESIAN_POINT('',(-0.0292214778408468,0.00664687185966669,0.036));
#12783=CARTESIAN_POINT('',(-0.0296141175828889,0.00664687185966669,0.036));
#12784=CARTESIAN_POINT('',(-0.029010687217662,0.00639508077201806,0.036));
#12785=CARTESIAN_POINT('',(-0.029010687217662,0.00639508077201806,0.039));
#12786=CARTESIAN_POINT('',(-0.029010687217662,0.00639508077201806,0.039));
#12787=CARTESIAN_POINT('',(-0.029010687217662,0.00639508077201806,0.039));
#12788=CARTESIAN_POINT('',(-0.0292214778408468,0.00664687185966669,0.039));
#12789=CARTESIAN_POINT('',(-0.0296141175828889,0.00664687185966669,0.039));
#12790=CARTESIAN_POINT('',(-0.0287998965944773,0.00567057844702145,0.039));
#12791=CARTESIAN_POINT('',(-0.0287998965944773,0.00567057844702145,0.036));
#12792=CARTESIAN_POINT('',(-0.0287998965944773,0.00598571927192011,0.039));
#12793=CARTESIAN_POINT('',(-0.0287998965944773,0.00598571927192011,0.036));
#12794=CARTESIAN_POINT('',(-0.0288701601355388,0.00622722004691898,0.039));
#12795=CARTESIAN_POINT('',(-0.0288701601355388,0.00622722004691898,0.036));
#12796=CARTESIAN_POINT('',(-0.029010687217662,0.00639508077201806,0.039));
#12797=CARTESIAN_POINT('',(-0.029010687217662,0.00639508077201806,0.036));
#12798=CARTESIAN_POINT('',(-0.0287998965944773,0.00567057844702145,0.036));
#12799=CARTESIAN_POINT('',(-0.0287998965944773,0.00614328968436944,0.036));
#12800=CARTESIAN_POINT('',(-0.029010687217662,0.00639508077201806,0.036));
#12801=CARTESIAN_POINT('',(-0.0287998965944773,0.00567057844702145,0.036));
#12802=CARTESIAN_POINT('',(-0.0287998965944773,0.00567057844702145,0.039));
#12803=CARTESIAN_POINT('',(-0.0287998965944773,0.00567057844702145,0.039));
#12804=CARTESIAN_POINT('',(-0.0287998965944773,0.00567057844702145,0.039));
#12805=CARTESIAN_POINT('',(-0.0287998965944773,0.00614328968436944,0.039));
#12806=CARTESIAN_POINT('',(-0.029010687217662,0.00639508077201806,0.039));
#12807=CARTESIAN_POINT('',(-0.029663800498651,0.00567057844702145,0.039));
#12808=CARTESIAN_POINT('',(-0.029663800498651,0.00567057844702145,0.036));
#12809=CARTESIAN_POINT('',(-0.0305277044028247,0.00567057844702145,0.036));
#12810=CARTESIAN_POINT('',(-0.0305277044028247,0.00567057844702145,0.039));
#12811=CARTESIAN_POINT('',(-0.0305277044028247,0.00567057844702145,0.039));
#12812=CARTESIAN_POINT('',(-0.029663800498651,0.00567057844702145,0.039));
#12813=CARTESIAN_POINT('',(-0.02947809251255,0.00364081427685781,0.039));
#12814=CARTESIAN_POINT('',(-0.02947809251255,0.00364081427685781,0.036));
#12815=CARTESIAN_POINT('',(-0.0299662392188726,0.00364081427685781,0.039));
#12816=CARTESIAN_POINT('',(-0.0299662392188726,0.00364081427685781,0.036));
#12817=CARTESIAN_POINT('',(-0.0303516435848328,0.00378970223800892,0.039));
#12818=CARTESIAN_POINT('',(-0.0303516435848328,0.00378970223800892,0.036));
#12819=CARTESIAN_POINT('',(-0.0306343056104308,0.00408747816031112,0.039));
#12820=CARTESIAN_POINT('',(-0.0306343056104308,0.00408747816031112,0.036));
#12821=CARTESIAN_POINT('',(-0.02947809251255,0.00364081427685781,0.039));
#12822=CARTESIAN_POINT('',(-0.02947809251255,0.00364081427685781,0.039));
#12823=CARTESIAN_POINT('',(-0.02947809251255,0.00364081427685781,0.039));
#12824=CARTESIAN_POINT('',(-0.0302103125720339,0.00364081427685781,0.039));
#12825=CARTESIAN_POINT('',(-0.0306343056104308,0.00408747816031112,0.039));
#12826=CARTESIAN_POINT('',(-0.0306343056104308,0.00408747816031112,0.039));
#12827=CARTESIAN_POINT('',(-0.0306343056104308,0.00408747816031112,0.039));
#12828=CARTESIAN_POINT('',(-0.0294305882945456,0.00646702120087019,0.0389999999999999));
#12829=CARTESIAN_POINT('',(-0.0289069801604887,0.00369097955102536,0.039));
#12830=CARTESIAN_POINT('',(-0.0289069012574632,0.00369055953297626,0.039));
#12831=CARTESIAN_POINT('',(-0.0294305882945456,0.00646702120087019,0.039));
#12832=CARTESIAN_POINT('',(-0.0294990069476233,0.00633820618452575,0.0389999999999998));
#12833=CARTESIAN_POINT('',(-0.0284053274188133,0.00385539819126193,0.039));
#12834=CARTESIAN_POINT('',(-0.0284053274188133,0.00385539819126193,0.039));
#12835=CARTESIAN_POINT('',(-0.0294990069476233,0.00633820618452575,0.039));
#12836=CARTESIAN_POINT('',(-0.0284053274188133,0.00407831335060744,0.039));
#12837=CARTESIAN_POINT('',(-0.0284053274188133,0.00430237358446212,0.039));
#12838=CARTESIAN_POINT('',(-0.0284053274188133,0.0043016452923341,0.039));
#12839=CARTESIAN_POINT('',(-0.0284053274188133,0.00407831335060744,0.039));
#12840=CARTESIAN_POINT('',(-0.0294736939605628,0.00673685916218654,0.039));
#12841=CARTESIAN_POINT('',(-0.0294597628931426,0.00407879570901289,0.039));
#12842=CARTESIAN_POINT('',(-0.0294597628931426,0.00407879570901289,0.039));
#12843=CARTESIAN_POINT('',(-0.0294736939605628,0.00673685916218654,0.039));
#12844=CARTESIAN_POINT('',(-0.0302450423772269,0.0043802697124236,0.039));
#12845=CARTESIAN_POINT('',(-0.0302450423772269,0.0043802697124236,0.036));
#12846=CARTESIAN_POINT('',(-0.0300591736049907,0.00417928704348313,0.039));
#12847=CARTESIAN_POINT('',(-0.0300591736049907,0.00417928704348313,0.036));
#12848=CARTESIAN_POINT('',(-0.0297974137769626,0.00407879570901289,0.039));
#12849=CARTESIAN_POINT('',(-0.0297974137769626,0.00407879570901289,0.036));
#12850=CARTESIAN_POINT('',(-0.0294597628931426,0.00407879570901289,0.039));
#12851=CARTESIAN_POINT('',(-0.0294597628931426,0.00407879570901289,0.036));
#12852=CARTESIAN_POINT('',(-0.0302450423772269,0.0043802697124236,0.039));
#12853=CARTESIAN_POINT('',(-0.0302450423772269,0.0043802697124236,0.039));
#12854=CARTESIAN_POINT('',(-0.0302450423772269,0.0043802697124236,0.039));
#12855=CARTESIAN_POINT('',(-0.0299662392188726,0.00407879570901289,0.039));
#12856=CARTESIAN_POINT('',(-0.0294597628931426,0.00407879570901289,0.039));
#12857=CARTESIAN_POINT('',(-0.0305392810045557,0.00526346795281562,0.039));
#12858=CARTESIAN_POINT('',(-0.0305392810045557,0.00526346795281562,0.036));
#12859=CARTESIAN_POINT('',(-0.0305289906919059,0.00487565179482809,0.039));
#12860=CARTESIAN_POINT('',(-0.0305289906919059,0.00487565179482809,0.036));
#12861=CARTESIAN_POINT('',(-0.030430911149463,0.00458125238136408,0.039));
#12862=CARTESIAN_POINT('',(-0.030430911149463,0.00458125238136408,0.036));
#12863=CARTESIAN_POINT('',(-0.0302450423772269,0.0043802697124236,0.039));
#12864=CARTESIAN_POINT('',(-0.0302450423772269,0.0043802697124236,0.036));
#12865=CARTESIAN_POINT('',(-0.0305392810045557,0.00526346795281562,0.039));
#12866=CARTESIAN_POINT('',(-0.0305392810045557,0.00526346795281562,0.039));
#12867=CARTESIAN_POINT('',(-0.0305392810045557,0.00526346795281562,0.039));
#12868=CARTESIAN_POINT('',(-0.030523845535581,0.00468174371583432,0.039));
#12869=CARTESIAN_POINT('',(-0.0302450423772269,0.0043802697124236,0.039));
#12870=CARTESIAN_POINT('',(-0.0294013975260823,0.00526346795281562,0.039));
#12871=CARTESIAN_POINT('',(-0.0282635140476089,0.00526346795281562,0.039));
#12872=CARTESIAN_POINT('',(-0.0282635140476089,0.00526346795281562,0.039));
#12873=CARTESIAN_POINT('',(-0.0294013975260823,0.00526346795281562,0.039));
#12874=CARTESIAN_POINT('',(-0.0282635140476089,0.00542168150980556,0.039));
#12875=CARTESIAN_POINT('',(-0.0282635140476089,0.00557989506679551,0.039));
#12876=CARTESIAN_POINT('',(-0.0282635140476089,0.00557989506679551,0.039));
#12877=CARTESIAN_POINT('',(-0.0282635140476089,0.00542168150980556,0.039));
#12878=CARTESIAN_POINT('',(-0.0286252828517017,0.0066579661029922,0.039));
#12879=CARTESIAN_POINT('',(-0.0286252828517017,0.0066579661029922,0.036));
#12880=CARTESIAN_POINT('',(-0.0283841036489732,0.00638559439004407,0.039));
#12881=CARTESIAN_POINT('',(-0.0283841036489732,0.00638559439004407,0.036));
#12882=CARTESIAN_POINT('',(-0.0282635140476089,0.00602623737797851,0.039));
#12883=CARTESIAN_POINT('',(-0.0282635140476089,0.00602623737797851,0.036));
#12884=CARTESIAN_POINT('',(-0.0282635140476089,0.00557989506679551,0.039));
#12885=CARTESIAN_POINT('',(-0.0282635140476089,0.00557989506679551,0.036));
#12886=CARTESIAN_POINT('',(-0.0286252828517017,0.0066579661029922,0.039));
#12887=CARTESIAN_POINT('',(-0.0286252828517017,0.0066579661029922,0.039));
#12888=CARTESIAN_POINT('',(-0.0286252828517017,0.0066579661029922,0.039));
#12889=CARTESIAN_POINT('',(-0.0282635140476089,0.00624940853357001,0.039));
#12890=CARTESIAN_POINT('',(-0.0282635140476089,0.00557989506679551,0.039));
#12891=CARTESIAN_POINT('',(-0.0296073645652125,0.0070665236724144,0.039));
#12892=CARTESIAN_POINT('',(-0.0296073645652125,0.0070665236724144,0.036));
#12893=CARTESIAN_POINT('',(-0.0291938226256006,0.0070665236724144,0.039));
#12894=CARTESIAN_POINT('',(-0.0291938226256006,0.0070665236724144,0.036));
#12895=CARTESIAN_POINT('',(-0.0288664620544303,0.00693033781594033,0.039));
#12896=CARTESIAN_POINT('',(-0.0288664620544303,0.00693033781594033,0.036));
#12897=CARTESIAN_POINT('',(-0.0286252828517017,0.0066579661029922,0.039));
#12898=CARTESIAN_POINT('',(-0.0286252828517017,0.0066579661029922,0.036));
#12899=CARTESIAN_POINT('',(-0.0296073645652125,0.0070665236724144,0.039));
#12900=CARTESIAN_POINT('',(-0.0296073645652125,0.0070665236724144,0.039));
#12901=CARTESIAN_POINT('',(-0.0296073645652125,0.0070665236724144,0.039));
#12902=CARTESIAN_POINT('',(-0.0289870516557946,0.0070665236724144,0.039));
#12903=CARTESIAN_POINT('',(-0.0286252828517017,0.0066579661029922,0.039));
#12904=CARTESIAN_POINT('',(-0.0306646941899745,0.00659622422709369,0.039));
#12905=CARTESIAN_POINT('',(-0.0306646941899745,0.00659622422709369,0.036));
#12906=CARTESIAN_POINT('',(-0.0304022912174059,0.00690975719064083,0.039));
#12907=CARTESIAN_POINT('',(-0.0304022912174059,0.00690975719064083,0.036));
#12908=CARTESIAN_POINT('',(-0.0300498480091518,0.0070665236724144,0.039));
#12909=CARTESIAN_POINT('',(-0.0300498480091518,0.0070665236724144,0.036));
#12910=CARTESIAN_POINT('',(-0.0296073645652125,0.0070665236724144,0.039));
#12911=CARTESIAN_POINT('',(-0.0296073645652125,0.0070665236724144,0.036));
#12912=CARTESIAN_POINT('',(-0.0306646941899745,0.00659622422709369,0.039));
#12913=CARTESIAN_POINT('',(-0.0306646941899745,0.00659622422709369,0.039));
#12914=CARTESIAN_POINT('',(-0.0306646941899745,0.00659622422709369,0.039));
#12915=CARTESIAN_POINT('',(-0.0302710897311215,0.0070665236724144,0.039));
#12916=CARTESIAN_POINT('',(-0.0296073645652125,0.0070665236724144,0.039));
#12917=CARTESIAN_POINT('',(-0.0310582986488275,0.00532617454552505,0.039));
#12918=CARTESIAN_POINT('',(-0.0310582986488275,0.00532617454552505,0.036));
#12919=CARTESIAN_POINT('',(-0.0310582986488275,0.00585934136969034,0.039));
#12920=CARTESIAN_POINT('',(-0.0310582986488275,0.00585934136969034,0.036));
#12921=CARTESIAN_POINT('',(-0.0309270971625432,0.00628269126354655,0.039));
#12922=CARTESIAN_POINT('',(-0.0309270971625432,0.00628269126354655,0.036));
#12923=CARTESIAN_POINT('',(-0.0306646941899745,0.00659622422709369,0.039));
#12924=CARTESIAN_POINT('',(-0.0306646941899745,0.00659622422709369,0.036));
#12925=CARTESIAN_POINT('',(-0.0310582986488275,0.00532617454552505,0.039));
#12926=CARTESIAN_POINT('',(-0.0310582986488275,0.00532617454552505,0.039));
#12927=CARTESIAN_POINT('',(-0.0310582986488275,0.00532617454552505,0.039));
#12928=CARTESIAN_POINT('',(-0.0310582986488275,0.00612592478177298,0.039));
#12929=CARTESIAN_POINT('',(-0.0306646941899745,0.00659622422709369,0.039));
#12930=CARTESIAN_POINT('',(-0.0306343056104308,0.00408747816031112,0.039));
#12931=CARTESIAN_POINT('',(-0.0306343056104308,0.00408747816031112,0.036));
#12932=CARTESIAN_POINT('',(-0.0309169676360286,0.00438525408261333,0.039));
#12933=CARTESIAN_POINT('',(-0.0309169676360286,0.00438525408261333,0.036));
#12934=CARTESIAN_POINT('',(-0.0310582986488275,0.00479815287768464,0.039));
#12935=CARTESIAN_POINT('',(-0.0310582986488275,0.00479815287768464,0.036));
#12936=CARTESIAN_POINT('',(-0.0310582986488275,0.00532617454552505,0.039));
#12937=CARTESIAN_POINT('',(-0.0310582986488275,0.00532617454552505,0.036));
#12938=CARTESIAN_POINT('',(-0.0306343056104308,0.00408747816031112,0.039));
#12939=CARTESIAN_POINT('',(-0.0310582986488275,0.00453414204376443,0.039));
#12940=CARTESIAN_POINT('',(-0.0310582986488275,0.00532617454552505,0.039));
#12941=CARTESIAN_POINT('',(-0.0302484188860651,0.00638784539593621,0.039));
#12942=CARTESIAN_POINT('',(-0.0302484188860651,0.00638784539593621,0.036));
#12943=CARTESIAN_POINT('',(-0.0304063108707847,0.00621516108678256,0.039));
#12944=CARTESIAN_POINT('',(-0.0304063108707847,0.00621516108678256,0.036));
#12945=CARTESIAN_POINT('',(-0.0304994060430379,0.00597607210381097,0.039));
#12946=CARTESIAN_POINT('',(-0.0304994060430379,0.00597607210381097,0.036));
#12947=CARTESIAN_POINT('',(-0.0305277044028247,0.00567057844702145,0.039));
#12948=CARTESIAN_POINT('',(-0.0305277044028247,0.00567057844702145,0.036));
#12949=CARTESIAN_POINT('',(-0.0302484188860651,0.00638784539593621,0.036));
#12950=CARTESIAN_POINT('',(-0.0304852568631445,0.00612881893220573,0.036));
#12951=CARTESIAN_POINT('',(-0.0305277044028247,0.00567057844702145,0.036));
#12952=CARTESIAN_POINT('',(-0.0302484188860651,0.00638784539593621,0.039));
#12953=CARTESIAN_POINT('',(-0.0304852568631445,0.00612881893220573,0.039));
#12954=CARTESIAN_POINT('',(-0.0305277044028247,0.00567057844702145,0.039));
#12955=CARTESIAN_POINT('',(0.00198598749339636,-0.00383108708127283,0.039));
#12956=CARTESIAN_POINT('',(0.00198598749339636,-0.00383108708127283,0.036));
#12957=CARTESIAN_POINT('',(0.00198598749339636,-0.00383108708127283,0.036));
#12958=CARTESIAN_POINT('',(0.00198598749339636,-0.00383108708127283,0.036));
#12959=CARTESIAN_POINT('',(0.00198598749339636,-0.00383108708127283,0.036));
#12960=CARTESIAN_POINT('',(0.00198598749339636,-0.00383108708127283,0.036));
#12961=CARTESIAN_POINT('',(0.00198598749339636,-0.00383108708127283,0.036));
#12962=CARTESIAN_POINT('',(0.00198598749339636,-0.00383108708127283,0.036));
#12963=MECHANICAL_DESIGN_GEOMETRIC_PRESENTATION_REPRESENTATION('',(#7373),
#12968);
#12964=MECHANICAL_DESIGN_GEOMETRIC_PRESENTATION_REPRESENTATION('',(#7374),
#12969);
#12965=MECHANICAL_DESIGN_GEOMETRIC_PRESENTATION_REPRESENTATION('',(#7375),
#12970);
#12966=MECHANICAL_DESIGN_GEOMETRIC_PRESENTATION_REPRESENTATION('',(#7376),
#12971);
#12967=MECHANICAL_DESIGN_GEOMETRIC_PRESENTATION_REPRESENTATION('',(#7377),
#12972);
#12968=(
GEOMETRIC_REPRESENTATION_CONTEXT(3)
GLOBAL_UNCERTAINTY_ASSIGNED_CONTEXT((#12973))
GLOBAL_UNIT_ASSIGNED_CONTEXT((#12988,#12983,#12978))
REPRESENTATION_CONTEXT('Part 5','TOP_LEVEL_ASSEMBLY_PART')
);
#12969=(
GEOMETRIC_REPRESENTATION_CONTEXT(3)
GLOBAL_UNCERTAINTY_ASSIGNED_CONTEXT((#12974))
GLOBAL_UNIT_ASSIGNED_CONTEXT((#12989,#12984,#12979))
REPRESENTATION_CONTEXT('Part 7','TOP_LEVEL_ASSEMBLY_PART')
);
#12970=(
GEOMETRIC_REPRESENTATION_CONTEXT(3)
GLOBAL_UNCERTAINTY_ASSIGNED_CONTEXT((#12975))
GLOBAL_UNIT_ASSIGNED_CONTEXT((#12990,#12985,#12980))
REPRESENTATION_CONTEXT('Part 1','TOP_LEVEL_ASSEMBLY_PART')
);
#12971=(
GEOMETRIC_REPRESENTATION_CONTEXT(3)
GLOBAL_UNCERTAINTY_ASSIGNED_CONTEXT((#12976))
GLOBAL_UNIT_ASSIGNED_CONTEXT((#12991,#12986,#12981))
REPRESENTATION_CONTEXT('Part 8','TOP_LEVEL_ASSEMBLY_PART')
);
#12972=(
GEOMETRIC_REPRESENTATION_CONTEXT(3)
GLOBAL_UNCERTAINTY_ASSIGNED_CONTEXT((#12977))
GLOBAL_UNIT_ASSIGNED_CONTEXT((#12992,#12987,#12982))
REPRESENTATION_CONTEXT('Part 9','TOP_LEVEL_ASSEMBLY_PART')
);
#12973=UNCERTAINTY_MEASURE_WITH_UNIT(LENGTH_MEASURE(1.E-8),#12988,
'DISTANCE_ACCURACY_VALUE','Maximum Tolerance applied to model');
#12974=UNCERTAINTY_MEASURE_WITH_UNIT(LENGTH_MEASURE(1.E-8),#12989,
'DISTANCE_ACCURACY_VALUE','Maximum Tolerance applied to model');
#12975=UNCERTAINTY_MEASURE_WITH_UNIT(LENGTH_MEASURE(1.E-8),#12990,
'DISTANCE_ACCURACY_VALUE','Maximum Tolerance applied to model');
#12976=UNCERTAINTY_MEASURE_WITH_UNIT(LENGTH_MEASURE(1.E-8),#12991,
'DISTANCE_ACCURACY_VALUE','Maximum Tolerance applied to model');
#12977=UNCERTAINTY_MEASURE_WITH_UNIT(LENGTH_MEASURE(2.E-5),#12992,
'DISTANCE_ACCURACY_VALUE','Maximum Tolerance applied to model');
#12978=(
NAMED_UNIT(*)
SI_UNIT($,.STERADIAN.)
SOLID_ANGLE_UNIT()
);
#12979=(
NAMED_UNIT(*)
SI_UNIT($,.STERADIAN.)
SOLID_ANGLE_UNIT()
);
#12980=(
NAMED_UNIT(*)
SI_UNIT($,.STERADIAN.)
SOLID_ANGLE_UNIT()
);
#12981=(
NAMED_UNIT(*)
SI_UNIT($,.STERADIAN.)
SOLID_ANGLE_UNIT()
);
#12982=(
NAMED_UNIT(*)
SI_UNIT($,.STERADIAN.)
SOLID_ANGLE_UNIT()
);
#12983=(
NAMED_UNIT(*)
PLANE_ANGLE_UNIT()
SI_UNIT($,.RADIAN.)
);
#12984=(
NAMED_UNIT(*)
PLANE_ANGLE_UNIT()
SI_UNIT($,.RADIAN.)
);
#12985=(
NAMED_UNIT(*)
PLANE_ANGLE_UNIT()
SI_UNIT($,.RADIAN.)
);
#12986=(
NAMED_UNIT(*)
PLANE_ANGLE_UNIT()
SI_UNIT($,.RADIAN.)
);
#12987=(
NAMED_UNIT(*)
PLANE_ANGLE_UNIT()
SI_UNIT($,.RADIAN.)
);
#12988=(
LENGTH_UNIT()
NAMED_UNIT(*)
SI_UNIT($,.METRE.)
);
#12989=(
LENGTH_UNIT()
NAMED_UNIT(*)
SI_UNIT($,.METRE.)
);
#12990=(
LENGTH_UNIT()
NAMED_UNIT(*)
SI_UNIT($,.METRE.)
);
#12991=(
LENGTH_UNIT()
NAMED_UNIT(*)
SI_UNIT($,.METRE.)
);
#12992=(
LENGTH_UNIT()
NAMED_UNIT(*)
SI_UNIT($,.METRE.)
);
#12993=PRODUCT_DEFINITION_SHAPE('','',#12998);
#12994=PRODUCT_DEFINITION_SHAPE('','',#12999);
#12995=PRODUCT_DEFINITION_SHAPE('','',#13000);
#12996=PRODUCT_DEFINITION_SHAPE('','',#13001);
#12997=PRODUCT_DEFINITION_SHAPE('','',#13002);
#12998=PRODUCT_DEFINITION('','',#13008,#13003);
#12999=PRODUCT_DEFINITION('','',#13009,#13004);
#13000=PRODUCT_DEFINITION('','',#13010,#13005);
#13001=PRODUCT_DEFINITION('','',#13011,#13006);
#13002=PRODUCT_DEFINITION('','',#13012,#13007);
#13003=PRODUCT_DEFINITION_CONTEXT('',#13038,'design');
#13004=PRODUCT_DEFINITION_CONTEXT('',#13039,'design');
#13005=PRODUCT_DEFINITION_CONTEXT('',#13040,'design');
#13006=PRODUCT_DEFINITION_CONTEXT('',#13041,'design');
#13007=PRODUCT_DEFINITION_CONTEXT('',#13042,'design');
#13008=PRODUCT_DEFINITION_FORMATION_WITH_SPECIFIED_SOURCE('','',#13018,
 .NOT_KNOWN.);
#13009=PRODUCT_DEFINITION_FORMATION_WITH_SPECIFIED_SOURCE('','',#13019,
 .NOT_KNOWN.);
#13010=PRODUCT_DEFINITION_FORMATION_WITH_SPECIFIED_SOURCE('','',#13020,
 .NOT_KNOWN.);
#13011=PRODUCT_DEFINITION_FORMATION_WITH_SPECIFIED_SOURCE('','',#13021,
 .NOT_KNOWN.);
#13012=PRODUCT_DEFINITION_FORMATION_WITH_SPECIFIED_SOURCE('','',#13022,
 .NOT_KNOWN.);
#13013=PRODUCT_RELATED_PRODUCT_CATEGORY('','',(#13018));
#13014=PRODUCT_RELATED_PRODUCT_CATEGORY('','',(#13019));
#13015=PRODUCT_RELATED_PRODUCT_CATEGORY('','',(#13020));
#13016=PRODUCT_RELATED_PRODUCT_CATEGORY('','',(#13021));
#13017=PRODUCT_RELATED_PRODUCT_CATEGORY('','',(#13022));
#13018=PRODUCT('Part 5','Part 5','Part 5',(#13028));
#13019=PRODUCT('Part 7','Part 7','Part 7',(#13029));
#13020=PRODUCT('Part 1','Part 1','Part 1',(#13030));
#13021=PRODUCT('Part 8','Part 8','Part 8',(#13031));
#13022=PRODUCT('Part 9','Part 9','Part 9',(#13032));
#13023=PRODUCT_CATEGORY('','');
#13024=PRODUCT_CATEGORY('','');
#13025=PRODUCT_CATEGORY('','');
#13026=PRODUCT_CATEGORY('','');
#13027=PRODUCT_CATEGORY('','');
#13028=PRODUCT_CONTEXT('',#13038,'mechanical');
#13029=PRODUCT_CONTEXT('',#13039,'mechanical');
#13030=PRODUCT_CONTEXT('',#13040,'mechanical');
#13031=PRODUCT_CONTEXT('',#13041,'mechanical');
#13032=PRODUCT_CONTEXT('',#13042,'mechanical');
#13033=APPLICATION_PROTOCOL_DEFINITION('international standard',
'ap242_managed_model_based_3d_engineering',2020,#13038);
#13034=APPLICATION_PROTOCOL_DEFINITION('international standard',
'ap242_managed_model_based_3d_engineering',2020,#13039);
#13035=APPLICATION_PROTOCOL_DEFINITION('international standard',
'ap242_managed_model_based_3d_engineering',2020,#13040);
#13036=APPLICATION_PROTOCOL_DEFINITION('international standard',
'ap242_managed_model_based_3d_engineering',2020,#13041);
#13037=APPLICATION_PROTOCOL_DEFINITION('international standard',
'ap242_managed_model_based_3d_engineering',2020,#13042);
#13038=APPLICATION_CONTEXT('managed model based 3d engineering');
#13039=APPLICATION_CONTEXT('managed model based 3d engineering');
#13040=APPLICATION_CONTEXT('managed model based 3d engineering');
#13041=APPLICATION_CONTEXT('managed model based 3d engineering');
#13042=APPLICATION_CONTEXT('managed model based 3d engineering');
ENDSEC;
END-ISO-10303-21;
